serialized_file,component_id,class,category,gameobject_id,ui_path,same_gameobject_as_canvas,typetree_status,reference_width,reference_height,ui_scale_mode,screen_match_mode,match_width_or_height
000_com.mobi389.murom_data__file004,70,UnityEngine.UI.CanvasScaler,canvas_scaler,13,/Canvas,True,unavailable,,,,,
002_UnityDataAssetPack_datapack__file001,596,UnityEngine.UI.CanvasScaler,canvas_scaler,124,/Canvas,True,unavailable,,,,,
002_UnityDataAssetPack_datapack__file003,1585,Spine.Unity.SkeletonGraphic,spine,223,/Canvas/PopupFormationTest1/PopupStat/Preview/New SkeletonGraphic,False,unavailable,,,,,
002_UnityDataAssetPack_datapack__file003,1586,Spine.Unity.SkeletonGraphic,spine,224,/Canvas/PopupFormationTest2/PopupStat/Preview/New SkeletonGraphic,False,unavailable,,,,,
002_UnityDataAssetPack_datapack__file003,1717,UnityEngine.UI.CanvasScaler,canvas_scaler,271,/Canvas,True,unavailable,,,,,
002_UnityDataAssetPack_datapack__file003,1816,Spine.Unity.SkeletonAnimation,spine,415,,False,unavailable,,,,,
002_UnityDataAssetPack_datapack__file003,1817,Spine.Unity.SkeletonUtilityBone,spine,415,,False,unavailable,,,,,
002_UnityDataAssetPack_datapack__file005,221,UnityEngine.UI.CanvasScaler,canvas_scaler,34,/Canvas,True,unavailable,,,,,
002_UnityDataAssetPack_datapack__file007,1413,UnityEngine.UI.CanvasScaler,canvas_scaler,65,/Canvas,True,unavailable,,,,,
002_UnityDataAssetPack_datapack__file007,1594,Spine.Unity.SkeletonGraphic,spine,162,/Canvas/Team1/HeroHome3/GroupHero/CanvasHero/Mesh/Skeleton,False,unavailable,,,,,
002_UnityDataAssetPack_datapack__file007,1595,Spine.Unity.SkeletonGraphic,spine,161,/Canvas/Team1/HeroHome5/GroupHero/CanvasHero/Mesh/Skeleton,False,unavailable,,,,,
002_UnityDataAssetPack_datapack__file007,1596,Spine.Unity.SkeletonGraphic,spine,164,/Canvas/Team2/HeroHome5/GroupHero/CanvasHero/Mesh/Skeleton,False,unavailable,,,,,
002_UnityDataAssetPack_datapack__file007,1597,Spine.Unity.SkeletonGraphic,spine,163,/Canvas/Team2/HeroHome1/GroupHero/CanvasHero/Mesh/Skeleton,False,unavailable,,,,,
002_UnityDataAssetPack_datapack__file007,1598,Spine.Unity.SkeletonGraphic,spine,160,/Canvas/Team2/HeroHome4/GroupHero/CanvasHero/Mesh/Skeleton,False,unavailable,,,,,
002_UnityDataAssetPack_datapack__file007,1599,Spine.Unity.SkeletonGraphic,spine,159,/Canvas/Team2/HeroHome0/GroupHero/CanvasHero/Mesh/Skeleton,False,unavailable,,,,,
002_UnityDataAssetPack_datapack__file007,1600,Spine.Unity.SkeletonGraphic,spine,158,/Canvas/Team2/HeroHome2/GroupHero/CanvasHero/Mesh/Skeleton,False,unavailable,,,,,
002_UnityDataAssetPack_datapack__file007,1601,Spine.Unity.SkeletonGraphic,spine,155,/Canvas/Team1/HeroHome1/GroupHero/CanvasHero/Mesh/Skeleton,False,unavailable,,,,,
002_UnityDataAssetPack_datapack__file007,1602,Spine.Unity.SkeletonGraphic,spine,154,/Canvas/Team1/HeroHome4/GroupHero/CanvasHero/Mesh/Skeleton,False,unavailable,,,,,
002_UnityDataAssetPack_datapack__file007,1603,Spine.Unity.SkeletonGraphic,spine,153,/Canvas/Team1/HeroHome2/GroupHero/CanvasHero/Mesh/Skeleton,False,unavailable,,,,,
002_UnityDataAssetPack_datapack__file007,1604,Spine.Unity.SkeletonGraphic,spine,156,/Canvas/Team1/HeroHome0/GroupHero/CanvasHero/Mesh/Skeleton,False,unavailable,,,,,
002_UnityDataAssetPack_datapack__file007,1605,Spine.Unity.SkeletonGraphic,spine,157,/Canvas/Team2/HeroHome3/GroupHero/CanvasHero/Mesh/Skeleton,False,unavailable,,,,,
002_UnityDataAssetPack_datapack__file009,429,Spine.Unity.SkeletonGraphic,spine,81,/Canvas/BoxInfo/BoxInside/PlayerAvatar/EffectSpecial,False,unavailable,,,,,
002_UnityDataAssetPack_datapack__file009,430,Spine.Unity.SkeletonGraphic,spine,80,/Canvas/BoxTop/BoxList/CellTopArena/PlayerAvatar/EffectSpecial,False,unavailable,,,,,
002_UnityDataAssetPack_datapack__file009,435,UnityEngine.UI.CanvasScaler,canvas_scaler,86,/Canvas,True,unavailable,,,,,
002_UnityDataAssetPack_datapack__file011,1411,SpineObject,spine,5,/Canvas/PanelAltar/AltarEffect/BurnEffect4/SpineBurn,False,unavailable,,,,,
002_UnityDataAssetPack_datapack__file011,1424,Spine.Unity.SkeletonGraphic,spine,13,/Canvas/PanelReturnHero/BurnEffect/SpineBurn/Mesh,False,unavailable,,,,,
002_UnityDataAssetPack_datapack__file011,1437,Spine.Unity.SkeletonGraphic,spine,20,/Canvas/PanelAltar/AltarEffect/BurnEffect3/SpineBurn/Mesh,False,unavailable,,,,,
002_UnityDataAssetPack_datapack__file011,1441,Spine.Unity.SkeletonGraphic,spine,24,/Canvas/PanelAltar/AltarEffect/BurnEffect8/SpineBurn/Mesh,False,unavailable,,,,,
002_UnityDataAssetPack_datapack__file011,1442,SpineObject,spine,25,/Canvas/PanelAltar/AltarEffect/BurnEffect1/SpineBurn,False,unavailable,,,,,
002_UnityDataAssetPack_datapack__file011,1445,SpineObject,spine,27,/Canvas/PanelAltar/AltarEffect/BurnEffect7/SpineBurn,False,unavailable,,,,,
002_UnityDataAssetPack_datapack__file011,1473,SpineObject,spine,51,/Canvas/PanelReturnHero/BurnEffect/SpineBurn,False,unavailable,,,,,
002_UnityDataAssetPack_datapack__file011,1488,SpineObject,spine,62,/Canvas/PanelAltar/AltarEffect/BurnEffect8/SpineBurn,False,unavailable,,,,,
002_UnityDataAssetPack_datapack__file011,1492,SpineObject,spine,64,/Canvas/PanelAltar/AltarEffect/BurnEffect5/SpineBurn,False,unavailable,,,,,
002_UnityDataAssetPack_datapack__file011,1497,SpineObject,spine,67,/Canvas/PanelAltar/AltarEffect/BurnEffect3/SpineBurn,False,unavailable,,,,,
002_UnityDataAssetPack_datapack__file011,1504,Spine.Unity.SkeletonGraphic,spine,73,/Canvas/PanelAltar/AltarEffect/BurnEffect6/SpineBurn/Mesh,False,unavailable,,,,,
002_UnityDataAssetPack_datapack__file011,1513,Spine.Unity.SkeletonGraphic,spine,79,/Canvas/PanelAltar/AltarEffect/BurnEffect1/SpineBurn/Mesh,False,unavailable,,,,,
002_UnityDataAssetPack_datapack__file011,1538,SpineObject,spine,94,/Canvas/PanelAltar/AltarEffect/BurnEffect2/SpineBurn,False,unavailable,,,,,
002_UnityDataAssetPack_datapack__file011,1561,SpineObject,spine,108,/Canvas/PanelAltar/AltarEffect/BurnEffect6/SpineBurn,False,unavailable,,,,,
002_UnityDataAssetPack_datapack__file011,1571,Spine.Unity.SkeletonGraphic,spine,119,/Canvas/PanelAltar/AltarEffect/BurnEffect2/SpineBurn/Mesh,False,unavailable,,,,,
002_UnityDataAssetPack_datapack__file011,1579,Spine.Unity.SkeletonGraphic,spine,124,/Canvas/PanelAltar/AltarEffect/BurnEffect5/SpineBurn/Mesh,False,unavailable,,,,,
002_UnityDataAssetPack_datapack__file011,1603,Spine.Unity.SkeletonGraphic,spine,136,/Canvas/PanelAltar/AltarEffect/BurnEffect7/SpineBurn/Mesh,False,unavailable,,,,,
002_UnityDataAssetPack_datapack__file011,1614,Spine.Unity.SkeletonGraphic,spine,142,/Canvas/PanelAltar/AltarEffect/BurnEffect4/SpineBurn/Mesh,False,unavailable,,,,,
002_UnityDataAssetPack_datapack__file011,1640,UnityEngine.UI.CanvasScaler,canvas_scaler,155,/Canvas,True,unavailable,,,,,
002_UnityDataAssetPack_datapack__file013,418,UnityEngine.UI.CanvasScaler,canvas_scaler,77,/Canvas,True,unavailable,,,,,
002_UnityDataAssetPack_datapack__file015,309,UnityEngine.UI.CanvasScaler,canvas_scaler,51,/Canvas,True,unavailable,,,,,
002_UnityDataAssetPack_datapack__file017,1103,UnityEngine.UI.CanvasScaler,canvas_scaler,21,/CanvasTopMost,True,unavailable,,,,,
002_UnityDataAssetPack_datapack__file017,1143,UnityEngine.UI.CanvasScaler,canvas_scaler,64,/CanvasBattle,True,unavailable,,,,,
002_UnityDataAssetPack_datapack__file017,1153,UnityEngine.UI.CanvasScaler,canvas_scaler,73,/Canvas,True,unavailable,,,,,
002_UnityDataAssetPack_datapack__file017,1229,Spine.Unity.SkeletonAnimation,spine,311,,False,unavailable,,,,,
002_UnityDataAssetPack_datapack__file017,1339,Spine.Unity.SkeletonAnimation,spine,251,,False,unavailable,,,,,
002_UnityDataAssetPack_datapack__file017,1342,Spine.Unity.SkeletonGraphic,spine,155,/CanvasBattle/HealthBar/Bar/SpineRageFull,False,unavailable,,,,,
002_UnityDataAssetPack_datapack__file017,1412,Spine.Unity.SkeletonAnimation,spine,264,,False,unavailable,,,,,
002_UnityDataAssetPack_datapack__file019,189,UnityEngine.UI.CanvasScaler,canvas_scaler,38,/Canvas,True,unavailable,,,,,
002_UnityDataAssetPack_datapack__file021,191,UnityEngine.UI.CanvasScaler,canvas_scaler,43,/Canvas,True,unavailable,,,,,
002_UnityDataAssetPack_datapack__file023,207,UnityEngine.UI.CanvasScaler,canvas_scaler,48,/Canvas,True,unavailable,,,,,
002_UnityDataAssetPack_datapack__file025,1440,Spine.Unity.SkeletonGraphic,spine,1,/Canvas/Background/SpineShip1/Ship,False,unavailable,,,,,
002_UnityDataAssetPack_datapack__file025,1441,Spine.Unity.SkeletonGraphic,spine,2,/Canvas/Background/SpineFlag/Flag,False,unavailable,,,,,
002_UnityDataAssetPack_datapack__file025,1471,Spine.Unity.SkeletonGraphic,spine,22,/Canvas/Background/SpineWave/Wave,False,unavailable,,,,,
002_UnityDataAssetPack_datapack__file025,1472,Spine.Unity.SkeletonGraphic,spine,25,/Canvas/Background/SpineShipPlayer/SkeletonWave,False,unavailable,,,,,
002_UnityDataAssetPack_datapack__file025,1515,Spine.Unity.SkeletonGraphic,spine,49,/Canvas/PanelHomeTopLeft/PanelHomeQuest/Content/EffectCompleted/Spine,False,unavailable,,,,,
002_UnityDataAssetPack_datapack__file025,1518,Spine.Unity.SkeletonGraphic,spine,51,/Canvas/Background/SpineChestCrossPuzz/SpineObject,False,unavailable,,,,,
002_UnityDataAssetPack_datapack__file025,1631,UnityEngine.UI.CanvasScaler,canvas_scaler,108,/CanvasExpand,True,unavailable,,,,,
002_UnityDataAssetPack_datapack__file025,1633,SpineObject,spine,110,/Canvas/Background/SpineChestCrossPuzz,False,unavailable,,,,,
002_UnityDataAssetPack_datapack__file025,1656,UnityEngine.UI.CanvasScaler,canvas_scaler,121,/Canvas,True,unavailable,,,,,
002_UnityDataAssetPack_datapack__file025,1662,Spine.Unity.SkeletonGraphic,spine,126,/Canvas/Background/SpineShipPlayer/SkeletonShipPlayer,False,unavailable,,,,,
002_UnityDataAssetPack_datapack__file025,1691,SpineObject,spine,137,/Canvas/PanelHomeTopLeft/PanelHomeQuest/Content/EffectCompleted,False,unavailable,,,,,
002_UnityDataAssetPack_datapack__file025,1692,Spine.Unity.SkeletonGraphic,spine,138,/Canvas/Background/SpineCloud/Cloud,False,unavailable,,,,,
002_UnityDataAssetPack_datapack__file025,1751,Spine.Unity.SkeletonGraphic,spine,234,/Canvas/PanelHomeTopLeft/PanelHomeQuest/Content/ItemWrapper/GameItem/ItemArtifactUI/MaskSpineBorder/SpineBoder/Skeleton,False,unavailable,,,,,
002_UnityDataAssetPack_datapack__file025,1792,Spine.Unity.SkeletonGraphic,spine,469,/Canvas/PanelHomeTopLeft/PanelHomeQuest/Content/ItemWrapper/GameItem/ItemEquipmentUI/MaskSpineBorder/SpineBoder/Skeleton,False,unavailable,,,,,
002_UnityDataAssetPack_datapack__file025,1830,Spine.Unity.SkeletonGraphic,spine,235,/Canvas/PanelHomeTopLeft/PanelHomeQuest/Content/ItemWrapper/GameItem/SpineHighlight/Skeleton,False,unavailable,,,,,
002_UnityDataAssetPack_datapack__file025,1933,Spine.Unity.SkeletonGraphic,spine,288,/Canvas/PlayerHeroes/HeroHome2 (5)/GroupHero/CanvasHero/Mesh/Skeleton,False,unavailable,,,,,
002_UnityDataAssetPack_datapack__file025,1934,Spine.Unity.SkeletonGraphic,spine,285,/Canvas/PlayerHeroes/HeroHome2 (0)/GroupHero/CanvasHero/Mesh/Skeleton,False,unavailable,,,,,
002_UnityDataAssetPack_datapack__file025,1935,Spine.Unity.SkeletonGraphic,spine,286,/Canvas/PlayerHeroes/HeroHome2 (1)/GroupHero/CanvasHero/Mesh/Skeleton,False,unavailable,,,,,
002_UnityDataAssetPack_datapack__file025,1936,Spine.Unity.SkeletonGraphic,spine,287,/Canvas/PlayerHeroes/HeroHome2 (3)/GroupHero/CanvasHero/Mesh/Skeleton,False,unavailable,,,,,
002_UnityDataAssetPack_datapack__file025,1937,Spine.Unity.SkeletonGraphic,spine,284,/Canvas/PlayerHeroes/HeroHome2 (2)/GroupHero/CanvasHero/Mesh/Skeleton,False,unavailable,,,,,
002_UnityDataAssetPack_datapack__file025,1938,Spine.Unity.SkeletonGraphic,spine,283,/Canvas/PlayerHeroes/HeroHome2 (4)/GroupHero/CanvasHero/Mesh/Skeleton,False,unavailable,,,,,
002_UnityDataAssetPack_datapack__file025,1951,SpineObject,spine,361,/Canvas/PanelHomeTopLeft/PanelHomeQuest/Content/ItemWrapper/GameItem/ItemEquipmentUI/MaskSpineBorder/SpineBoder,False,unavailable,,,,,
002_UnityDataAssetPack_datapack__file025,1958,SpineObject,spine,466,/Canvas/PanelHomeTopLeft/PanelHomeQuest/Content/ItemWrapper/GameItem/ItemArtifactUI/MaskSpineBorder/SpineBoder,False,unavailable,,,,,
002_UnityDataAssetPack_datapack__file025,2074,SpineObject,spine,258,/Canvas/PanelHomeTopLeft/PanelHomeQuest/Content/ItemWrapper/GameItem/SpineHighlight,False,unavailable,,,,,
002_UnityDataAssetPack_datapack__file027,464,SpineObject,spine,14,/Canvas/ImageBgr/FusingStage/SpineEmerge,False,unavailable,,,,,
002_UnityDataAssetPack_datapack__file027,481,Spine.Unity.SkeletonGraphic,spine,26,/Canvas/ImageBgr/FusingStage/SpineEmerge/SkeletonGraphic,False,unavailable,,,,,
002_UnityDataAssetPack_datapack__file027,580,Spine.Unity.SkeletonGraphic,spine,139,/Canvas/ImageBgr/FusingStage/CanvasHero/Mesh/Skeleton,False,unavailable,,,,,
002_UnityDataAssetPack_datapack__file027,623,UnityEngine.UI.CanvasScaler,canvas_scaler,108,/Canvas,True,unavailable,,,,,
002_UnityDataAssetPack_datapack__file029,248,Spine.Unity.SkeletonGraphic,spine,23,/Canvas/BoxPet/CellPet3/SpineMonster,False,unavailable,,,,,
002_UnityDataAssetPack_datapack__file029,296,Spine.Unity.SkeletonGraphic,spine,49,/Canvas/BoxPet/CellPet2/SpineMonster,False,unavailable,,,,,
002_UnityDataAssetPack_datapack__file029,302,Spine.Unity.SkeletonGraphic,spine,53,/Canvas/BoxPet/CellPet1/SpineMonster,False,unavailable,,,,,
002_UnityDataAssetPack_datapack__file029,334,UnityEngine.UI.CanvasScaler,canvas_scaler,69,/Canvas,True,unavailable,,,,,
002_UnityDataAssetPack_datapack__file031,256,UnityEngine.UI.CanvasScaler,canvas_scaler,56,/Canvas,True,unavailable,,,,,
002_UnityDataAssetPack_datapack__file033,31,UnityEngine.UI.CanvasScaler,canvas_scaler,8,/Canvas,True,unavailable,,,,,
002_UnityDataAssetPack_datapack__file035,1100,UnityEngine.UI.CanvasScaler,canvas_scaler,112,/CanvasExpand,True,unavailable,,,,,
002_UnityDataAssetPack_datapack__file035,1133,UnityEngine.UI.CanvasScaler,canvas_scaler,130,/Canvas,True,unavailable,,,,,
002_UnityDataAssetPack_datapack__file035,1213,Spine.Unity.SkeletonGraphic,spine,234,/Canvas/PanelHomeLeft/GiftOnline/GameItem/ItemArtifactUI/MaskSpineBorder/SpineBoder/Skeleton,False,unavailable,,,,,
002_UnityDataAssetPack_datapack__file035,1226,Spine.Unity.SkeletonGraphic,spine,176,/Canvas/PanelHomeLeft/PlayerAvatar/EffectSpecial,False,unavailable,,,,,
002_UnityDataAssetPack_datapack__file035,1266,Spine.Unity.SkeletonGraphic,spine,271,/Canvas/PanelHomeLeft/GiftOnline/GameItem/ItemEquipmentUI/MaskSpineBorder/SpineBoder/Skeleton,False,unavailable,,,,,
002_UnityDataAssetPack_datapack__file035,1292,Spine.Unity.SkeletonGraphic,spine,235,/Canvas/PanelHomeLeft/GiftOnline/GameItem/SpineHighlight/Skeleton,False,unavailable,,,,,
002_UnityDataAssetPack_datapack__file035,1318,SpineObject,spine,265,/Canvas/PanelHomeLeft/GiftOnline/GameItem/ItemEquipmentUI/MaskSpineBorder/SpineBoder,False,unavailable,,,,,
002_UnityDataAssetPack_datapack__file035,1319,SpineObject,spine,268,/Canvas/PanelHomeLeft/GiftOnline/GameItem/ItemArtifactUI/MaskSpineBorder/SpineBoder,False,unavailable,,,,,
002_UnityDataAssetPack_datapack__file035,1345,SpineObject,spine,252,/Canvas/PanelHomeLeft/GiftOnline/GameItem/SpineHighlight,False,unavailable,,,,,
002_UnityDataAssetPack_datapack__file037,459,Spine.Unity.SkeletonGraphic,spine,17,/Canvas/BoxRegress/SpineOutput/Mesh,False,unavailable,,,,,
002_UnityDataAssetPack_datapack__file037,462,SpineObject,spine,19,/Canvas/BoxReplace/SpineOutput,False,unavailable,,,,,
002_UnityDataAssetPack_datapack__file037,463,Spine.Unity.SkeletonGraphic,spine,21,/Canvas/RegressDisk/SpineArrow,False,unavailable,,,,,
002_UnityDataAssetPack_datapack__file037,472,Spine.Unity.SkeletonGraphic,spine,29,/Canvas/BoxReplace/SpineOutput/Mesh,False,unavailable,,,,,
002_UnityDataAssetPack_datapack__file037,488,SpineObject,spine,41,/Canvas/BoxRegress/SpineOutput,False,unavailable,,,,,
002_UnityDataAssetPack_datapack__file037,602,UnityEngine.UI.CanvasScaler,canvas_scaler,105,/Canvas,True,unavailable,,,,,
002_UnityDataAssetPack_datapack__file039,346,Spine.Unity.SkeletonGraphic,spine,66,/Canvas/BoxInfo/BoxInside/PlayerAvatar/EffectSpecial,False,unavailable,,,,,
002_UnityDataAssetPack_datapack__file039,347,Spine.Unity.SkeletonGraphic,spine,67,/Canvas/BoxTop/BoxList/CellTopArena/PlayerAvatar/EffectSpecial,False,unavailable,,,,,
002_UnityDataAssetPack_datapack__file039,352,UnityEngine.UI.CanvasScaler,canvas_scaler,72,/Canvas,True,unavailable,,,,,
002_UnityDataAssetPack_datapack__file041,387,SpineObject,spine,26,/Canvas/BoxForge/EffectMerge,False,unavailable,,,,,
002_UnityDataAssetPack_datapack__file041,400,Spine.Unity.SkeletonGraphic,spine,38,/Canvas/BoxForge/EffectMerge/Skeleton,False,unavailable,,,,,
002_UnityDataAssetPack_datapack__file041,436,Spine.Unity.SkeletonGraphic,spine,115,/Canvas/BoxForge/BoxInput/ItemForgeInput/MaskSpineBorder/SpineBoder/Skeleton,False,unavailable,,,,,
002_UnityDataAssetPack_datapack__file041,437,Spine.Unity.SkeletonGraphic,spine,114,/Canvas/BoxItemForge/CellItemForge/ItemEquipmentUI/MaskSpineBorder/SpineBoder/Skeleton,False,unavailable,,,,,
002_UnityDataAssetPack_datapack__file041,438,Spine.Unity.SkeletonGraphic,spine,113,/Canvas/BoxForge/BoxOutput/ItemForgeOutput/MaskSpineBorder/SpineBoder/Skeleton,False,unavailable,,,,,
002_UnityDataAssetPack_datapack__file041,491,UnityEngine.UI.CanvasScaler,canvas_scaler,91,/Canvas,True,unavailable,,,,,
002_UnityDataAssetPack_datapack__file041,501,SpineObject,spine,116,/Canvas/BoxItemForge/CellItemForge/ItemEquipmentUI/MaskSpineBorder/SpineBoder,False,unavailable,,,,,
002_UnityDataAssetPack_datapack__file041,502,SpineObject,spine,117,/Canvas/BoxForge/BoxInput/ItemForgeInput/MaskSpineBorder/SpineBoder,False,unavailable,,,,,
002_UnityDataAssetPack_datapack__file041,503,SpineObject,spine,118,/Canvas/BoxForge/BoxOutput/ItemForgeOutput/MaskSpineBorder/SpineBoder,False,unavailable,,,,,
002_UnityDataAssetPack_datapack__file043,502,Spine.Unity.SkeletonGraphic,spine,57,/Canvas/WarStronghold/EffectSmoke/Spine,False,unavailable,,,,,
002_UnityDataAssetPack_datapack__file043,548,UnityEngine.UI.CanvasScaler,canvas_scaler,96,/Canvas,True,unavailable,,,,,
002_UnityDataAssetPack_datapack__file043,559,Spine.Unity.SkeletonGraphic,spine,122,/Canvas/WarTent/EffectSmoke/Spine,False,unavailable,,,,,
002_UnityDataAssetPack_datapack__file043,572,SpineObject,spine,55,/Canvas/WarStronghold/EffectSmoke,False,unavailable,,,,,
002_UnityDataAssetPack_datapack__file043,602,Spine.Unity.SkeletonGraphic,spine,137,/Canvas/WarFortress/EffectSmoke/Spine,False,unavailable,,,,,
002_UnityDataAssetPack_datapack__file043,613,SpineObject,spine,151,/Canvas/WarTent/EffectSmoke,False,unavailable,,,,,
002_UnityDataAssetPack_datapack__file043,628,SpineObject,spine,144,/Canvas/WarFortress/EffectSmoke,False,unavailable,,,,,
002_UnityDataAssetPack_datapack__file045,866,SpineObject,spine,1,/Canvas/SpineSmash,False,unavailable,,,,,
002_UnityDataAssetPack_datapack__file045,867,SpineObject,spine,2,/Canvas/SpineCoin,False,unavailable,,,,,
002_UnityDataAssetPack_datapack__file045,875,Spine.Unity.SkeletonGraphic,spine,7,/Canvas/DungeonLotion/EffectLotion/Spine,False,unavailable,,,,,
002_UnityDataAssetPack_datapack__file045,883,SpineObject,spine,13,/Canvas/AnchorLeft/BoxHpLotion/EffectPotion,False,unavailable,,,,,
002_UnityDataAssetPack_datapack__file045,928,SpineObject,spine,41,/Canvas/DungeonLotion/EffectLotion,False,unavailable,,,,,
002_UnityDataAssetPack_datapack__file045,931,Spine.Unity.SkeletonGraphic,spine,43,/Canvas/SpineSmash/Mesh,False,unavailable,,,,,
002_UnityDataAssetPack_datapack__file045,940,Spine.Unity.SkeletonGraphic,spine,49,/Canvas/EffectHeroStage/Spine,False,unavailable,,,,,
002_UnityDataAssetPack_datapack__file045,943,Spine.Unity.SkeletonGraphic,spine,51,/Canvas/AnchorLeft/BoxHpLotion/EffectPotion/Skeleton,False,unavailable,,,,,
002_UnityDataAssetPack_datapack__file045,946,SpineObject,spine,54,/Canvas/EffectHeroStage,False,unavailable,,,,,
002_UnityDataAssetPack_datapack__file045,978,Spine.Unity.SkeletonGraphic,spine,75,/Canvas/SpineCoin/Mesh,False,unavailable,,,,,
002_UnityDataAssetPack_datapack__file045,1002,Spine.Unity.SkeletonGraphic,spine,112,/Canvas/CanvasHero1/Mesh/Skeleton,False,unavailable,,,,,
002_UnityDataAssetPack_datapack__file045,1003,Spine.Unity.SkeletonGraphic,spine,111,/Canvas/CanvasHeroStage/Mesh/Skeleton,False,unavailable,,,,,
002_UnityDataAssetPack_datapack__file045,1023,Spine.Unity.SkeletonGraphic,spine,106,/Canvas/DungeonMerchantMen/Mesh/Skeleton,False,unavailable,,,,,
002_UnityDataAssetPack_datapack__file045,1031,UnityEngine.UI.CanvasScaler,canvas_scaler,98,/Canvas,True,unavailable,,,,,
002_UnityDataAssetPack_datapack__file047,550,Spine.Unity.SkeletonGraphic,spine,15,/Canvas/PanelOrbSummon/FactionSelect/SumFaction/Content/ImageSelect/SpineSelect,False,unavailable,,,,,
002_UnityDataAssetPack_datapack__file047,560,SpineObject,spine,25,/Canvas/PanelBlessing/ReplaceHeroes/SpineInputPlus,False,unavailable,,,,,
002_UnityDataAssetPack_datapack__file047,569,Spine.Unity.SkeletonGraphic,spine,32,/Canvas/PanelBlessing/ReplaceHeroes/SpineInputPlus/Mesh,False,unavailable,,,,,
002_UnityDataAssetPack_datapack__file047,575,SpineObject,spine,37,/Canvas/PanelBlessing/ReplaceHeroes/SpineInputShowUp,False,unavailable,,,,,
002_UnityDataAssetPack_datapack__file047,606,Spine.Unity.SkeletonGraphic,spine,57,/Canvas/PanelOrbSummon/FactionSelect/SumFaction (3)/Content/ImageSelect/SpineSelect,False,unavailable,,,,,
002_UnityDataAssetPack_datapack__file047,641,SpineObject,spine,80,/Canvas/PanelBlessing/ReplaceHeroes/SpineOutput,False,unavailable,,,,,
002_UnityDataAssetPack_datapack__file047,643,Spine.Unity.SkeletonGraphic,spine,82,/Canvas/PanelBlessing/ReplaceHeroes/SpineArrow,False,unavailable,,,,,
002_UnityDataAssetPack_datapack__file047,647,Spine.Unity.SkeletonGraphic,spine,87,/Canvas/PanelBlessing/ReplaceHeroes/SpineOutput/Mesh,False,unavailable,,,,,
002_UnityDataAssetPack_datapack__file047,652,Spine.Unity.SkeletonGraphic,spine,93,/Canvas/PanelOrbSummon/FactionSelect/SumFaction (4)/Content/ImageSelect/SpineSelect,False,unavailable,,,,,
002_UnityDataAssetPack_datapack__file047,655,Spine.Unity.SkeletonGraphic,spine,95,/Canvas/PanelOrbSummon/FactionSelect/SumFaction (2)/Content/ImageSelect/SpineSelect,False,unavailable,,,,,
002_UnityDataAssetPack_datapack__file047,689,Spine.Unity.SkeletonGraphic,spine,116,/Canvas/PanelOrbSummon/FactionSelect/SumFaction (1)/Content/ImageSelect/SpineSelect,False,unavailable,,,,,
002_UnityDataAssetPack_datapack__file047,720,Spine.Unity.SkeletonGraphic,spine,141,/Canvas/PanelBlessing/ReplaceHeroes/SpineInputShowUp/Mesh,False,unavailable,,,,,
002_UnityDataAssetPack_datapack__file047,751,Spine.Unity.SkeletonGraphic,spine,183,/Canvas/PanelBlessing/ReplaceHeroes/HeroReplace1/CanvasHero/Mesh/Skeleton,False,unavailable,,,,,
002_UnityDataAssetPack_datapack__file047,752,Spine.Unity.SkeletonGraphic,spine,182,/Canvas/PanelBlessing/ReplaceHeroes/HeroReplace2/CanvasHero/Mesh/Skeleton,False,unavailable,,,,,
002_UnityDataAssetPack_datapack__file047,777,UnityEngine.UI.CanvasScaler,canvas_scaler,168,/Canvas,True,unavailable,,,,,
002_UnityDataAssetPack_datapack__file049,296,SpineObject,spine,16,/Canvas/BoxReplacement/SpineInputPlus,False,unavailable,,,,,
002_UnityDataAssetPack_datapack__file049,301,Spine.Unity.SkeletonGraphic,spine,21,/Canvas/BoxReplacement/SpineInputPlus/Mesh,False,unavailable,,,,,
002_UnityDataAssetPack_datapack__file049,304,SpineObject,spine,24,/Canvas/BoxReplacement/SpineInputShowUp,False,unavailable,,,,,
002_UnityDataAssetPack_datapack__file049,335,SpineObject,spine,46,/Canvas/BoxReplacement/SpineOutput,False,unavailable,,,,,
002_UnityDataAssetPack_datapack__file049,337,Spine.Unity.SkeletonGraphic,spine,48,/Canvas/BoxReplacement/SpineArrow,False,unavailable,,,,,
002_UnityDataAssetPack_datapack__file049,339,Spine.Unity.SkeletonGraphic,spine,51,/Canvas/BoxReplacement/SpineOutput/Mesh,False,unavailable,,,,,
002_UnityDataAssetPack_datapack__file049,371,Spine.Unity.SkeletonGraphic,spine,79,/Canvas/BoxReplacement/SpineInputShowUp/Mesh,False,unavailable,,,,,
002_UnityDataAssetPack_datapack__file049,383,Spine.Unity.SkeletonGraphic,spine,98,/Canvas/BoxReplacement/HeroReplace1/CanvasHero/Mesh/Skeleton,False,unavailable,,,,,
002_UnityDataAssetPack_datapack__file049,384,Spine.Unity.SkeletonGraphic,spine,97,/Canvas/BoxReplacement/HeroReplace2/CanvasHero/Mesh/Skeleton,False,unavailable,,,,,
002_UnityDataAssetPack_datapack__file049,391,UnityEngine.UI.CanvasScaler,canvas_scaler,90,/Canvas,True,unavailable,,,,,
002_UnityDataAssetPack_datapack__file051,245,Spine.Unity.SkeletonGraphic,spine,9,/Canvas/TopInfo/SpineEnergyGlow/Skeleton,False,unavailable,,,,,
002_UnityDataAssetPack_datapack__file051,267,Spine.Unity.SkeletonGraphic,spine,23,/Canvas/BoxBasic/HeroBasic/Spine,False,unavailable,,,,,
002_UnityDataAssetPack_datapack__file051,291,Spine.Unity.SkeletonGraphic,spine,39,/Canvas/TopInfo/SpineEnergyFly/Skeleton,False,unavailable,,,,,
002_UnityDataAssetPack_datapack__file051,305,Spine.Unity.SkeletonGraphic,spine,47,/Canvas/TopInfo/SliderEnegy/SpineBarFull,False,unavailable,,,,,
002_UnityDataAssetPack_datapack__file051,319,SpineObject,spine,58,/Canvas/TopInfo/SpineEnergyGlow,False,unavailable,,,,,
002_UnityDataAssetPack_datapack__file051,325,Spine.Unity.SkeletonGraphic,spine,61,/Canvas/BoxHeroic/HeroHeroic/Spine,False,unavailable,,,,,
002_UnityDataAssetPack_datapack__file051,333,SpineObject,spine,67,/Canvas/EffectBeer,False,unavailable,,,,,
002_UnityDataAssetPack_datapack__file051,346,Spine.Unity.SkeletonGraphic,spine,74,/Canvas/EffectBeer/Spine,False,unavailable,,,,,
002_UnityDataAssetPack_datapack__file051,347,SpineObject,spine,75,/Canvas/TopInfo/SpineEnergyFly,False,unavailable,,,,,
002_UnityDataAssetPack_datapack__file051,353,UnityEngine.UI.CanvasScaler,canvas_scaler,79,/Canvas,True,unavailable,,,,,
002_UnityDataAssetPack_datapack__file053,620,Spine.Unity.SkeletonGraphic,spine,27,/Canvas/BraveMap/ArrowFocus/Skeleton,False,unavailable,,,,,
002_UnityDataAssetPack_datapack__file053,642,SpineObject,spine,53,/Canvas/BraveMap/ArrowFocus,False,unavailable,,,,,
002_UnityDataAssetPack_datapack__file053,855,UnityEngine.UI.CanvasScaler,canvas_scaler,171,/Canvas,True,unavailable,,,,,
002_UnityDataAssetPack_datapack__file055,328,Spine.Unity.SkeletonGraphic,spine,1,/Canvas/ScrollMap/Viewport/Content/CampaignMapPart/Gate6/SpineFlag/Mesh,False,unavailable,,,,,
002_UnityDataAssetPack_datapack__file055,331,Spine.Unity.SkeletonGraphic,spine,2,/Canvas/ScrollMap/Viewport/Content/CampaignMapPart/Gate4/SpineFlag/Mesh,False,unavailable,,,,,
002_UnityDataAssetPack_datapack__file055,334,SpineObject,spine,3,/Canvas/ScrollMap/Viewport/Content/CampaignMapPart/Gate5/SpineFlag,False,unavailable,,,,,
002_UnityDataAssetPack_datapack__file055,335,Spine.Unity.SkeletonGraphic,spine,4,/Canvas/ScrollMap/Viewport/Content/CampaignMapPart/Gate3/SpineFlag/Mesh,False,unavailable,,,,,
002_UnityDataAssetPack_datapack__file055,338,SpineObject,spine,6,/Canvas/ScrollMap/Viewport/Content/CampaignMapPart/Gate6/SpineFlag,False,unavailable,,,,,
002_UnityDataAssetPack_datapack__file055,340,SpineObject,spine,8,/Canvas/ScrollMap/Viewport/Content/CampaignMapPart/Gate3/SpineFlag,False,unavailable,,,,,
002_UnityDataAssetPack_datapack__file055,341,SpineObject,spine,9,/Canvas/ScrollMap/Viewport/Content/CampaignMapPart/Gate7/SpineFlag,False,unavailable,,,,,
002_UnityDataAssetPack_datapack__file055,342,Spine.Unity.SkeletonGraphic,spine,10,/Canvas/ScrollMap/Viewport/Content/CampaignMapPart/Gate1/SpineFlag/Mesh,False,unavailable,,,,,
002_UnityDataAssetPack_datapack__file055,343,SpineObject,spine,11,/Canvas/ScrollMap/Viewport/Content/CampaignMapPart/Gate2/SpineFlag,False,unavailable,,,,,
002_UnityDataAssetPack_datapack__file055,346,Spine.Unity.SkeletonGraphic,spine,12,/Canvas/ScrollMap/Viewport/Content/CampaignMapPart/Gate5/SpineFlag/Mesh,False,unavailable,,,,,
002_UnityDataAssetPack_datapack__file055,347,Spine.Unity.SkeletonGraphic,spine,14,/Canvas/ScrollMap/Viewport/Content/CampaignMapPart/Gate7/SpineFlag/Mesh,False,unavailable,,,,,
002_UnityDataAssetPack_datapack__file055,348,SpineObject,spine,15,/Canvas/ScrollMap/Viewport/Content/CampaignMapPart/Gate4/SpineFlag,False,unavailable,,,,,
002_UnityDataAssetPack_datapack__file055,357,Spine.Unity.SkeletonGraphic,spine,17,/Canvas/ScrollMap/Viewport/Content/CampaignMapPart/Gate2/SpineFlag/Mesh,False,unavailable,,,,,
002_UnityDataAssetPack_datapack__file055,367,SpineObject,spine,22,/Canvas/ScrollMap/Viewport/Content/CampaignMapPart/Gate1/SpineFlag,False,unavailable,,,,,
002_UnityDataAssetPack_datapack__file055,413,UnityEngine.UI.CanvasScaler,canvas_scaler,46,/Canvas,True,unavailable,,,,,
002_UnityDataAssetPack_datapack__file055,418,Spine.Unity.SkeletonGraphic,spine,113,/Canvas/ScrollMap/Viewport/Content/CampaignMapPart/Gate1/ImageNameTag/GoFocus,False,unavailable,,,,,
002_UnityDataAssetPack_datapack__file055,420,Spine.Unity.SkeletonGraphic,spine,77,/Canvas/ScrollMap/Viewport/Content/CampaignMapPart/Gate3/ImageNameTag/GoFocus,False,unavailable,,,,,
002_UnityDataAssetPack_datapack__file055,421,Spine.Unity.SkeletonGraphic,spine,101,/Canvas/ScrollMap/Viewport/Content/CampaignMapPart/Gate2/ImageNameTag/GoFocus,False,unavailable,,,,,
002_UnityDataAssetPack_datapack__file055,431,Spine.Unity.SkeletonGraphic,spine,87,/Canvas/ScrollMap/Viewport/Content/CampaignMapPart/Gate6/ImageNameTag/GoFocus,False,unavailable,,,,,
002_UnityDataAssetPack_datapack__file055,436,Spine.Unity.SkeletonGraphic,spine,107,/Canvas/ScrollMap/Viewport/Content/CampaignMapPart/Gate5/ImageNameTag/GoFocus,False,unavailable,,,,,
002_UnityDataAssetPack_datapack__file055,450,Spine.Unity.SkeletonGraphic,spine,80,/Canvas/ScrollMap/Viewport/Content/CampaignMapPart/Gate4/ImageNameTag/GoFocus,False,unavailable,,,,,
002_UnityDataAssetPack_datapack__file055,454,Spine.Unity.SkeletonGraphic,spine,104,/Canvas/ScrollMap/Viewport/Content/CampaignMapPart/Gate7/ImageNameTag/GoFocus,False,unavailable,,,,,
002_UnityDataAssetPack_datapack__file057,31,UnityEngine.UI.CanvasScaler,canvas_scaler,8,/Canvas,True,unavailable,,,,,
002_UnityDataAssetPack_datapack__file059,475,Spine.Unity.SkeletonGraphic,spine,18,/Canvas/UIFront/PanelPoints/GroupUpgradeBakup/Hand/SpineEffect/Mesh,False,unavailable,,,,,
002_UnityDataAssetPack_datapack__file059,482,SpineObject,spine,22,/Canvas/UIFront/PanelPoints/GroupUpgradeBakup/Attack/SpineEffectUpgrade,False,unavailable,,,,,
002_UnityDataAssetPack_datapack__file059,488,Spine.Unity.SkeletonGraphic,spine,27,/Canvas/Battle/HeroEnemy/Wrapper/Spine,False,unavailable,,,,,
002_UnityDataAssetPack_datapack__file059,494,Spine.Unity.SkeletonGraphic,spine,32,/Canvas/UIFront/PanelPoints/GroupUpgradeBakup/Attack/SpineEffectUpgrade/Mesh,False,unavailable,,,,,
002_UnityDataAssetPack_datapack__file059,499,SpineObject,spine,35,/Canvas/UIFront/PanelPoints/GroupUpgradeBakup/Hp/SpineEffect,False,unavailable,,,,,
002_UnityDataAssetPack_datapack__file059,504,Spine.Unity.SkeletonGraphic,spine,38,/Canvas/UIFront/PanelPoints/GroupUpgrade/Power/SpineEffectUpgrade/Mesh,False,unavailable,,,,,
002_UnityDataAssetPack_datapack__file059,508,Spine.Unity.SkeletonGraphic,spine,40,/Canvas/Battle/EffectSpawn1,False,unavailable,,,,,
002_UnityDataAssetPack_datapack__file059,519,SpineObject,spine,47,/Canvas/UIFront/PanelPoints/GroupUpgrade/Power/SpineEffectUpgrade,False,unavailable,,,,,
002_UnityDataAssetPack_datapack__file059,526,Spine.Unity.SkeletonGraphic,spine,51,/Canvas/Battle/HeroMe/EffectHit,False,unavailable,,,,,
002_UnityDataAssetPack_datapack__file059,555,Spine.Unity.SkeletonGraphic,spine,69,/Canvas/UIFront/PanelPoints/GroupUpgradeBakup/Hp/SpineEffect/Mesh,False,unavailable,,,,,
002_UnityDataAssetPack_datapack__file059,569,Spine.Unity.SkeletonGraphic,spine,76,/Canvas/UIFront/PanelPoints/GroupUpgrade/Hp/SpineEffectUpgrade/Mesh,False,unavailable,,,,,
002_UnityDataAssetPack_datapack__file059,574,UnityEngine.UI.CanvasScaler,canvas_scaler,79,/CanvasPop,True,unavailable,,,,,
002_UnityDataAssetPack_datapack__file059,589,Spine.Unity.SkeletonGraphic,spine,93,/Canvas/Battle/EffectSpawn2,False,unavailable,,,,,
002_UnityDataAssetPack_datapack__file059,594,UnityEngine.UI.CanvasScaler,canvas_scaler,97,/CanvasBattle,True,unavailable,,,,,
002_UnityDataAssetPack_datapack__file059,600,Spine.Unity.SkeletonGraphic,spine,100,/Canvas/UIFront/PanelPoints/GroupUpgrade/Attack/SpineEffectUpgrade/Mesh,False,unavailable,,,,,
002_UnityDataAssetPack_datapack__file059,602,SpineObject,spine,104,/Canvas/UIFront/PanelPoints/GroupUpgrade/Attack/SpineEffectUpgrade,False,unavailable,,,,,
002_UnityDataAssetPack_datapack__file059,603,SpineObject,spine,105,/Canvas/UIFront/PanelPoints/GroupUpgradeBakup/Hand/SpineEffect,False,unavailable,,,,,
002_UnityDataAssetPack_datapack__file059,634,Spine.Unity.SkeletonGraphic,spine,122,/Canvas/Battle/HeroEnemy/EffectHit,False,unavailable,,,,,
002_UnityDataAssetPack_datapack__file059,648,Spine.Unity.SkeletonGraphic,spine,131,/CanvasPop/Cloud,False,unavailable,,,,,
002_UnityDataAssetPack_datapack__file059,649,Spine.Unity.SkeletonGraphic,spine,132,/Canvas/Battle/HeroMe/Wrapper/Spine,False,unavailable,,,,,
002_UnityDataAssetPack_datapack__file059,682,SpineObject,spine,151,/Canvas/UIFront/PanelPoints/GroupUpgrade/Hp/SpineEffectUpgrade,False,unavailable,,,,,
002_UnityDataAssetPack_datapack__file059,693,UnityEngine.UI.CanvasScaler,canvas_scaler,157,/Canvas,True,unavailable,,,,,
002_UnityDataAssetPack_datapack__file061,687,UnityEngine.UI.CanvasScaler,canvas_scaler,64,/Canvas,True,unavailable,,,,,
002_UnityDataAssetPack_datapack__file061,694,SpineObject,spine,193,/Canvas/BoxQuest/CellTarvenQuest/GameItem/ItemEquipmentUI/MaskSpineBorder/SpineBoder,False,unavailable,,,,,
002_UnityDataAssetPack_datapack__file061,695,SpineObject,spine,183,/Canvas/BoxQuest/CellTarvenQuest/GameItem/ItemArtifactUI/MaskSpineBorder/SpineBoder,False,unavailable,,,,,
002_UnityDataAssetPack_datapack__file061,740,Spine.Unity.SkeletonGraphic,spine,186,/Canvas/BoxQuest/CellTarvenQuest/GameItem/ItemEquipmentUI/MaskSpineBorder/SpineBoder/Skeleton,False,unavailable,,,,,
002_UnityDataAssetPack_datapack__file061,766,Spine.Unity.SkeletonGraphic,spine,127,/Canvas/BoxQuest/CellTarvenQuest/GameItem/SpineHighlight/Skeleton,False,unavailable,,,,,
002_UnityDataAssetPack_datapack__file061,787,Spine.Unity.SkeletonGraphic,spine,126,/Canvas/BoxQuest/CellTarvenQuest/GameItem/ItemArtifactUI/MaskSpineBorder/SpineBoder/Skeleton,False,unavailable,,,,,
002_UnityDataAssetPack_datapack__file061,837,SpineObject,spine,75,/Canvas/BoxQuest/CellTarvenQuest/GameItem/SpineHighlight,False,unavailable,,,,,
002_UnityDataAssetPack_datapack__file063,29,UnityEngine.UI.CanvasScaler,canvas_scaler,2,/Canvas,True,unavailable,,,,,
002_UnityDataAssetPack_datapack__file065,345,Spine.Unity.SkeletonGraphic,spine,66,/Canvas/BoxInfo/BoxInside/PlayerAvatar/EffectSpecial,False,unavailable,,,,,
002_UnityDataAssetPack_datapack__file065,346,Spine.Unity.SkeletonGraphic,spine,67,/Canvas/BoxTop/BoxList/CellTopArena/PlayerAvatar/EffectSpecial,False,unavailable,,,,,
002_UnityDataAssetPack_datapack__file065,351,UnityEngine.UI.CanvasScaler,canvas_scaler,72,/Canvas,True,unavailable,,,,,
002_UnityDataAssetPack_datapack__file067,195,Spine.Unity.SkeletonGraphic,spine,1,/Canvas/ButtonBattle/SpineButton/Mesh,False,unavailable,,,,,
002_UnityDataAssetPack_datapack__file067,197,SpineObject,spine,3,/Canvas/SpineLootGold,False,unavailable,,,,,
002_UnityDataAssetPack_datapack__file067,200,UnityEngine.UI.CanvasScaler,canvas_scaler,6,/CanvasTopMost,True,unavailable,,,,,
002_UnityDataAssetPack_datapack__file067,204,Spine.Unity.SkeletonGraphic,spine,10,/Canvas/GroupBottomLeft/ButtonMap/NotifyMap/SpineHand,False,unavailable,,,,,
002_UnityDataAssetPack_datapack__file067,207,Spine.Unity.SkeletonGraphic,spine,13,/Canvas/GroupBottomLeft/ButtonMap/NotifyMap/SpineAlert,False,unavailable,,,,,
002_UnityDataAssetPack_datapack__file067,211,Spine.Unity.SkeletonGraphic,spine,16,/Canvas/SpineLootGold/Mesh,False,unavailable,,,,,
002_UnityDataAssetPack_datapack__file067,216,Spine.Unity.SkeletonGraphic,spine,19,/Canvas/GroupBottomRight/ButtonCollect/SpineLootChest/Mesh,False,unavailable,,,,,
002_UnityDataAssetPack_datapack__file067,217,SpineObject,spine,20,/Canvas/GroupBottomRight/ButtonCollect/SpineLootChest,False,unavailable,,,,,
002_UnityDataAssetPack_datapack__file067,238,SpineObject,spine,37,/Canvas/ButtonBattle/SpineButton,False,unavailable,,,,,
002_UnityDataAssetPack_datapack__file067,265,UnityEngine.UI.CanvasScaler,canvas_scaler,55,/CanvasNoExpand,True,unavailable,,,,,
002_UnityDataAssetPack_datapack__file067,267,Spine.Unity.SkeletonGraphic,spine,57,/Canvas/SpineLootSpirit/Mesh,False,unavailable,,,,,
002_UnityDataAssetPack_datapack__file067,271,Spine.Unity.SkeletonGraphic,spine,59,/Canvas/GroupBottomLeft/ButtonMap/SpineMap,False,unavailable,,,,,
002_UnityDataAssetPack_datapack__file067,274,SpineObject,spine,61,/Canvas/SpineLootSpirit,False,unavailable,,,,,
002_UnityDataAssetPack_datapack__file067,285,Spine.Unity.SkeletonAnimation,spine,66,,False,unavailable,,,,,
002_UnityDataAssetPack_datapack__file067,286,UnityEngine.UI.CanvasScaler,canvas_scaler,68,/Canvas,True,unavailable,,,,,
002_UnityDataAssetPack_datapack__file069,687,Spine.Unity.SkeletonGraphic,spine,7,/Canvas/Map/Viewport/LayoutElement/MilitaryBuilding/GoBuiding/Skeleton,False,unavailable,,,,,
002_UnityDataAssetPack_datapack__file069,689,UnityEngine.UI.CanvasScaler,canvas_scaler,9,/CanvasPopup,True,unavailable,,,,,
002_UnityDataAssetPack_datapack__file069,703,Spine.Unity.SkeletonGraphic,spine,16,/Canvas/Map/Viewport/LayoutElement/GroupCamp/CampMinion/CampSpine/Skeleton,False,unavailable,,,,,
002_UnityDataAssetPack_datapack__file069,750,Spine.Unity.SkeletonGraphic,spine,40,/Canvas/Map/Viewport/LayoutElement/AgiBuilding/GoBuiding/Skeleton,False,unavailable,,,,,
002_UnityDataAssetPack_datapack__file069,757,Spine.Unity.SkeletonGraphic,spine,46,/Canvas/Map/Viewport/LayoutElement/MainBuilding/SpineBuilding/Skeleton,False,unavailable,,,,,
002_UnityDataAssetPack_datapack__file069,771,Spine.Unity.SkeletonGraphic,spine,56,/Canvas/Map/Viewport/LayoutElement/DaffodilBuilding/AnimCollect,False,unavailable,,,,,
002_UnityDataAssetPack_datapack__file069,775,Spine.Unity.SkeletonGraphic,spine,58,/Canvas/Map/Viewport/LayoutElement/DaffodilBuilding/GoBuiding/Skeleton,False,unavailable,,,,,
002_UnityDataAssetPack_datapack__file069,803,Spine.Unity.SkeletonGraphic,spine,74,/Canvas/Map/Viewport/LayoutElement/GroupCamp/CampBoss/CampSpine/Skeleton,False,unavailable,,,,,
002_UnityDataAssetPack_datapack__file069,819,Spine.Unity.SkeletonGraphic,spine,85,/Canvas/Map/Viewport/LayoutElement/Group_Mine/CelesMine/AnimCollect,False,unavailable,,,,,
002_UnityDataAssetPack_datapack__file069,823,Spine.Unity.SkeletonGraphic,spine,87,/Canvas/Map/Viewport/LayoutElement/Group_Mine/CelesMine/GoBuilding/Skeleton,False,unavailable,,,,,
002_UnityDataAssetPack_datapack__file069,835,UnityEngine.UI.CanvasScaler,canvas_scaler,93,/Canvas,True,unavailable,,,,,
002_UnityDataAssetPack_datapack__file069,876,Spine.Unity.SkeletonGraphic,spine,120,/Canvas/Map/Viewport/LayoutElement/Group_Mine/CelesMine (5)/AnimCollect,False,unavailable,,,,,
002_UnityDataAssetPack_datapack__file069,877,Spine.Unity.SkeletonGraphic,spine,121,/Canvas/Map/Viewport/LayoutElement/Group_Mine/CelesMine (5)/GoBuilding/Skeleton,False,unavailable,,,,,
002_UnityDataAssetPack_datapack__file069,878,Spine.Unity.SkeletonGraphic,spine,122,/Canvas/Map/Viewport/LayoutElement/Group_Mine/CelesMine (1)/GoBuilding/Skeleton,False,unavailable,,,,,
002_UnityDataAssetPack_datapack__file069,879,Spine.Unity.SkeletonGraphic,spine,123,/Canvas/Map/Viewport/LayoutElement/Group_Mine/CelesMine (1)/AnimCollect,False,unavailable,,,,,
002_UnityDataAssetPack_datapack__file069,880,Spine.Unity.SkeletonGraphic,spine,124,/Canvas/Map/Viewport/LayoutElement/Group_Mine/CelesMine (3)/GoBuilding/Skeleton,False,unavailable,,,,,
002_UnityDataAssetPack_datapack__file069,881,Spine.Unity.SkeletonGraphic,spine,125,/Canvas/Map/Viewport/LayoutElement/Group_Mine/CelesMine (4)/AnimCollect,False,unavailable,,,,,
002_UnityDataAssetPack_datapack__file069,882,Spine.Unity.SkeletonGraphic,spine,126,/Canvas/Map/Viewport/LayoutElement/Group_Mine/CelesMine (4)/GoBuilding/Skeleton,False,unavailable,,,,,
002_UnityDataAssetPack_datapack__file069,884,Spine.Unity.SkeletonGraphic,spine,128,/Canvas/Map/Viewport/LayoutElement/Group_Mine/CelesMine (3)/AnimCollect,False,unavailable,,,,,
002_UnityDataAssetPack_datapack__file069,892,Spine.Unity.SkeletonGraphic,spine,132,/Canvas/Map/Viewport/LayoutElement/Group_Mine/CelesMine (2)/GoBuilding/Skeleton,False,unavailable,,,,,
002_UnityDataAssetPack_datapack__file069,894,Spine.Unity.SkeletonGraphic,spine,134,/Canvas/Map/Viewport/LayoutElement/Group_Mine/CelesMine (2)/AnimCollect,False,unavailable,,,,,
002_UnityDataAssetPack_datapack__file069,961,Spine.Unity.SkeletonGraphic,spine,156,/Canvas/Map/Viewport/LayoutElement/GroupCamp/CampMinion (7)/CampSpine/Skeleton,False,unavailable,,,,,
002_UnityDataAssetPack_datapack__file069,965,Spine.Unity.SkeletonGraphic,spine,159,/Canvas/Map/Viewport/LayoutElement/GroupCamp/CampMinion (10)/CampSpine/Skeleton,False,unavailable,,,,,
002_UnityDataAssetPack_datapack__file069,973,Spine.Unity.SkeletonGraphic,spine,165,/Canvas/Map/Viewport/LayoutElement/GroupCamp/CampMinion (3)/CampSpine/Skeleton,False,unavailable,,,,,
002_UnityDataAssetPack_datapack__file069,988,Spine.Unity.SkeletonGraphic,spine,174,/Canvas/Map/Viewport/LayoutElement/GroupCamp/CampMinion (13)/CampSpine/Skeleton,False,unavailable,,,,,
002_UnityDataAssetPack_datapack__file069,999,Spine.Unity.SkeletonGraphic,spine,180,/Canvas/Map/Viewport/LayoutElement/GroupCamp/CampMinion (11)/CampSpine/Skeleton,False,unavailable,,,,,
002_UnityDataAssetPack_datapack__file069,1009,Spine.Unity.SkeletonGraphic,spine,186,/Canvas/Map/Viewport/LayoutElement/GroupCamp/CampMinion (9)/CampSpine/Skeleton,False,unavailable,,,,,
002_UnityDataAssetPack_datapack__file069,1013,Spine.Unity.SkeletonGraphic,spine,189,/Canvas/Map/Viewport/LayoutElement/GroupCamp/CampMinion (12)/CampSpine/Skeleton,False,unavailable,,,,,
002_UnityDataAssetPack_datapack__file069,1032,Spine.Unity.SkeletonGraphic,spine,198,/Canvas/Map/Viewport/LayoutElement/GroupCamp/CampMinion (6)/CampSpine/Skeleton,False,unavailable,,,,,
002_UnityDataAssetPack_datapack__file069,1033,Spine.Unity.SkeletonGraphic,spine,199,/Canvas/Map/Viewport/LayoutElement/GroupCamp/CampMinion (8)/CampSpine/Skeleton,False,unavailable,,,,,
002_UnityDataAssetPack_datapack__file069,1037,Spine.Unity.SkeletonGraphic,spine,202,/Canvas/Map/Viewport/LayoutElement/GroupCamp/CampMinion (5)/CampSpine/Skeleton,False,unavailable,,,,,
002_UnityDataAssetPack_datapack__file069,1056,Spine.Unity.SkeletonGraphic,spine,214,/Canvas/Map/Viewport/LayoutElement/GroupCamp/CampMinion (2)/CampSpine/Skeleton,False,unavailable,,,,,
002_UnityDataAssetPack_datapack__file069,1064,Spine.Unity.SkeletonGraphic,spine,220,/Canvas/Map/Viewport/LayoutElement/GroupCamp/CampMinion (1)/CampSpine/Skeleton,False,unavailable,,,,,
002_UnityDataAssetPack_datapack__file069,1071,Spine.Unity.SkeletonGraphic,spine,223,/Canvas/Map/Viewport/LayoutElement/GroupCamp/CampMinion (4)/CampSpine/Skeleton,False,unavailable,,,,,
002_UnityDataAssetPack_datapack__file071,1440,Spine.Unity.SkeletonGraphic,spine,1,/Canvas/Background/SpineShip1/Ship,False,unavailable,,,,,
002_UnityDataAssetPack_datapack__file071,1441,Spine.Unity.SkeletonGraphic,spine,2,/Canvas/Background/SpineFlag/Flag,False,unavailable,,,,,
002_UnityDataAssetPack_datapack__file071,1471,Spine.Unity.SkeletonGraphic,spine,22,/Canvas/Background/SpineWave/Wave,False,unavailable,,,,,
002_UnityDataAssetPack_datapack__file071,1472,Spine.Unity.SkeletonGraphic,spine,25,/Canvas/Background/SpineShipPlayer/SkeletonWave,False,unavailable,,,,,
002_UnityDataAssetPack_datapack__file071,1515,Spine.Unity.SkeletonGraphic,spine,49,/Canvas/PanelHomeTopLeft/PanelHomeQuest/Content/EffectCompleted/Spine,False,unavailable,,,,,
002_UnityDataAssetPack_datapack__file071,1518,Spine.Unity.SkeletonGraphic,spine,51,/Canvas/Background/SpineChestCrossPuzz/SpineObject,False,unavailable,,,,,
002_UnityDataAssetPack_datapack__file071,1631,UnityEngine.UI.CanvasScaler,canvas_scaler,108,/CanvasExpand,True,unavailable,,,,,
002_UnityDataAssetPack_datapack__file071,1633,SpineObject,spine,110,/Canvas/Background/SpineChestCrossPuzz,False,unavailable,,,,,
002_UnityDataAssetPack_datapack__file071,1656,UnityEngine.UI.CanvasScaler,canvas_scaler,121,/Canvas,True,unavailable,,,,,
002_UnityDataAssetPack_datapack__file071,1662,Spine.Unity.SkeletonGraphic,spine,126,/Canvas/Background/SpineShipPlayer/SkeletonShipPlayer,False,unavailable,,,,,
002_UnityDataAssetPack_datapack__file071,1691,SpineObject,spine,137,/Canvas/PanelHomeTopLeft/PanelHomeQuest/Content/EffectCompleted,False,unavailable,,,,,
002_UnityDataAssetPack_datapack__file071,1692,Spine.Unity.SkeletonGraphic,spine,138,/Canvas/Background/SpineCloud/Cloud,False,unavailable,,,,,
002_UnityDataAssetPack_datapack__file071,1751,Spine.Unity.SkeletonGraphic,spine,234,/Canvas/PanelHomeTopLeft/PanelHomeQuest/Content/ItemWrapper/GameItem/ItemArtifactUI/MaskSpineBorder/SpineBoder/Skeleton,False,unavailable,,,,,
002_UnityDataAssetPack_datapack__file071,1792,Spine.Unity.SkeletonGraphic,spine,469,/Canvas/PanelHomeTopLeft/PanelHomeQuest/Content/ItemWrapper/GameItem/ItemEquipmentUI/MaskSpineBorder/SpineBoder/Skeleton,False,unavailable,,,,,
002_UnityDataAssetPack_datapack__file071,1830,Spine.Unity.SkeletonGraphic,spine,235,/Canvas/PanelHomeTopLeft/PanelHomeQuest/Content/ItemWrapper/GameItem/SpineHighlight/Skeleton,False,unavailable,,,,,
002_UnityDataAssetPack_datapack__file071,1933,Spine.Unity.SkeletonGraphic,spine,288,/Canvas/PlayerHeroes/HeroHome2 (5)/GroupHero/CanvasHero/Mesh/Skeleton,False,unavailable,,,,,
002_UnityDataAssetPack_datapack__file071,1934,Spine.Unity.SkeletonGraphic,spine,285,/Canvas/PlayerHeroes/HeroHome2 (0)/GroupHero/CanvasHero/Mesh/Skeleton,False,unavailable,,,,,
002_UnityDataAssetPack_datapack__file071,1935,Spine.Unity.SkeletonGraphic,spine,286,/Canvas/PlayerHeroes/HeroHome2 (1)/GroupHero/CanvasHero/Mesh/Skeleton,False,unavailable,,,,,
002_UnityDataAssetPack_datapack__file071,1936,Spine.Unity.SkeletonGraphic,spine,287,/Canvas/PlayerHeroes/HeroHome2 (3)/GroupHero/CanvasHero/Mesh/Skeleton,False,unavailable,,,,,
002_UnityDataAssetPack_datapack__file071,1937,Spine.Unity.SkeletonGraphic,spine,284,/Canvas/PlayerHeroes/HeroHome2 (2)/GroupHero/CanvasHero/Mesh/Skeleton,False,unavailable,,,,,
002_UnityDataAssetPack_datapack__file071,1938,Spine.Unity.SkeletonGraphic,spine,283,/Canvas/PlayerHeroes/HeroHome2 (4)/GroupHero/CanvasHero/Mesh/Skeleton,False,unavailable,,,,,
002_UnityDataAssetPack_datapack__file071,1951,SpineObject,spine,361,/Canvas/PanelHomeTopLeft/PanelHomeQuest/Content/ItemWrapper/GameItem/ItemEquipmentUI/MaskSpineBorder/SpineBoder,False,unavailable,,,,,
002_UnityDataAssetPack_datapack__file071,1958,SpineObject,spine,466,/Canvas/PanelHomeTopLeft/PanelHomeQuest/Content/ItemWrapper/GameItem/ItemArtifactUI/MaskSpineBorder/SpineBoder,False,unavailable,,,,,
002_UnityDataAssetPack_datapack__file071,2074,SpineObject,spine,258,/Canvas/PanelHomeTopLeft/PanelHomeQuest/Content/ItemWrapper/GameItem/SpineHighlight,False,unavailable,,,,,
002_UnityDataAssetPack_datapack__file073,275,Spine.Unity.SkeletonGraphic,spine,1,/Canvas/ScrollWorld/Viewport/Content/Buildings/B_Tower/ImageBuilding/Spine,False,unavailable,,,,,
002_UnityDataAssetPack_datapack__file073,280,Spine.Unity.SkeletonGraphic,spine,5,/Canvas/ScrollWorld/Viewport/Content/Buildings/B_Explore/ImageBuilding/Spine,False,unavailable,,,,,
002_UnityDataAssetPack_datapack__file073,298,Spine.Unity.SkeletonGraphic,spine,14,/Canvas/ScrollWorld/Viewport/Content/Buildings/B_Dungeon/ImageDungeon/Spine,False,unavailable,,,,,
002_UnityDataAssetPack_datapack__file073,323,Spine.Unity.SkeletonGraphic,spine,23,/Canvas/ScrollWorld/Viewport/Content/Buildings/B_BraveTrial/ImageBuilding/Spine,False,unavailable,,,,,
002_UnityDataAssetPack_datapack__file073,350,Spine.Unity.SkeletonGraphic,spine,41,/Canvas/ScrollWorld/Viewport/Content/Buildings/B_Tarven/ImageBuilding/Spine,False,unavailable,,,,,
002_UnityDataAssetPack_datapack__file073,393,UnityEngine.UI.CanvasScaler,canvas_scaler,59,/CanvasExpand,True,unavailable,,,,,
002_UnityDataAssetPack_datapack__file073,408,Spine.Unity.SkeletonGraphic,spine,69,/Canvas/ScrollWorld/Viewport/Content/Buildings/B_EventRaid/ImageBuilding/Spine,False,unavailable,,,,,
002_UnityDataAssetPack_datapack__file073,410,UnityEngine.UI.CanvasScaler,canvas_scaler,70,/Canvas,True,unavailable,,,,,
002_UnityDataAssetPack_datapack__file073,417,Spine.Unity.SkeletonGraphic,spine,75,/Canvas/ScrollWorld/Viewport/Content/Buildings/B_Arena/ImageBuilding/SpineHome,False,unavailable,,,,,
002_UnityDataAssetPack_datapack__file073,421,Spine.Unity.SkeletonGraphic,spine,77,/Canvas/ScrollWorld/Viewport/Content/Buildings/B_Guild/ImageBuilding/Spine,False,unavailable,,,,,
002_UnityDataAssetPack_datapack__file073,451,Spine.Unity.SkeletonGraphic,spine,91,/Canvas/ScrollWorld/Viewport/Content/Buildings/B_SealLand/ImageBuidling/Spine,False,unavailable,,,,,
002_UnityDataAssetPack_datapack__file075,248,UnityEngine.UI.CanvasScaler,canvas_scaler,22,/Canvas,True,unavailable,,,,,
002_UnityDataAssetPack_datapack__file075,255,Spine.Unity.SkeletonGraphic,spine,27,/Canvas/PanelSelectFaction/ImageBackgroundSelec/SpineEffectCenter/Mesh/Skeleton,False,unavailable,,,,,
002_UnityDataAssetPack_datapack__file075,262,SpineObject,spine,33,/Canvas/PanelSelectFaction/ImageBackgroundSelec/SpineEffectCenter,False,unavailable,,,,,
002_UnityDataAssetPack_datapack__file075,265,Spine.Unity.SkeletonGraphic,spine,38,/Canvas/PanelSelectFaction/CircleFrames/SpineEffectGlow/Mesh/Skeleton,False,unavailable,,,,,
002_UnityDataAssetPack_datapack__file075,300,SpineObject,spine,64,/Canvas/PanelSelectFaction/CircleFrames/SpineEffectGlow,False,unavailable,,,,,
002_UnityDataAssetPack_datapack__file077,418,UnityEngine.UI.CanvasScaler,canvas_scaler,77,/Canvas,True,unavailable,,,,,
002_UnityDataAssetPack_datapack__file079,393,Spine.Unity.SkeletonGraphic,spine,21,/Canvas/CloudEasy/Spine,False,unavailable,,,,,
002_UnityDataAssetPack_datapack__file079,415,UnityEngine.UI.CanvasScaler,canvas_scaler,42,/CanvasExpand,True,unavailable,,,,,
002_UnityDataAssetPack_datapack__file079,438,UnityEngine.UI.CanvasScaler,canvas_scaler,52,/Canvas,True,unavailable,,,,,
002_UnityDataAssetPack_datapack__file079,456,Spine.Unity.SkeletonGraphic,spine,65,/Canvas/CloudHard/Spine,False,unavailable,,,,,
002_UnityDataAssetPack_datapack__file079,482,Spine.Unity.SkeletonGraphic,spine,91,/Canvas/ScrollWorld/Viewport/Content/Enemies/TowerStage (3)/HeroWrapper/CanvasHero/Mesh/Skeleton,False,unavailable,,,,,
002_UnityDataAssetPack_datapack__file079,483,Spine.Unity.SkeletonGraphic,spine,90,/Canvas/ScrollWorld/Viewport/Content/Enemies/TowerStage (1)/HeroWrapper/CanvasHero/Mesh/Skeleton,False,unavailable,,,,,
002_UnityDataAssetPack_datapack__file079,484,Spine.Unity.SkeletonGraphic,spine,89,/Canvas/ScrollWorld/Viewport/Content/Enemies/TowerStage (2)/HeroWrapper/CanvasHero/Mesh/Skeleton,False,unavailable,,,,,
002_UnityDataAssetPack_datapack__file079,535,Spine.Unity.SkeletonGraphic,spine,129,/Canvas/ScrollWorld/Viewport/Content/Enemies/TowerStage/HeroWrapper/CanvasHero/Mesh/Skeleton,False,unavailable,,,,,
002_UnityDataAssetPack_datapack__file081,685,Spine.Unity.SkeletonGraphic,spine,11,/Canvas/SpineLoadNightMode/Skeleton,False,unavailable,,,,,
002_UnityDataAssetPack_datapack__file081,686,Spine.Unity.SkeletonGraphic,spine,12,/Canvas/BraveMap/ArrowFocus/Skeleton,False,unavailable,,,,,
002_UnityDataAssetPack_datapack__file081,704,SpineObject,spine,24,/Canvas/GroupBottomRight/ButtonAlstarOfTrial,False,unavailable,,,,,
002_UnityDataAssetPack_datapack__file081,705,Spine.Unity.SkeletonGraphic,spine,25,/Canvas/GroupBottomLeft/GroupButton/Storm/Icon/Skeleton,False,unavailable,,,,,
002_UnityDataAssetPack_datapack__file081,714,SpineObject,spine,33,/Canvas/GroupBottomLeft/GroupButton/Storm/Icon,False,unavailable,,,,,
002_UnityDataAssetPack_datapack__file081,721,SpineObject,spine,39,/Canvas/GroupBottomLeft/GroupButton/Rage/Icon,False,unavailable,,,,,
002_UnityDataAssetPack_datapack__file081,736,SpineObject,spine,53,/Canvas/GroupBottomLeft/GroupButton/Rock/Icon,False,unavailable,,,,,
002_UnityDataAssetPack_datapack__file081,745,Spine.Unity.SkeletonGraphic,spine,58,/Canvas/GroupBottomRight/ButtonChest/BraveChest,False,unavailable,,,,,
002_UnityDataAssetPack_datapack__file081,777,SpineObject,spine,84,/Canvas/BraveMap/ArrowFocus,False,unavailable,,,,,
002_UnityDataAssetPack_datapack__file081,786,SpineObject,spine,91,/Canvas/GroupBottomRight/ButtonChest,False,unavailable,,,,,
002_UnityDataAssetPack_datapack__file081,791,Spine.Unity.SkeletonGraphic,spine,95,/Canvas/GroupBottomLeft/GroupButton/Rage/Icon/Skeleton,False,unavailable,,,,,
002_UnityDataAssetPack_datapack__file081,793,Spine.Unity.SkeletonGraphic,spine,98,/Canvas/GroupBottomRight/ButtonAlstarOfTrial/Skeleton,False,unavailable,,,,,
002_UnityDataAssetPack_datapack__file081,794,Spine.Unity.SkeletonGraphic,spine,99,/Canvas/GroupBottomLeft/GroupButton/Rock/Icon/Skeleton,False,unavailable,,,,,
002_UnityDataAssetPack_datapack__file081,979,UnityEngine.UI.CanvasScaler,canvas_scaler,199,/Canvas,True,unavailable,,,,,
002_UnityDataAssetPack_datapack__file083,327,UnityEngine.UI.CanvasScaler,canvas_scaler,72,/Canvas,True,unavailable,,,,,
002_UnityDataAssetPack_datapack__file083,328,Spine.Unity.SkeletonGraphic,spine,74,/Canvas/ScrollView/Viewport/Content/ImageBgr/DumbIsland1/HandTut/HandTutorial/Skeleton,False,unavailable,,,,,
002_UnityDataAssetPack_datapack__file085,392,UnityEngine.UI.CanvasScaler,canvas_scaler,36,/Canvas,True,unavailable,,,,,
002_UnityDataAssetPack_datapack__file085,399,Spine.Unity.SkeletonGraphic,spine,38,/Canvas/ScrollView/Viewport/Content/ImageBgr/HandTut/HandTutorial/Skeleton,False,unavailable,,,,,
002_UnityDataAssetPack_datapack__file087,160,UnityEngine.UI.CanvasScaler,canvas_scaler,32,/CanvasBattle,True,unavailable,,,,,
002_UnityDataAssetPack_datapack__file087,168,UnityEngine.UI.CanvasScaler,canvas_scaler,44,/Canvas,True,unavailable,,,,,
002_UnityDataAssetPack_datapack__file087,169,Spine.Unity.SkeletonAnimation,spine,45,,False,unavailable,,,,,
002_UnityDataAssetPack_datapack__file089,395,UnityEngine.UI.CanvasScaler,canvas_scaler,13,/CanvasTopMost,True,unavailable,,,,,
002_UnityDataAssetPack_datapack__file089,416,UnityEngine.UI.CanvasScaler,canvas_scaler,32,/CanvasBattle,True,unavailable,,,,,
002_UnityDataAssetPack_datapack__file089,426,UnityEngine.UI.CanvasScaler,canvas_scaler,39,/Canvas,True,unavailable,,,,,
002_UnityDataAssetPack_datapack__file089,520,Spine.Unity.SkeletonAnimation,spine,124,,False,unavailable,,,,,
002_UnityDataAssetPack_datapack__file091,116,Spine.Unity.SkeletonGraphic,spine,6,/Canvas/PanelLoading/GoLoading/Loading,False,unavailable,,,,,
002_UnityDataAssetPack_datapack__file091,130,UnityEngine.UI.CanvasScaler,canvas_scaler,21,/CanvasBgr,True,unavailable,,,,,
002_UnityDataAssetPack_datapack__file091,139,UnityEngine.UI.CanvasScaler,canvas_scaler,26,/Canvas,True,unavailable,,,,,
002_UnityDataAssetPack_datapack__file093,169,UnityEngine.UI.CanvasScaler,canvas_scaler,24,/Canvas,True,unavailable,,,,,
002_UnityDataAssetPack_datapack__file095,196,UnityEngine.UI.CanvasScaler,canvas_scaler,40,/Canvas,True,unavailable,,,,,
002_UnityDataAssetPack_datapack__file097,401,UnityEngine.UI.CanvasScaler,canvas_scaler,13,/CanvasTopMost,True,unavailable,,,,,
002_UnityDataAssetPack_datapack__file097,424,UnityEngine.UI.CanvasScaler,canvas_scaler,32,/CanvasBattle,True,unavailable,,,,,
002_UnityDataAssetPack_datapack__file097,434,UnityEngine.UI.CanvasScaler,canvas_scaler,39,/Canvas,True,unavailable,,,,,
002_UnityDataAssetPack_datapack__file097,530,Spine.Unity.SkeletonAnimation,spine,126,,False,unavailable,,,,,
002_UnityDataAssetPack_datapack__file099,392,UnityEngine.UI.CanvasScaler,canvas_scaler,36,/Canvas,True,unavailable,,,,,
002_UnityDataAssetPack_datapack__file099,399,Spine.Unity.SkeletonGraphic,spine,38,/Canvas/ScrollView/Viewport/Content/ImageBgr/HandTut/HandTutorial/Skeleton,False,unavailable,,,,,
002_UnityDataAssetPack_datapack__file101,351,UnityEngine.UI.CanvasScaler,canvas_scaler,79,/Canvas,True,unavailable,,,,,
002_UnityDataAssetPack_datapack__file101,352,Spine.Unity.SkeletonGraphic,spine,81,/Canvas/ScrollView/Viewport/Content/ImageBgr/DumbIsland1/HandTut/HandTutorial/Skeleton,False,unavailable,,,,,
002_UnityDataAssetPack_datapack__file103,34,UnityEngine.UI.CanvasScaler,canvas_scaler,8,/Canvas,True,unavailable,,,,,
002_UnityDataAssetPack_datapack__file105,19,UnityEngine.UI.CanvasScaler,canvas_scaler,4,/Canvas,True,unavailable,,,,,
002_UnityDataAssetPack_datapack__file107,503,SpineObject,spine,2,/Canvas/AnchorBottom/BottomMenu/Contents/BoxUpgradeHero/SpineEffectUp1,False,unavailable,,,,,
002_UnityDataAssetPack_datapack__file107,533,Spine.Unity.SkeletonGraphic,spine,27,/Canvas/AnchorBottom/BottomMenu/Contents/BoxUpgradeSidekick/SpineEffectUp2/Mesh/Skeleton,False,unavailable,,,,,
002_UnityDataAssetPack_datapack__file107,556,Spine.Unity.SkeletonGraphic,spine,46,/Canvas/PanelCurtain/SpineCloud/Mesh/Skeleton,False,unavailable,,,,,
002_UnityDataAssetPack_datapack__file107,583,SpineObject,spine,70,/Canvas/AnchorBottom/BottomMenu/Contents/BoxUpgradeSidekick/SpineEffectUp2,False,unavailable,,,,,
002_UnityDataAssetPack_datapack__file107,620,UnityEngine.UI.CanvasScaler,canvas_scaler,100,/Canvas,True,unavailable,,,,,
002_UnityDataAssetPack_datapack__file107,628,SpineObject,spine,109,/Canvas/PanelCurtain/SpineCloud,False,unavailable,,,,,
002_UnityDataAssetPack_datapack__file107,630,Spine.Unity.SkeletonGraphic,spine,111,/Canvas/AnchorBottom/BottomMenu/Contents/BoxUpgradeHero/SpineEffectUp1/Mesh/Skeleton,False,unavailable,,,,,
002_UnityDataAssetPack_datapack__file107,703,Spine.Unity.SkeletonGraphic,spine,164,/Canvas/TapBattle/GroupHandTut/HandTutorial/Skeleton,False,unavailable,,,,,
002_UnityDataAssetPack_datapack__file109,482,SpineObject,spine,2,/Canvas/AnchorBottom/BottomMenu/Contents/BoxUpgradeHero/SpineEffectUp1,False,unavailable,,,,,
002_UnityDataAssetPack_datapack__file109,515,Spine.Unity.SkeletonGraphic,spine,30,/Canvas/AnchorBottom/BottomMenu/Contents/BoxUpgradeSidekick/SpineEffectUp2/Mesh/Skeleton,False,unavailable,,,,,
002_UnityDataAssetPack_datapack__file109,535,Spine.Unity.SkeletonGraphic,spine,48,/Canvas/PanelCurtain/SpineCloud/Mesh/Skeleton,False,unavailable,,,,,
002_UnityDataAssetPack_datapack__file109,564,SpineObject,spine,70,/Canvas/AnchorBottom/BottomMenu/Contents/BoxUpgradeSidekick/SpineEffectUp2,False,unavailable,,,,,
002_UnityDataAssetPack_datapack__file109,597,UnityEngine.UI.CanvasScaler,canvas_scaler,97,/Canvas,True,unavailable,,,,,
002_UnityDataAssetPack_datapack__file109,605,SpineObject,spine,106,/Canvas/PanelCurtain/SpineCloud,False,unavailable,,,,,
002_UnityDataAssetPack_datapack__file109,606,Spine.Unity.SkeletonGraphic,spine,107,/Canvas/AnchorBottom/BottomMenu/Contents/BoxUpgradeHero/SpineEffectUp1/Mesh/Skeleton,False,unavailable,,,,,
002_UnityDataAssetPack_datapack__file109,673,Spine.Unity.SkeletonGraphic,spine,158,/Canvas/TapBattle3/GroupHandTut/HandTutorial/Skeleton,False,unavailable,,,,,
002_UnityDataAssetPack_datapack__file110,75167,Spine.Unity.SpineAtlasAsset,spine,0,,False,unavailable,,,,,
002_UnityDataAssetPack_datapack__file110,75168,Spine.Unity.SkeletonDataAsset,spine,0,,False,unavailable,,,,,
002_UnityDataAssetPack_datapack__file110,75173,Spine.Unity.SpineAtlasAsset,spine,0,,False,unavailable,,,,,
002_UnityDataAssetPack_datapack__file110,75174,Spine.Unity.SkeletonDataAsset,spine,0,,False,unavailable,,,,,
002_UnityDataAssetPack_datapack__file110,75175,Spine.Unity.SpineAtlasAsset,spine,0,,False,unavailable,,,,,
002_UnityDataAssetPack_datapack__file110,75176,Spine.Unity.SkeletonDataAsset,spine,0,,False,unavailable,,,,,
002_UnityDataAssetPack_datapack__file110,75177,Spine.Unity.SpineAtlasAsset,spine,0,,False,unavailable,,,,,
002_UnityDataAssetPack_datapack__file110,75178,Spine.Unity.SkeletonDataAsset,spine,0,,False,unavailable,,,,,
002_UnityDataAssetPack_datapack__file110,75179,Spine.Unity.SpineAtlasAsset,spine,0,,False,unavailable,,,,,
002_UnityDataAssetPack_datapack__file110,75180,Spine.Unity.SkeletonDataAsset,spine,0,,False,unavailable,,,,,
002_UnityDataAssetPack_datapack__file110,75181,Spine.Unity.SpineAtlasAsset,spine,0,,False,unavailable,,,,,
002_UnityDataAssetPack_datapack__file110,75182,Spine.Unity.SkeletonDataAsset,spine,0,,False,unavailable,,,,,
002_UnityDataAssetPack_datapack__file110,75183,Spine.Unity.SpineAtlasAsset,spine,0,,False,unavailable,,,,,
002_UnityDataAssetPack_datapack__file110,75184,Spine.Unity.SkeletonDataAsset,spine,0,,False,unavailable,,,,,
002_UnityDataAssetPack_datapack__file110,75185,Spine.Unity.SpineAtlasAsset,spine,0,,False,unavailable,,,,,
002_UnityDataAssetPack_datapack__file110,75186,Spine.Unity.SkeletonDataAsset,spine,0,,False,unavailable,,,,,
002_UnityDataAssetPack_datapack__file110,75187,Spine.Unity.SpineAtlasAsset,spine,0,,False,unavailable,,,,,
002_UnityDataAssetPack_datapack__file110,75188,Spine.Unity.SkeletonDataAsset,spine,0,,False,unavailable,,,,,
002_UnityDataAssetPack_datapack__file110,75189,Spine.Unity.SpineAtlasAsset,spine,0,,False,unavailable,,,,,
002_UnityDataAssetPack_datapack__file110,75190,Spine.Unity.SkeletonDataAsset,spine,0,,False,unavailable,,,,,
002_UnityDataAssetPack_datapack__file110,75191,Spine.Unity.SpineAtlasAsset,spine,0,,False,unavailable,,,,,
002_UnityDataAssetPack_datapack__file110,75192,Spine.Unity.SkeletonDataAsset,spine,0,,False,unavailable,,,,,
002_UnityDataAssetPack_datapack__file110,75193,Spine.Unity.SpineAtlasAsset,spine,0,,False,unavailable,,,,,
002_UnityDataAssetPack_datapack__file110,75194,Spine.Unity.SkeletonDataAsset,spine,0,,False,unavailable,,,,,
002_UnityDataAssetPack_datapack__file110,75195,Spine.Unity.SpineAtlasAsset,spine,0,,False,unavailable,,,,,
002_UnityDataAssetPack_datapack__file110,75196,Spine.Unity.SkeletonDataAsset,spine,0,,False,unavailable,,,,,
002_UnityDataAssetPack_datapack__file110,75197,Spine.Unity.SpineAtlasAsset,spine,0,,False,unavailable,,,,,
002_UnityDataAssetPack_datapack__file110,75198,Spine.Unity.SkeletonDataAsset,spine,0,,False,unavailable,,,,,
002_UnityDataAssetPack_datapack__file110,75199,Spine.Unity.SpineAtlasAsset,spine,0,,False,unavailable,,,,,
002_UnityDataAssetPack_datapack__file110,75200,Spine.Unity.SkeletonDataAsset,spine,0,,False,unavailable,,,,,
002_UnityDataAssetPack_datapack__file110,75201,Spine.Unity.SpineAtlasAsset,spine,0,,False,unavailable,,,,,
002_UnityDataAssetPack_datapack__file110,75202,Spine.Unity.SkeletonDataAsset,spine,0,,False,unavailable,,,,,
002_UnityDataAssetPack_datapack__file110,75203,Spine.Unity.SpineAtlasAsset,spine,0,,False,unavailable,,,,,
002_UnityDataAssetPack_datapack__file110,75204,Spine.Unity.SkeletonDataAsset,spine,0,,False,unavailable,,,,,
002_UnityDataAssetPack_datapack__file110,75205,Spine.Unity.SpineAtlasAsset,spine,0,,False,unavailable,,,,,
002_UnityDataAssetPack_datapack__file110,75206,Spine.Unity.SkeletonDataAsset,spine,0,,False,unavailable,,,,,
002_UnityDataAssetPack_datapack__file110,75207,Spine.Unity.SpineAtlasAsset,spine,0,,False,unavailable,,,,,
002_UnityDataAssetPack_datapack__file110,75208,Spine.Unity.SkeletonDataAsset,spine,0,,False,unavailable,,,,,
002_UnityDataAssetPack_datapack__file110,75209,Spine.Unity.SpineAtlasAsset,spine,0,,False,unavailable,,,,,
002_UnityDataAssetPack_datapack__file110,75210,Spine.Unity.SkeletonDataAsset,spine,0,,False,unavailable,,,,,
002_UnityDataAssetPack_datapack__file110,75211,Spine.Unity.SpineAtlasAsset,spine,0,,False,unavailable,,,,,
002_UnityDataAssetPack_datapack__file110,75212,Spine.Unity.SkeletonDataAsset,spine,0,,False,unavailable,,,,,
002_UnityDataAssetPack_datapack__file110,75213,Spine.Unity.SpineAtlasAsset,spine,0,,False,unavailable,,,,,
002_UnityDataAssetPack_datapack__file110,75214,Spine.Unity.SkeletonDataAsset,spine,0,,False,unavailable,,,,,
002_UnityDataAssetPack_datapack__file110,75215,Spine.Unity.SpineAtlasAsset,spine,0,,False,unavailable,,,,,
002_UnityDataAssetPack_datapack__file110,75216,Spine.Unity.SkeletonDataAsset,spine,0,,False,unavailable,,,,,
002_UnityDataAssetPack_datapack__file110,75217,Spine.Unity.SpineAtlasAsset,spine,0,,False,unavailable,,,,,
002_UnityDataAssetPack_datapack__file110,75218,Spine.Unity.SkeletonDataAsset,spine,0,,False,unavailable,,,,,
002_UnityDataAssetPack_datapack__file110,75219,Spine.Unity.SpineAtlasAsset,spine,0,,False,unavailable,,,,,
002_UnityDataAssetPack_datapack__file110,75220,Spine.Unity.SkeletonDataAsset,spine,0,,False,unavailable,,,,,
002_UnityDataAssetPack_datapack__file110,75222,Spine.Unity.SpineAtlasAsset,spine,0,,False,unavailable,,,,,
002_UnityDataAssetPack_datapack__file110,75223,Spine.Unity.SkeletonDataAsset,spine,0,,False,unavailable,,,,,
002_UnityDataAssetPack_datapack__file110,75224,Spine.Unity.SpineAtlasAsset,spine,0,,False,unavailable,,,,,
002_UnityDataAssetPack_datapack__file110,75225,Spine.Unity.SkeletonDataAsset,spine,0,,False,unavailable,,,,,
002_UnityDataAssetPack_datapack__file110,75226,Spine.Unity.SpineAtlasAsset,spine,0,,False,unavailable,,,,,
002_UnityDataAssetPack_datapack__file110,75227,Spine.Unity.SkeletonDataAsset,spine,0,,False,unavailable,,,,,
002_UnityDataAssetPack_datapack__file110,75228,Spine.Unity.SpineAtlasAsset,spine,0,,False,unavailable,,,,,
002_UnityDataAssetPack_datapack__file110,75229,Spine.Unity.SkeletonDataAsset,spine,0,,False,unavailable,,,,,
002_UnityDataAssetPack_datapack__file110,75230,Spine.Unity.SpineAtlasAsset,spine,0,,False,unavailable,,,,,
002_UnityDataAssetPack_datapack__file110,75231,Spine.Unity.SkeletonDataAsset,spine,0,,False,unavailable,,,,,
002_UnityDataAssetPack_datapack__file110,75232,Spine.Unity.SpineAtlasAsset,spine,0,,False,unavailable,,,,,
002_UnityDataAssetPack_datapack__file110,75233,Spine.Unity.SkeletonDataAsset,spine,0,,False,unavailable,,,,,
002_UnityDataAssetPack_datapack__file110,75234,Spine.Unity.SpineAtlasAsset,spine,0,,False,unavailable,,,,,
002_UnityDataAssetPack_datapack__file110,75235,Spine.Unity.SkeletonDataAsset,spine,0,,False,unavailable,,,,,
002_UnityDataAssetPack_datapack__file110,75236,Spine.Unity.SpineAtlasAsset,spine,0,,False,unavailable,,,,,
002_UnityDataAssetPack_datapack__file110,75237,Spine.Unity.SkeletonDataAsset,spine,0,,False,unavailable,,,,,
002_UnityDataAssetPack_datapack__file110,75238,Spine.Unity.SpineAtlasAsset,spine,0,,False,unavailable,,,,,
002_UnityDataAssetPack_datapack__file110,75239,Spine.Unity.SkeletonDataAsset,spine,0,,False,unavailable,,,,,
002_UnityDataAssetPack_datapack__file110,75240,Spine.Unity.SpineAtlasAsset,spine,0,,False,unavailable,,,,,
002_UnityDataAssetPack_datapack__file110,75241,Spine.Unity.SkeletonDataAsset,spine,0,,False,unavailable,,,,,
002_UnityDataAssetPack_datapack__file110,75242,Spine.Unity.SpineAtlasAsset,spine,0,,False,unavailable,,,,,
002_UnityDataAssetPack_datapack__file110,75243,Spine.Unity.SkeletonDataAsset,spine,0,,False,unavailable,,,,,
002_UnityDataAssetPack_datapack__file110,75244,Spine.Unity.SpineAtlasAsset,spine,0,,False,unavailable,,,,,
002_UnityDataAssetPack_datapack__file110,75245,Spine.Unity.SkeletonDataAsset,spine,0,,False,unavailable,,,,,
002_UnityDataAssetPack_datapack__file110,75246,Spine.Unity.SpineAtlasAsset,spine,0,,False,unavailable,,,,,
002_UnityDataAssetPack_datapack__file110,75247,Spine.Unity.SkeletonDataAsset,spine,0,,False,unavailable,,,,,
002_UnityDataAssetPack_datapack__file110,75248,Spine.Unity.SpineAtlasAsset,spine,0,,False,unavailable,,,,,
002_UnityDataAssetPack_datapack__file110,75249,Spine.Unity.SkeletonDataAsset,spine,0,,False,unavailable,,,,,
002_UnityDataAssetPack_datapack__file110,75250,Spine.Unity.SpineAtlasAsset,spine,0,,False,unavailable,,,,,
002_UnityDataAssetPack_datapack__file110,75251,Spine.Unity.SkeletonDataAsset,spine,0,,False,unavailable,,,,,
002_UnityDataAssetPack_datapack__file110,75252,Spine.Unity.SpineAtlasAsset,spine,0,,False,unavailable,,,,,
002_UnityDataAssetPack_datapack__file110,75253,Spine.Unity.SkeletonDataAsset,spine,0,,False,unavailable,,,,,
002_UnityDataAssetPack_datapack__file110,75254,Spine.Unity.SpineAtlasAsset,spine,0,,False,unavailable,,,,,
002_UnityDataAssetPack_datapack__file110,75255,Spine.Unity.SkeletonDataAsset,spine,0,,False,unavailable,,,,,
002_UnityDataAssetPack_datapack__file110,75256,Spine.Unity.SpineAtlasAsset,spine,0,,False,unavailable,,,,,
002_UnityDataAssetPack_datapack__file110,75257,Spine.Unity.SkeletonDataAsset,spine,0,,False,unavailable,,,,,
002_UnityDataAssetPack_datapack__file110,75258,Spine.Unity.SpineAtlasAsset,spine,0,,False,unavailable,,,,,
002_UnityDataAssetPack_datapack__file110,75259,Spine.Unity.SkeletonDataAsset,spine,0,,False,unavailable,,,,,
002_UnityDataAssetPack_datapack__file110,75260,Spine.Unity.SpineAtlasAsset,spine,0,,False,unavailable,,,,,
002_UnityDataAssetPack_datapack__file110,75261,Spine.Unity.SkeletonDataAsset,spine,0,,False,unavailable,,,,,
002_UnityDataAssetPack_datapack__file110,75262,Spine.Unity.SpineAtlasAsset,spine,0,,False,unavailable,,,,,
002_UnityDataAssetPack_datapack__file110,75263,Spine.Unity.SkeletonDataAsset,spine,0,,False,unavailable,,,,,
002_UnityDataAssetPack_datapack__file110,75264,Spine.Unity.SpineAtlasAsset,spine,0,,False,unavailable,,,,,
002_UnityDataAssetPack_datapack__file110,75265,Spine.Unity.SkeletonDataAsset,spine,0,,False,unavailable,,,,,
002_UnityDataAssetPack_datapack__file110,75266,Spine.Unity.SpineAtlasAsset,spine,0,,False,unavailable,,,,,
002_UnityDataAssetPack_datapack__file110,75267,Spine.Unity.SkeletonDataAsset,spine,0,,False,unavailable,,,,,
002_UnityDataAssetPack_datapack__file110,75268,Spine.Unity.SpineAtlasAsset,spine,0,,False,unavailable,,,,,
002_UnityDataAssetPack_datapack__file110,75269,Spine.Unity.SkeletonDataAsset,spine,0,,False,unavailable,,,,,
002_UnityDataAssetPack_datapack__file110,75270,Spine.Unity.SpineAtlasAsset,spine,0,,False,unavailable,,,,,
002_UnityDataAssetPack_datapack__file110,75271,Spine.Unity.SkeletonDataAsset,spine,0,,False,unavailable,,,,,
002_UnityDataAssetPack_datapack__file110,75272,Spine.Unity.SpineAtlasAsset,spine,0,,False,unavailable,,,,,
002_UnityDataAssetPack_datapack__file110,75273,Spine.Unity.SkeletonDataAsset,spine,0,,False,unavailable,,,,,
002_UnityDataAssetPack_datapack__file110,75274,Spine.Unity.SpineAtlasAsset,spine,0,,False,unavailable,,,,,
002_UnityDataAssetPack_datapack__file110,75275,Spine.Unity.SkeletonDataAsset,spine,0,,False,unavailable,,,,,
002_UnityDataAssetPack_datapack__file110,75276,Spine.Unity.SpineAtlasAsset,spine,0,,False,unavailable,,,,,
002_UnityDataAssetPack_datapack__file110,75277,Spine.Unity.SkeletonDataAsset,spine,0,,False,unavailable,,,,,
002_UnityDataAssetPack_datapack__file110,75278,Spine.Unity.SpineAtlasAsset,spine,0,,False,unavailable,,,,,
002_UnityDataAssetPack_datapack__file110,75279,Spine.Unity.SkeletonDataAsset,spine,0,,False,unavailable,,,,,
002_UnityDataAssetPack_datapack__file110,75280,Spine.Unity.SpineAtlasAsset,spine,0,,False,unavailable,,,,,
002_UnityDataAssetPack_datapack__file110,75281,Spine.Unity.SkeletonDataAsset,spine,0,,False,unavailable,,,,,
002_UnityDataAssetPack_datapack__file110,75282,Spine.Unity.SpineAtlasAsset,spine,0,,False,unavailable,,,,,
002_UnityDataAssetPack_datapack__file110,75283,Spine.Unity.SkeletonDataAsset,spine,0,,False,unavailable,,,,,
002_UnityDataAssetPack_datapack__file110,75284,Spine.Unity.SpineAtlasAsset,spine,0,,False,unavailable,,,,,
002_UnityDataAssetPack_datapack__file110,75285,Spine.Unity.SkeletonDataAsset,spine,0,,False,unavailable,,,,,
002_UnityDataAssetPack_datapack__file110,75286,Spine.Unity.SpineAtlasAsset,spine,0,,False,unavailable,,,,,
002_UnityDataAssetPack_datapack__file110,75287,Spine.Unity.SkeletonDataAsset,spine,0,,False,unavailable,,,,,
002_UnityDataAssetPack_datapack__file110,75288,Spine.Unity.SpineAtlasAsset,spine,0,,False,unavailable,,,,,
002_UnityDataAssetPack_datapack__file110,75289,Spine.Unity.SkeletonDataAsset,spine,0,,False,unavailable,,,,,
002_UnityDataAssetPack_datapack__file110,75290,Spine.Unity.SpineAtlasAsset,spine,0,,False,unavailable,,,,,
002_UnityDataAssetPack_datapack__file110,75291,Spine.Unity.SkeletonDataAsset,spine,0,,False,unavailable,,,,,
002_UnityDataAssetPack_datapack__file110,75292,Spine.Unity.SpineAtlasAsset,spine,0,,False,unavailable,,,,,
002_UnityDataAssetPack_datapack__file110,75293,Spine.Unity.SkeletonDataAsset,spine,0,,False,unavailable,,,,,
002_UnityDataAssetPack_datapack__file110,75294,Spine.Unity.SpineAtlasAsset,spine,0,,False,unavailable,,,,,
002_UnityDataAssetPack_datapack__file110,75295,Spine.Unity.SkeletonDataAsset,spine,0,,False,unavailable,,,,,
002_UnityDataAssetPack_datapack__file110,75296,Spine.Unity.SpineAtlasAsset,spine,0,,False,unavailable,,,,,
002_UnityDataAssetPack_datapack__file110,75297,Spine.Unity.SkeletonDataAsset,spine,0,,False,unavailable,,,,,
002_UnityDataAssetPack_datapack__file110,75298,Spine.Unity.SpineAtlasAsset,spine,0,,False,unavailable,,,,,
002_UnityDataAssetPack_datapack__file110,75299,Spine.Unity.SkeletonDataAsset,spine,0,,False,unavailable,,,,,
002_UnityDataAssetPack_datapack__file110,75300,Spine.Unity.SpineAtlasAsset,spine,0,,False,unavailable,,,,,
002_UnityDataAssetPack_datapack__file110,75301,Spine.Unity.SkeletonDataAsset,spine,0,,False,unavailable,,,,,
002_UnityDataAssetPack_datapack__file110,75302,Spine.Unity.SpineAtlasAsset,spine,0,,False,unavailable,,,,,
002_UnityDataAssetPack_datapack__file110,75303,Spine.Unity.SkeletonDataAsset,spine,0,,False,unavailable,,,,,
002_UnityDataAssetPack_datapack__file110,75304,Spine.Unity.SpineAtlasAsset,spine,0,,False,unavailable,,,,,
002_UnityDataAssetPack_datapack__file110,75305,Spine.Unity.SkeletonDataAsset,spine,0,,False,unavailable,,,,,
002_UnityDataAssetPack_datapack__file110,75306,Spine.Unity.SpineAtlasAsset,spine,0,,False,unavailable,,,,,
002_UnityDataAssetPack_datapack__file110,75307,Spine.Unity.SkeletonDataAsset,spine,0,,False,unavailable,,,,,
002_UnityDataAssetPack_datapack__file110,75308,Spine.Unity.SpineAtlasAsset,spine,0,,False,unavailable,,,,,
002_UnityDataAssetPack_datapack__file110,75309,Spine.Unity.SkeletonDataAsset,spine,0,,False,unavailable,,,,,
002_UnityDataAssetPack_datapack__file110,75310,Spine.Unity.SpineAtlasAsset,spine,0,,False,unavailable,,,,,
002_UnityDataAssetPack_datapack__file110,75311,Spine.Unity.SkeletonDataAsset,spine,0,,False,unavailable,,,,,
002_UnityDataAssetPack_datapack__file110,75312,Spine.Unity.SpineAtlasAsset,spine,0,,False,unavailable,,,,,
002_UnityDataAssetPack_datapack__file110,75313,Spine.Unity.SkeletonDataAsset,spine,0,,False,unavailable,,,,,
002_UnityDataAssetPack_datapack__file110,75314,Spine.Unity.SpineAtlasAsset,spine,0,,False,unavailable,,,,,
002_UnityDataAssetPack_datapack__file110,75315,Spine.Unity.SkeletonDataAsset,spine,0,,False,unavailable,,,,,
002_UnityDataAssetPack_datapack__file110,75316,Spine.Unity.SpineAtlasAsset,spine,0,,False,unavailable,,,,,
002_UnityDataAssetPack_datapack__file110,75317,Spine.Unity.SkeletonDataAsset,spine,0,,False,unavailable,,,,,
002_UnityDataAssetPack_datapack__file110,75318,Spine.Unity.SpineAtlasAsset,spine,0,,False,unavailable,,,,,
002_UnityDataAssetPack_datapack__file110,75319,Spine.Unity.SkeletonDataAsset,spine,0,,False,unavailable,,,,,
002_UnityDataAssetPack_datapack__file110,75320,Spine.Unity.SpineAtlasAsset,spine,0,,False,unavailable,,,,,
002_UnityDataAssetPack_datapack__file110,75321,Spine.Unity.SkeletonDataAsset,spine,0,,False,unavailable,,,,,
002_UnityDataAssetPack_datapack__file110,75322,Spine.Unity.SpineAtlasAsset,spine,0,,False,unavailable,,,,,
002_UnityDataAssetPack_datapack__file110,75323,Spine.Unity.SkeletonDataAsset,spine,0,,False,unavailable,,,,,
002_UnityDataAssetPack_datapack__file110,75324,Spine.Unity.SpineAtlasAsset,spine,0,,False,unavailable,,,,,
002_UnityDataAssetPack_datapack__file110,75325,Spine.Unity.SkeletonDataAsset,spine,0,,False,unavailable,,,,,
002_UnityDataAssetPack_datapack__file110,75326,Spine.Unity.SpineAtlasAsset,spine,0,,False,unavailable,,,,,
002_UnityDataAssetPack_datapack__file110,75327,Spine.Unity.SkeletonDataAsset,spine,0,,False,unavailable,,,,,
002_UnityDataAssetPack_datapack__file110,75328,Spine.Unity.SpineAtlasAsset,spine,0,,False,unavailable,,,,,
002_UnityDataAssetPack_datapack__file110,75329,Spine.Unity.SkeletonDataAsset,spine,0,,False,unavailable,,,,,
002_UnityDataAssetPack_datapack__file110,75330,Spine.Unity.SpineAtlasAsset,spine,0,,False,unavailable,,,,,
002_UnityDataAssetPack_datapack__file110,75331,Spine.Unity.SkeletonDataAsset,spine,0,,False,unavailable,,,,,
002_UnityDataAssetPack_datapack__file110,75332,Spine.Unity.SpineAtlasAsset,spine,0,,False,unavailable,,,,,
002_UnityDataAssetPack_datapack__file110,75333,Spine.Unity.SkeletonDataAsset,spine,0,,False,unavailable,,,,,
002_UnityDataAssetPack_datapack__file110,75334,Spine.Unity.SpineAtlasAsset,spine,0,,False,unavailable,,,,,
002_UnityDataAssetPack_datapack__file110,75335,Spine.Unity.SkeletonDataAsset,spine,0,,False,unavailable,,,,,
002_UnityDataAssetPack_datapack__file110,75336,Spine.Unity.SpineAtlasAsset,spine,0,,False,unavailable,,,,,
002_UnityDataAssetPack_datapack__file110,75337,Spine.Unity.SkeletonDataAsset,spine,0,,False,unavailable,,,,,
002_UnityDataAssetPack_datapack__file110,75338,Spine.Unity.SpineAtlasAsset,spine,0,,False,unavailable,,,,,
002_UnityDataAssetPack_datapack__file110,75339,Spine.Unity.SkeletonDataAsset,spine,0,,False,unavailable,,,,,
002_UnityDataAssetPack_datapack__file110,75340,Spine.Unity.SpineAtlasAsset,spine,0,,False,unavailable,,,,,
002_UnityDataAssetPack_datapack__file110,75341,Spine.Unity.SkeletonDataAsset,spine,0,,False,unavailable,,,,,
002_UnityDataAssetPack_datapack__file110,75342,Spine.Unity.SpineAtlasAsset,spine,0,,False,unavailable,,,,,
002_UnityDataAssetPack_datapack__file110,75343,Spine.Unity.SkeletonDataAsset,spine,0,,False,unavailable,,,,,
002_UnityDataAssetPack_datapack__file110,75344,Spine.Unity.SpineAtlasAsset,spine,0,,False,unavailable,,,,,
002_UnityDataAssetPack_datapack__file110,75345,Spine.Unity.SkeletonDataAsset,spine,0,,False,unavailable,,,,,
002_UnityDataAssetPack_datapack__file110,75346,Spine.Unity.SpineAtlasAsset,spine,0,,False,unavailable,,,,,
002_UnityDataAssetPack_datapack__file110,75347,Spine.Unity.SkeletonDataAsset,spine,0,,False,unavailable,,,,,
002_UnityDataAssetPack_datapack__file110,75348,Spine.Unity.SpineAtlasAsset,spine,0,,False,unavailable,,,,,
002_UnityDataAssetPack_datapack__file110,75349,Spine.Unity.SkeletonDataAsset,spine,0,,False,unavailable,,,,,
002_UnityDataAssetPack_datapack__file110,75350,Spine.Unity.SpineAtlasAsset,spine,0,,False,unavailable,,,,,
002_UnityDataAssetPack_datapack__file110,75351,Spine.Unity.SkeletonDataAsset,spine,0,,False,unavailable,,,,,
002_UnityDataAssetPack_datapack__file110,75352,Spine.Unity.SpineAtlasAsset,spine,0,,False,unavailable,,,,,
002_UnityDataAssetPack_datapack__file110,75353,Spine.Unity.SkeletonDataAsset,spine,0,,False,unavailable,,,,,
002_UnityDataAssetPack_datapack__file110,75354,Spine.Unity.SpineAtlasAsset,spine,0,,False,unavailable,,,,,
002_UnityDataAssetPack_datapack__file110,75355,Spine.Unity.SkeletonDataAsset,spine,0,,False,unavailable,,,,,
002_UnityDataAssetPack_datapack__file110,75356,Spine.Unity.SpineAtlasAsset,spine,0,,False,unavailable,,,,,
002_UnityDataAssetPack_datapack__file110,75357,Spine.Unity.SkeletonDataAsset,spine,0,,False,unavailable,,,,,
002_UnityDataAssetPack_datapack__file110,75358,Spine.Unity.SpineAtlasAsset,spine,0,,False,unavailable,,,,,
002_UnityDataAssetPack_datapack__file110,75359,Spine.Unity.SkeletonDataAsset,spine,0,,False,unavailable,,,,,
002_UnityDataAssetPack_datapack__file110,75360,Spine.Unity.SpineAtlasAsset,spine,0,,False,unavailable,,,,,
002_UnityDataAssetPack_datapack__file110,75361,Spine.Unity.SkeletonDataAsset,spine,0,,False,unavailable,,,,,
002_UnityDataAssetPack_datapack__file110,75362,Spine.Unity.SpineAtlasAsset,spine,0,,False,unavailable,,,,,
002_UnityDataAssetPack_datapack__file110,75363,Spine.Unity.SkeletonDataAsset,spine,0,,False,unavailable,,,,,
002_UnityDataAssetPack_datapack__file110,75364,Spine.Unity.SpineAtlasAsset,spine,0,,False,unavailable,,,,,
002_UnityDataAssetPack_datapack__file110,75365,Spine.Unity.SkeletonDataAsset,spine,0,,False,unavailable,,,,,
002_UnityDataAssetPack_datapack__file110,75366,Spine.Unity.SpineAtlasAsset,spine,0,,False,unavailable,,,,,
002_UnityDataAssetPack_datapack__file110,75367,Spine.Unity.SkeletonDataAsset,spine,0,,False,unavailable,,,,,
002_UnityDataAssetPack_datapack__file110,75368,Spine.Unity.SpineAtlasAsset,spine,0,,False,unavailable,,,,,
002_UnityDataAssetPack_datapack__file110,75369,Spine.Unity.SkeletonDataAsset,spine,0,,False,unavailable,,,,,
002_UnityDataAssetPack_datapack__file110,75370,Spine.Unity.SpineAtlasAsset,spine,0,,False,unavailable,,,,,
002_UnityDataAssetPack_datapack__file110,75371,Spine.Unity.SkeletonDataAsset,spine,0,,False,unavailable,,,,,
002_UnityDataAssetPack_datapack__file110,75372,Spine.Unity.SpineAtlasAsset,spine,0,,False,unavailable,,,,,
002_UnityDataAssetPack_datapack__file110,75373,Spine.Unity.SkeletonDataAsset,spine,0,,False,unavailable,,,,,
002_UnityDataAssetPack_datapack__file110,75374,Spine.Unity.SpineAtlasAsset,spine,0,,False,unavailable,,,,,
002_UnityDataAssetPack_datapack__file110,75375,Spine.Unity.SkeletonDataAsset,spine,0,,False,unavailable,,,,,
002_UnityDataAssetPack_datapack__file110,75376,Spine.Unity.SpineAtlasAsset,spine,0,,False,unavailable,,,,,
002_UnityDataAssetPack_datapack__file110,75377,Spine.Unity.SkeletonDataAsset,spine,0,,False,unavailable,,,,,
002_UnityDataAssetPack_datapack__file110,75378,Spine.Unity.SpineAtlasAsset,spine,0,,False,unavailable,,,,,
002_UnityDataAssetPack_datapack__file110,75379,Spine.Unity.SkeletonDataAsset,spine,0,,False,unavailable,,,,,
002_UnityDataAssetPack_datapack__file110,75380,Spine.Unity.SpineAtlasAsset,spine,0,,False,unavailable,,,,,
002_UnityDataAssetPack_datapack__file110,75381,Spine.Unity.SkeletonDataAsset,spine,0,,False,unavailable,,,,,
002_UnityDataAssetPack_datapack__file110,75382,Spine.Unity.SpineAtlasAsset,spine,0,,False,unavailable,,,,,
002_UnityDataAssetPack_datapack__file110,75383,Spine.Unity.SkeletonDataAsset,spine,0,,False,unavailable,,,,,
002_UnityDataAssetPack_datapack__file110,75384,Spine.Unity.SpineAtlasAsset,spine,0,,False,unavailable,,,,,
002_UnityDataAssetPack_datapack__file110,75385,Spine.Unity.SkeletonDataAsset,spine,0,,False,unavailable,,,,,
002_UnityDataAssetPack_datapack__file110,75386,Spine.Unity.SpineAtlasAsset,spine,0,,False,unavailable,,,,,
002_UnityDataAssetPack_datapack__file110,75387,Spine.Unity.SkeletonDataAsset,spine,0,,False,unavailable,,,,,
002_UnityDataAssetPack_datapack__file110,75388,Spine.Unity.SpineAtlasAsset,spine,0,,False,unavailable,,,,,
002_UnityDataAssetPack_datapack__file110,75389,Spine.Unity.SkeletonDataAsset,spine,0,,False,unavailable,,,,,
002_UnityDataAssetPack_datapack__file110,75390,Spine.Unity.SpineAtlasAsset,spine,0,,False,unavailable,,,,,
002_UnityDataAssetPack_datapack__file110,75391,Spine.Unity.SkeletonDataAsset,spine,0,,False,unavailable,,,,,
002_UnityDataAssetPack_datapack__file110,75392,Spine.Unity.SpineAtlasAsset,spine,0,,False,unavailable,,,,,
002_UnityDataAssetPack_datapack__file110,75393,Spine.Unity.SkeletonDataAsset,spine,0,,False,unavailable,,,,,
002_UnityDataAssetPack_datapack__file110,75394,Spine.Unity.SpineAtlasAsset,spine,0,,False,unavailable,,,,,
002_UnityDataAssetPack_datapack__file110,75395,Spine.Unity.SkeletonDataAsset,spine,0,,False,unavailable,,,,,
002_UnityDataAssetPack_datapack__file110,75396,Spine.Unity.SpineAtlasAsset,spine,0,,False,unavailable,,,,,
002_UnityDataAssetPack_datapack__file110,75397,Spine.Unity.SkeletonDataAsset,spine,0,,False,unavailable,,,,,
002_UnityDataAssetPack_datapack__file110,75398,Spine.Unity.SpineAtlasAsset,spine,0,,False,unavailable,,,,,
002_UnityDataAssetPack_datapack__file110,75399,Spine.Unity.SkeletonDataAsset,spine,0,,False,unavailable,,,,,
002_UnityDataAssetPack_datapack__file110,75400,Spine.Unity.SpineAtlasAsset,spine,0,,False,unavailable,,,,,
002_UnityDataAssetPack_datapack__file110,75401,Spine.Unity.SkeletonDataAsset,spine,0,,False,unavailable,,,,,
002_UnityDataAssetPack_datapack__file110,75402,Spine.Unity.SpineAtlasAsset,spine,0,,False,unavailable,,,,,
002_UnityDataAssetPack_datapack__file110,75403,Spine.Unity.SkeletonDataAsset,spine,0,,False,unavailable,,,,,
002_UnityDataAssetPack_datapack__file110,75404,Spine.Unity.SpineAtlasAsset,spine,0,,False,unavailable,,,,,
002_UnityDataAssetPack_datapack__file110,75405,Spine.Unity.SkeletonDataAsset,spine,0,,False,unavailable,,,,,
002_UnityDataAssetPack_datapack__file110,75406,Spine.Unity.SpineAtlasAsset,spine,0,,False,unavailable,,,,,
002_UnityDataAssetPack_datapack__file110,75407,Spine.Unity.SkeletonDataAsset,spine,0,,False,unavailable,,,,,
002_UnityDataAssetPack_datapack__file110,75408,Spine.Unity.SpineAtlasAsset,spine,0,,False,unavailable,,,,,
002_UnityDataAssetPack_datapack__file110,75409,Spine.Unity.SkeletonDataAsset,spine,0,,False,unavailable,,,,,
002_UnityDataAssetPack_datapack__file110,75410,Spine.Unity.SpineAtlasAsset,spine,0,,False,unavailable,,,,,
002_UnityDataAssetPack_datapack__file110,75411,Spine.Unity.SkeletonDataAsset,spine,0,,False,unavailable,,,,,
002_UnityDataAssetPack_datapack__file110,75412,Spine.Unity.SpineAtlasAsset,spine,0,,False,unavailable,,,,,
002_UnityDataAssetPack_datapack__file110,75413,Spine.Unity.SkeletonDataAsset,spine,0,,False,unavailable,,,,,
002_UnityDataAssetPack_datapack__file110,75414,Spine.Unity.SpineAtlasAsset,spine,0,,False,unavailable,,,,,
002_UnityDataAssetPack_datapack__file110,75415,Spine.Unity.SkeletonDataAsset,spine,0,,False,unavailable,,,,,
002_UnityDataAssetPack_datapack__file110,75416,Spine.Unity.SpineAtlasAsset,spine,0,,False,unavailable,,,,,
002_UnityDataAssetPack_datapack__file110,75417,Spine.Unity.SkeletonDataAsset,spine,0,,False,unavailable,,,,,
002_UnityDataAssetPack_datapack__file110,75418,Spine.Unity.SpineAtlasAsset,spine,0,,False,unavailable,,,,,
002_UnityDataAssetPack_datapack__file110,75419,Spine.Unity.SkeletonDataAsset,spine,0,,False,unavailable,,,,,
002_UnityDataAssetPack_datapack__file110,75420,Spine.Unity.SpineAtlasAsset,spine,0,,False,unavailable,,,,,
002_UnityDataAssetPack_datapack__file110,75421,Spine.Unity.SkeletonDataAsset,spine,0,,False,unavailable,,,,,
002_UnityDataAssetPack_datapack__file110,75422,Spine.Unity.SpineAtlasAsset,spine,0,,False,unavailable,,,,,
002_UnityDataAssetPack_datapack__file110,75423,Spine.Unity.SkeletonDataAsset,spine,0,,False,unavailable,,,,,
002_UnityDataAssetPack_datapack__file110,75424,Spine.Unity.SpineAtlasAsset,spine,0,,False,unavailable,,,,,
002_UnityDataAssetPack_datapack__file110,75425,Spine.Unity.SkeletonDataAsset,spine,0,,False,unavailable,,,,,
002_UnityDataAssetPack_datapack__file110,75426,Spine.Unity.SpineAtlasAsset,spine,0,,False,unavailable,,,,,
002_UnityDataAssetPack_datapack__file110,75427,Spine.Unity.SkeletonDataAsset,spine,0,,False,unavailable,,,,,
002_UnityDataAssetPack_datapack__file110,75428,Spine.Unity.SpineAtlasAsset,spine,0,,False,unavailable,,,,,
002_UnityDataAssetPack_datapack__file110,75429,Spine.Unity.SkeletonDataAsset,spine,0,,False,unavailable,,,,,
002_UnityDataAssetPack_datapack__file110,75430,Spine.Unity.SpineAtlasAsset,spine,0,,False,unavailable,,,,,
002_UnityDataAssetPack_datapack__file110,75431,Spine.Unity.SkeletonDataAsset,spine,0,,False,unavailable,,,,,
002_UnityDataAssetPack_datapack__file110,75432,Spine.Unity.SpineAtlasAsset,spine,0,,False,unavailable,,,,,
002_UnityDataAssetPack_datapack__file110,75433,Spine.Unity.SkeletonDataAsset,spine,0,,False,unavailable,,,,,
002_UnityDataAssetPack_datapack__file110,75434,Spine.Unity.SpineAtlasAsset,spine,0,,False,unavailable,,,,,
002_UnityDataAssetPack_datapack__file110,75435,Spine.Unity.SkeletonDataAsset,spine,0,,False,unavailable,,,,,
002_UnityDataAssetPack_datapack__file110,75436,Spine.Unity.SpineAtlasAsset,spine,0,,False,unavailable,,,,,
002_UnityDataAssetPack_datapack__file110,75437,Spine.Unity.SkeletonDataAsset,spine,0,,False,unavailable,,,,,
002_UnityDataAssetPack_datapack__file110,75438,Spine.Unity.SpineAtlasAsset,spine,0,,False,unavailable,,,,,
002_UnityDataAssetPack_datapack__file110,75439,Spine.Unity.SkeletonDataAsset,spine,0,,False,unavailable,,,,,
002_UnityDataAssetPack_datapack__file110,75440,Spine.Unity.SpineAtlasAsset,spine,0,,False,unavailable,,,,,
002_UnityDataAssetPack_datapack__file110,75441,Spine.Unity.SkeletonDataAsset,spine,0,,False,unavailable,,,,,
002_UnityDataAssetPack_datapack__file110,75442,Spine.Unity.SpineAtlasAsset,spine,0,,False,unavailable,,,,,
002_UnityDataAssetPack_datapack__file110,75443,Spine.Unity.SkeletonDataAsset,spine,0,,False,unavailable,,,,,
002_UnityDataAssetPack_datapack__file110,75444,Spine.Unity.SpineAtlasAsset,spine,0,,False,unavailable,,,,,
002_UnityDataAssetPack_datapack__file110,75445,Spine.Unity.SkeletonDataAsset,spine,0,,False,unavailable,,,,,
002_UnityDataAssetPack_datapack__file110,75446,Spine.Unity.SpineAtlasAsset,spine,0,,False,unavailable,,,,,
002_UnityDataAssetPack_datapack__file110,75447,Spine.Unity.SkeletonDataAsset,spine,0,,False,unavailable,,,,,
002_UnityDataAssetPack_datapack__file110,75448,Spine.Unity.SpineAtlasAsset,spine,0,,False,unavailable,,,,,
002_UnityDataAssetPack_datapack__file110,75449,Spine.Unity.SkeletonDataAsset,spine,0,,False,unavailable,,,,,
002_UnityDataAssetPack_datapack__file110,75450,Spine.Unity.SpineAtlasAsset,spine,0,,False,unavailable,,,,,
002_UnityDataAssetPack_datapack__file110,75451,Spine.Unity.SkeletonDataAsset,spine,0,,False,unavailable,,,,,
002_UnityDataAssetPack_datapack__file110,75452,Spine.Unity.SpineAtlasAsset,spine,0,,False,unavailable,,,,,
002_UnityDataAssetPack_datapack__file110,75453,Spine.Unity.SkeletonDataAsset,spine,0,,False,unavailable,,,,,
002_UnityDataAssetPack_datapack__file110,75454,Spine.Unity.SpineAtlasAsset,spine,0,,False,unavailable,,,,,
002_UnityDataAssetPack_datapack__file110,75455,Spine.Unity.SkeletonDataAsset,spine,0,,False,unavailable,,,,,
002_UnityDataAssetPack_datapack__file110,75456,Spine.Unity.SpineAtlasAsset,spine,0,,False,unavailable,,,,,
002_UnityDataAssetPack_datapack__file110,75457,Spine.Unity.SkeletonDataAsset,spine,0,,False,unavailable,,,,,
002_UnityDataAssetPack_datapack__file110,75458,Spine.Unity.SpineAtlasAsset,spine,0,,False,unavailable,,,,,
002_UnityDataAssetPack_datapack__file110,75459,Spine.Unity.SkeletonDataAsset,spine,0,,False,unavailable,,,,,
002_UnityDataAssetPack_datapack__file110,75460,Spine.Unity.SpineAtlasAsset,spine,0,,False,unavailable,,,,,
002_UnityDataAssetPack_datapack__file110,75461,Spine.Unity.SkeletonDataAsset,spine,0,,False,unavailable,,,,,
002_UnityDataAssetPack_datapack__file110,75462,Spine.Unity.SpineAtlasAsset,spine,0,,False,unavailable,,,,,
002_UnityDataAssetPack_datapack__file110,75463,Spine.Unity.SkeletonDataAsset,spine,0,,False,unavailable,,,,,
002_UnityDataAssetPack_datapack__file110,75464,Spine.Unity.SpineAtlasAsset,spine,0,,False,unavailable,,,,,
002_UnityDataAssetPack_datapack__file110,75465,Spine.Unity.SkeletonDataAsset,spine,0,,False,unavailable,,,,,
002_UnityDataAssetPack_datapack__file110,75466,Spine.Unity.SpineAtlasAsset,spine,0,,False,unavailable,,,,,
002_UnityDataAssetPack_datapack__file110,75467,Spine.Unity.SkeletonDataAsset,spine,0,,False,unavailable,,,,,
002_UnityDataAssetPack_datapack__file110,75468,Spine.Unity.SpineAtlasAsset,spine,0,,False,unavailable,,,,,
002_UnityDataAssetPack_datapack__file110,75469,Spine.Unity.SkeletonDataAsset,spine,0,,False,unavailable,,,,,
002_UnityDataAssetPack_datapack__file110,75470,Spine.Unity.SpineAtlasAsset,spine,0,,False,unavailable,,,,,
002_UnityDataAssetPack_datapack__file110,75471,Spine.Unity.SkeletonDataAsset,spine,0,,False,unavailable,,,,,
002_UnityDataAssetPack_datapack__file110,75472,Spine.Unity.SpineAtlasAsset,spine,0,,False,unavailable,,,,,
002_UnityDataAssetPack_datapack__file110,75473,Spine.Unity.SkeletonDataAsset,spine,0,,False,unavailable,,,,,
002_UnityDataAssetPack_datapack__file110,75474,Spine.Unity.SpineAtlasAsset,spine,0,,False,unavailable,,,,,
002_UnityDataAssetPack_datapack__file110,75475,Spine.Unity.SkeletonDataAsset,spine,0,,False,unavailable,,,,,
002_UnityDataAssetPack_datapack__file110,75476,Spine.Unity.SpineAtlasAsset,spine,0,,False,unavailable,,,,,
002_UnityDataAssetPack_datapack__file110,75477,Spine.Unity.SkeletonDataAsset,spine,0,,False,unavailable,,,,,
002_UnityDataAssetPack_datapack__file110,75478,Spine.Unity.SpineAtlasAsset,spine,0,,False,unavailable,,,,,
002_UnityDataAssetPack_datapack__file110,75479,Spine.Unity.SkeletonDataAsset,spine,0,,False,unavailable,,,,,
002_UnityDataAssetPack_datapack__file110,75480,Spine.Unity.SpineAtlasAsset,spine,0,,False,unavailable,,,,,
002_UnityDataAssetPack_datapack__file110,75481,Spine.Unity.SkeletonDataAsset,spine,0,,False,unavailable,,,,,
002_UnityDataAssetPack_datapack__file110,75482,Spine.Unity.SpineAtlasAsset,spine,0,,False,unavailable,,,,,
002_UnityDataAssetPack_datapack__file110,75483,Spine.Unity.SkeletonDataAsset,spine,0,,False,unavailable,,,,,
002_UnityDataAssetPack_datapack__file110,75484,Spine.Unity.SpineAtlasAsset,spine,0,,False,unavailable,,,,,
002_UnityDataAssetPack_datapack__file110,75485,Spine.Unity.SkeletonDataAsset,spine,0,,False,unavailable,,,,,
002_UnityDataAssetPack_datapack__file110,75486,Spine.Unity.SpineAtlasAsset,spine,0,,False,unavailable,,,,,
002_UnityDataAssetPack_datapack__file110,75487,Spine.Unity.SkeletonDataAsset,spine,0,,False,unavailable,,,,,
002_UnityDataAssetPack_datapack__file110,75488,Spine.Unity.SpineAtlasAsset,spine,0,,False,unavailable,,,,,
002_UnityDataAssetPack_datapack__file110,75489,Spine.Unity.SkeletonDataAsset,spine,0,,False,unavailable,,,,,
002_UnityDataAssetPack_datapack__file110,75490,Spine.Unity.SpineAtlasAsset,spine,0,,False,unavailable,,,,,
002_UnityDataAssetPack_datapack__file110,75491,Spine.Unity.SkeletonDataAsset,spine,0,,False,unavailable,,,,,
002_UnityDataAssetPack_datapack__file110,75492,Spine.Unity.SpineAtlasAsset,spine,0,,False,unavailable,,,,,
002_UnityDataAssetPack_datapack__file110,75493,Spine.Unity.SkeletonDataAsset,spine,0,,False,unavailable,,,,,
002_UnityDataAssetPack_datapack__file110,75494,Spine.Unity.SpineAtlasAsset,spine,0,,False,unavailable,,,,,
002_UnityDataAssetPack_datapack__file110,75495,Spine.Unity.SkeletonDataAsset,spine,0,,False,unavailable,,,,,
002_UnityDataAssetPack_datapack__file110,75496,Spine.Unity.SpineAtlasAsset,spine,0,,False,unavailable,,,,,
002_UnityDataAssetPack_datapack__file110,75497,Spine.Unity.SkeletonDataAsset,spine,0,,False,unavailable,,,,,
002_UnityDataAssetPack_datapack__file110,75498,Spine.Unity.SpineAtlasAsset,spine,0,,False,unavailable,,,,,
002_UnityDataAssetPack_datapack__file110,75499,Spine.Unity.SkeletonDataAsset,spine,0,,False,unavailable,,,,,
002_UnityDataAssetPack_datapack__file110,75500,Spine.Unity.SpineAtlasAsset,spine,0,,False,unavailable,,,,,
002_UnityDataAssetPack_datapack__file110,75501,Spine.Unity.SkeletonDataAsset,spine,0,,False,unavailable,,,,,
002_UnityDataAssetPack_datapack__file110,75502,Spine.Unity.SpineAtlasAsset,spine,0,,False,unavailable,,,,,
002_UnityDataAssetPack_datapack__file110,75503,Spine.Unity.SkeletonDataAsset,spine,0,,False,unavailable,,,,,
002_UnityDataAssetPack_datapack__file110,75504,Spine.Unity.SpineAtlasAsset,spine,0,,False,unavailable,,,,,
002_UnityDataAssetPack_datapack__file110,75505,Spine.Unity.SkeletonDataAsset,spine,0,,False,unavailable,,,,,
002_UnityDataAssetPack_datapack__file110,75506,Spine.Unity.SpineAtlasAsset,spine,0,,False,unavailable,,,,,
002_UnityDataAssetPack_datapack__file110,75507,Spine.Unity.SkeletonDataAsset,spine,0,,False,unavailable,,,,,
002_UnityDataAssetPack_datapack__file110,75508,Spine.Unity.SpineAtlasAsset,spine,0,,False,unavailable,,,,,
002_UnityDataAssetPack_datapack__file110,75509,Spine.Unity.SkeletonDataAsset,spine,0,,False,unavailable,,,,,
002_UnityDataAssetPack_datapack__file110,75510,Spine.Unity.SpineAtlasAsset,spine,0,,False,unavailable,,,,,
002_UnityDataAssetPack_datapack__file110,75511,Spine.Unity.SkeletonDataAsset,spine,0,,False,unavailable,,,,,
002_UnityDataAssetPack_datapack__file110,75512,Spine.Unity.SpineAtlasAsset,spine,0,,False,unavailable,,,,,
002_UnityDataAssetPack_datapack__file110,75513,Spine.Unity.SkeletonDataAsset,spine,0,,False,unavailable,,,,,
002_UnityDataAssetPack_datapack__file110,75514,Spine.Unity.SpineAtlasAsset,spine,0,,False,unavailable,,,,,
002_UnityDataAssetPack_datapack__file110,75515,Spine.Unity.SkeletonDataAsset,spine,0,,False,unavailable,,,,,
002_UnityDataAssetPack_datapack__file110,75516,Spine.Unity.SpineAtlasAsset,spine,0,,False,unavailable,,,,,
002_UnityDataAssetPack_datapack__file110,75517,Spine.Unity.SkeletonDataAsset,spine,0,,False,unavailable,,,,,
002_UnityDataAssetPack_datapack__file110,75518,Spine.Unity.SpineAtlasAsset,spine,0,,False,unavailable,,,,,
002_UnityDataAssetPack_datapack__file110,75519,Spine.Unity.SkeletonDataAsset,spine,0,,False,unavailable,,,,,
002_UnityDataAssetPack_datapack__file110,75520,Spine.Unity.SpineAtlasAsset,spine,0,,False,unavailable,,,,,
002_UnityDataAssetPack_datapack__file110,75521,Spine.Unity.SkeletonDataAsset,spine,0,,False,unavailable,,,,,
002_UnityDataAssetPack_datapack__file110,75522,Spine.Unity.SpineAtlasAsset,spine,0,,False,unavailable,,,,,
002_UnityDataAssetPack_datapack__file110,75523,Spine.Unity.SkeletonDataAsset,spine,0,,False,unavailable,,,,,
002_UnityDataAssetPack_datapack__file110,75524,Spine.Unity.SpineAtlasAsset,spine,0,,False,unavailable,,,,,
002_UnityDataAssetPack_datapack__file110,75525,Spine.Unity.SkeletonDataAsset,spine,0,,False,unavailable,,,,,
002_UnityDataAssetPack_datapack__file110,75526,Spine.Unity.SpineAtlasAsset,spine,0,,False,unavailable,,,,,
002_UnityDataAssetPack_datapack__file110,75527,Spine.Unity.SkeletonDataAsset,spine,0,,False,unavailable,,,,,
002_UnityDataAssetPack_datapack__file110,75528,Spine.Unity.SpineAtlasAsset,spine,0,,False,unavailable,,,,,
002_UnityDataAssetPack_datapack__file110,75529,Spine.Unity.SkeletonDataAsset,spine,0,,False,unavailable,,,,,
002_UnityDataAssetPack_datapack__file110,75530,Spine.Unity.SpineAtlasAsset,spine,0,,False,unavailable,,,,,
002_UnityDataAssetPack_datapack__file110,75531,Spine.Unity.SkeletonDataAsset,spine,0,,False,unavailable,,,,,
002_UnityDataAssetPack_datapack__file110,75532,Spine.Unity.SpineAtlasAsset,spine,0,,False,unavailable,,,,,
002_UnityDataAssetPack_datapack__file110,75533,Spine.Unity.SkeletonDataAsset,spine,0,,False,unavailable,,,,,
002_UnityDataAssetPack_datapack__file110,75534,Spine.Unity.SpineAtlasAsset,spine,0,,False,unavailable,,,,,
002_UnityDataAssetPack_datapack__file110,75535,Spine.Unity.SkeletonDataAsset,spine,0,,False,unavailable,,,,,
002_UnityDataAssetPack_datapack__file110,75536,Spine.Unity.SpineAtlasAsset,spine,0,,False,unavailable,,,,,
002_UnityDataAssetPack_datapack__file110,75537,Spine.Unity.SkeletonDataAsset,spine,0,,False,unavailable,,,,,
002_UnityDataAssetPack_datapack__file110,75538,Spine.Unity.SpineAtlasAsset,spine,0,,False,unavailable,,,,,
002_UnityDataAssetPack_datapack__file110,75539,Spine.Unity.SkeletonDataAsset,spine,0,,False,unavailable,,,,,
002_UnityDataAssetPack_datapack__file110,75540,Spine.Unity.SpineAtlasAsset,spine,0,,False,unavailable,,,,,
002_UnityDataAssetPack_datapack__file110,75541,Spine.Unity.SkeletonDataAsset,spine,0,,False,unavailable,,,,,
002_UnityDataAssetPack_datapack__file110,75542,Spine.Unity.SpineAtlasAsset,spine,0,,False,unavailable,,,,,
002_UnityDataAssetPack_datapack__file110,75543,Spine.Unity.SkeletonDataAsset,spine,0,,False,unavailable,,,,,
002_UnityDataAssetPack_datapack__file110,75544,Spine.Unity.SpineAtlasAsset,spine,0,,False,unavailable,,,,,
002_UnityDataAssetPack_datapack__file110,75545,Spine.Unity.SkeletonDataAsset,spine,0,,False,unavailable,,,,,
002_UnityDataAssetPack_datapack__file110,75546,Spine.Unity.SpineAtlasAsset,spine,0,,False,unavailable,,,,,
002_UnityDataAssetPack_datapack__file110,75547,Spine.Unity.SkeletonDataAsset,spine,0,,False,unavailable,,,,,
002_UnityDataAssetPack_datapack__file110,75548,Spine.Unity.SpineAtlasAsset,spine,0,,False,unavailable,,,,,
002_UnityDataAssetPack_datapack__file110,75549,Spine.Unity.SkeletonDataAsset,spine,0,,False,unavailable,,,,,
002_UnityDataAssetPack_datapack__file110,75550,Spine.Unity.SpineAtlasAsset,spine,0,,False,unavailable,,,,,
002_UnityDataAssetPack_datapack__file110,75551,Spine.Unity.SkeletonDataAsset,spine,0,,False,unavailable,,,,,
002_UnityDataAssetPack_datapack__file110,75552,Spine.Unity.SpineAtlasAsset,spine,0,,False,unavailable,,,,,
002_UnityDataAssetPack_datapack__file110,75553,Spine.Unity.SkeletonDataAsset,spine,0,,False,unavailable,,,,,
002_UnityDataAssetPack_datapack__file110,75554,Spine.Unity.SpineAtlasAsset,spine,0,,False,unavailable,,,,,
002_UnityDataAssetPack_datapack__file110,75555,Spine.Unity.SkeletonDataAsset,spine,0,,False,unavailable,,,,,
002_UnityDataAssetPack_datapack__file110,75556,Spine.Unity.SpineAtlasAsset,spine,0,,False,unavailable,,,,,
002_UnityDataAssetPack_datapack__file110,75557,Spine.Unity.SkeletonDataAsset,spine,0,,False,unavailable,,,,,
002_UnityDataAssetPack_datapack__file110,75558,Spine.Unity.SpineAtlasAsset,spine,0,,False,unavailable,,,,,
002_UnityDataAssetPack_datapack__file110,75559,Spine.Unity.SkeletonDataAsset,spine,0,,False,unavailable,,,,,
002_UnityDataAssetPack_datapack__file110,75560,Spine.Unity.SpineAtlasAsset,spine,0,,False,unavailable,,,,,
002_UnityDataAssetPack_datapack__file110,75561,Spine.Unity.SkeletonDataAsset,spine,0,,False,unavailable,,,,,
002_UnityDataAssetPack_datapack__file110,75562,Spine.Unity.SpineAtlasAsset,spine,0,,False,unavailable,,,,,
002_UnityDataAssetPack_datapack__file110,75563,Spine.Unity.SkeletonDataAsset,spine,0,,False,unavailable,,,,,
002_UnityDataAssetPack_datapack__file110,75564,Spine.Unity.SpineAtlasAsset,spine,0,,False,unavailable,,,,,
002_UnityDataAssetPack_datapack__file110,75565,Spine.Unity.SkeletonDataAsset,spine,0,,False,unavailable,,,,,
002_UnityDataAssetPack_datapack__file110,75566,Spine.Unity.SpineAtlasAsset,spine,0,,False,unavailable,,,,,
002_UnityDataAssetPack_datapack__file110,75567,Spine.Unity.SkeletonDataAsset,spine,0,,False,unavailable,,,,,
002_UnityDataAssetPack_datapack__file110,75568,Spine.Unity.SpineAtlasAsset,spine,0,,False,unavailable,,,,,
002_UnityDataAssetPack_datapack__file110,75569,Spine.Unity.SkeletonDataAsset,spine,0,,False,unavailable,,,,,
002_UnityDataAssetPack_datapack__file110,75570,Spine.Unity.SpineAtlasAsset,spine,0,,False,unavailable,,,,,
002_UnityDataAssetPack_datapack__file110,75571,Spine.Unity.SkeletonDataAsset,spine,0,,False,unavailable,,,,,
002_UnityDataAssetPack_datapack__file110,75572,Spine.Unity.SpineAtlasAsset,spine,0,,False,unavailable,,,,,
002_UnityDataAssetPack_datapack__file110,75573,Spine.Unity.SkeletonDataAsset,spine,0,,False,unavailable,,,,,
002_UnityDataAssetPack_datapack__file110,75574,Spine.Unity.SpineAtlasAsset,spine,0,,False,unavailable,,,,,
002_UnityDataAssetPack_datapack__file110,75575,Spine.Unity.SkeletonDataAsset,spine,0,,False,unavailable,,,,,
002_UnityDataAssetPack_datapack__file110,75576,Spine.Unity.SpineAtlasAsset,spine,0,,False,unavailable,,,,,
002_UnityDataAssetPack_datapack__file110,75577,Spine.Unity.SkeletonDataAsset,spine,0,,False,unavailable,,,,,
002_UnityDataAssetPack_datapack__file110,75578,Spine.Unity.SpineAtlasAsset,spine,0,,False,unavailable,,,,,
002_UnityDataAssetPack_datapack__file110,75579,Spine.Unity.SkeletonDataAsset,spine,0,,False,unavailable,,,,,
002_UnityDataAssetPack_datapack__file110,75580,Spine.Unity.SpineAtlasAsset,spine,0,,False,unavailable,,,,,
002_UnityDataAssetPack_datapack__file110,75581,Spine.Unity.SkeletonDataAsset,spine,0,,False,unavailable,,,,,
002_UnityDataAssetPack_datapack__file110,75582,Spine.Unity.SpineAtlasAsset,spine,0,,False,unavailable,,,,,
002_UnityDataAssetPack_datapack__file110,75583,Spine.Unity.SkeletonDataAsset,spine,0,,False,unavailable,,,,,
002_UnityDataAssetPack_datapack__file110,75584,Spine.Unity.SpineAtlasAsset,spine,0,,False,unavailable,,,,,
002_UnityDataAssetPack_datapack__file110,75585,Spine.Unity.SkeletonDataAsset,spine,0,,False,unavailable,,,,,
002_UnityDataAssetPack_datapack__file110,75586,Spine.Unity.SpineAtlasAsset,spine,0,,False,unavailable,,,,,
002_UnityDataAssetPack_datapack__file110,75587,Spine.Unity.SkeletonDataAsset,spine,0,,False,unavailable,,,,,
002_UnityDataAssetPack_datapack__file110,75588,Spine.Unity.SpineAtlasAsset,spine,0,,False,unavailable,,,,,
002_UnityDataAssetPack_datapack__file110,75589,Spine.Unity.SkeletonDataAsset,spine,0,,False,unavailable,,,,,
002_UnityDataAssetPack_datapack__file110,75590,Spine.Unity.SpineAtlasAsset,spine,0,,False,unavailable,,,,,
002_UnityDataAssetPack_datapack__file110,75591,Spine.Unity.SkeletonDataAsset,spine,0,,False,unavailable,,,,,
002_UnityDataAssetPack_datapack__file110,75592,Spine.Unity.SpineAtlasAsset,spine,0,,False,unavailable,,,,,
002_UnityDataAssetPack_datapack__file110,75593,Spine.Unity.SkeletonDataAsset,spine,0,,False,unavailable,,,,,
002_UnityDataAssetPack_datapack__file110,75594,Spine.Unity.SpineAtlasAsset,spine,0,,False,unavailable,,,,,
002_UnityDataAssetPack_datapack__file110,75595,Spine.Unity.SkeletonDataAsset,spine,0,,False,unavailable,,,,,
002_UnityDataAssetPack_datapack__file110,75596,Spine.Unity.SpineAtlasAsset,spine,0,,False,unavailable,,,,,
002_UnityDataAssetPack_datapack__file110,75597,Spine.Unity.SkeletonDataAsset,spine,0,,False,unavailable,,,,,
002_UnityDataAssetPack_datapack__file110,75598,Spine.Unity.SpineAtlasAsset,spine,0,,False,unavailable,,,,,
002_UnityDataAssetPack_datapack__file110,75599,Spine.Unity.SkeletonDataAsset,spine,0,,False,unavailable,,,,,
002_UnityDataAssetPack_datapack__file110,75600,Spine.Unity.SpineAtlasAsset,spine,0,,False,unavailable,,,,,
002_UnityDataAssetPack_datapack__file110,75601,Spine.Unity.SkeletonDataAsset,spine,0,,False,unavailable,,,,,
002_UnityDataAssetPack_datapack__file110,75602,Spine.Unity.SpineAtlasAsset,spine,0,,False,unavailable,,,,,
002_UnityDataAssetPack_datapack__file110,75603,Spine.Unity.SkeletonDataAsset,spine,0,,False,unavailable,,,,,
002_UnityDataAssetPack_datapack__file110,75604,Spine.Unity.SpineAtlasAsset,spine,0,,False,unavailable,,,,,
002_UnityDataAssetPack_datapack__file110,75605,Spine.Unity.SkeletonDataAsset,spine,0,,False,unavailable,,,,,
002_UnityDataAssetPack_datapack__file110,75606,Spine.Unity.SpineAtlasAsset,spine,0,,False,unavailable,,,,,
002_UnityDataAssetPack_datapack__file110,75607,Spine.Unity.SkeletonDataAsset,spine,0,,False,unavailable,,,,,
002_UnityDataAssetPack_datapack__file110,75608,Spine.Unity.SpineAtlasAsset,spine,0,,False,unavailable,,,,,
002_UnityDataAssetPack_datapack__file110,75609,Spine.Unity.SkeletonDataAsset,spine,0,,False,unavailable,,,,,
002_UnityDataAssetPack_datapack__file110,75610,Spine.Unity.SpineAtlasAsset,spine,0,,False,unavailable,,,,,
002_UnityDataAssetPack_datapack__file110,75611,Spine.Unity.SkeletonDataAsset,spine,0,,False,unavailable,,,,,
002_UnityDataAssetPack_datapack__file110,75612,Spine.Unity.SpineAtlasAsset,spine,0,,False,unavailable,,,,,
002_UnityDataAssetPack_datapack__file110,75613,Spine.Unity.SkeletonDataAsset,spine,0,,False,unavailable,,,,,
002_UnityDataAssetPack_datapack__file110,75614,Spine.Unity.SpineAtlasAsset,spine,0,,False,unavailable,,,,,
002_UnityDataAssetPack_datapack__file110,75615,Spine.Unity.SkeletonDataAsset,spine,0,,False,unavailable,,,,,
002_UnityDataAssetPack_datapack__file110,75616,Spine.Unity.SpineAtlasAsset,spine,0,,False,unavailable,,,,,
002_UnityDataAssetPack_datapack__file110,75617,Spine.Unity.SkeletonDataAsset,spine,0,,False,unavailable,,,,,
002_UnityDataAssetPack_datapack__file110,75618,Spine.Unity.SpineAtlasAsset,spine,0,,False,unavailable,,,,,
002_UnityDataAssetPack_datapack__file110,75619,Spine.Unity.SkeletonDataAsset,spine,0,,False,unavailable,,,,,
002_UnityDataAssetPack_datapack__file110,75620,Spine.Unity.SpineAtlasAsset,spine,0,,False,unavailable,,,,,
002_UnityDataAssetPack_datapack__file110,75621,Spine.Unity.SkeletonDataAsset,spine,0,,False,unavailable,,,,,
002_UnityDataAssetPack_datapack__file110,75622,Spine.Unity.SpineAtlasAsset,spine,0,,False,unavailable,,,,,
002_UnityDataAssetPack_datapack__file110,75623,Spine.Unity.SkeletonDataAsset,spine,0,,False,unavailable,,,,,
002_UnityDataAssetPack_datapack__file110,75624,Spine.Unity.SpineAtlasAsset,spine,0,,False,unavailable,,,,,
002_UnityDataAssetPack_datapack__file110,75625,Spine.Unity.SkeletonDataAsset,spine,0,,False,unavailable,,,,,
002_UnityDataAssetPack_datapack__file110,75626,Spine.Unity.SpineAtlasAsset,spine,0,,False,unavailable,,,,,
002_UnityDataAssetPack_datapack__file110,75627,Spine.Unity.SkeletonDataAsset,spine,0,,False,unavailable,,,,,
002_UnityDataAssetPack_datapack__file110,75628,Spine.Unity.SpineAtlasAsset,spine,0,,False,unavailable,,,,,
002_UnityDataAssetPack_datapack__file110,75629,Spine.Unity.SkeletonDataAsset,spine,0,,False,unavailable,,,,,
002_UnityDataAssetPack_datapack__file110,75630,Spine.Unity.SpineAtlasAsset,spine,0,,False,unavailable,,,,,
002_UnityDataAssetPack_datapack__file110,75631,Spine.Unity.SkeletonDataAsset,spine,0,,False,unavailable,,,,,
002_UnityDataAssetPack_datapack__file110,75632,Spine.Unity.SpineAtlasAsset,spine,0,,False,unavailable,,,,,
002_UnityDataAssetPack_datapack__file110,75633,Spine.Unity.SkeletonDataAsset,spine,0,,False,unavailable,,,,,
002_UnityDataAssetPack_datapack__file110,75634,Spine.Unity.SpineAtlasAsset,spine,0,,False,unavailable,,,,,
002_UnityDataAssetPack_datapack__file110,75635,Spine.Unity.SkeletonDataAsset,spine,0,,False,unavailable,,,,,
002_UnityDataAssetPack_datapack__file110,75636,Spine.Unity.SpineAtlasAsset,spine,0,,False,unavailable,,,,,
002_UnityDataAssetPack_datapack__file110,75637,Spine.Unity.SkeletonDataAsset,spine,0,,False,unavailable,,,,,
002_UnityDataAssetPack_datapack__file110,75638,Spine.Unity.SpineAtlasAsset,spine,0,,False,unavailable,,,,,
002_UnityDataAssetPack_datapack__file110,75639,Spine.Unity.SkeletonDataAsset,spine,0,,False,unavailable,,,,,
002_UnityDataAssetPack_datapack__file110,75640,Spine.Unity.SpineAtlasAsset,spine,0,,False,unavailable,,,,,
002_UnityDataAssetPack_datapack__file110,75641,Spine.Unity.SkeletonDataAsset,spine,0,,False,unavailable,,,,,
002_UnityDataAssetPack_datapack__file110,75642,Spine.Unity.SpineAtlasAsset,spine,0,,False,unavailable,,,,,
002_UnityDataAssetPack_datapack__file110,75643,Spine.Unity.SkeletonDataAsset,spine,0,,False,unavailable,,,,,
002_UnityDataAssetPack_datapack__file110,75644,Spine.Unity.SpineAtlasAsset,spine,0,,False,unavailable,,,,,
002_UnityDataAssetPack_datapack__file110,75645,Spine.Unity.SkeletonDataAsset,spine,0,,False,unavailable,,,,,
002_UnityDataAssetPack_datapack__file110,75646,Spine.Unity.SpineAtlasAsset,spine,0,,False,unavailable,,,,,
002_UnityDataAssetPack_datapack__file110,75647,Spine.Unity.SkeletonDataAsset,spine,0,,False,unavailable,,,,,
002_UnityDataAssetPack_datapack__file110,75648,Spine.Unity.SpineAtlasAsset,spine,0,,False,unavailable,,,,,
002_UnityDataAssetPack_datapack__file110,75649,Spine.Unity.SkeletonDataAsset,spine,0,,False,unavailable,,,,,
002_UnityDataAssetPack_datapack__file110,75650,Spine.Unity.SpineAtlasAsset,spine,0,,False,unavailable,,,,,
002_UnityDataAssetPack_datapack__file110,75651,Spine.Unity.SkeletonDataAsset,spine,0,,False,unavailable,,,,,
002_UnityDataAssetPack_datapack__file110,75652,Spine.Unity.SpineAtlasAsset,spine,0,,False,unavailable,,,,,
002_UnityDataAssetPack_datapack__file110,75653,Spine.Unity.SkeletonDataAsset,spine,0,,False,unavailable,,,,,
002_UnityDataAssetPack_datapack__file110,75654,Spine.Unity.SpineAtlasAsset,spine,0,,False,unavailable,,,,,
002_UnityDataAssetPack_datapack__file110,75655,Spine.Unity.SkeletonDataAsset,spine,0,,False,unavailable,,,,,
002_UnityDataAssetPack_datapack__file110,75656,Spine.Unity.SpineAtlasAsset,spine,0,,False,unavailable,,,,,
002_UnityDataAssetPack_datapack__file110,75657,Spine.Unity.SkeletonDataAsset,spine,0,,False,unavailable,,,,,
002_UnityDataAssetPack_datapack__file110,75658,Spine.Unity.SpineAtlasAsset,spine,0,,False,unavailable,,,,,
002_UnityDataAssetPack_datapack__file110,75659,Spine.Unity.SkeletonDataAsset,spine,0,,False,unavailable,,,,,
002_UnityDataAssetPack_datapack__file110,75660,Spine.Unity.SpineAtlasAsset,spine,0,,False,unavailable,,,,,
002_UnityDataAssetPack_datapack__file110,75661,Spine.Unity.SkeletonDataAsset,spine,0,,False,unavailable,,,,,
002_UnityDataAssetPack_datapack__file110,75662,Spine.Unity.SpineAtlasAsset,spine,0,,False,unavailable,,,,,
002_UnityDataAssetPack_datapack__file110,75663,Spine.Unity.SkeletonDataAsset,spine,0,,False,unavailable,,,,,
002_UnityDataAssetPack_datapack__file110,75664,Spine.Unity.SpineAtlasAsset,spine,0,,False,unavailable,,,,,
002_UnityDataAssetPack_datapack__file110,75665,Spine.Unity.SkeletonDataAsset,spine,0,,False,unavailable,,,,,
002_UnityDataAssetPack_datapack__file110,75666,Spine.Unity.SpineAtlasAsset,spine,0,,False,unavailable,,,,,
002_UnityDataAssetPack_datapack__file110,75667,Spine.Unity.SkeletonDataAsset,spine,0,,False,unavailable,,,,,
002_UnityDataAssetPack_datapack__file110,75668,Spine.Unity.SpineAtlasAsset,spine,0,,False,unavailable,,,,,
002_UnityDataAssetPack_datapack__file110,75669,Spine.Unity.SkeletonDataAsset,spine,0,,False,unavailable,,,,,
002_UnityDataAssetPack_datapack__file110,75670,Spine.Unity.SpineAtlasAsset,spine,0,,False,unavailable,,,,,
002_UnityDataAssetPack_datapack__file110,75671,Spine.Unity.SkeletonDataAsset,spine,0,,False,unavailable,,,,,
002_UnityDataAssetPack_datapack__file110,75672,Spine.Unity.SpineAtlasAsset,spine,0,,False,unavailable,,,,,
002_UnityDataAssetPack_datapack__file110,75673,Spine.Unity.SkeletonDataAsset,spine,0,,False,unavailable,,,,,
002_UnityDataAssetPack_datapack__file110,75674,Spine.Unity.SpineAtlasAsset,spine,0,,False,unavailable,,,,,
002_UnityDataAssetPack_datapack__file110,75675,Spine.Unity.SkeletonDataAsset,spine,0,,False,unavailable,,,,,
002_UnityDataAssetPack_datapack__file110,75676,Spine.Unity.SpineAtlasAsset,spine,0,,False,unavailable,,,,,
002_UnityDataAssetPack_datapack__file110,75677,Spine.Unity.SkeletonDataAsset,spine,0,,False,unavailable,,,,,
002_UnityDataAssetPack_datapack__file110,75678,Spine.Unity.SpineAtlasAsset,spine,0,,False,unavailable,,,,,
002_UnityDataAssetPack_datapack__file110,75679,Spine.Unity.SkeletonDataAsset,spine,0,,False,unavailable,,,,,
002_UnityDataAssetPack_datapack__file110,75680,Spine.Unity.SpineAtlasAsset,spine,0,,False,unavailable,,,,,
002_UnityDataAssetPack_datapack__file110,75681,Spine.Unity.SkeletonDataAsset,spine,0,,False,unavailable,,,,,
002_UnityDataAssetPack_datapack__file110,75682,Spine.Unity.SpineAtlasAsset,spine,0,,False,unavailable,,,,,
002_UnityDataAssetPack_datapack__file110,75683,Spine.Unity.SkeletonDataAsset,spine,0,,False,unavailable,,,,,
002_UnityDataAssetPack_datapack__file110,75684,Spine.Unity.SpineAtlasAsset,spine,0,,False,unavailable,,,,,
002_UnityDataAssetPack_datapack__file110,75685,Spine.Unity.SkeletonDataAsset,spine,0,,False,unavailable,,,,,
002_UnityDataAssetPack_datapack__file110,75686,Spine.Unity.SpineAtlasAsset,spine,0,,False,unavailable,,,,,
002_UnityDataAssetPack_datapack__file110,75687,Spine.Unity.SkeletonDataAsset,spine,0,,False,unavailable,,,,,
002_UnityDataAssetPack_datapack__file110,75688,Spine.Unity.SpineAtlasAsset,spine,0,,False,unavailable,,,,,
002_UnityDataAssetPack_datapack__file110,75689,Spine.Unity.SkeletonDataAsset,spine,0,,False,unavailable,,,,,
002_UnityDataAssetPack_datapack__file110,75690,Spine.Unity.SpineAtlasAsset,spine,0,,False,unavailable,,,,,
002_UnityDataAssetPack_datapack__file110,75691,Spine.Unity.SkeletonDataAsset,spine,0,,False,unavailable,,,,,
002_UnityDataAssetPack_datapack__file110,75692,Spine.Unity.SpineAtlasAsset,spine,0,,False,unavailable,,,,,
002_UnityDataAssetPack_datapack__file110,75693,Spine.Unity.SkeletonDataAsset,spine,0,,False,unavailable,,,,,
002_UnityDataAssetPack_datapack__file110,75694,Spine.Unity.SpineAtlasAsset,spine,0,,False,unavailable,,,,,
002_UnityDataAssetPack_datapack__file110,75695,Spine.Unity.SkeletonDataAsset,spine,0,,False,unavailable,,,,,
002_UnityDataAssetPack_datapack__file110,75696,Spine.Unity.SpineAtlasAsset,spine,0,,False,unavailable,,,,,
002_UnityDataAssetPack_datapack__file110,75697,Spine.Unity.SkeletonDataAsset,spine,0,,False,unavailable,,,,,
002_UnityDataAssetPack_datapack__file110,75698,Spine.Unity.SpineAtlasAsset,spine,0,,False,unavailable,,,,,
002_UnityDataAssetPack_datapack__file110,75699,Spine.Unity.SkeletonDataAsset,spine,0,,False,unavailable,,,,,
002_UnityDataAssetPack_datapack__file110,75700,Spine.Unity.SpineAtlasAsset,spine,0,,False,unavailable,,,,,
002_UnityDataAssetPack_datapack__file110,75701,Spine.Unity.SkeletonDataAsset,spine,0,,False,unavailable,,,,,
002_UnityDataAssetPack_datapack__file110,75702,Spine.Unity.SpineAtlasAsset,spine,0,,False,unavailable,,,,,
002_UnityDataAssetPack_datapack__file110,75703,Spine.Unity.SkeletonDataAsset,spine,0,,False,unavailable,,,,,
002_UnityDataAssetPack_datapack__file110,75704,Spine.Unity.SpineAtlasAsset,spine,0,,False,unavailable,,,,,
002_UnityDataAssetPack_datapack__file110,75705,Spine.Unity.SkeletonDataAsset,spine,0,,False,unavailable,,,,,
002_UnityDataAssetPack_datapack__file110,75706,Spine.Unity.SpineAtlasAsset,spine,0,,False,unavailable,,,,,
002_UnityDataAssetPack_datapack__file110,75707,Spine.Unity.SkeletonDataAsset,spine,0,,False,unavailable,,,,,
002_UnityDataAssetPack_datapack__file110,75708,Spine.Unity.SpineAtlasAsset,spine,0,,False,unavailable,,,,,
002_UnityDataAssetPack_datapack__file110,75709,Spine.Unity.SkeletonDataAsset,spine,0,,False,unavailable,,,,,
002_UnityDataAssetPack_datapack__file110,75710,Spine.Unity.SpineAtlasAsset,spine,0,,False,unavailable,,,,,
002_UnityDataAssetPack_datapack__file110,75711,Spine.Unity.SkeletonDataAsset,spine,0,,False,unavailable,,,,,
002_UnityDataAssetPack_datapack__file110,75712,Spine.Unity.SpineAtlasAsset,spine,0,,False,unavailable,,,,,
002_UnityDataAssetPack_datapack__file110,75713,Spine.Unity.SkeletonDataAsset,spine,0,,False,unavailable,,,,,
002_UnityDataAssetPack_datapack__file110,75714,Spine.Unity.SpineAtlasAsset,spine,0,,False,unavailable,,,,,
002_UnityDataAssetPack_datapack__file110,75715,Spine.Unity.SkeletonDataAsset,spine,0,,False,unavailable,,,,,
002_UnityDataAssetPack_datapack__file110,75716,Spine.Unity.SpineAtlasAsset,spine,0,,False,unavailable,,,,,
002_UnityDataAssetPack_datapack__file110,75717,Spine.Unity.SkeletonDataAsset,spine,0,,False,unavailable,,,,,
002_UnityDataAssetPack_datapack__file110,75718,Spine.Unity.SpineAtlasAsset,spine,0,,False,unavailable,,,,,
002_UnityDataAssetPack_datapack__file110,75719,Spine.Unity.SkeletonDataAsset,spine,0,,False,unavailable,,,,,
002_UnityDataAssetPack_datapack__file110,75720,Spine.Unity.SpineAtlasAsset,spine,0,,False,unavailable,,,,,
002_UnityDataAssetPack_datapack__file110,75721,Spine.Unity.SkeletonDataAsset,spine,0,,False,unavailable,,,,,
002_UnityDataAssetPack_datapack__file110,75722,Spine.Unity.SpineAtlasAsset,spine,0,,False,unavailable,,,,,
002_UnityDataAssetPack_datapack__file110,75723,Spine.Unity.SkeletonDataAsset,spine,0,,False,unavailable,,,,,
002_UnityDataAssetPack_datapack__file110,75724,Spine.Unity.SpineAtlasAsset,spine,0,,False,unavailable,,,,,
002_UnityDataAssetPack_datapack__file110,75725,Spine.Unity.SkeletonDataAsset,spine,0,,False,unavailable,,,,,
002_UnityDataAssetPack_datapack__file110,75726,Spine.Unity.SpineAtlasAsset,spine,0,,False,unavailable,,,,,
002_UnityDataAssetPack_datapack__file110,75727,Spine.Unity.SkeletonDataAsset,spine,0,,False,unavailable,,,,,
002_UnityDataAssetPack_datapack__file110,75728,Spine.Unity.SpineAtlasAsset,spine,0,,False,unavailable,,,,,
002_UnityDataAssetPack_datapack__file110,75729,Spine.Unity.SkeletonDataAsset,spine,0,,False,unavailable,,,,,
002_UnityDataAssetPack_datapack__file110,75730,Spine.Unity.SpineAtlasAsset,spine,0,,False,unavailable,,,,,
002_UnityDataAssetPack_datapack__file110,75731,Spine.Unity.SkeletonDataAsset,spine,0,,False,unavailable,,,,,
002_UnityDataAssetPack_datapack__file110,75732,Spine.Unity.SpineAtlasAsset,spine,0,,False,unavailable,,,,,
002_UnityDataAssetPack_datapack__file110,75733,Spine.Unity.SkeletonDataAsset,spine,0,,False,unavailable,,,,,
002_UnityDataAssetPack_datapack__file110,75734,Spine.Unity.SpineAtlasAsset,spine,0,,False,unavailable,,,,,
002_UnityDataAssetPack_datapack__file110,75735,Spine.Unity.SkeletonDataAsset,spine,0,,False,unavailable,,,,,
002_UnityDataAssetPack_datapack__file110,75736,Spine.Unity.SpineAtlasAsset,spine,0,,False,unavailable,,,,,
002_UnityDataAssetPack_datapack__file110,75737,Spine.Unity.SkeletonDataAsset,spine,0,,False,unavailable,,,,,
002_UnityDataAssetPack_datapack__file110,75738,Spine.Unity.SpineAtlasAsset,spine,0,,False,unavailable,,,,,
002_UnityDataAssetPack_datapack__file110,75739,Spine.Unity.SkeletonDataAsset,spine,0,,False,unavailable,,,,,
002_UnityDataAssetPack_datapack__file110,75740,Spine.Unity.SpineAtlasAsset,spine,0,,False,unavailable,,,,,
002_UnityDataAssetPack_datapack__file110,75741,Spine.Unity.SkeletonDataAsset,spine,0,,False,unavailable,,,,,
002_UnityDataAssetPack_datapack__file110,75742,Spine.Unity.SpineAtlasAsset,spine,0,,False,unavailable,,,,,
002_UnityDataAssetPack_datapack__file110,75743,Spine.Unity.SkeletonDataAsset,spine,0,,False,unavailable,,,,,
002_UnityDataAssetPack_datapack__file110,75744,Spine.Unity.SpineAtlasAsset,spine,0,,False,unavailable,,,,,
002_UnityDataAssetPack_datapack__file110,75745,Spine.Unity.SkeletonDataAsset,spine,0,,False,unavailable,,,,,
002_UnityDataAssetPack_datapack__file110,75746,Spine.Unity.SpineAtlasAsset,spine,0,,False,unavailable,,,,,
002_UnityDataAssetPack_datapack__file110,75747,Spine.Unity.SkeletonDataAsset,spine,0,,False,unavailable,,,,,
002_UnityDataAssetPack_datapack__file110,75748,Spine.Unity.SpineAtlasAsset,spine,0,,False,unavailable,,,,,
002_UnityDataAssetPack_datapack__file110,75749,Spine.Unity.SkeletonDataAsset,spine,0,,False,unavailable,,,,,
002_UnityDataAssetPack_datapack__file110,75750,Spine.Unity.SpineAtlasAsset,spine,0,,False,unavailable,,,,,
002_UnityDataAssetPack_datapack__file110,75751,Spine.Unity.SkeletonDataAsset,spine,0,,False,unavailable,,,,,
002_UnityDataAssetPack_datapack__file110,75752,Spine.Unity.SpineAtlasAsset,spine,0,,False,unavailable,,,,,
002_UnityDataAssetPack_datapack__file110,75753,Spine.Unity.SkeletonDataAsset,spine,0,,False,unavailable,,,,,
002_UnityDataAssetPack_datapack__file110,75754,Spine.Unity.SpineAtlasAsset,spine,0,,False,unavailable,,,,,
002_UnityDataAssetPack_datapack__file110,75755,Spine.Unity.SkeletonDataAsset,spine,0,,False,unavailable,,,,,
002_UnityDataAssetPack_datapack__file110,75756,Spine.Unity.SpineAtlasAsset,spine,0,,False,unavailable,,,,,
002_UnityDataAssetPack_datapack__file110,75757,Spine.Unity.SkeletonDataAsset,spine,0,,False,unavailable,,,,,
002_UnityDataAssetPack_datapack__file110,75758,Spine.Unity.SpineAtlasAsset,spine,0,,False,unavailable,,,,,
002_UnityDataAssetPack_datapack__file110,75759,Spine.Unity.SkeletonDataAsset,spine,0,,False,unavailable,,,,,
002_UnityDataAssetPack_datapack__file110,75760,Spine.Unity.SpineAtlasAsset,spine,0,,False,unavailable,,,,,
002_UnityDataAssetPack_datapack__file110,75761,Spine.Unity.SkeletonDataAsset,spine,0,,False,unavailable,,,,,
002_UnityDataAssetPack_datapack__file110,75762,Spine.Unity.SpineAtlasAsset,spine,0,,False,unavailable,,,,,
002_UnityDataAssetPack_datapack__file110,75763,Spine.Unity.SkeletonDataAsset,spine,0,,False,unavailable,,,,,
002_UnityDataAssetPack_datapack__file110,75764,Spine.Unity.SpineAtlasAsset,spine,0,,False,unavailable,,,,,
002_UnityDataAssetPack_datapack__file110,75765,Spine.Unity.SkeletonDataAsset,spine,0,,False,unavailable,,,,,
002_UnityDataAssetPack_datapack__file110,75766,Spine.Unity.SpineAtlasAsset,spine,0,,False,unavailable,,,,,
002_UnityDataAssetPack_datapack__file110,75767,Spine.Unity.SkeletonDataAsset,spine,0,,False,unavailable,,,,,
002_UnityDataAssetPack_datapack__file110,75768,Spine.Unity.SpineAtlasAsset,spine,0,,False,unavailable,,,,,
002_UnityDataAssetPack_datapack__file110,75769,Spine.Unity.SkeletonDataAsset,spine,0,,False,unavailable,,,,,
002_UnityDataAssetPack_datapack__file110,75770,Spine.Unity.SpineAtlasAsset,spine,0,,False,unavailable,,,,,
002_UnityDataAssetPack_datapack__file110,75771,Spine.Unity.SkeletonDataAsset,spine,0,,False,unavailable,,,,,
002_UnityDataAssetPack_datapack__file110,75772,Spine.Unity.SpineAtlasAsset,spine,0,,False,unavailable,,,,,
002_UnityDataAssetPack_datapack__file110,75773,Spine.Unity.SkeletonDataAsset,spine,0,,False,unavailable,,,,,
002_UnityDataAssetPack_datapack__file110,75774,Spine.Unity.SpineAtlasAsset,spine,0,,False,unavailable,,,,,
002_UnityDataAssetPack_datapack__file110,75775,Spine.Unity.SkeletonDataAsset,spine,0,,False,unavailable,,,,,
002_UnityDataAssetPack_datapack__file110,75776,Spine.Unity.SpineAtlasAsset,spine,0,,False,unavailable,,,,,
002_UnityDataAssetPack_datapack__file110,75777,Spine.Unity.SkeletonDataAsset,spine,0,,False,unavailable,,,,,
002_UnityDataAssetPack_datapack__file110,75778,Spine.Unity.SpineAtlasAsset,spine,0,,False,unavailable,,,,,
002_UnityDataAssetPack_datapack__file110,75779,Spine.Unity.SkeletonDataAsset,spine,0,,False,unavailable,,,,,
002_UnityDataAssetPack_datapack__file110,75780,Spine.Unity.SpineAtlasAsset,spine,0,,False,unavailable,,,,,
002_UnityDataAssetPack_datapack__file110,75781,Spine.Unity.SkeletonDataAsset,spine,0,,False,unavailable,,,,,
002_UnityDataAssetPack_datapack__file110,75782,Spine.Unity.SpineAtlasAsset,spine,0,,False,unavailable,,,,,
002_UnityDataAssetPack_datapack__file110,75783,Spine.Unity.SkeletonDataAsset,spine,0,,False,unavailable,,,,,
002_UnityDataAssetPack_datapack__file110,75784,Spine.Unity.SpineAtlasAsset,spine,0,,False,unavailable,,,,,
002_UnityDataAssetPack_datapack__file110,75785,Spine.Unity.SkeletonDataAsset,spine,0,,False,unavailable,,,,,
002_UnityDataAssetPack_datapack__file110,75786,Spine.Unity.SpineAtlasAsset,spine,0,,False,unavailable,,,,,
002_UnityDataAssetPack_datapack__file110,75787,Spine.Unity.SkeletonDataAsset,spine,0,,False,unavailable,,,,,
002_UnityDataAssetPack_datapack__file110,75788,Spine.Unity.SpineAtlasAsset,spine,0,,False,unavailable,,,,,
002_UnityDataAssetPack_datapack__file110,75789,Spine.Unity.SkeletonDataAsset,spine,0,,False,unavailable,,,,,
002_UnityDataAssetPack_datapack__file110,75790,Spine.Unity.SpineAtlasAsset,spine,0,,False,unavailable,,,,,
002_UnityDataAssetPack_datapack__file110,75791,Spine.Unity.SkeletonDataAsset,spine,0,,False,unavailable,,,,,
002_UnityDataAssetPack_datapack__file110,75792,Spine.Unity.SpineAtlasAsset,spine,0,,False,unavailable,,,,,
002_UnityDataAssetPack_datapack__file110,75793,Spine.Unity.SkeletonDataAsset,spine,0,,False,unavailable,,,,,
002_UnityDataAssetPack_datapack__file110,75794,Spine.Unity.SpineAtlasAsset,spine,0,,False,unavailable,,,,,
002_UnityDataAssetPack_datapack__file110,75795,Spine.Unity.SkeletonDataAsset,spine,0,,False,unavailable,,,,,
002_UnityDataAssetPack_datapack__file110,75796,Spine.Unity.SpineAtlasAsset,spine,0,,False,unavailable,,,,,
002_UnityDataAssetPack_datapack__file110,75797,Spine.Unity.SkeletonDataAsset,spine,0,,False,unavailable,,,,,
002_UnityDataAssetPack_datapack__file110,75798,Spine.Unity.SpineAtlasAsset,spine,0,,False,unavailable,,,,,
002_UnityDataAssetPack_datapack__file110,75799,Spine.Unity.SkeletonDataAsset,spine,0,,False,unavailable,,,,,
002_UnityDataAssetPack_datapack__file110,75800,Spine.Unity.SpineAtlasAsset,spine,0,,False,unavailable,,,,,
002_UnityDataAssetPack_datapack__file110,75801,Spine.Unity.SkeletonDataAsset,spine,0,,False,unavailable,,,,,
002_UnityDataAssetPack_datapack__file110,75802,Spine.Unity.SpineAtlasAsset,spine,0,,False,unavailable,,,,,
002_UnityDataAssetPack_datapack__file110,75803,Spine.Unity.SkeletonDataAsset,spine,0,,False,unavailable,,,,,
002_UnityDataAssetPack_datapack__file110,75804,Spine.Unity.SpineAtlasAsset,spine,0,,False,unavailable,,,,,
002_UnityDataAssetPack_datapack__file110,75805,Spine.Unity.SkeletonDataAsset,spine,0,,False,unavailable,,,,,
002_UnityDataAssetPack_datapack__file110,75806,Spine.Unity.SpineAtlasAsset,spine,0,,False,unavailable,,,,,
002_UnityDataAssetPack_datapack__file110,75807,Spine.Unity.SkeletonDataAsset,spine,0,,False,unavailable,,,,,
002_UnityDataAssetPack_datapack__file110,75808,Spine.Unity.SpineAtlasAsset,spine,0,,False,unavailable,,,,,
002_UnityDataAssetPack_datapack__file110,75809,Spine.Unity.SkeletonDataAsset,spine,0,,False,unavailable,,,,,
002_UnityDataAssetPack_datapack__file110,75810,Spine.Unity.SpineAtlasAsset,spine,0,,False,unavailable,,,,,
002_UnityDataAssetPack_datapack__file110,75811,Spine.Unity.SkeletonDataAsset,spine,0,,False,unavailable,,,,,
002_UnityDataAssetPack_datapack__file110,75812,Spine.Unity.AnimationReferenceAsset,spine,0,,False,unavailable,,,,,
002_UnityDataAssetPack_datapack__file110,75813,Spine.Unity.SpineAtlasAsset,spine,0,,False,unavailable,,,,,
002_UnityDataAssetPack_datapack__file110,75814,Spine.Unity.SkeletonDataAsset,spine,0,,False,unavailable,,,,,
002_UnityDataAssetPack_datapack__file110,75815,Spine.Unity.SpineAtlasAsset,spine,0,,False,unavailable,,,,,
002_UnityDataAssetPack_datapack__file110,75816,Spine.Unity.SkeletonDataAsset,spine,0,,False,unavailable,,,,,
002_UnityDataAssetPack_datapack__file110,75817,Spine.Unity.SpineAtlasAsset,spine,0,,False,unavailable,,,,,
002_UnityDataAssetPack_datapack__file110,75818,Spine.Unity.SkeletonDataAsset,spine,0,,False,unavailable,,,,,
002_UnityDataAssetPack_datapack__file110,75819,Spine.Unity.SpineAtlasAsset,spine,0,,False,unavailable,,,,,
002_UnityDataAssetPack_datapack__file110,75820,Spine.Unity.SkeletonDataAsset,spine,0,,False,unavailable,,,,,
002_UnityDataAssetPack_datapack__file110,75821,Spine.Unity.SpineAtlasAsset,spine,0,,False,unavailable,,,,,
002_UnityDataAssetPack_datapack__file110,75822,Spine.Unity.SkeletonDataAsset,spine,0,,False,unavailable,,,,,
002_UnityDataAssetPack_datapack__file110,75823,Spine.Unity.SpineAtlasAsset,spine,0,,False,unavailable,,,,,
002_UnityDataAssetPack_datapack__file110,75824,Spine.Unity.SkeletonDataAsset,spine,0,,False,unavailable,,,,,
002_UnityDataAssetPack_datapack__file110,75825,Spine.Unity.SpineAtlasAsset,spine,0,,False,unavailable,,,,,
002_UnityDataAssetPack_datapack__file110,75826,Spine.Unity.SkeletonDataAsset,spine,0,,False,unavailable,,,,,
002_UnityDataAssetPack_datapack__file110,75827,Spine.Unity.SpineAtlasAsset,spine,0,,False,unavailable,,,,,
002_UnityDataAssetPack_datapack__file110,75828,Spine.Unity.SkeletonDataAsset,spine,0,,False,unavailable,,,,,
002_UnityDataAssetPack_datapack__file110,75829,Spine.Unity.SpineAtlasAsset,spine,0,,False,unavailable,,,,,
002_UnityDataAssetPack_datapack__file110,75830,Spine.Unity.SkeletonDataAsset,spine,0,,False,unavailable,,,,,
002_UnityDataAssetPack_datapack__file110,75831,Spine.Unity.SpineAtlasAsset,spine,0,,False,unavailable,,,,,
002_UnityDataAssetPack_datapack__file110,75832,Spine.Unity.SkeletonDataAsset,spine,0,,False,unavailable,,,,,
002_UnityDataAssetPack_datapack__file110,75833,Spine.Unity.SpineAtlasAsset,spine,0,,False,unavailable,,,,,
002_UnityDataAssetPack_datapack__file110,75834,Spine.Unity.SkeletonDataAsset,spine,0,,False,unavailable,,,,,
002_UnityDataAssetPack_datapack__file110,75835,Spine.Unity.SpineAtlasAsset,spine,0,,False,unavailable,,,,,
002_UnityDataAssetPack_datapack__file110,75836,Spine.Unity.SkeletonDataAsset,spine,0,,False,unavailable,,,,,
002_UnityDataAssetPack_datapack__file110,75837,Spine.Unity.SpineAtlasAsset,spine,0,,False,unavailable,,,,,
002_UnityDataAssetPack_datapack__file110,75838,Spine.Unity.SkeletonDataAsset,spine,0,,False,unavailable,,,,,
002_UnityDataAssetPack_datapack__file110,75839,Spine.Unity.SpineAtlasAsset,spine,0,,False,unavailable,,,,,
002_UnityDataAssetPack_datapack__file110,75840,Spine.Unity.SkeletonDataAsset,spine,0,,False,unavailable,,,,,
002_UnityDataAssetPack_datapack__file110,75841,Spine.Unity.SpineAtlasAsset,spine,0,,False,unavailable,,,,,
002_UnityDataAssetPack_datapack__file110,75842,Spine.Unity.SkeletonDataAsset,spine,0,,False,unavailable,,,,,
002_UnityDataAssetPack_datapack__file110,75843,Spine.Unity.SpineAtlasAsset,spine,0,,False,unavailable,,,,,
002_UnityDataAssetPack_datapack__file110,75844,Spine.Unity.SkeletonDataAsset,spine,0,,False,unavailable,,,,,
002_UnityDataAssetPack_datapack__file110,75845,Spine.Unity.SpineAtlasAsset,spine,0,,False,unavailable,,,,,
002_UnityDataAssetPack_datapack__file110,75846,Spine.Unity.SkeletonDataAsset,spine,0,,False,unavailable,,,,,
002_UnityDataAssetPack_datapack__file110,75847,Spine.Unity.SpineAtlasAsset,spine,0,,False,unavailable,,,,,
002_UnityDataAssetPack_datapack__file110,75848,Spine.Unity.SkeletonDataAsset,spine,0,,False,unavailable,,,,,
002_UnityDataAssetPack_datapack__file110,75849,Spine.Unity.SpineAtlasAsset,spine,0,,False,unavailable,,,,,
002_UnityDataAssetPack_datapack__file110,75850,Spine.Unity.SkeletonDataAsset,spine,0,,False,unavailable,,,,,
002_UnityDataAssetPack_datapack__file110,75851,Spine.Unity.SpineAtlasAsset,spine,0,,False,unavailable,,,,,
002_UnityDataAssetPack_datapack__file110,75852,Spine.Unity.SkeletonDataAsset,spine,0,,False,unavailable,,,,,
002_UnityDataAssetPack_datapack__file110,75853,Spine.Unity.SpineAtlasAsset,spine,0,,False,unavailable,,,,,
002_UnityDataAssetPack_datapack__file110,75854,Spine.Unity.SkeletonDataAsset,spine,0,,False,unavailable,,,,,
002_UnityDataAssetPack_datapack__file110,75855,Spine.Unity.SpineAtlasAsset,spine,0,,False,unavailable,,,,,
002_UnityDataAssetPack_datapack__file110,75856,Spine.Unity.SkeletonDataAsset,spine,0,,False,unavailable,,,,,
002_UnityDataAssetPack_datapack__file110,75857,Spine.Unity.SpineAtlasAsset,spine,0,,False,unavailable,,,,,
002_UnityDataAssetPack_datapack__file110,75858,Spine.Unity.SkeletonDataAsset,spine,0,,False,unavailable,,,,,
002_UnityDataAssetPack_datapack__file110,75859,Spine.Unity.SpineAtlasAsset,spine,0,,False,unavailable,,,,,
002_UnityDataAssetPack_datapack__file110,75860,Spine.Unity.SkeletonDataAsset,spine,0,,False,unavailable,,,,,
002_UnityDataAssetPack_datapack__file110,75861,Spine.Unity.SpineAtlasAsset,spine,0,,False,unavailable,,,,,
002_UnityDataAssetPack_datapack__file110,75862,Spine.Unity.SkeletonDataAsset,spine,0,,False,unavailable,,,,,
002_UnityDataAssetPack_datapack__file110,75863,Spine.Unity.SpineAtlasAsset,spine,0,,False,unavailable,,,,,
002_UnityDataAssetPack_datapack__file110,75864,Spine.Unity.SkeletonDataAsset,spine,0,,False,unavailable,,,,,
002_UnityDataAssetPack_datapack__file110,75865,Spine.Unity.SpineAtlasAsset,spine,0,,False,unavailable,,,,,
002_UnityDataAssetPack_datapack__file110,75866,Spine.Unity.SkeletonDataAsset,spine,0,,False,unavailable,,,,,
002_UnityDataAssetPack_datapack__file110,75867,Spine.Unity.SpineAtlasAsset,spine,0,,False,unavailable,,,,,
002_UnityDataAssetPack_datapack__file110,75868,Spine.Unity.SkeletonDataAsset,spine,0,,False,unavailable,,,,,
002_UnityDataAssetPack_datapack__file110,75869,Spine.Unity.SpineAtlasAsset,spine,0,,False,unavailable,,,,,
002_UnityDataAssetPack_datapack__file110,75870,Spine.Unity.SkeletonDataAsset,spine,0,,False,unavailable,,,,,
002_UnityDataAssetPack_datapack__file110,75871,Spine.Unity.SpineAtlasAsset,spine,0,,False,unavailable,,,,,
002_UnityDataAssetPack_datapack__file110,75872,Spine.Unity.SkeletonDataAsset,spine,0,,False,unavailable,,,,,
002_UnityDataAssetPack_datapack__file110,75873,Spine.Unity.SpineAtlasAsset,spine,0,,False,unavailable,,,,,
002_UnityDataAssetPack_datapack__file110,75874,Spine.Unity.SkeletonDataAsset,spine,0,,False,unavailable,,,,,
002_UnityDataAssetPack_datapack__file110,75875,Spine.Unity.SpineAtlasAsset,spine,0,,False,unavailable,,,,,
002_UnityDataAssetPack_datapack__file110,75876,Spine.Unity.SkeletonDataAsset,spine,0,,False,unavailable,,,,,
002_UnityDataAssetPack_datapack__file110,75877,Spine.Unity.SpineAtlasAsset,spine,0,,False,unavailable,,,,,
002_UnityDataAssetPack_datapack__file110,75878,Spine.Unity.SkeletonDataAsset,spine,0,,False,unavailable,,,,,
002_UnityDataAssetPack_datapack__file110,75879,Spine.Unity.SpineAtlasAsset,spine,0,,False,unavailable,,,,,
002_UnityDataAssetPack_datapack__file110,75880,Spine.Unity.SkeletonDataAsset,spine,0,,False,unavailable,,,,,
002_UnityDataAssetPack_datapack__file110,75881,Spine.Unity.SpineAtlasAsset,spine,0,,False,unavailable,,,,,
002_UnityDataAssetPack_datapack__file110,75882,Spine.Unity.SkeletonDataAsset,spine,0,,False,unavailable,,,,,
002_UnityDataAssetPack_datapack__file110,75883,Spine.Unity.SpineAtlasAsset,spine,0,,False,unavailable,,,,,
002_UnityDataAssetPack_datapack__file110,75884,Spine.Unity.SkeletonDataAsset,spine,0,,False,unavailable,,,,,
002_UnityDataAssetPack_datapack__file110,75885,Spine.Unity.SpineAtlasAsset,spine,0,,False,unavailable,,,,,
002_UnityDataAssetPack_datapack__file110,75886,Spine.Unity.SkeletonDataAsset,spine,0,,False,unavailable,,,,,
002_UnityDataAssetPack_datapack__file110,75887,Spine.Unity.SpineAtlasAsset,spine,0,,False,unavailable,,,,,
002_UnityDataAssetPack_datapack__file110,75888,Spine.Unity.SkeletonDataAsset,spine,0,,False,unavailable,,,,,
002_UnityDataAssetPack_datapack__file110,75889,Spine.Unity.SpineAtlasAsset,spine,0,,False,unavailable,,,,,
002_UnityDataAssetPack_datapack__file110,75890,Spine.Unity.SkeletonDataAsset,spine,0,,False,unavailable,,,,,
002_UnityDataAssetPack_datapack__file110,75891,Spine.Unity.SpineAtlasAsset,spine,0,,False,unavailable,,,,,
002_UnityDataAssetPack_datapack__file110,75892,Spine.Unity.SkeletonDataAsset,spine,0,,False,unavailable,,,,,
002_UnityDataAssetPack_datapack__file110,75893,Spine.Unity.SpineAtlasAsset,spine,0,,False,unavailable,,,,,
002_UnityDataAssetPack_datapack__file110,75894,Spine.Unity.SkeletonDataAsset,spine,0,,False,unavailable,,,,,
002_UnityDataAssetPack_datapack__file110,75895,Spine.Unity.SpineAtlasAsset,spine,0,,False,unavailable,,,,,
002_UnityDataAssetPack_datapack__file110,75896,Spine.Unity.SkeletonDataAsset,spine,0,,False,unavailable,,,,,
002_UnityDataAssetPack_datapack__file110,75897,Spine.Unity.SpineAtlasAsset,spine,0,,False,unavailable,,,,,
002_UnityDataAssetPack_datapack__file110,75898,Spine.Unity.SkeletonDataAsset,spine,0,,False,unavailable,,,,,
002_UnityDataAssetPack_datapack__file110,75899,Spine.Unity.SpineAtlasAsset,spine,0,,False,unavailable,,,,,
002_UnityDataAssetPack_datapack__file110,75900,Spine.Unity.SkeletonDataAsset,spine,0,,False,unavailable,,,,,
002_UnityDataAssetPack_datapack__file110,75901,Spine.Unity.SpineAtlasAsset,spine,0,,False,unavailable,,,,,
002_UnityDataAssetPack_datapack__file110,75902,Spine.Unity.SkeletonDataAsset,spine,0,,False,unavailable,,,,,
002_UnityDataAssetPack_datapack__file110,75903,Spine.Unity.SpineAtlasAsset,spine,0,,False,unavailable,,,,,
002_UnityDataAssetPack_datapack__file110,75904,Spine.Unity.SkeletonDataAsset,spine,0,,False,unavailable,,,,,
002_UnityDataAssetPack_datapack__file110,75905,Spine.Unity.SpineAtlasAsset,spine,0,,False,unavailable,,,,,
002_UnityDataAssetPack_datapack__file110,75906,Spine.Unity.SkeletonDataAsset,spine,0,,False,unavailable,,,,,
002_UnityDataAssetPack_datapack__file110,75907,Spine.Unity.SpineAtlasAsset,spine,0,,False,unavailable,,,,,
002_UnityDataAssetPack_datapack__file110,75908,Spine.Unity.SkeletonDataAsset,spine,0,,False,unavailable,,,,,
002_UnityDataAssetPack_datapack__file110,75909,Spine.Unity.SpineAtlasAsset,spine,0,,False,unavailable,,,,,
002_UnityDataAssetPack_datapack__file110,75910,Spine.Unity.SkeletonDataAsset,spine,0,,False,unavailable,,,,,
002_UnityDataAssetPack_datapack__file110,75911,Spine.Unity.SpineAtlasAsset,spine,0,,False,unavailable,,,,,
002_UnityDataAssetPack_datapack__file110,75912,Spine.Unity.SkeletonDataAsset,spine,0,,False,unavailable,,,,,
002_UnityDataAssetPack_datapack__file110,75913,Spine.Unity.SpineAtlasAsset,spine,0,,False,unavailable,,,,,
002_UnityDataAssetPack_datapack__file110,75914,Spine.Unity.SkeletonDataAsset,spine,0,,False,unavailable,,,,,
002_UnityDataAssetPack_datapack__file110,75915,Spine.Unity.SpineAtlasAsset,spine,0,,False,unavailable,,,,,
002_UnityDataAssetPack_datapack__file110,75916,Spine.Unity.SkeletonDataAsset,spine,0,,False,unavailable,,,,,
002_UnityDataAssetPack_datapack__file110,75917,Spine.Unity.SpineAtlasAsset,spine,0,,False,unavailable,,,,,
002_UnityDataAssetPack_datapack__file110,75918,Spine.Unity.SkeletonDataAsset,spine,0,,False,unavailable,,,,,
002_UnityDataAssetPack_datapack__file110,75919,Spine.Unity.SpineAtlasAsset,spine,0,,False,unavailable,,,,,
002_UnityDataAssetPack_datapack__file110,75920,Spine.Unity.SkeletonDataAsset,spine,0,,False,unavailable,,,,,
002_UnityDataAssetPack_datapack__file110,75921,Spine.Unity.SpineAtlasAsset,spine,0,,False,unavailable,,,,,
002_UnityDataAssetPack_datapack__file110,75922,Spine.Unity.SkeletonDataAsset,spine,0,,False,unavailable,,,,,
002_UnityDataAssetPack_datapack__file110,75923,Spine.Unity.SpineAtlasAsset,spine,0,,False,unavailable,,,,,
002_UnityDataAssetPack_datapack__file110,75924,Spine.Unity.SkeletonDataAsset,spine,0,,False,unavailable,,,,,
002_UnityDataAssetPack_datapack__file110,75925,Spine.Unity.SpineAtlasAsset,spine,0,,False,unavailable,,,,,
002_UnityDataAssetPack_datapack__file110,75926,Spine.Unity.SkeletonDataAsset,spine,0,,False,unavailable,,,,,
002_UnityDataAssetPack_datapack__file110,75927,Spine.Unity.SpineAtlasAsset,spine,0,,False,unavailable,,,,,
002_UnityDataAssetPack_datapack__file110,75928,Spine.Unity.SkeletonDataAsset,spine,0,,False,unavailable,,,,,
002_UnityDataAssetPack_datapack__file110,75929,Spine.Unity.SpineAtlasAsset,spine,0,,False,unavailable,,,,,
002_UnityDataAssetPack_datapack__file110,75930,Spine.Unity.SkeletonDataAsset,spine,0,,False,unavailable,,,,,
002_UnityDataAssetPack_datapack__file110,75931,Spine.Unity.SpineAtlasAsset,spine,0,,False,unavailable,,,,,
002_UnityDataAssetPack_datapack__file110,75932,Spine.Unity.SkeletonDataAsset,spine,0,,False,unavailable,,,,,
002_UnityDataAssetPack_datapack__file110,75933,Spine.Unity.SpineAtlasAsset,spine,0,,False,unavailable,,,,,
002_UnityDataAssetPack_datapack__file110,75934,Spine.Unity.SkeletonDataAsset,spine,0,,False,unavailable,,,,,
002_UnityDataAssetPack_datapack__file110,75935,Spine.Unity.SpineAtlasAsset,spine,0,,False,unavailable,,,,,
002_UnityDataAssetPack_datapack__file110,75936,Spine.Unity.SkeletonDataAsset,spine,0,,False,unavailable,,,,,
002_UnityDataAssetPack_datapack__file110,75937,Spine.Unity.SpineAtlasAsset,spine,0,,False,unavailable,,,,,
002_UnityDataAssetPack_datapack__file110,75938,Spine.Unity.SkeletonDataAsset,spine,0,,False,unavailable,,,,,
002_UnityDataAssetPack_datapack__file110,75939,Spine.Unity.SpineAtlasAsset,spine,0,,False,unavailable,,,,,
002_UnityDataAssetPack_datapack__file110,75940,Spine.Unity.SkeletonDataAsset,spine,0,,False,unavailable,,,,,
002_UnityDataAssetPack_datapack__file110,75941,Spine.Unity.SpineAtlasAsset,spine,0,,False,unavailable,,,,,
002_UnityDataAssetPack_datapack__file110,75942,Spine.Unity.SkeletonDataAsset,spine,0,,False,unavailable,,,,,
002_UnityDataAssetPack_datapack__file110,75943,Spine.Unity.SpineAtlasAsset,spine,0,,False,unavailable,,,,,
002_UnityDataAssetPack_datapack__file110,75944,Spine.Unity.SkeletonDataAsset,spine,0,,False,unavailable,,,,,
002_UnityDataAssetPack_datapack__file110,75945,Spine.Unity.SpineAtlasAsset,spine,0,,False,unavailable,,,,,
002_UnityDataAssetPack_datapack__file110,75946,Spine.Unity.SkeletonDataAsset,spine,0,,False,unavailable,,,,,
002_UnityDataAssetPack_datapack__file110,75947,Spine.Unity.SpineAtlasAsset,spine,0,,False,unavailable,,,,,
002_UnityDataAssetPack_datapack__file110,75948,Spine.Unity.SkeletonDataAsset,spine,0,,False,unavailable,,,,,
002_UnityDataAssetPack_datapack__file110,75949,Spine.Unity.SpineAtlasAsset,spine,0,,False,unavailable,,,,,
002_UnityDataAssetPack_datapack__file110,75950,Spine.Unity.SkeletonDataAsset,spine,0,,False,unavailable,,,,,
002_UnityDataAssetPack_datapack__file110,75951,Spine.Unity.SpineAtlasAsset,spine,0,,False,unavailable,,,,,
002_UnityDataAssetPack_datapack__file110,75952,Spine.Unity.SkeletonDataAsset,spine,0,,False,unavailable,,,,,
002_UnityDataAssetPack_datapack__file110,75953,Spine.Unity.SpineAtlasAsset,spine,0,,False,unavailable,,,,,
002_UnityDataAssetPack_datapack__file110,75954,Spine.Unity.SkeletonDataAsset,spine,0,,False,unavailable,,,,,
002_UnityDataAssetPack_datapack__file110,75955,Spine.Unity.SpineAtlasAsset,spine,0,,False,unavailable,,,,,
002_UnityDataAssetPack_datapack__file110,75956,Spine.Unity.SkeletonDataAsset,spine,0,,False,unavailable,,,,,
002_UnityDataAssetPack_datapack__file110,75957,Spine.Unity.SpineAtlasAsset,spine,0,,False,unavailable,,,,,
002_UnityDataAssetPack_datapack__file110,75958,Spine.Unity.SkeletonDataAsset,spine,0,,False,unavailable,,,,,
002_UnityDataAssetPack_datapack__file110,75959,Spine.Unity.SpineAtlasAsset,spine,0,,False,unavailable,,,,,
002_UnityDataAssetPack_datapack__file110,75960,Spine.Unity.SkeletonDataAsset,spine,0,,False,unavailable,,,,,
002_UnityDataAssetPack_datapack__file110,75961,Spine.Unity.SpineAtlasAsset,spine,0,,False,unavailable,,,,,
002_UnityDataAssetPack_datapack__file110,75962,Spine.Unity.SkeletonDataAsset,spine,0,,False,unavailable,,,,,
002_UnityDataAssetPack_datapack__file110,75963,Spine.Unity.SpineAtlasAsset,spine,0,,False,unavailable,,,,,
002_UnityDataAssetPack_datapack__file110,75964,Spine.Unity.SkeletonDataAsset,spine,0,,False,unavailable,,,,,
002_UnityDataAssetPack_datapack__file110,75965,Spine.Unity.SpineAtlasAsset,spine,0,,False,unavailable,,,,,
002_UnityDataAssetPack_datapack__file110,75966,Spine.Unity.SkeletonDataAsset,spine,0,,False,unavailable,,,,,
002_UnityDataAssetPack_datapack__file110,75967,Spine.Unity.SpineAtlasAsset,spine,0,,False,unavailable,,,,,
002_UnityDataAssetPack_datapack__file110,75968,Spine.Unity.SkeletonDataAsset,spine,0,,False,unavailable,,,,,
002_UnityDataAssetPack_datapack__file110,75969,Spine.Unity.SpineAtlasAsset,spine,0,,False,unavailable,,,,,
002_UnityDataAssetPack_datapack__file110,75970,Spine.Unity.SkeletonDataAsset,spine,0,,False,unavailable,,,,,
002_UnityDataAssetPack_datapack__file110,75971,Spine.Unity.SpineAtlasAsset,spine,0,,False,unavailable,,,,,
002_UnityDataAssetPack_datapack__file110,75972,Spine.Unity.SkeletonDataAsset,spine,0,,False,unavailable,,,,,
002_UnityDataAssetPack_datapack__file110,75973,Spine.Unity.SpineAtlasAsset,spine,0,,False,unavailable,,,,,
002_UnityDataAssetPack_datapack__file110,75974,Spine.Unity.SkeletonDataAsset,spine,0,,False,unavailable,,,,,
002_UnityDataAssetPack_datapack__file110,75975,Spine.Unity.SpineAtlasAsset,spine,0,,False,unavailable,,,,,
002_UnityDataAssetPack_datapack__file110,75976,Spine.Unity.SkeletonDataAsset,spine,0,,False,unavailable,,,,,
002_UnityDataAssetPack_datapack__file110,75977,Spine.Unity.SpineAtlasAsset,spine,0,,False,unavailable,,,,,
002_UnityDataAssetPack_datapack__file110,75978,Spine.Unity.SkeletonDataAsset,spine,0,,False,unavailable,,,,,
002_UnityDataAssetPack_datapack__file110,75979,Spine.Unity.SpineAtlasAsset,spine,0,,False,unavailable,,,,,
002_UnityDataAssetPack_datapack__file110,75980,Spine.Unity.SkeletonDataAsset,spine,0,,False,unavailable,,,,,
002_UnityDataAssetPack_datapack__file110,75981,Spine.Unity.SpineAtlasAsset,spine,0,,False,unavailable,,,,,
002_UnityDataAssetPack_datapack__file110,75982,Spine.Unity.SkeletonDataAsset,spine,0,,False,unavailable,,,,,
002_UnityDataAssetPack_datapack__file110,75983,Spine.Unity.SpineAtlasAsset,spine,0,,False,unavailable,,,,,
002_UnityDataAssetPack_datapack__file110,75984,Spine.Unity.SkeletonDataAsset,spine,0,,False,unavailable,,,,,
002_UnityDataAssetPack_datapack__file110,75985,Spine.Unity.SpineAtlasAsset,spine,0,,False,unavailable,,,,,
002_UnityDataAssetPack_datapack__file110,75986,Spine.Unity.SkeletonDataAsset,spine,0,,False,unavailable,,,,,
002_UnityDataAssetPack_datapack__file110,75987,Spine.Unity.SpineAtlasAsset,spine,0,,False,unavailable,,,,,
002_UnityDataAssetPack_datapack__file110,75988,Spine.Unity.SkeletonDataAsset,spine,0,,False,unavailable,,,,,
002_UnityDataAssetPack_datapack__file110,75989,Spine.Unity.SpineAtlasAsset,spine,0,,False,unavailable,,,,,
002_UnityDataAssetPack_datapack__file110,75990,Spine.Unity.SkeletonDataAsset,spine,0,,False,unavailable,,,,,
002_UnityDataAssetPack_datapack__file110,75991,Spine.Unity.SpineAtlasAsset,spine,0,,False,unavailable,,,,,
002_UnityDataAssetPack_datapack__file110,75992,Spine.Unity.SkeletonDataAsset,spine,0,,False,unavailable,,,,,
002_UnityDataAssetPack_datapack__file110,75993,Spine.Unity.SpineAtlasAsset,spine,0,,False,unavailable,,,,,
002_UnityDataAssetPack_datapack__file110,75994,Spine.Unity.SkeletonDataAsset,spine,0,,False,unavailable,,,,,
002_UnityDataAssetPack_datapack__file110,75995,Spine.Unity.SpineAtlasAsset,spine,0,,False,unavailable,,,,,
002_UnityDataAssetPack_datapack__file110,75996,Spine.Unity.SkeletonDataAsset,spine,0,,False,unavailable,,,,,
002_UnityDataAssetPack_datapack__file110,75997,Spine.Unity.SpineAtlasAsset,spine,0,,False,unavailable,,,,,
002_UnityDataAssetPack_datapack__file110,75998,Spine.Unity.SkeletonDataAsset,spine,0,,False,unavailable,,,,,
002_UnityDataAssetPack_datapack__file110,75999,Spine.Unity.SpineAtlasAsset,spine,0,,False,unavailable,,,,,
002_UnityDataAssetPack_datapack__file110,76000,Spine.Unity.SkeletonDataAsset,spine,0,,False,unavailable,,,,,
002_UnityDataAssetPack_datapack__file110,76001,Spine.Unity.SpineAtlasAsset,spine,0,,False,unavailable,,,,,
002_UnityDataAssetPack_datapack__file110,76002,Spine.Unity.SkeletonDataAsset,spine,0,,False,unavailable,,,,,
002_UnityDataAssetPack_datapack__file110,76003,Spine.Unity.SpineAtlasAsset,spine,0,,False,unavailable,,,,,
002_UnityDataAssetPack_datapack__file110,76004,Spine.Unity.SkeletonDataAsset,spine,0,,False,unavailable,,,,,
002_UnityDataAssetPack_datapack__file110,76005,Spine.Unity.SpineAtlasAsset,spine,0,,False,unavailable,,,,,
002_UnityDataAssetPack_datapack__file110,76006,Spine.Unity.SkeletonDataAsset,spine,0,,False,unavailable,,,,,
002_UnityDataAssetPack_datapack__file110,76007,Spine.Unity.SpineAtlasAsset,spine,0,,False,unavailable,,,,,
002_UnityDataAssetPack_datapack__file110,76008,Spine.Unity.SkeletonDataAsset,spine,0,,False,unavailable,,,,,
002_UnityDataAssetPack_datapack__file110,76009,Spine.Unity.SpineAtlasAsset,spine,0,,False,unavailable,,,,,
002_UnityDataAssetPack_datapack__file110,76010,Spine.Unity.SkeletonDataAsset,spine,0,,False,unavailable,,,,,
002_UnityDataAssetPack_datapack__file110,76011,Spine.Unity.SpineAtlasAsset,spine,0,,False,unavailable,,,,,
002_UnityDataAssetPack_datapack__file110,76012,Spine.Unity.SkeletonDataAsset,spine,0,,False,unavailable,,,,,
002_UnityDataAssetPack_datapack__file110,76013,Spine.Unity.SpineAtlasAsset,spine,0,,False,unavailable,,,,,
002_UnityDataAssetPack_datapack__file110,76014,Spine.Unity.SkeletonDataAsset,spine,0,,False,unavailable,,,,,
002_UnityDataAssetPack_datapack__file110,76015,Spine.Unity.SpineAtlasAsset,spine,0,,False,unavailable,,,,,
002_UnityDataAssetPack_datapack__file110,76016,Spine.Unity.SkeletonDataAsset,spine,0,,False,unavailable,,,,,
002_UnityDataAssetPack_datapack__file110,76017,Spine.Unity.SpineAtlasAsset,spine,0,,False,unavailable,,,,,
002_UnityDataAssetPack_datapack__file110,76018,Spine.Unity.SkeletonDataAsset,spine,0,,False,unavailable,,,,,
002_UnityDataAssetPack_datapack__file110,76019,Spine.Unity.SpineAtlasAsset,spine,0,,False,unavailable,,,,,
002_UnityDataAssetPack_datapack__file110,76020,Spine.Unity.SkeletonDataAsset,spine,0,,False,unavailable,,,,,
002_UnityDataAssetPack_datapack__file110,76021,Spine.Unity.SpineAtlasAsset,spine,0,,False,unavailable,,,,,
002_UnityDataAssetPack_datapack__file110,76022,Spine.Unity.SkeletonDataAsset,spine,0,,False,unavailable,,,,,
002_UnityDataAssetPack_datapack__file110,76023,Spine.Unity.SpineAtlasAsset,spine,0,,False,unavailable,,,,,
002_UnityDataAssetPack_datapack__file110,76024,Spine.Unity.SkeletonDataAsset,spine,0,,False,unavailable,,,,,
002_UnityDataAssetPack_datapack__file110,76025,Spine.Unity.SpineAtlasAsset,spine,0,,False,unavailable,,,,,
002_UnityDataAssetPack_datapack__file110,76026,Spine.Unity.SkeletonDataAsset,spine,0,,False,unavailable,,,,,
002_UnityDataAssetPack_datapack__file110,76027,Spine.Unity.SpineAtlasAsset,spine,0,,False,unavailable,,,,,
002_UnityDataAssetPack_datapack__file110,76028,Spine.Unity.SkeletonDataAsset,spine,0,,False,unavailable,,,,,
002_UnityDataAssetPack_datapack__file110,76029,Spine.Unity.SpineAtlasAsset,spine,0,,False,unavailable,,,,,
002_UnityDataAssetPack_datapack__file110,76030,Spine.Unity.SkeletonDataAsset,spine,0,,False,unavailable,,,,,
002_UnityDataAssetPack_datapack__file110,76031,Spine.Unity.SpineAtlasAsset,spine,0,,False,unavailable,,,,,
002_UnityDataAssetPack_datapack__file110,76032,Spine.Unity.SkeletonDataAsset,spine,0,,False,unavailable,,,,,
002_UnityDataAssetPack_datapack__file110,76033,Spine.Unity.SpineAtlasAsset,spine,0,,False,unavailable,,,,,
002_UnityDataAssetPack_datapack__file110,76034,Spine.Unity.SkeletonDataAsset,spine,0,,False,unavailable,,,,,
002_UnityDataAssetPack_datapack__file110,76035,Spine.Unity.SpineAtlasAsset,spine,0,,False,unavailable,,,,,
002_UnityDataAssetPack_datapack__file110,76036,Spine.Unity.SkeletonDataAsset,spine,0,,False,unavailable,,,,,
002_UnityDataAssetPack_datapack__file110,76037,Spine.Unity.SpineAtlasAsset,spine,0,,False,unavailable,,,,,
002_UnityDataAssetPack_datapack__file110,76038,Spine.Unity.SkeletonDataAsset,spine,0,,False,unavailable,,,,,
002_UnityDataAssetPack_datapack__file110,76039,Spine.Unity.SpineAtlasAsset,spine,0,,False,unavailable,,,,,
002_UnityDataAssetPack_datapack__file110,76040,Spine.Unity.SkeletonDataAsset,spine,0,,False,unavailable,,,,,
002_UnityDataAssetPack_datapack__file110,76041,Spine.Unity.SpineAtlasAsset,spine,0,,False,unavailable,,,,,
002_UnityDataAssetPack_datapack__file110,76042,Spine.Unity.SkeletonDataAsset,spine,0,,False,unavailable,,,,,
002_UnityDataAssetPack_datapack__file110,76043,Spine.Unity.SpineAtlasAsset,spine,0,,False,unavailable,,,,,
002_UnityDataAssetPack_datapack__file110,76044,Spine.Unity.SkeletonDataAsset,spine,0,,False,unavailable,,,,,
002_UnityDataAssetPack_datapack__file110,76045,Spine.Unity.SpineAtlasAsset,spine,0,,False,unavailable,,,,,
002_UnityDataAssetPack_datapack__file110,76046,Spine.Unity.SkeletonDataAsset,spine,0,,False,unavailable,,,,,
002_UnityDataAssetPack_datapack__file110,76047,Spine.Unity.SpineAtlasAsset,spine,0,,False,unavailable,,,,,
002_UnityDataAssetPack_datapack__file110,76048,Spine.Unity.SkeletonDataAsset,spine,0,,False,unavailable,,,,,
002_UnityDataAssetPack_datapack__file110,76049,Spine.Unity.SpineAtlasAsset,spine,0,,False,unavailable,,,,,
002_UnityDataAssetPack_datapack__file110,76050,Spine.Unity.SkeletonDataAsset,spine,0,,False,unavailable,,,,,
002_UnityDataAssetPack_datapack__file110,76051,Spine.Unity.SpineAtlasAsset,spine,0,,False,unavailable,,,,,
002_UnityDataAssetPack_datapack__file110,76052,Spine.Unity.SkeletonDataAsset,spine,0,,False,unavailable,,,,,
002_UnityDataAssetPack_datapack__file110,76053,Spine.Unity.SpineAtlasAsset,spine,0,,False,unavailable,,,,,
002_UnityDataAssetPack_datapack__file110,76054,Spine.Unity.SkeletonDataAsset,spine,0,,False,unavailable,,,,,
002_UnityDataAssetPack_datapack__file110,76055,Spine.Unity.SpineAtlasAsset,spine,0,,False,unavailable,,,,,
002_UnityDataAssetPack_datapack__file110,76056,Spine.Unity.SkeletonDataAsset,spine,0,,False,unavailable,,,,,
002_UnityDataAssetPack_datapack__file110,76057,Spine.Unity.SpineAtlasAsset,spine,0,,False,unavailable,,,,,
002_UnityDataAssetPack_datapack__file110,76058,Spine.Unity.SkeletonDataAsset,spine,0,,False,unavailable,,,,,
002_UnityDataAssetPack_datapack__file110,76059,Spine.Unity.SpineAtlasAsset,spine,0,,False,unavailable,,,,,
002_UnityDataAssetPack_datapack__file110,76060,Spine.Unity.SkeletonDataAsset,spine,0,,False,unavailable,,,,,
002_UnityDataAssetPack_datapack__file110,76061,Spine.Unity.SpineAtlasAsset,spine,0,,False,unavailable,,,,,
002_UnityDataAssetPack_datapack__file110,76062,Spine.Unity.SkeletonDataAsset,spine,0,,False,unavailable,,,,,
002_UnityDataAssetPack_datapack__file110,76063,Spine.Unity.SpineAtlasAsset,spine,0,,False,unavailable,,,,,
002_UnityDataAssetPack_datapack__file110,76064,Spine.Unity.SkeletonDataAsset,spine,0,,False,unavailable,,,,,
002_UnityDataAssetPack_datapack__file110,76065,Spine.Unity.SpineAtlasAsset,spine,0,,False,unavailable,,,,,
002_UnityDataAssetPack_datapack__file110,76066,Spine.Unity.SkeletonDataAsset,spine,0,,False,unavailable,,,,,
002_UnityDataAssetPack_datapack__file110,76067,Spine.Unity.SpineAtlasAsset,spine,0,,False,unavailable,,,,,
002_UnityDataAssetPack_datapack__file110,76068,Spine.Unity.SkeletonDataAsset,spine,0,,False,unavailable,,,,,
002_UnityDataAssetPack_datapack__file110,76069,Spine.Unity.SpineAtlasAsset,spine,0,,False,unavailable,,,,,
002_UnityDataAssetPack_datapack__file110,76070,Spine.Unity.SkeletonDataAsset,spine,0,,False,unavailable,,,,,
002_UnityDataAssetPack_datapack__file110,76071,Spine.Unity.SpineAtlasAsset,spine,0,,False,unavailable,,,,,
002_UnityDataAssetPack_datapack__file110,76072,Spine.Unity.SkeletonDataAsset,spine,0,,False,unavailable,,,,,
002_UnityDataAssetPack_datapack__file110,76073,Spine.Unity.SpineAtlasAsset,spine,0,,False,unavailable,,,,,
002_UnityDataAssetPack_datapack__file110,76074,Spine.Unity.SkeletonDataAsset,spine,0,,False,unavailable,,,,,
002_UnityDataAssetPack_datapack__file110,76075,Spine.Unity.SpineAtlasAsset,spine,0,,False,unavailable,,,,,
002_UnityDataAssetPack_datapack__file110,76076,Spine.Unity.SkeletonDataAsset,spine,0,,False,unavailable,,,,,
002_UnityDataAssetPack_datapack__file110,76077,Spine.Unity.SpineAtlasAsset,spine,0,,False,unavailable,,,,,
002_UnityDataAssetPack_datapack__file110,76078,Spine.Unity.SkeletonDataAsset,spine,0,,False,unavailable,,,,,
002_UnityDataAssetPack_datapack__file110,76079,Spine.Unity.SpineAtlasAsset,spine,0,,False,unavailable,,,,,
002_UnityDataAssetPack_datapack__file110,76080,Spine.Unity.SkeletonDataAsset,spine,0,,False,unavailable,,,,,
002_UnityDataAssetPack_datapack__file110,76081,Spine.Unity.SpineAtlasAsset,spine,0,,False,unavailable,,,,,
002_UnityDataAssetPack_datapack__file110,76082,Spine.Unity.SkeletonDataAsset,spine,0,,False,unavailable,,,,,
002_UnityDataAssetPack_datapack__file110,76083,Spine.Unity.SpineAtlasAsset,spine,0,,False,unavailable,,,,,
002_UnityDataAssetPack_datapack__file110,76084,Spine.Unity.SkeletonDataAsset,spine,0,,False,unavailable,,,,,
002_UnityDataAssetPack_datapack__file110,76085,Spine.Unity.SpineAtlasAsset,spine,0,,False,unavailable,,,,,
002_UnityDataAssetPack_datapack__file110,76086,Spine.Unity.SkeletonDataAsset,spine,0,,False,unavailable,,,,,
002_UnityDataAssetPack_datapack__file110,76087,Spine.Unity.SpineAtlasAsset,spine,0,,False,unavailable,,,,,
002_UnityDataAssetPack_datapack__file110,76088,Spine.Unity.SkeletonDataAsset,spine,0,,False,unavailable,,,,,
002_UnityDataAssetPack_datapack__file110,76089,Spine.Unity.SpineAtlasAsset,spine,0,,False,unavailable,,,,,
002_UnityDataAssetPack_datapack__file110,76090,Spine.Unity.SkeletonDataAsset,spine,0,,False,unavailable,,,,,
002_UnityDataAssetPack_datapack__file110,76091,Spine.Unity.SpineAtlasAsset,spine,0,,False,unavailable,,,,,
002_UnityDataAssetPack_datapack__file110,76092,Spine.Unity.SkeletonDataAsset,spine,0,,False,unavailable,,,,,
002_UnityDataAssetPack_datapack__file110,76093,Spine.Unity.SpineAtlasAsset,spine,0,,False,unavailable,,,,,
002_UnityDataAssetPack_datapack__file110,76094,Spine.Unity.SkeletonDataAsset,spine,0,,False,unavailable,,,,,
002_UnityDataAssetPack_datapack__file110,76095,Spine.Unity.SpineAtlasAsset,spine,0,,False,unavailable,,,,,
002_UnityDataAssetPack_datapack__file110,76096,Spine.Unity.SkeletonDataAsset,spine,0,,False,unavailable,,,,,
002_UnityDataAssetPack_datapack__file110,76097,Spine.Unity.SpineAtlasAsset,spine,0,,False,unavailable,,,,,
002_UnityDataAssetPack_datapack__file110,76098,Spine.Unity.SkeletonDataAsset,spine,0,,False,unavailable,,,,,
002_UnityDataAssetPack_datapack__file110,76099,Spine.Unity.SpineAtlasAsset,spine,0,,False,unavailable,,,,,
002_UnityDataAssetPack_datapack__file110,76100,Spine.Unity.SkeletonDataAsset,spine,0,,False,unavailable,,,,,
002_UnityDataAssetPack_datapack__file110,76101,Spine.Unity.SpineAtlasAsset,spine,0,,False,unavailable,,,,,
002_UnityDataAssetPack_datapack__file110,76102,Spine.Unity.SkeletonDataAsset,spine,0,,False,unavailable,,,,,
002_UnityDataAssetPack_datapack__file110,76103,Spine.Unity.SpineAtlasAsset,spine,0,,False,unavailable,,,,,
002_UnityDataAssetPack_datapack__file110,76104,Spine.Unity.SkeletonDataAsset,spine,0,,False,unavailable,,,,,
002_UnityDataAssetPack_datapack__file110,76105,Spine.Unity.SpineAtlasAsset,spine,0,,False,unavailable,,,,,
002_UnityDataAssetPack_datapack__file110,76106,Spine.Unity.SkeletonDataAsset,spine,0,,False,unavailable,,,,,
002_UnityDataAssetPack_datapack__file110,76107,Spine.Unity.SpineAtlasAsset,spine,0,,False,unavailable,,,,,
002_UnityDataAssetPack_datapack__file110,76108,Spine.Unity.SkeletonDataAsset,spine,0,,False,unavailable,,,,,
002_UnityDataAssetPack_datapack__file110,76109,Spine.Unity.SpineAtlasAsset,spine,0,,False,unavailable,,,,,
002_UnityDataAssetPack_datapack__file110,76110,Spine.Unity.SkeletonDataAsset,spine,0,,False,unavailable,,,,,
002_UnityDataAssetPack_datapack__file110,76111,Spine.Unity.SpineAtlasAsset,spine,0,,False,unavailable,,,,,
002_UnityDataAssetPack_datapack__file110,76112,Spine.Unity.SkeletonDataAsset,spine,0,,False,unavailable,,,,,
002_UnityDataAssetPack_datapack__file110,76113,Spine.Unity.SpineAtlasAsset,spine,0,,False,unavailable,,,,,
002_UnityDataAssetPack_datapack__file110,76114,Spine.Unity.SkeletonDataAsset,spine,0,,False,unavailable,,,,,
002_UnityDataAssetPack_datapack__file110,76115,Spine.Unity.SpineAtlasAsset,spine,0,,False,unavailable,,,,,
002_UnityDataAssetPack_datapack__file110,76116,Spine.Unity.SkeletonDataAsset,spine,0,,False,unavailable,,,,,
002_UnityDataAssetPack_datapack__file110,76117,Spine.Unity.SpineAtlasAsset,spine,0,,False,unavailable,,,,,
002_UnityDataAssetPack_datapack__file110,76118,Spine.Unity.SkeletonDataAsset,spine,0,,False,unavailable,,,,,
002_UnityDataAssetPack_datapack__file110,76119,Spine.Unity.SpineAtlasAsset,spine,0,,False,unavailable,,,,,
002_UnityDataAssetPack_datapack__file110,76120,Spine.Unity.SkeletonDataAsset,spine,0,,False,unavailable,,,,,
002_UnityDataAssetPack_datapack__file110,76121,Spine.Unity.SpineAtlasAsset,spine,0,,False,unavailable,,,,,
002_UnityDataAssetPack_datapack__file110,76122,Spine.Unity.SkeletonDataAsset,spine,0,,False,unavailable,,,,,
002_UnityDataAssetPack_datapack__file110,76123,Spine.Unity.SpineAtlasAsset,spine,0,,False,unavailable,,,,,
002_UnityDataAssetPack_datapack__file110,76124,Spine.Unity.SkeletonDataAsset,spine,0,,False,unavailable,,,,,
002_UnityDataAssetPack_datapack__file110,76125,Spine.Unity.SpineAtlasAsset,spine,0,,False,unavailable,,,,,
002_UnityDataAssetPack_datapack__file110,76126,Spine.Unity.SkeletonDataAsset,spine,0,,False,unavailable,,,,,
002_UnityDataAssetPack_datapack__file110,76127,Spine.Unity.SpineAtlasAsset,spine,0,,False,unavailable,,,,,
002_UnityDataAssetPack_datapack__file110,76128,Spine.Unity.SkeletonDataAsset,spine,0,,False,unavailable,,,,,
002_UnityDataAssetPack_datapack__file110,76129,Spine.Unity.SpineAtlasAsset,spine,0,,False,unavailable,,,,,
002_UnityDataAssetPack_datapack__file110,76130,Spine.Unity.SkeletonDataAsset,spine,0,,False,unavailable,,,,,
002_UnityDataAssetPack_datapack__file110,76131,Spine.Unity.SpineAtlasAsset,spine,0,,False,unavailable,,,,,
002_UnityDataAssetPack_datapack__file110,76132,Spine.Unity.SkeletonDataAsset,spine,0,,False,unavailable,,,,,
002_UnityDataAssetPack_datapack__file110,76133,Spine.Unity.SpineAtlasAsset,spine,0,,False,unavailable,,,,,
002_UnityDataAssetPack_datapack__file110,76134,Spine.Unity.SkeletonDataAsset,spine,0,,False,unavailable,,,,,
002_UnityDataAssetPack_datapack__file110,76135,Spine.Unity.SpineAtlasAsset,spine,0,,False,unavailable,,,,,
002_UnityDataAssetPack_datapack__file110,76136,Spine.Unity.SkeletonDataAsset,spine,0,,False,unavailable,,,,,
002_UnityDataAssetPack_datapack__file110,76137,Spine.Unity.SpineAtlasAsset,spine,0,,False,unavailable,,,,,
002_UnityDataAssetPack_datapack__file110,76138,Spine.Unity.SkeletonDataAsset,spine,0,,False,unavailable,,,,,
002_UnityDataAssetPack_datapack__file110,76139,Spine.Unity.SpineAtlasAsset,spine,0,,False,unavailable,,,,,
002_UnityDataAssetPack_datapack__file110,76140,Spine.Unity.SkeletonDataAsset,spine,0,,False,unavailable,,,,,
002_UnityDataAssetPack_datapack__file110,76141,Spine.Unity.SpineAtlasAsset,spine,0,,False,unavailable,,,,,
002_UnityDataAssetPack_datapack__file110,76142,Spine.Unity.SkeletonDataAsset,spine,0,,False,unavailable,,,,,
002_UnityDataAssetPack_datapack__file110,76143,Spine.Unity.SpineAtlasAsset,spine,0,,False,unavailable,,,,,
002_UnityDataAssetPack_datapack__file110,76144,Spine.Unity.SkeletonDataAsset,spine,0,,False,unavailable,,,,,
002_UnityDataAssetPack_datapack__file110,76145,Spine.Unity.SpineAtlasAsset,spine,0,,False,unavailable,,,,,
002_UnityDataAssetPack_datapack__file110,76146,Spine.Unity.SkeletonDataAsset,spine,0,,False,unavailable,,,,,
002_UnityDataAssetPack_datapack__file110,76147,Spine.Unity.SpineAtlasAsset,spine,0,,False,unavailable,,,,,
002_UnityDataAssetPack_datapack__file110,76148,Spine.Unity.SkeletonDataAsset,spine,0,,False,unavailable,,,,,
002_UnityDataAssetPack_datapack__file110,76149,Spine.Unity.SpineAtlasAsset,spine,0,,False,unavailable,,,,,
002_UnityDataAssetPack_datapack__file110,76150,Spine.Unity.SkeletonDataAsset,spine,0,,False,unavailable,,,,,
002_UnityDataAssetPack_datapack__file110,76151,Spine.Unity.SpineAtlasAsset,spine,0,,False,unavailable,,,,,
002_UnityDataAssetPack_datapack__file110,76152,Spine.Unity.SkeletonDataAsset,spine,0,,False,unavailable,,,,,
002_UnityDataAssetPack_datapack__file110,76153,Spine.Unity.SpineAtlasAsset,spine,0,,False,unavailable,,,,,
002_UnityDataAssetPack_datapack__file110,76154,Spine.Unity.SkeletonDataAsset,spine,0,,False,unavailable,,,,,
002_UnityDataAssetPack_datapack__file110,76155,Spine.Unity.SpineAtlasAsset,spine,0,,False,unavailable,,,,,
002_UnityDataAssetPack_datapack__file110,76156,Spine.Unity.SkeletonDataAsset,spine,0,,False,unavailable,,,,,
002_UnityDataAssetPack_datapack__file110,76157,Spine.Unity.SpineAtlasAsset,spine,0,,False,unavailable,,,,,
002_UnityDataAssetPack_datapack__file110,76158,Spine.Unity.SkeletonDataAsset,spine,0,,False,unavailable,,,,,
002_UnityDataAssetPack_datapack__file110,76159,Spine.Unity.SpineAtlasAsset,spine,0,,False,unavailable,,,,,
002_UnityDataAssetPack_datapack__file110,76160,Spine.Unity.SkeletonDataAsset,spine,0,,False,unavailable,,,,,
002_UnityDataAssetPack_datapack__file110,76161,Spine.Unity.SpineAtlasAsset,spine,0,,False,unavailable,,,,,
002_UnityDataAssetPack_datapack__file110,76162,Spine.Unity.SkeletonDataAsset,spine,0,,False,unavailable,,,,,
002_UnityDataAssetPack_datapack__file110,76163,Spine.Unity.SpineAtlasAsset,spine,0,,False,unavailable,,,,,
002_UnityDataAssetPack_datapack__file110,76164,Spine.Unity.SkeletonDataAsset,spine,0,,False,unavailable,,,,,
002_UnityDataAssetPack_datapack__file110,76165,Spine.Unity.SpineAtlasAsset,spine,0,,False,unavailable,,,,,
002_UnityDataAssetPack_datapack__file110,76166,Spine.Unity.SkeletonDataAsset,spine,0,,False,unavailable,,,,,
002_UnityDataAssetPack_datapack__file110,76167,Spine.Unity.SpineAtlasAsset,spine,0,,False,unavailable,,,,,
002_UnityDataAssetPack_datapack__file110,76168,Spine.Unity.SkeletonDataAsset,spine,0,,False,unavailable,,,,,
002_UnityDataAssetPack_datapack__file110,76169,Spine.Unity.SpineAtlasAsset,spine,0,,False,unavailable,,,,,
002_UnityDataAssetPack_datapack__file110,76170,Spine.Unity.SkeletonDataAsset,spine,0,,False,unavailable,,,,,
002_UnityDataAssetPack_datapack__file110,76171,Spine.Unity.SpineAtlasAsset,spine,0,,False,unavailable,,,,,
002_UnityDataAssetPack_datapack__file110,76172,Spine.Unity.SkeletonDataAsset,spine,0,,False,unavailable,,,,,
002_UnityDataAssetPack_datapack__file110,76173,Spine.Unity.SpineAtlasAsset,spine,0,,False,unavailable,,,,,
002_UnityDataAssetPack_datapack__file110,76174,Spine.Unity.SkeletonDataAsset,spine,0,,False,unavailable,,,,,
002_UnityDataAssetPack_datapack__file110,76175,Spine.Unity.SpineAtlasAsset,spine,0,,False,unavailable,,,,,
002_UnityDataAssetPack_datapack__file110,76176,Spine.Unity.SkeletonDataAsset,spine,0,,False,unavailable,,,,,
002_UnityDataAssetPack_datapack__file110,76177,Spine.Unity.SpineAtlasAsset,spine,0,,False,unavailable,,,,,
002_UnityDataAssetPack_datapack__file110,76178,Spine.Unity.SkeletonDataAsset,spine,0,,False,unavailable,,,,,
002_UnityDataAssetPack_datapack__file110,76179,Spine.Unity.SpineAtlasAsset,spine,0,,False,unavailable,,,,,
002_UnityDataAssetPack_datapack__file110,76180,Spine.Unity.SkeletonDataAsset,spine,0,,False,unavailable,,,,,
002_UnityDataAssetPack_datapack__file110,76181,Spine.Unity.SpineAtlasAsset,spine,0,,False,unavailable,,,,,
002_UnityDataAssetPack_datapack__file110,76182,Spine.Unity.SkeletonDataAsset,spine,0,,False,unavailable,,,,,
002_UnityDataAssetPack_datapack__file110,76183,Spine.Unity.SpineAtlasAsset,spine,0,,False,unavailable,,,,,
002_UnityDataAssetPack_datapack__file110,76184,Spine.Unity.SkeletonDataAsset,spine,0,,False,unavailable,,,,,
002_UnityDataAssetPack_datapack__file110,76185,Spine.Unity.SpineAtlasAsset,spine,0,,False,unavailable,,,,,
002_UnityDataAssetPack_datapack__file110,76186,Spine.Unity.SkeletonDataAsset,spine,0,,False,unavailable,,,,,
002_UnityDataAssetPack_datapack__file110,76187,Spine.Unity.SpineAtlasAsset,spine,0,,False,unavailable,,,,,
002_UnityDataAssetPack_datapack__file110,76188,Spine.Unity.SkeletonDataAsset,spine,0,,False,unavailable,,,,,
002_UnityDataAssetPack_datapack__file110,76189,Spine.Unity.SpineAtlasAsset,spine,0,,False,unavailable,,,,,
002_UnityDataAssetPack_datapack__file110,76190,Spine.Unity.SkeletonDataAsset,spine,0,,False,unavailable,,,,,
002_UnityDataAssetPack_datapack__file110,76191,Spine.Unity.SpineAtlasAsset,spine,0,,False,unavailable,,,,,
002_UnityDataAssetPack_datapack__file110,76192,Spine.Unity.SkeletonDataAsset,spine,0,,False,unavailable,,,,,
002_UnityDataAssetPack_datapack__file110,76193,Spine.Unity.SpineAtlasAsset,spine,0,,False,unavailable,,,,,
002_UnityDataAssetPack_datapack__file110,76194,Spine.Unity.SkeletonDataAsset,spine,0,,False,unavailable,,,,,
002_UnityDataAssetPack_datapack__file110,76195,Spine.Unity.SpineAtlasAsset,spine,0,,False,unavailable,,,,,
002_UnityDataAssetPack_datapack__file110,76196,Spine.Unity.SkeletonDataAsset,spine,0,,False,unavailable,,,,,
002_UnityDataAssetPack_datapack__file110,76197,Spine.Unity.SpineAtlasAsset,spine,0,,False,unavailable,,,,,
002_UnityDataAssetPack_datapack__file110,76198,Spine.Unity.SkeletonDataAsset,spine,0,,False,unavailable,,,,,
002_UnityDataAssetPack_datapack__file110,76199,Spine.Unity.SpineAtlasAsset,spine,0,,False,unavailable,,,,,
002_UnityDataAssetPack_datapack__file110,76200,Spine.Unity.SkeletonDataAsset,spine,0,,False,unavailable,,,,,
002_UnityDataAssetPack_datapack__file110,76201,Spine.Unity.SpineAtlasAsset,spine,0,,False,unavailable,,,,,
002_UnityDataAssetPack_datapack__file110,76202,Spine.Unity.SkeletonDataAsset,spine,0,,False,unavailable,,,,,
002_UnityDataAssetPack_datapack__file110,76203,Spine.Unity.SpineAtlasAsset,spine,0,,False,unavailable,,,,,
002_UnityDataAssetPack_datapack__file110,76204,Spine.Unity.SkeletonDataAsset,spine,0,,False,unavailable,,,,,
002_UnityDataAssetPack_datapack__file110,76205,Spine.Unity.SpineAtlasAsset,spine,0,,False,unavailable,,,,,
002_UnityDataAssetPack_datapack__file110,76206,Spine.Unity.SkeletonDataAsset,spine,0,,False,unavailable,,,,,
002_UnityDataAssetPack_datapack__file110,76207,Spine.Unity.SpineAtlasAsset,spine,0,,False,unavailable,,,,,
002_UnityDataAssetPack_datapack__file110,76208,Spine.Unity.SkeletonDataAsset,spine,0,,False,unavailable,,,,,
002_UnityDataAssetPack_datapack__file110,76209,Spine.Unity.SpineAtlasAsset,spine,0,,False,unavailable,,,,,
002_UnityDataAssetPack_datapack__file110,76210,Spine.Unity.SkeletonDataAsset,spine,0,,False,unavailable,,,,,
002_UnityDataAssetPack_datapack__file110,76211,Spine.Unity.SpineAtlasAsset,spine,0,,False,unavailable,,,,,
002_UnityDataAssetPack_datapack__file110,76212,Spine.Unity.SkeletonDataAsset,spine,0,,False,unavailable,,,,,
002_UnityDataAssetPack_datapack__file110,76213,Spine.Unity.SpineAtlasAsset,spine,0,,False,unavailable,,,,,
002_UnityDataAssetPack_datapack__file110,76214,Spine.Unity.SkeletonDataAsset,spine,0,,False,unavailable,,,,,
002_UnityDataAssetPack_datapack__file110,76215,Spine.Unity.SpineAtlasAsset,spine,0,,False,unavailable,,,,,
002_UnityDataAssetPack_datapack__file110,76216,Spine.Unity.SkeletonDataAsset,spine,0,,False,unavailable,,,,,
002_UnityDataAssetPack_datapack__file110,76238,SpineObject,spine,9990,/CampaignMapPart/Gate7/SpineFlag,False,unavailable,,,,,
002_UnityDataAssetPack_datapack__file110,76239,SpineObject,spine,9991,/CampaignMapPart/Gate3/SpineFlag,False,unavailable,,,,,
002_UnityDataAssetPack_datapack__file110,76263,SpineObject,spine,10009,/CampaignMapPart/Gate6/SpineFlag,False,unavailable,,,,,
002_UnityDataAssetPack_datapack__file110,76284,Spine.Unity.SkeletonGraphic,spine,10024,/CampaignMapPart/Gate3/SpineFlag/Mesh,False,unavailable,,,,,
002_UnityDataAssetPack_datapack__file110,76287,Spine.Unity.SkeletonGraphic,spine,10027,/PopupSummonHeroes/Partical,False,unavailable,,,,,
002_UnityDataAssetPack_datapack__file110,76307,SpineObject,spine,10039,/CampaignMapPart/Gate5/SpineFlag,False,unavailable,,,,,
002_UnityDataAssetPack_datapack__file110,76315,Spine.Unity.SkeletonGraphic,spine,10044,/CampaignMapPart/Gate4/SpineFlag/Mesh,False,unavailable,,,,,
002_UnityDataAssetPack_datapack__file110,76318,Spine.Unity.SkeletonGraphic,spine,10045,/PopupSummonHeroes/Image/SpineFaction/Skeleton,False,unavailable,,,,,
002_UnityDataAssetPack_datapack__file110,76323,Spine.Unity.SkeletonGraphic,spine,10049,/CampaignMapPart/Gate6/SpineFlag/Mesh,False,unavailable,,,,,
002_UnityDataAssetPack_datapack__file110,76327,SpineObject,spine,10052,/CampaignMapPart/Gate1/SpineFlag,False,unavailable,,,,,
002_UnityDataAssetPack_datapack__file110,76349,Spine.Unity.SkeletonGraphic,spine,10071,/PopupSummonHeroes/Image/SpineRank/Skeleton,False,unavailable,,,,,
002_UnityDataAssetPack_datapack__file110,76363,Spine.Unity.SkeletonGraphic,spine,10084,/WarStronghold/EffectSmoke/Spine,False,unavailable,,,,,
002_UnityDataAssetPack_datapack__file110,76391,Spine.Unity.SkeletonGraphic,spine,10102,/CampaignMapPart/Gate2/SpineFlag/Mesh,False,unavailable,,,,,
002_UnityDataAssetPack_datapack__file110,76393,SpineObject,spine,10104,/PopupSummonHeroes/Image/SpineFaction,False,unavailable,,,,,
002_UnityDataAssetPack_datapack__file110,76402,Spine.Unity.SkeletonGraphic,spine,10110,/CampaignMapPart/Gate7/SpineFlag/Mesh,False,unavailable,,,,,
002_UnityDataAssetPack_datapack__file110,76403,SpineObject,spine,10111,/CampaignMapPart/Gate4/SpineFlag,False,unavailable,,,,,
002_UnityDataAssetPack_datapack__file110,76427,Spine.Unity.SkeletonGraphic,spine,10124,/CampaignMapPart/Gate5/SpineFlag/Mesh,False,unavailable,,,,,
002_UnityDataAssetPack_datapack__file110,76433,SpineObject,spine,10127,/PopupSummonHeroes/Image/SpineRank,False,unavailable,,,,,
002_UnityDataAssetPack_datapack__file110,76441,Spine.Unity.SkeletonGraphic,spine,10133,/CampaignMapPart/Gate1/SpineFlag/Mesh,False,unavailable,,,,,
002_UnityDataAssetPack_datapack__file110,76446,SpineObject,spine,10137,/CampaignMapPart/Gate2/SpineFlag,False,unavailable,,,,,
002_UnityDataAssetPack_datapack__file110,76515,Spine.Unity.SkeletonGraphic,spine,19604,/PopupSelectGameItem/PanelBody/GameItemTick/GameItem/ItemArtifactUI/MaskSpineBorder/SpineBoder/Skeleton,False,unavailable,,,,,
002_UnityDataAssetPack_datapack__file110,76516,Spine.Unity.SkeletonGraphic,spine,19603,/GameItem/ItemArtifactUI/MaskSpineBorder/SpineBoder/Skeleton,False,unavailable,,,,,
002_UnityDataAssetPack_datapack__file110,76605,Spine.Unity.SkeletonGraphic,spine,16563,/PopupGuildWarPlayerInfo/Content/Body/PlayerInfo/BoxRewards/HLayout/Wrapper2/GameItem/SpineHighlight/Skeleton,False,unavailable,,,,,
002_UnityDataAssetPack_datapack__file110,76608,SpineObject,spine,25534,/PanelEasterPrayEvent/Bgr/PanelStatue/GroupStatue/ItemStatue/HeroStatue/avatar_statue/GameItem/SpineHighlight,False,unavailable,,,,,
002_UnityDataAssetPack_datapack__file110,76612,Spine.Unity.SkeletonGraphic,spine,25818,/GGEasterPrayEvent/Content/BoxStatues/GroupStatue/EasterStatue (2)/RootScale/GameItem/ItemEquipmentUI/MaskSpineBorder/SpineBoder/Skeleton,False,unavailable,,,,,
002_UnityDataAssetPack_datapack__file110,76628,SpineObject,spine,32578,/GameItemEvent/GameItem/ItemEquipmentUI/MaskSpineBorder/SpineBoder,False,unavailable,,,,,
002_UnityDataAssetPack_datapack__file110,76648,SpineObject,spine,25630,/PopupSelectReward/Body/GroupSlot/RewardSelect1/GameItem/SpineHighlight,False,unavailable,,,,,
002_UnityDataAssetPack_datapack__file110,76658,SpineObject,spine,19866,/PopupGuildRaid/Body/BoxBoss/GuildBossUI /GroupPrayBoss/RoundSignup/SpineSignup,False,unavailable,,,,,
002_UnityDataAssetPack_datapack__file110,76664,SpineObject,spine,19548,/PopupEventMonopoly/ImageBgr/DiceTable/GroupRolling/DiceRollingSpine,False,unavailable,,,,,
002_UnityDataAssetPack_datapack__file110,76750,Spine.Unity.SkeletonGraphic,spine,25638,/ItemEquipmentUI/MaskSpineBorder/SpineBoder/Skeleton,False,unavailable,,,,,
002_UnityDataAssetPack_datapack__file110,76785,SpineObject,spine,12293,/PopupGuildSkill/Body/BoxTech/SpineUpTech,False,unavailable,,,,,
002_UnityDataAssetPack_datapack__file110,76843,Spine.Unity.SkeletonGraphic,spine,10916,/PopupFriend/Bgr/Content/PanelContent/FriendApply/FriendRecommend/PlayerAvatar/EffectSpecial,False,unavailable,,,,,
002_UnityDataAssetPack_datapack__file110,77019,SpineObject,spine,12146,/PopupUpgradeDaffodil/Bgr/Content/BgrInfo/PanelLevelNext/EffectUpgrade,False,unavailable,,,,,
002_UnityDataAssetPack_datapack__file110,77067,Spine.Unity.SkeletonGraphic,spine,15208,/PopupBraveReward/PanelBody/GroupChest/ChestBraveReward2/SpineChest,False,unavailable,,,,,
002_UnityDataAssetPack_datapack__file110,77123,Spine.Unity.SkeletonGraphic,spine,14584,/HeroReplace/SpineHero,False,unavailable,,,,,
002_UnityDataAssetPack_datapack__file110,77285,Spine.Unity.SkeletonGraphic,spine,12214,/PopupUpgradeHeroStone/Body/BoxStoneContainer/BoxStone1/SpineEffectBox1/SkeletonGraphic,False,unavailable,,,,,
002_UnityDataAssetPack_datapack__file110,77295,Spine.Unity.SkeletonAnimation,spine,14341,,False,unavailable,,,,,
002_UnityDataAssetPack_datapack__file110,77536,SpineObject,spine,15173,/PopupSelectReward/Body/GroupSlot/RewardSelect3,False,unavailable,,,,,
002_UnityDataAssetPack_datapack__file110,77601,SpineObject,spine,10502,/PopupBraveReward/PanelBody/GroupChest/ChestBraveReward4,False,unavailable,,,,,
002_UnityDataAssetPack_datapack__file110,77733,SpineObject,spine,10546,/ButtonLineupAura/AuraActive,False,unavailable,,,,,
002_UnityDataAssetPack_datapack__file110,77782,Spine.Unity.SkeletonGraphic,spine,15460,/PanelLoading/PanelBlock/BgrLoading/SpineLoading,False,unavailable,,,,,
002_UnityDataAssetPack_datapack__file110,77924,Spine.Unity.SkeletonGraphic,spine,15472,/PopupUpgradeArtifact/Body/BoxUpgrade/SpineEffect/SkeletonGraphic,False,unavailable,,,,,
002_UnityDataAssetPack_datapack__file110,77983,SpineObject,spine,11719,/PopupUpgradeMine/Bgr/Content/BgrInfo/PanelLevelCurr/EffectUpgrade,False,unavailable,,,,,
002_UnityDataAssetPack_datapack__file110,78008,Spine.Unity.SkeletonGraphic,spine,15189,/GoSwordClang/Skeleton,False,unavailable,,,,,
002_UnityDataAssetPack_datapack__file110,78023,Spine.Unity.SkeletonGraphic,spine,15041,/PopupPet/BoxInfo/PanelPassiveBuff/EffectUpgrade/Spine,False,unavailable,,,,,
002_UnityDataAssetPack_datapack__file110,78048,SpineObject,spine,15112,/PopupShop/Content/bgr/child_bgr/CellPopupShop/ShopItem/SpineEffect,False,unavailable,,,,,
002_UnityDataAssetPack_datapack__file110,78436,SpineObject,spine,11629,/PopupUpgradeMine/Bgr/Content/BgrInfo/PanelLevelNext/EffectUpgrade,False,unavailable,,,,,
002_UnityDataAssetPack_datapack__file110,78597,Spine.Unity.SkeletonGraphic,spine,11333,/HeroShadow/Mesh,False,unavailable,,,,,
002_UnityDataAssetPack_datapack__file110,78677,Spine.Unity.SkeletonGraphic,spine,10393,/PopupPlayerInfo/Content/Body/PlayerInfo/PlayerAvatar/EffectSpecial,False,unavailable,,,,,
002_UnityDataAssetPack_datapack__file110,78690,SpineObject,spine,13869,/PopupUpgradeBuilding/Bgr/Content/BgrInfo/PanelLevelCurr/EffectUpgrade,False,unavailable,,,,,
002_UnityDataAssetPack_datapack__file110,78717,Spine.Unity.SkeletonGraphic,spine,13887,/PopupPet/BoxInfo/PanelLevel/EffectUpgrade/Spine,False,unavailable,,,,,
002_UnityDataAssetPack_datapack__file110,78730,SpineObject,spine,14724,/PopupLevelUp/EffectLevelUp,False,unavailable,,,,,
002_UnityDataAssetPack_datapack__file110,78772,Spine.Unity.SkeletonGraphic,spine,15171,/PopupGuildBossAttack/Body/BoxBoss/BossFrame/Clip/CanvasHero/Mesh/Skeleton,False,unavailable,,,,,
002_UnityDataAssetPack_datapack__file110,78791,SpineObject,spine,11792,/PopupPet/BoxSpine/SpineEffect,False,unavailable,,,,,
002_UnityDataAssetPack_datapack__file110,79141,Spine.Unity.SkeletonGraphic,spine,13171,/ButtonLineupAura/AuraActive/SpineAura,False,unavailable,,,,,
002_UnityDataAssetPack_datapack__file110,79320,Spine.Unity.SkeletonGraphic,spine,12002,/PopupBraveReward/PanelBody/GroupChest/ChestBraveReward4/SpineChest,False,unavailable,,,,,
002_UnityDataAssetPack_datapack__file110,79432,SpineObject,spine,13254,/PopupBraveReward/PanelBody/GroupChest/ChestBraveReward1,False,unavailable,,,,,
002_UnityDataAssetPack_datapack__file110,79596,SpineObject,spine,11225,/PopupUpgradeArtifact/Body/BoxUpgrade/SpineEffect,False,unavailable,,,,,
002_UnityDataAssetPack_datapack__file110,79955,Spine.Unity.SkeletonGraphic,spine,13720,/PopupBraveReward/PanelBody/GroupChest/ChestBraveReward5/SpineChest,False,unavailable,,,,,
002_UnityDataAssetPack_datapack__file110,79967,Spine.Unity.SkeletonAnimation,spine,12933,,False,unavailable,,,,,
002_UnityDataAssetPack_datapack__file110,79984,Spine.Unity.SkeletonGraphic,spine,12929,/PopupSelectReward/Body/GroupSlot/RewardSelect3/SpineSelect,False,unavailable,,,,,
002_UnityDataAssetPack_datapack__file110,80121,SpineObject,spine,13817,/PopupBraveReward/PanelBody/GroupChest/ChestBraveReward2,False,unavailable,,,,,
002_UnityDataAssetPack_datapack__file110,80217,Spine.Unity.SkeletonGraphic,spine,12404,/BadgeLose/SpineBadge,False,unavailable,,,,,
002_UnityDataAssetPack_datapack__file110,80244,Spine.Unity.SkeletonGraphic,spine,13445,/PopupFormation/PanelTop/ImageBody/BoxAura/BoxAuraDetail/AuraTitle/ButtonLineupAura/AuraActive/SpineAura,False,unavailable,,,,,
002_UnityDataAssetPack_datapack__file110,80252,Spine.Unity.SkeletonGraphic,spine,10766,/IslandUp/ImageIslandLoot/SpineAttack,False,unavailable,,,,,
002_UnityDataAssetPack_datapack__file110,80375,Spine.Unity.SkeletonGraphic,spine,12739,/IslandFirst/ImageIslandLoot/SpineAttack,False,unavailable,,,,,
002_UnityDataAssetPack_datapack__file110,80403,SpineObject,spine,10594,/PopupBraveReward/PanelBody/GroupChest/ChestBraveReward3,False,unavailable,,,,,
002_UnityDataAssetPack_datapack__file110,80421,Spine.Unity.SkeletonGraphic,spine,12817,/PopupFormationTest/PopupStat/Preview/New SkeletonGraphic,False,unavailable,,,,,
002_UnityDataAssetPack_datapack__file110,80430,Spine.Unity.SkeletonGraphic,spine,10744,/HealthBar/Bar/SpineRageFull,False,unavailable,,,,,
002_UnityDataAssetPack_datapack__file110,80610,Spine.Unity.SkeletonGraphic,spine,14789,/PopupUpgradeBuilding/Bgr/Content/BgrInfo/PanelLevelCurr/EffectUpgrade/Spine,False,unavailable,,,,,
002_UnityDataAssetPack_datapack__file110,80737,Spine.Unity.SkeletonGraphic,spine,12788,/BadgeWin/SpineBadge,False,unavailable,,,,,
002_UnityDataAssetPack_datapack__file110,80802,Spine.Unity.SkeletonGraphic,spine,12882,/PopupUpgradeMine/Bgr/Content/BgrInfo/PanelLevelNext/EffectUpgrade/Spine,False,unavailable,,,,,
002_UnityDataAssetPack_datapack__file110,80840,Spine.Unity.SkeletonGraphic,spine,15546,/CanvasHero/Mesh/Skeleton,False,unavailable,,,,,
002_UnityDataAssetPack_datapack__file110,80841,Spine.Unity.SkeletonGraphic,spine,15547,/CanvasHeroFk/Mesh/Skeleton,False,unavailable,,,,,
002_UnityDataAssetPack_datapack__file110,81024,SpineObject,spine,11300,/PopupPet/BoxInfo/PanelPassiveBuff/EffectUpgrade,False,unavailable,,,,,
002_UnityDataAssetPack_datapack__file110,81252,Spine.Unity.SkeletonGraphic,spine,13602,/PanelLoadingInstant/PanelBlock/BgrLoading/SpineLoading,False,unavailable,,,,,
002_UnityDataAssetPack_datapack__file110,81255,SpineObject,spine,13997,/PopupPet/BoxInfo/PanelLevel/EffectUpgrade,False,unavailable,,,,,
002_UnityDataAssetPack_datapack__file110,81486,Spine.Unity.SkeletonGraphic,spine,13194,/PopupSelectReward/Body/GroupSlot/RewardSelect2/SpineSelect,False,unavailable,,,,,
002_UnityDataAssetPack_datapack__file110,81630,Spine.Unity.SkeletonGraphic,spine,15012,/PopupShop/Content/bgr/child_bgr/CellPopupShop/ShopItem/SpineEffect/SkeletonGraphic,False,unavailable,,,,,
002_UnityDataAssetPack_datapack__file110,81656,Spine.Unity.SkeletonAnimation,spine,12988,,False,unavailable,,,,,
002_UnityDataAssetPack_datapack__file110,81657,Spine.Unity.SkeletonAnimation,spine,12989,,False,unavailable,,,,,
002_UnityDataAssetPack_datapack__file110,81694,SpineObject,spine,15614,/PopupUpgradeHeroStone/Body/BoxStoneContainer/BoxStone2/SpineEffectBox2,False,unavailable,,,,,
002_UnityDataAssetPack_datapack__file110,81783,Spine.Unity.SkeletonGraphic,spine,11169,/PopupFriend/Bgr/Content/PanelContent/FriendList/FriendItem/PlayerAvatar/EffectSpecial,False,unavailable,,,,,
002_UnityDataAssetPack_datapack__file110,81947,Spine.Unity.SkeletonGraphic,spine,15066,/SwiftBird/Spine,False,unavailable,,,,,
002_UnityDataAssetPack_datapack__file110,82155,Spine.Unity.SkeletonAnimation,spine,13079,,False,unavailable,,,,,
002_UnityDataAssetPack_datapack__file110,82228,UnityEngine.UI.CanvasScaler,canvas_scaler,15074,/CanvasPopup,True,unavailable,,,,,
002_UnityDataAssetPack_datapack__file110,82267,Spine.Unity.SkeletonGraphic,spine,11570,/PopupUpgradeDaffodil/Bgr/Content/BgrInfo/PanelLevelCurr/EffectUpgrade/Spine,False,unavailable,,,,,
002_UnityDataAssetPack_datapack__file110,82376,SpineObject,spine,15579,/PopupUpgradeDaffodil/Bgr/Content/BgrInfo/PanelLevelCurr/EffectUpgrade,False,unavailable,,,,,
002_UnityDataAssetPack_datapack__file110,82382,Spine.Unity.SkeletonGraphic,spine,12241,/PopupPet/BoxSpine/SpinePet,False,unavailable,,,,,
002_UnityDataAssetPack_datapack__file110,82524,SpineObject,spine,10805,/PopupSelectReward/Body/GroupSlot/RewardSelect1,False,unavailable,,,,,
002_UnityDataAssetPack_datapack__file110,82537,Spine.Unity.SkeletonGraphic,spine,11242,/GGShelterMissionEvent/Content/GroupHeroes/SlotHeroShelter/SpineHero/Skeleton,False,unavailable,,,,,
002_UnityDataAssetPack_datapack__file110,82538,Spine.Unity.SkeletonGraphic,spine,11243,/PanelShelterMissionEvent/Bgr/ScrollViewReward/SlotHero/Skeleton_Hero,False,unavailable,,,,,
002_UnityDataAssetPack_datapack__file110,82614,Spine.Unity.SkeletonGraphic,spine,13468,/PopupUpgradeHeroStone/Body/BoxStoneContainer/BoxStone2/SpineEffectBox2/SkeletonGraphic,False,unavailable,,,,,
002_UnityDataAssetPack_datapack__file110,82867,Spine.Unity.SkeletonGraphic,spine,12953,/PopupUpgradeDaffodil/Bgr/Content/BgrInfo/PanelLevelNext/EffectUpgrade/Spine,False,unavailable,,,,,
002_UnityDataAssetPack_datapack__file110,82977,Spine.Unity.SkeletonAnimation,spine,12348,,False,unavailable,,,,,
002_UnityDataAssetPack_datapack__file110,82989,Spine.Unity.SkeletonGraphic,spine,14021,/PopupBraveReward/PanelBody/GroupChest/ChestBraveReward1/SpineChest,False,unavailable,,,,,
002_UnityDataAssetPack_datapack__file110,82990,Spine.Unity.SkeletonGraphic,spine,12916,/PlayerAvatar/EffectSpecial,False,unavailable,,,,,
002_UnityDataAssetPack_datapack__file110,83059,Spine.Unity.SkeletonGraphic,spine,14642,/BadgeHalo/SpineBadge,False,unavailable,,,,,
002_UnityDataAssetPack_datapack__file110,83132,SpineObject,spine,13033,/PopupUpgradeHeroStone/Body/BoxStoneContainer/BoxStone1/SpineEffectBox1,False,unavailable,,,,,
002_UnityDataAssetPack_datapack__file110,83134,Spine.Unity.SkeletonGraphic,spine,12954,/PopupSelectReward/Body/GroupSlot/RewardSelect1/SpineSelect,False,unavailable,,,,,
002_UnityDataAssetPack_datapack__file110,83246,Spine.Unity.SkeletonGraphic,spine,13516,/PanelFightBossEvent/Bgr/PanelContent/PanelBoss/SpineBoss/Skeleton,False,unavailable,,,,,
002_UnityDataAssetPack_datapack__file110,83247,Spine.Unity.SkeletonGraphic,spine,13517,/GGFightBossEvent/Content/PanelBoss/BossEvent/Skeleton,False,unavailable,,,,,
002_UnityDataAssetPack_datapack__file110,83345,Spine.Unity.SkeletonGraphic,spine,14795,/DungeonMerchantMen/Mesh/Skeleton,False,unavailable,,,,,
002_UnityDataAssetPack_datapack__file110,83447,Spine.Unity.SkeletonGraphic,spine,10976,/PanelHeroInfo/RightPart/BoxInfo/PanelEquipment/SlotStone/SpineUnlock,False,unavailable,,,,,
002_UnityDataAssetPack_datapack__file110,83553,Spine.Unity.SkeletonGraphic,spine,12061,/PanelFightBossEvent/Bgr/PanelContent/PanelBoss/SpineHit,False,unavailable,,,,,
002_UnityDataAssetPack_datapack__file110,83554,Spine.Unity.SkeletonGraphic,spine,12062,/GGFightBossEvent/Content/PanelBoss/SpineHit/Skeleton,False,unavailable,,,,,
002_UnityDataAssetPack_datapack__file110,83682,SpineObject,spine,11404,/PopupFormation/PanelTop/ImageBody/BoxAura/BoxAuraDetail/AuraTitle/ButtonLineupAura/AuraActive,False,unavailable,,,,,
002_UnityDataAssetPack_datapack__file110,83698,SpineObject,spine,13982,/PopupBraveReward/PanelBody/GroupChest/ChestBraveReward5,False,unavailable,,,,,
002_UnityDataAssetPack_datapack__file110,83827,Spine.Unity.SkeletonUtilityBone,spine,12988,,False,unavailable,,,,,
002_UnityDataAssetPack_datapack__file110,83828,Spine.Unity.SkeletonUtilityBone,spine,12989,,False,unavailable,,,,,
002_UnityDataAssetPack_datapack__file110,83929,Spine.Unity.SkeletonGraphic,spine,15388,/PopupPet/BoxSpine/SpineEffect/Mesh,False,unavailable,,,,,
002_UnityDataAssetPack_datapack__file110,83950,Spine.Unity.SkeletonGraphic,spine,15696,/PopupLevelUp/EffectLevelUp/Spine,False,unavailable,,,,,
002_UnityDataAssetPack_datapack__file110,83955,Spine.Unity.SkeletonGraphic,spine,11832,/PopupGuildSkill/Body/BoxTech/SpineUpTech/Mesh,False,unavailable,,,,,
002_UnityDataAssetPack_datapack__file110,83973,Spine.Unity.SkeletonGraphic,spine,15420,/IslandDown/ImageIslandLoot/SpineAttack,False,unavailable,,,,,
002_UnityDataAssetPack_datapack__file110,84035,SpineObject,spine,15590,/PopupSelectReward/Body/GroupSlot/RewardSelect2,False,unavailable,,,,,
002_UnityDataAssetPack_datapack__file110,84071,UnityEngine.UI.CanvasScaler,canvas_scaler,14080,/Canvas,True,unavailable,,,,,
002_UnityDataAssetPack_datapack__file110,84272,Spine.Unity.SkeletonGraphic,spine,13839,/PopupUpgradeBuilding/Bgr/Content/BgrInfo/PanelLevelNext/EffectUpgrade/Spine,False,unavailable,,,,,
002_UnityDataAssetPack_datapack__file110,84277,Spine.Unity.SkeletonGraphic,spine,13825,/PopupBraveReward/PanelBody/GroupChest/ChestBraveReward3/SpineChest,False,unavailable,,,,,
002_UnityDataAssetPack_datapack__file110,84316,Spine.Unity.SkeletonGraphic,spine,11648,/PopupPlayerInfo3/Content/Body/PlayerInfo/PlayerAvatar/EffectSpecial,False,unavailable,,,,,
002_UnityDataAssetPack_datapack__file110,84339,Spine.Unity.SkeletonGraphic,spine,11314,/PopupChangeAvatar/Body/BoxAvatars/CellAvatar/EffectSpecial,False,unavailable,,,,,
002_UnityDataAssetPack_datapack__file110,84353,SpineObject,spine,14180,/PopupUpgradeBuilding/Bgr/Content/BgrInfo/PanelLevelNext/EffectUpgrade,False,unavailable,,,,,
002_UnityDataAssetPack_datapack__file110,84361,Spine.Unity.SkeletonGraphic,spine,10913,/PopupFriend/Bgr/Content/PanelContent/FriendListApply/FriendApplication/PlayerAvatar/EffectSpecial,False,unavailable,,,,,
002_UnityDataAssetPack_datapack__file110,84376,Spine.Unity.SkeletonGraphic,spine,15418,/PopupUpgradeMine/Bgr/Content/BgrInfo/PanelLevelCurr/EffectUpgrade/Spine,False,unavailable,,,,,
002_UnityDataAssetPack_datapack__file110,84431,Spine.Unity.SkeletonAnimation,spine,14282,,False,unavailable,,,,,
002_UnityDataAssetPack_datapack__file110,84432,Spine.Unity.SkeletonAnimation,spine,14283,,False,unavailable,,,,,
002_UnityDataAssetPack_datapack__file110,84488,SpineObject,spine,32866,/PopupSellItem/Content/GameItem/ItemEquipmentUI/MaskSpineBorder/SpineBoder,False,unavailable,,,,,
002_UnityDataAssetPack_datapack__file110,84509,SpineObject,spine,32833,/PopupSelectReward/Body/GroupSlot/RewardSelect3/GameItem/ItemEquipmentUI/MaskSpineBorder/SpineBoder,False,unavailable,,,,,
002_UnityDataAssetPack_datapack__file110,84533,SpineObject,spine,25755,/CellDailyQuest/GroupReward/GameItemContainer1/GameItem/SpineHighlight,False,unavailable,,,,,
002_UnityDataAssetPack_datapack__file110,84534,SpineObject,spine,23855,/PopupMFSelectRelic/Background/CardRelic/CardFront/SpineCardOpen,False,unavailable,,,,,
002_UnityDataAssetPack_datapack__file110,84535,SpineObject,spine,23856,/PopupMFShowRelic/Background/CardRelic/CardFront/SpineCardOpen,False,unavailable,,,,,
002_UnityDataAssetPack_datapack__file110,84540,SpineObject,spine,29195,/GameItemEvent/GameItem/ItemArtifactUI/MaskSpineBorder/SpineBoder,False,unavailable,,,,,
002_UnityDataAssetPack_datapack__file110,84623,Spine.Unity.SkeletonGraphic,spine,19806,/PopupGuildBossRewards/Body/CellGuildBossReward/GameItemContainer1/GameItem1/ItemArtifactUI/MaskSpineBorder/SpineBoder/Skeleton,False,unavailable,,,,,
002_UnityDataAssetPack_datapack__file110,84753,SpineObject,spine,29137,/PopupSellItem/Content/GameItem/ItemArtifactUI/MaskSpineBorder/SpineBoder,False,unavailable,,,,,
002_UnityDataAssetPack_datapack__file110,84758,Spine.Unity.SkeletonGraphic,spine,28495,/GGBrokenSpaceEventV2/Content/GroupStage/BrokenSpaceStage (3)/SpineAttack/Skeleton,False,unavailable,,,,,
002_UnityDataAssetPack_datapack__file110,84761,Spine.Unity.SkeletonGraphic,spine,22200,/PanelHeroInfo/HeroBox/ImageBoard/SpineFaction/Skeleton,False,unavailable,,,,,
002_UnityDataAssetPack_datapack__file110,84793,SpineObject,spine,29150,/PopupSelectReward/Body/GroupSlot/RewardSelect3/GameItem/ItemArtifactUI/MaskSpineBorder/SpineBoder,False,unavailable,,,,,
002_UnityDataAssetPack_datapack__file110,84801,SpineObject,spine,25738,/PopupGuildMill/Body/BoxOrder/CellMillOrder/Bonus/GameItem2/SpineHighlight,False,unavailable,,,,,
002_UnityDataAssetPack_datapack__file110,85108,Spine.Unity.SkeletonAnimation,spine,16423,,False,unavailable,,,,,
002_UnityDataAssetPack_datapack__file110,85113,Spine.Unity.SkeletonUtilityBone,spine,16423,,False,unavailable,,,,,
002_UnityDataAssetPack_datapack__file110,85117,Spine.Unity.SkeletonGraphic,spine,26352,/CellRaidChallenge/GroupReward/GI_Wrapper/GameItem/ItemEquipmentUI/MaskSpineBorder/SpineBoder/Skeleton,False,unavailable,,,,,
002_UnityDataAssetPack_datapack__file110,85122,Spine.Unity.SkeletonGraphic,spine,17834,/TapSkillEffect/SpineObject/Mesh/Skeleton,False,unavailable,,,,,
002_UnityDataAssetPack_datapack__file110,85123,Spine.Unity.SkeletonGraphic,spine,17835,/TapSpellEffect/SpineEffect/Mesh/Skeleton,False,unavailable,,,,,
002_UnityDataAssetPack_datapack__file110,85124,Spine.Unity.SkeletonGraphic,spine,17836,/TapSpellEffect/SpineEffect/Mesh/Skeleton,False,unavailable,,,,,
002_UnityDataAssetPack_datapack__file110,85125,Spine.Unity.SkeletonGraphic,spine,17837,/TapHitEffect/SpineHit/Mesh/Skeleton,False,unavailable,,,,,
002_UnityDataAssetPack_datapack__file110,85126,Spine.Unity.SkeletonGraphic,spine,17838,/TapAppearEffect/SpineAppear/Mesh/Skeleton,False,unavailable,,,,,
002_UnityDataAssetPack_datapack__file110,85127,Spine.Unity.SkeletonGraphic,spine,17839,/TapHealingEffect/SpineHealing/Mesh/Skeleton,False,unavailable,,,,,
002_UnityDataAssetPack_datapack__file110,85128,Spine.Unity.SkeletonGraphic,spine,17840,/TapAppearEffect/SpineAppear/Mesh/Skeleton,False,unavailable,,,,,
002_UnityDataAssetPack_datapack__file110,85129,Spine.Unity.SkeletonGraphic,spine,17841,/TapHealingEffect/SpineHealing/Mesh/Skeleton,False,unavailable,,,,,
002_UnityDataAssetPack_datapack__file110,85184,Spine.Unity.SkeletonGraphic,spine,23007,/PopupMFStage/Content/ImageBody/GroupTop/BoxLineUp/Lineup/HeroesLineup/BackLine/MFHeroHead (4)/SpineEff/Skeleton,False,unavailable,,,,,
002_UnityDataAssetPack_datapack__file110,85308,Spine.Unity.SkeletonGraphic,spine,19387,/GameItemFeeEquip/GameItem/ItemArtifactUI/MaskSpineBorder/SpineBoder/Skeleton,False,unavailable,,,,,
002_UnityDataAssetPack_datapack__file110,85336,Spine.Unity.SkeletonGraphic,spine,26221,/PopupTarvenQuest/Content/Body/TopGroup/GameItem/ItemEquipmentUI/MaskSpineBorder/SpineBoder/Skeleton,False,unavailable,,,,,
002_UnityDataAssetPack_datapack__file110,85445,Spine.Unity.SkeletonGraphic,spine,16733,/TowerStage/HeroWrapper/CanvasHero/Mesh/Skeleton,False,unavailable,,,,,
002_UnityDataAssetPack_datapack__file110,85454,Spine.Unity.SkeletonGraphic,spine,23367,/PopupMFStage/Content/ImageBody/GroupTop/BoxLineUp/Lineup/HeroesLineup/BackLine/MFHeroHead (5)/SpineEff/Skeleton,False,unavailable,,,,,
002_UnityDataAssetPack_datapack__file110,85520,Spine.Unity.SkeletonGraphic,spine,25916,/PopupPrayForFire/Body/BgrPanel/PanelStart/Panelbattle/SpineBattle/Skeleton,False,unavailable,,,,,
002_UnityDataAssetPack_datapack__file110,85521,SpineObject,spine,21596,/PopupHeroesFk/Content/BoxHeroSpine/EffectUnlock,False,unavailable,,,,,
002_UnityDataAssetPack_datapack__file110,85522,SpineObject,spine,21597,/PopupHeroesFk2/Content/BoxHeroSpine/EffectUnlock,False,unavailable,,,,,
002_UnityDataAssetPack_datapack__file110,85571,Spine.Unity.SkeletonGraphic,spine,17065,/WarTent/EffectSmoke/Spine,False,unavailable,,,,,
002_UnityDataAssetPack_datapack__file110,85625,SpineObject,spine,21466,/PopupHeroESkill/Body/BoxChiPoint/MedMan/Group/GroupStar/StarFlash,False,unavailable,,,,,
002_UnityDataAssetPack_datapack__file110,85632,Spine.Unity.SkeletonGraphic,spine,28916,/GGBrokenSpaceEventV2/Content/GroupStage/BrokenSpaceStage/SpineAttack/Skeleton,False,unavailable,,,,,
002_UnityDataAssetPack_datapack__file110,85633,Spine.Unity.SkeletonGraphic,spine,16542,/PopupPrayForFire/Body/BgrPanel/PanelStart/PanelSignup/RoundSignup/SpineSignup/Skeleton,False,unavailable,,,,,
002_UnityDataAssetPack_datapack__file110,85685,Spine.Unity.SkeletonGraphic,spine,19557,/CellRaidChallenge/GroupReward/GI_Wrapper/GameItem/ItemArtifactUI/MaskSpineBorder/SpineBoder/Skeleton,False,unavailable,,,,,
002_UnityDataAssetPack_datapack__file110,85802,Spine.Unity.SkeletonGraphic,spine,17042,/PopupLineupFk/Content/BoxLineup/HeroSlotFk (3)/Wrapper/CanvasHeroFk (3)/Mesh/Skeleton,False,unavailable,,,,,
002_UnityDataAssetPack_datapack__file110,85803,Spine.Unity.SkeletonGraphic,spine,17043,/PopupLineupFk2/Content/BoxLineup/HeroSlotFk (3)/Wrapper/CanvasHeroFk (3)/Mesh/Skeleton,False,unavailable,,,,,
002_UnityDataAssetPack_datapack__file110,85924,Spine.Unity.SkeletonGraphic,spine,16892,/PopupAllStarsTop2/Body/BoxPlayIn2/BoxAllStarsPlayer1/PlayerAvatar/EffectSpecial,False,unavailable,,,,,
002_UnityDataAssetPack_datapack__file110,85925,Spine.Unity.SkeletonGraphic,spine,16893,/PopupAllStarsTop4/Body/BoxPlayIn2/BoxAllStarsPlayer1/PlayerAvatar/EffectSpecial,False,unavailable,,,,,
002_UnityDataAssetPack_datapack__file110,85963,Spine.Unity.SkeletonGraphic,spine,18785,/PopupGuildBossTopDmg/Body/CellGuildBossDmg/GameItem2/GameItem2/ItemArtifactUI/MaskSpineBorder/SpineBoder/Skeleton,False,unavailable,,,,,
002_UnityDataAssetPack_datapack__file110,85998,Spine.Unity.SkeletonGraphic,spine,21068,/PanelHeroInfo/HeroBox/EffectHeroUp/Spine,False,unavailable,,,,,
002_UnityDataAssetPack_datapack__file110,86092,Spine.Unity.SkeletonGraphic,spine,17703,/PanelExchangeEquipEvent/CellExchangeEquip/GroupReqEquip/ReqEquip (1)/ItemEquipmentUI/MaskSpineBorder/SpineBoder/Skeleton,False,unavailable,,,,,
002_UnityDataAssetPack_datapack__file110,86117,SpineObject,spine,32797,/PopupDiceTarotCardFake/Body/Bgr/Content/DiceTarotCardFake/SpineCard,False,unavailable,,,,,
002_UnityDataAssetPack_datapack__file110,86148,Spine.Unity.SkeletonGraphic,spine,18604,/PopupUpgradeHeroFake/HeroBox/EffectHeroAwake/Spine,False,unavailable,,,,,
002_UnityDataAssetPack_datapack__file110,86209,Spine.Unity.SkeletonGraphic,spine,17233,/CellRaidChallenge/GroupReward/GI_Wrapper/GameItem/SpineHighlight/Skeleton,False,unavailable,,,,,
002_UnityDataAssetPack_datapack__file110,86276,Spine.Unity.SkeletonGraphic,spine,17121,/PopupBravePlayer/Content/ImageBody/Top/PlayerInfo/PlayerAvatar/EffectSpecial,False,unavailable,,,,,
002_UnityDataAssetPack_datapack__file110,86291,SpineObject,spine,24427,/GGDauDanhTrangEvent/CellReward/DauDanhTrangItem/ScaleGameItem/GameItem/SpineHighlight,False,unavailable,,,,,
002_UnityDataAssetPack_datapack__file110,86292,SpineObject,spine,24428,/PanelDauDanhTrangEvent/CellDauDanhTrangReward/DauDanhTrangItem/ScaleGameItem/GameItem/SpineHighlight,False,unavailable,,,,,
002_UnityDataAssetPack_datapack__file110,86307,Spine.Unity.SkeletonGraphic,spine,19106,/PanelHeroLotteryEvent/CellHeroLottery/PanelHeroTo/GameItem/ItemArtifactUI/MaskSpineBorder/SpineBoder/Skeleton,False,unavailable,,,,,
002_UnityDataAssetPack_datapack__file110,86321,Spine.Unity.SkeletonGraphic,spine,17315,/PopupTarvenQuest/Content/Body/TopGroup/GameItem/SpineHighlight/Skeleton,False,unavailable,,,,,
002_UnityDataAssetPack_datapack__file110,86347,SpineObject,spine,24847,/Popup7DaysEvent/Bgr/Content/PanelContent/PanelDiscount/Bgr/GameItem/SpineHighlight,False,unavailable,,,,,
002_UnityDataAssetPack_datapack__file110,86384,SpineObject,spine,30717,/GameItemWrapper/GameItem/ItemEquipmentUI/MaskSpineBorder/SpineBoder,False,unavailable,,,,,
002_UnityDataAssetPack_datapack__file110,86399,Spine.Unity.SkeletonGraphic,spine,17396,/PopupAllStarsTop2/Body/BoxPlayIn2/BoxAllStarsPlayer2/PlayerAvatar/EffectSpecial,False,unavailable,,,,,
002_UnityDataAssetPack_datapack__file110,86400,Spine.Unity.SkeletonGraphic,spine,17397,/PopupAllStarsTop4/Body/BoxPlayIn2/BoxAllStarsPlayer2/PlayerAvatar/EffectSpecial,False,unavailable,,,,,
002_UnityDataAssetPack_datapack__file110,86423,SpineObject,spine,16573,/PopupUpgradeHeroFake/HeroBox/EffectHeroAwake,False,unavailable,,,,,
002_UnityDataAssetPack_datapack__file110,86440,Spine.Unity.SkeletonAnimation,spine,24094,,False,unavailable,,,,,
002_UnityDataAssetPack_datapack__file110,86478,Spine.Unity.SkeletonGraphic,spine,25247,/GGEquipmentExchangeEvent/CellEquipmentExchange/GroupEquipReceive/GGEquipmentSlot (1)/EquipmentWrapper/ItemEquipmentUI/MaskSpineBorder/SpineBoder/Skeleton,False,unavailable,,,,,
002_UnityDataAssetPack_datapack__file110,86489,SpineObject,spine,24982,/PopupMasteringHero/Contents/BoxGameChallenge/BgrScroll/CellGameChallenge/GroupReward/GameItemWrapper1/GameItem/SpineHighlight,False,unavailable,,,,,
002_UnityDataAssetPack_datapack__file110,86497,SpineObject,spine,29453,/PanelItemExchangeEvent/CellExchangeItem/GameItem/ItemArtifactUI/MaskSpineBorder/SpineBoder,False,unavailable,,,,,
002_UnityDataAssetPack_datapack__file110,86498,SpineObject,spine,29454,/GGItemExchangeEvent/CellExchangeItem/GameItem/ItemArtifactUI/MaskSpineBorder/SpineBoder,False,unavailable,,,,,
002_UnityDataAssetPack_datapack__file110,86556,Spine.Unity.SkeletonGraphic,spine,20663,/GGEasterPrayEvent/Content/BoxStatues/GroupStatue/EasterStatue (2)/RootScale/Statue/Skeleton,False,unavailable,,,,,
002_UnityDataAssetPack_datapack__file110,86557,SpineObject,spine,24752,/CellGameChallenge/GroupReward/GameItemWrapper2/GameItem/SpineHighlight,False,unavailable,,,,,
002_UnityDataAssetPack_datapack__file110,86559,Spine.Unity.SkeletonGraphic,spine,32438,/CampaignMapPart/Gate1/ImageNameTag/GoFocus,False,unavailable,,,,,
002_UnityDataAssetPack_datapack__file110,86590,Spine.Unity.SkeletonGraphic,spine,19338,/PanelEasterPrayEvent/Bgr/PanelStatue/GroupStatue/ItemStatue/HeroStatue/avatar_statue,False,unavailable,,,,,
002_UnityDataAssetPack_datapack__file110,86608,Spine.Unity.SkeletonGraphic,spine,24861,/PopupGuildWarPlayerInfo/Content/Body/PlayerInfo/BoxRewards/HLayout/Wrapper2/GameItem/ItemEquipmentUI/MaskSpineBorder/SpineBoder/Skeleton,False,unavailable,,,,,
002_UnityDataAssetPack_datapack__file110,86617,SpineObject,spine,18134,/PopupHeroEquipmentInfo/Content/ImgBgr/GroupSet/Sets/ItemEquipmentUI1/MaskSpineBorder/SpineBoder,False,unavailable,,,,,
002_UnityDataAssetPack_datapack__file110,86619,Spine.Unity.SkeletonGraphic,spine,18126,/PanelHeroInfo/RightPart/BoxInfo/PanelEquipment/SlotArtifact/ItemArtifactUI/MaskSpineBorder/SpineBoder/Skeleton,False,unavailable,,,,,
002_UnityDataAssetPack_datapack__file110,86683,SpineObject,spine,30362,/PanelItemExchangeEvent/CellExchangeItem/GameItem/ItemEquipmentUI/MaskSpineBorder/SpineBoder,False,unavailable,,,,,
002_UnityDataAssetPack_datapack__file110,86684,SpineObject,spine,30363,/GGItemExchangeEvent/CellExchangeItem/GameItem/ItemEquipmentUI/MaskSpineBorder/SpineBoder,False,unavailable,,,,,
002_UnityDataAssetPack_datapack__file110,86750,SpineObject,spine,29759,/GameItemWrapper/GameItem/ItemArtifactUI/MaskSpineBorder/SpineBoder,False,unavailable,,,,,
002_UnityDataAssetPack_datapack__file110,86751,Spine.Unity.SkeletonGraphic,spine,16789,/GGEasterPrayEvent/Content/BoxStatues/GroupStatue/EasterStatue (2)/RootScale/GameItem/SpineHighlight/Skeleton,False,unavailable,,,,,
002_UnityDataAssetPack_datapack__file110,86878,Spine.Unity.SkeletonGraphic,spine,17436,/PopupPrayForFire/Body/BgrPanel/PanelStart/Panelbattle/SpineBoss/CanvasHero/Mesh/Skeleton,False,unavailable,,,,,
002_UnityDataAssetPack_datapack__file110,87018,SpineObject,spine,30115,/GGEquipmentSlot/EquipmentWrapper/ItemEquipmentUI/MaskSpineBorder/SpineBoder,False,unavailable,,,,,
002_UnityDataAssetPack_datapack__file110,87023,SpineObject,spine,27453,/CellGameChallenge/GroupReward/GameItemWrapper1/GameItem/SpineHighlight,False,unavailable,,,,,
002_UnityDataAssetPack_datapack__file110,87040,Spine.Unity.SkeletonGraphic,spine,23025,/CampaignMapPart/Gate3/ImageNameTag/GoFocus,False,unavailable,,,,,
002_UnityDataAssetPack_datapack__file110,87193,Spine.Unity.SkeletonGraphic,spine,17281,/CellRaidChallenge/GroupReward/GI_Wrapper/GameItem/ItemArtifactUI/MaskSpineBorder/SpineBoder/Skeleton,False,unavailable,,,,,
002_UnityDataAssetPack_datapack__file110,87203,Spine.Unity.SkeletonGraphic,spine,27613,/GameItemFeeEquip/GameItem/ItemEquipmentUI/MaskSpineBorder/SpineBoder/Skeleton,False,unavailable,,,,,
002_UnityDataAssetPack_datapack__file110,87238,SpineObject,spine,27320,/PopupMasteringHero/Contents/BoxGameChallenge/BgrScroll/CellGameChallenge/GroupReward/GameItemWrapper2/GameItem/SpineHighlight,False,unavailable,,,,,
002_UnityDataAssetPack_datapack__file110,87252,SpineObject,spine,27330,/GGEasterPrayEvent/Content/BoxStatues/GroupStatue/EasterStatue (1)/RootScale/GameItem/SpineHighlight,False,unavailable,,,,,
002_UnityDataAssetPack_datapack__file110,87265,Spine.Unity.SkeletonGraphic,spine,19034,/PanelHeroLotteryEvent/CellHeroLottery/PanelHeroTo/GameItem/SpineHighlight/Skeleton,False,unavailable,,,,,
002_UnityDataAssetPack_datapack__file110,87316,SpineObject,spine,27891,/PopupPet/BoxInfo/PanelRuin/EffectUpgrade,False,unavailable,,,,,
002_UnityDataAssetPack_datapack__file110,87333,Spine.Unity.SkeletonGraphic,spine,17404,/PopupTarvenQuest/Content/Body/TopGroup/GameItem/ItemArtifactUI/MaskSpineBorder/SpineBoder/Skeleton,False,unavailable,,,,,
002_UnityDataAssetPack_datapack__file110,87514,SpineObject,spine,26766,/GGBrokenSpaceEventV2/Content/GroupStage/BrokenSpaceStage (6)/SpineAttack,False,unavailable,,,,,
002_UnityDataAssetPack_datapack__file110,87621,Spine.Unity.SkeletonGraphic,spine,27357,/CellRaidChallenge/GroupReward/GI_Wrapper/GameItem/ItemEquipmentUI/MaskSpineBorder/SpineBoder/Skeleton,False,unavailable,,,,,
002_UnityDataAssetPack_datapack__file110,87642,Spine.Unity.SkeletonGraphic,spine,18822,/PopupGuildBossTopDmg/Body/CellGuildBossDmg/GameItem2/GameItem2/SpineHighlight/Skeleton,False,unavailable,,,,,
002_UnityDataAssetPack_datapack__file110,87780,Spine.Unity.SkeletonGraphic,spine,18146,/PopupBossFk/Content/GroupBoss/CellBossFk/CanvasHero/Mesh/Skeleton,False,unavailable,,,,,
002_UnityDataAssetPack_datapack__file110,87781,Spine.Unity.SkeletonGraphic,spine,18147,/PopupBossFk2/Content/GroupBoss/CellBossFk/CanvasHero/Mesh/Skeleton,False,unavailable,,,,,
002_UnityDataAssetPack_datapack__file110,87793,SpineObject,spine,18402,/PopupLunarEvent/Bgr/Content/ListTabButton/ButtonShowTab2/SpineEffectTab2,False,unavailable,,,,,
002_UnityDataAssetPack_datapack__file110,87796,Spine.Unity.SkeletonGraphic,spine,18405,/PopupLunarEvent/Bgr/Content/ListTabButton/ButtonShowTab3/SpineEffectTab3/Mesh/Skeleton,False,unavailable,,,,,
002_UnityDataAssetPack_datapack__file110,87821,SpineObject,spine,18423,/PopupLunarEvent/Bgr/Content/ListTabButton/ButtonShowTab4/SpineEffectTab4,False,unavailable,,,,,
002_UnityDataAssetPack_datapack__file110,87824,Spine.Unity.SkeletonGraphic,spine,18427,/PopupLunarEvent/Bgr/Content/ListTabButton/ButtonShowTab2/SpineEffectTab2/Mesh/Skeleton,False,unavailable,,,,,
002_UnityDataAssetPack_datapack__file110,87825,Spine.Unity.SkeletonGraphic,spine,18428,/PopupLunarEvent/Bgr/Content/ListTab/Tab1/Content/PanelCenter/Img3Player/ImageRight/SpineObject/Mesh/Skeleton,False,unavailable,,,,,
002_UnityDataAssetPack_datapack__file110,87893,Spine.Unity.SkeletonGraphic,spine,18473,/PopupLunarEvent/Bgr/Content/ListTab/Tab1/Content/BGR/Frames/PhaoHoaEffect/Mesh/Skeleton,False,unavailable,,,,,
002_UnityDataAssetPack_datapack__file110,87899,SpineObject,spine,18477,/PopupLunarEvent/Bgr/Content/ListTab/Tab1/Content/PanelCenter/Img3Player/ImageRight/SpineObject,False,unavailable,,,,,
002_UnityDataAssetPack_datapack__file110,87900,SpineObject,spine,18478,/PopupLunarEvent/Bgr/Content/ListTabButton/ButtonShowTab1/SpineEffectTab1,False,unavailable,,,,,
002_UnityDataAssetPack_datapack__file110,87902,Spine.Unity.SkeletonGraphic,spine,18480,/PopupLunarEvent/Bgr/Content/ListTabButton/ButtonShowTab1/SpineEffectTab1/Mesh/Skeleton,False,unavailable,,,,,
002_UnityDataAssetPack_datapack__file110,87907,SpineObject,spine,18485,/PopupLunarEvent/Bgr/Content/ListTab/Tab1/Content/BGR/Frames/PhaoHoaEffect,False,unavailable,,,,,
002_UnityDataAssetPack_datapack__file110,87914,SpineObject,spine,18490,/PopupLunarEvent/Bgr/Content/ListTab/Tab1/Content/PanelCenter/Img3Player/ImageLeft/SpineObject,False,unavailable,,,,,
002_UnityDataAssetPack_datapack__file110,87922,SpineObject,spine,18496,/PopupLunarEvent/Bgr/Content/ListTabButton/ButtonShowTab3/SpineEffectTab3,False,unavailable,,,,,
002_UnityDataAssetPack_datapack__file110,87928,SpineObject,spine,18500,/PopupLunarEvent/Bgr/Content/ListTab/Tab1/Content/PanelCenter/Img3Player/ImageCenter/SpineObject,False,unavailable,,,,,
002_UnityDataAssetPack_datapack__file110,87944,Spine.Unity.SkeletonGraphic,spine,18516,/PopupLunarEvent/Bgr/Content/ListTab/Tab1/Content/PanelCenter/Img3Player/ImageCenter/SpineObject/Mesh/Skeleton,False,unavailable,,,,,
002_UnityDataAssetPack_datapack__file110,87952,Spine.Unity.SkeletonGraphic,spine,18523,/PopupLunarEvent/Bgr/Content/ListTabButton/ButtonShowTab4/SpineEffectTab4/Mesh/Skeleton,False,unavailable,,,,,
002_UnityDataAssetPack_datapack__file110,87986,SpineObject,spine,29924,/PopupSelectEquipmentSet/Content/CellEquipmentSetSelect/GroupItem/ItemEquipmentUI/MaskSpineBorder/SpineBoder,False,unavailable,,,,,
002_UnityDataAssetPack_datapack__file110,88136,Spine.Unity.SkeletonGraphic,spine,28143,/GameItem/ItemEquipmentUI/MaskSpineBorder/SpineBoder/Skeleton,False,unavailable,,,,,
002_UnityDataAssetPack_datapack__file110,88137,Spine.Unity.SkeletonGraphic,spine,28142,/PopupSelectGameItem/PanelBody/GameItemTick/GameItem/ItemEquipmentUI/MaskSpineBorder/SpineBoder/Skeleton,False,unavailable,,,,,
002_UnityDataAssetPack_datapack__file110,88153,SpineObject,spine,29635,/PopupSmashedShop/Content/ImageBox/CellMerchantShop/Reward/GameItem/ItemEquipmentUI/MaskSpineBorder/SpineBoder,False,unavailable,,,,,
002_UnityDataAssetPack_datapack__file110,88238,Spine.Unity.SkeletonGraphic,spine,28204,/PopupSelectEquipmentSet/Content/CellEquipmentSetSelect/GroupItem/ItemEquipmentUI (1)/MaskSpineBorder/SpineBoder/Skeleton,False,unavailable,,,,,
002_UnityDataAssetPack_datapack__file110,88263,Spine.Unity.SkeletonGraphic,spine,16905,/GGEasterPrayEvent/Content/BoxStatues/GroupStatue/EasterStatue (2)/RootScale/GameItem/ItemArtifactUI/MaskSpineBorder/SpineBoder/Skeleton,False,unavailable,,,,,
002_UnityDataAssetPack_datapack__file110,88314,Spine.Unity.SkeletonGraphic,spine,21268,/PopupDiceTarotCardFake/Body/Bgr/Content/DiceTarotCardFake/SpineCard/Skeleton,False,unavailable,,,,,
002_UnityDataAssetPack_datapack__file110,88329,SpineObject,spine,30393,/PopupGuildMill/Body/BoxOrder/CellMillOrder/Bonus/GameItem1/ItemArtifactUI/MaskSpineBorder/SpineBoder,False,unavailable,,,,,
002_UnityDataAssetPack_datapack__file110,88454,Spine.Unity.SkeletonGraphic,spine,18613,/PopupGuildPromote/Content/PlayerAvatar/EffectSpecial,False,unavailable,,,,,
002_UnityDataAssetPack_datapack__file110,88462,Spine.Unity.SkeletonGraphic,spine,29891,/CampaignMapPart/Gate2/ImageNameTag/GoFocus,False,unavailable,,,,,
002_UnityDataAssetPack_datapack__file110,88500,Spine.Unity.SkeletonGraphic,spine,19089,/PopupBossFk/Content/GroupBoss/CellBossFk (2)/CanvasHero/Mesh/Skeleton,False,unavailable,,,,,
002_UnityDataAssetPack_datapack__file110,88559,Spine.Unity.SkeletonGraphic,spine,19115,/PopupInvitationList/Bgr/Content/FriendItem/PlayerAvatar/EffectSpecial,False,unavailable,,,,,
002_UnityDataAssetPack_datapack__file110,88579,Spine.Unity.SkeletonGraphic,spine,22480,/PanelBrokenSpacesEvent2/Bgr/GroupSpine/Spine2/Skeleton,False,unavailable,,,,,
002_UnityDataAssetPack_datapack__file110,88613,Spine.Unity.SkeletonGraphic,spine,19041,/PopupLineupFk/Content/BoxLineup/HeroSlotFk (1)/Wrapper/CanvasHeroFk (1)/Mesh/Skeleton,False,unavailable,,,,,
002_UnityDataAssetPack_datapack__file110,88614,Spine.Unity.SkeletonGraphic,spine,19042,/PopupLineupFk2/Content/BoxLineup/HeroSlotFk (1)/Wrapper/CanvasHeroFk (1)/Mesh/Skeleton,False,unavailable,,,,,
002_UnityDataAssetPack_datapack__file110,88616,Spine.Unity.SkeletonGraphic,spine,27952,/PopupGuildBossRewards/Body/CellGuildBossReward/GameItemContainer1/GameItem1/ItemEquipmentUI/MaskSpineBorder/SpineBoder/Skeleton,False,unavailable,,,,,
002_UnityDataAssetPack_datapack__file110,88621,SpineObject,spine,30834,/PopupSmashedShop/Content/ImageBox/CellMerchantShop/Reward/GameItem/ItemArtifactUI/MaskSpineBorder/SpineBoder,False,unavailable,,,,,
002_UnityDataAssetPack_datapack__file110,88641,SpineObject,spine,27995,/PanelEasterPrayEvent/Bgr/PanelStatue/GroupStatue/ItemStatue (2)/ArtifactStatue/avatar_statue/GameItem/SpineHighlight,False,unavailable,,,,,
002_UnityDataAssetPack_datapack__file110,88647,SpineObject,spine,28066,/PopupDailyQuest/PanelBody/CellDailyQuest/GroupReward/GameItemContainer2/GameItem/SpineHighlight,False,unavailable,,,,,
002_UnityDataAssetPack_datapack__file110,88650,SpineObject,spine,28023,/EasterStatue/RootScale/GameItem/SpineHighlight,False,unavailable,,,,,
002_UnityDataAssetPack_datapack__file110,88783,Spine.Unity.SkeletonAnimation,spine,30924,,False,unavailable,,,,,
002_UnityDataAssetPack_datapack__file110,88806,Spine.Unity.SkeletonGraphic,spine,18860,/PopupAllStarsTop4/Body/BoxPlayIn4/BoxAllStarsPlayer1/PlayerAvatar/EffectSpecial,False,unavailable,,,,,
002_UnityDataAssetPack_datapack__file110,88840,SpineObject,spine,29391,/PopupGuildMill/Body/BoxOrder/CellMillOrder/Bonus/GameItem1/ItemEquipmentUI/MaskSpineBorder/SpineBoder,False,unavailable,,,,,
002_UnityDataAssetPack_datapack__file110,88876,SpineObject,spine,18695,/PopupPrayForFire/Body/BgrPanel/PanelStart/PanelSignup/RoundSignup/SpineSignup,False,unavailable,,,,,
002_UnityDataAssetPack_datapack__file110,88898,Spine.Unity.SkeletonGraphic,spine,19536,/PopupHeroEquipmentInfo/Content/ImgBgr/GroupSet/Sets/ItemEquipmentUI3/MaskSpineBorder/SpineBoder/Skeleton,False,unavailable,,,,,
002_UnityDataAssetPack_datapack__file110,88942,Spine.Unity.SkeletonGraphic,spine,25277,/PopupHeroSkinInfo/Body/SkinSpine/RootScale/SkeletonGraphic,False,unavailable,,,,,
002_UnityDataAssetPack_datapack__file110,88943,Spine.Unity.SkeletonGraphic,spine,25278,/PopupChangeHeroSkin/Body/SkinSpine/RootScale/SkeletonGraphic,False,unavailable,,,,,
002_UnityDataAssetPack_datapack__file110,88945,SpineObject,spine,26552,/PopupGuildBossTopDmg/Body/CellGuildBossDmg/GameItem1/GameItem1/SpineHighlight,False,unavailable,,,,,
002_UnityDataAssetPack_datapack__file110,88949,Spine.Unity.SkeletonGraphic,spine,19772,/PopupGuildBossRewards/Body/CellGuildBossReward/GameItemContainer1/GameItem1/SpineHighlight/Skeleton,False,unavailable,,,,,
002_UnityDataAssetPack_datapack__file110,89008,Spine.Unity.SkeletonGraphic,spine,16539,/PanelHeroInfo/HeroBox/EffectHeroAwake/Spine,False,unavailable,,,,,
002_UnityDataAssetPack_datapack__file110,89075,Spine.Unity.SkeletonGraphic,spine,26608,/GGEquipmentExchangeEvent/CellEquipmentExchange/GroupReqEquip/GGEquipmentSlot/EquipmentWrapper/ItemEquipmentUI/MaskSpineBorder/SpineBoder/Skeleton,False,unavailable,,,,,
002_UnityDataAssetPack_datapack__file110,89078,SpineObject,spine,32296,/PopupGuildBossRewards/Body/CellGuildBossReward/GameItemContainer2/GameItem2/ItemArtifactUI/MaskSpineBorder/SpineBoder,False,unavailable,,,,,
002_UnityDataAssetPack_datapack__file110,89104,Spine.Unity.SkeletonAnimation,spine,19750,,False,unavailable,,,,,
002_UnityDataAssetPack_datapack__file110,89178,Spine.Unity.SkeletonAnimation,spine,27057,,False,unavailable,,,,,
002_UnityDataAssetPack_datapack__file110,89239,Spine.Unity.SkeletonGraphic,spine,19258,/PopupBravePlayerNew/Content/ImageBody/Top/PlayerInfo/PlayerAvatar/EffectSpecial,False,unavailable,,,,,
002_UnityDataAssetPack_datapack__file110,89295,Spine.Unity.SkeletonGraphic,spine,19670,/GameItem/SpineHighlight/Skeleton,False,unavailable,,,,,
002_UnityDataAssetPack_datapack__file110,89296,Spine.Unity.SkeletonGraphic,spine,19671,/PopupSelectGameItem/PanelBody/GameItemTick/GameItem/SpineHighlight/Skeleton,False,unavailable,,,,,
002_UnityDataAssetPack_datapack__file110,89319,Spine.Unity.SkeletonGraphic,spine,16543,/PopupGuildWarPlayerInfo/Content/Body/PlayerInfo/BoxRewards/HLayout/Wrapper2/GameItem/ItemArtifactUI/MaskSpineBorder/SpineBoder/Skeleton,False,unavailable,,,,,
002_UnityDataAssetPack_datapack__file110,89340,SpineObject,spine,16702,/PopupHeroEquipmentInfo/Content/ImgBgr/GroupSet/Sets/ItemEquipmentUI3/MaskSpineBorder/SpineBoder,False,unavailable,,,,,
002_UnityDataAssetPack_datapack__file110,89474,SpineObject,spine,28909,/PopupGuildBossRewards/Body/CellGuildBossReward/GameItemContainer2/GameItem2/ItemEquipmentUI/MaskSpineBorder/SpineBoder,False,unavailable,,,,,
002_UnityDataAssetPack_datapack__file110,89494,Spine.Unity.SkeletonGraphic,spine,22607,/PopupUpgradeHeroFake/HeroBox/EffectHeroUp/Spine,False,unavailable,,,,,
002_UnityDataAssetPack_datapack__file110,89651,Spine.Unity.SkeletonGraphic,spine,22865,/PopupMFSelectRelic/Background/CardRelic/CardFront/SpineCardOpen/Skeleton,False,unavailable,,,,,
002_UnityDataAssetPack_datapack__file110,89652,Spine.Unity.SkeletonGraphic,spine,22866,/PopupMFShowRelic/Background/CardRelic/CardFront/SpineCardOpen/Skeleton,False,unavailable,,,,,
002_UnityDataAssetPack_datapack__file110,89673,Spine.Unity.SkeletonGraphic,spine,32664,/BrokenSpaceStage/SpineAttack/Skeleton,False,unavailable,,,,,
002_UnityDataAssetPack_datapack__file110,89680,Spine.Unity.SkeletonGraphic,spine,19700,/PopupGuildRaid/Body/BoxBoss/GuildBossUI /GroupNormalBoss/CanvasHero/Mesh/Skeleton,False,unavailable,,,,,
002_UnityDataAssetPack_datapack__file110,89698,Spine.Unity.SkeletonGraphic,spine,27165,/PopupGuildBossTopDmg/Body/CellGuildBossDmg/GameItem2/GameItem2/ItemEquipmentUI/MaskSpineBorder/SpineBoder/Skeleton,False,unavailable,,,,,
002_UnityDataAssetPack_datapack__file110,89720,Spine.Unity.SkeletonGraphic,spine,19572,/CellRaidChallenge/GroupReward/GI_Wrapper/GameItem/SpineHighlight/Skeleton,False,unavailable,,,,,
002_UnityDataAssetPack_datapack__file110,89722,Spine.Unity.SkeletonGraphic,spine,31001,/PopupIdolOfBlessing/Body/Bgr/GroupContent/Storm/ImageSkill/Icon/Skeleton,False,unavailable,,,,,
002_UnityDataAssetPack_datapack__file110,89732,SpineObject,spine,26932,/PopupMFStage/Content/ImageBody/GroupTop/BoxLineUp/Lineup/HeroesLineup/BackLine/MFHeroHead (5)/SpineEff,False,unavailable,,,,,
002_UnityDataAssetPack_datapack__file110,89747,Spine.Unity.SkeletonGraphic,spine,16560,/PanelExchangeEquipEvent/CellExchangeEquip/GroupEquipReceive/ReceiveEquip (3)/ItemEquipmentUI/MaskSpineBorder/SpineBoder/Skeleton,False,unavailable,,,,,
002_UnityDataAssetPack_datapack__file110,89802,Spine.Unity.SkeletonGraphic,spine,19958,/PopupAllStarsFinal/Body/BoxPlayIn1/BoxAllStarsPlayer1/PlayerAvatar/EffectSpecial,False,unavailable,,,,,
002_UnityDataAssetPack_datapack__file110,89815,SpineObject,spine,18661,/PanelHeroInfo/HeroBox/EffectHeroAwake,False,unavailable,,,,,
002_UnityDataAssetPack_datapack__file110,90002,SpineObject,spine,27317,/PopupCheckin/Bgr/CellCheckinReward/GameItem/SpineHighlight,False,unavailable,,,,,
002_UnityDataAssetPack_datapack__file110,90012,Spine.Unity.SkeletonGraphic,spine,16148,/ItemArtifactUI/MaskSpineBorder/SpineBoder/Skeleton,False,unavailable,,,,,
002_UnityDataAssetPack_datapack__file110,90014,SpineObject,spine,22195,/PopupIdolOfBlessing/Body/Bgr/GroupContent/Rock/ImageSkill/Icon,False,unavailable,,,,,
002_UnityDataAssetPack_datapack__file110,90044,Spine.Unity.SkeletonGraphic,spine,32424,/GGBrokenSpaceEventV2/Content/GroupStage/BrokenSpaceStage (5)/SpineAttack/Skeleton,False,unavailable,,,,,
002_UnityDataAssetPack_datapack__file110,90060,Spine.Unity.SkeletonGraphic,spine,19821,/PopupAllStarsTop8/Body/CellAllStarsTop8/PlayerAvatar2/EffectSpecial,False,unavailable,,,,,
002_UnityDataAssetPack_datapack__file110,90065,SpineObject,spine,19681,/PanelExchangeEquipEvent/CellExchangeEquip/GroupEquipReceive/ReceiveEquip (3)/ItemEquipmentUI/MaskSpineBorder/SpineBoder,False,unavailable,,,,,
002_UnityDataAssetPack_datapack__file110,90067,Spine.Unity.SkeletonGraphic,spine,19399,/GameItemFeeEquip/GameItem/SpineHighlight/Skeleton,False,unavailable,,,,,
002_UnityDataAssetPack_datapack__file110,90072,SpineObject,spine,27994,/GGBrokenSpaceEventV2/Content/GroupStage/BrokenSpaceStage (4)/SpineAttack,False,unavailable,,,,,
002_UnityDataAssetPack_datapack__file110,90095,Spine.Unity.SkeletonGraphic,spine,25862,/PanelExchangeEquipEvent/CellExchangeEquip/GroupEquipReceive/ReceiveEquip (1)/ItemEquipmentUI/MaskSpineBorder/SpineBoder/Skeleton,False,unavailable,,,,,
002_UnityDataAssetPack_datapack__file110,90112,Spine.Unity.SkeletonGraphic,spine,26904,/PanelHeroLotteryEvent/CellHeroLottery/PanelHeroTo/GameItem/ItemEquipmentUI/MaskSpineBorder/SpineBoder/Skeleton,False,unavailable,,,,,
002_UnityDataAssetPack_datapack__file110,90118,SpineObject,spine,27315,/PopupMFStage/Content/ImageBody/GroupTop/BoxLineUp/Lineup/HeroesLineup/BackLine/MFHeroHead (4)/SpineEff,False,unavailable,,,,,
002_UnityDataAssetPack_datapack__file110,90185,SpineObject,spine,10088,/WarStronghold/EffectSmoke,False,unavailable,,,,,
002_UnityDataAssetPack_datapack__file110,90188,Spine.Unity.SkeletonGraphic,spine,29186,/PanelHeroInfo/HeroBox/ImageBoard/SpineRank/Skeleton,False,unavailable,,,,,
002_UnityDataAssetPack_datapack__file110,90210,SpineObject,spine,24974,/ItemArtifactUI/MaskSpineBorder/SpineBoder,False,unavailable,,,,,
002_UnityDataAssetPack_datapack__file110,90343,SpineObject,spine,19741,/PopupMFSelectRelic/Background/CardRelic (1)/CardFront/SpineCardOpen,False,unavailable,,,,,
002_UnityDataAssetPack_datapack__file110,90731,SpineObject,spine,29802,/PopupDailyQuest/PanelBody/CellDailyQuest/GroupReward/GameItemContainer1/GameItem/SpineHighlight,False,unavailable,,,,,
002_UnityDataAssetPack_datapack__file110,90834,Spine.Unity.SkeletonGraphic,spine,16959,/CardRelic/CardFront/SpineCardOpen/Skeleton,False,unavailable,,,,,
002_UnityDataAssetPack_datapack__file110,90886,Spine.Unity.SkeletonGraphic,spine,20581,/CelesMine/AnimCollect,False,unavailable,,,,,
002_UnityDataAssetPack_datapack__file110,90887,Spine.Unity.SkeletonGraphic,spine,20582,/CelesMine/GoBuilding/Skeleton,False,unavailable,,,,,
002_UnityDataAssetPack_datapack__file110,90996,Spine.Unity.SkeletonGraphic,spine,23210,/PopupHeroEquipmentInfo/Content/ImgBgr/GroupSet/Sets/ItemEquipmentUI1/MaskSpineBorder/SpineBoder/Skeleton,False,unavailable,,,,,
002_UnityDataAssetPack_datapack__file110,90998,Spine.Unity.SkeletonGraphic,spine,19630,/GGShelterMissionEvent/Content/GroupHeroes/SlotHeroShelter (2)/SpineHero/Skeleton,False,unavailable,,,,,
002_UnityDataAssetPack_datapack__file110,91082,Spine.Unity.SkeletonGraphic,spine,27808,/PopupIdolOfBlessing/Body/Bgr/GroupContent/Rock/ImageSkill/Icon/Skeleton,False,unavailable,,,,,
002_UnityDataAssetPack_datapack__file110,91194,SpineObject,spine,21814,/ItemSetEquip/GroupItem/ReqEquip (3)/ItemEquipmentUI/MaskSpineBorder/SpineBoder,False,unavailable,,,,,
002_UnityDataAssetPack_datapack__file110,91207,Spine.Unity.SkeletonGraphic,spine,17635,/PanelEasterPrayEvent/Bgr/PanelStatue/GroupStatue/ItemStatue (1)/SkinStatue/avatar_statue,False,unavailable,,,,,
002_UnityDataAssetPack_datapack__file110,91294,SpineObject,spine,27734,/GGEquipmentExchangeEvent/CellEquipmentExchange/GroupEquipReceive/GGEquipmentSlot (1)/EquipmentWrapper/ItemEquipmentUI/MaskSpineBorder/SpineBoder,False,unavailable,,,,,
002_UnityDataAssetPack_datapack__file110,91298,SpineObject,spine,24207,/PopupGuildWarPlayerInfo/Content/Body/PlayerInfo/BoxRewards/HLayout/Wrapper2/GameItem/ItemArtifactUI/MaskSpineBorder/SpineBoder,False,unavailable,,,,,
002_UnityDataAssetPack_datapack__file110,91329,Spine.Unity.SkeletonGraphic,spine,30131,/GameItemWrapper/GameItem/ItemEquipmentUI/MaskSpineBorder/SpineBoder/Skeleton,False,unavailable,,,,,
002_UnityDataAssetPack_datapack__file110,91433,SpineObject,spine,16292,/PopupHeroESkill/Body/BoxChiPoint/MedMan/Group/GroupStar/StarChi1,False,unavailable,,,,,
002_UnityDataAssetPack_datapack__file110,91435,Spine.Unity.SkeletonGraphic,spine,23278,/PopupGuildBossRewards/Body/CellGuildBossReward/GameItemContainer2/GameItem2/ItemArtifactUI/MaskSpineBorder/SpineBoder/Skeleton,False,unavailable,,,,,
002_UnityDataAssetPack_datapack__file110,91438,Spine.Unity.SkeletonGraphic,spine,20150,/PopupSellItem/Content/GameItem/SpineHighlight/Skeleton,False,unavailable,,,,,
002_UnityDataAssetPack_datapack__file110,91495,Spine.Unity.SkeletonGraphic,spine,21162,/PopupAllStarsTop2/Body/BoxPlayIn2/BoxAllStarsPlayerWin/PlayerAvatar/EffectSpecial,False,unavailable,,,,,
002_UnityDataAssetPack_datapack__file110,91496,Spine.Unity.SkeletonGraphic,spine,21163,/PopupAllStarsTop4/Body/BoxPlayIn2/BoxAllStarsPlayerWin/PlayerAvatar/EffectSpecial,False,unavailable,,,,,
002_UnityDataAssetPack_datapack__file110,91510,Spine.Unity.SkeletonGraphic,spine,20101,/PopupSelectReward/Body/GroupSlot/RewardSelect3/GameItem/SpineHighlight/Skeleton,False,unavailable,,,,,
002_UnityDataAssetPack_datapack__file110,91552,Spine.Unity.SkeletonGraphic,spine,24711,/GGBrokenSpaceEventV2/Content/GroupStage/BrokenSpaceStage (2)/SpineAttack/Skeleton,False,unavailable,,,,,
002_UnityDataAssetPack_datapack__file110,91586,Spine.Unity.SkeletonGraphic,spine,21029,/InformationBraveTrial/Title/Icon/Skeleton,False,unavailable,,,,,
002_UnityDataAssetPack_datapack__file110,91589,SpineObject,spine,21033,/InformationBraveTrial/Title/Icon,False,unavailable,,,,,
002_UnityDataAssetPack_datapack__file110,91663,Spine.Unity.SkeletonGraphic,spine,20322,/GameItemEvent/GameItem/SpineHighlight/Skeleton,False,unavailable,,,,,
002_UnityDataAssetPack_datapack__file110,91733,Spine.Unity.SkeletonGraphic,spine,20892,/PopupHeroEquipmentInfo/Content/ImgBgr/GroupSet/Sets/ItemEquipmentUI2/MaskSpineBorder/SpineBoder/Skeleton,False,unavailable,,,,,
002_UnityDataAssetPack_datapack__file110,91789,Spine.Unity.SkeletonGraphic,spine,29899,/PanelItemExchangeEvent/CellExchangeItem/GameItem/ItemEquipmentUI/MaskSpineBorder/SpineBoder/Skeleton,False,unavailable,,,,,
002_UnityDataAssetPack_datapack__file110,91790,Spine.Unity.SkeletonGraphic,spine,29900,/GGItemExchangeEvent/CellExchangeItem/GameItem/ItemEquipmentUI/MaskSpineBorder/SpineBoder/Skeleton,False,unavailable,,,,,
002_UnityDataAssetPack_datapack__file110,91818,SpineObject,spine,27404,/PopupGuildWarPlayerInfo/Content/Body/PlayerInfo/BoxRewards/HLayout/Wrapper2/GameItem/ItemEquipmentUI/MaskSpineBorder/SpineBoder,False,unavailable,,,,,
002_UnityDataAssetPack_datapack__file110,91823,Spine.Unity.SkeletonGraphic,spine,20967,/PopupAllStarsTop4/Body/BoxPlayIn3/BoxAllStarsPlayerWin/PlayerAvatar/EffectSpecial,False,unavailable,,,,,
002_UnityDataAssetPack_datapack__file110,91854,Spine.Unity.SkeletonGraphic,spine,18676,/PopupMFStage/Content/ImageBody/GroupTop/BoxLineUp/Lineup/HeroesLineup/BackLine/MFHeroHead (3)/SpineEff/Skeleton,False,unavailable,,,,,
002_UnityDataAssetPack_datapack__file110,91865,Spine.Unity.SkeletonGraphic,spine,28603,/PopupSelectReward/Body/GroupSlot/RewardSelect3/GameItem/ItemEquipmentUI/MaskSpineBorder/SpineBoder/Skeleton,False,unavailable,,,,,
002_UnityDataAssetPack_datapack__file110,91869,Spine.Unity.SkeletonGraphic,spine,18730,/ItemSetEquip/GroupItem/ReqEquip (2)/ItemEquipmentUI/MaskSpineBorder/SpineBoder/Skeleton,False,unavailable,,,,,
002_UnityDataAssetPack_datapack__file110,91920,Spine.Unity.SkeletonGraphic,spine,28575,/PopupSellItem/Content/GameItem/ItemEquipmentUI/MaskSpineBorder/SpineBoder/Skeleton,False,unavailable,,,,,
002_UnityDataAssetPack_datapack__file110,91954,SpineObject,spine,27132,/ItemEquipmentUI/MaskSpineBorder/SpineBoder,False,unavailable,,,,,
002_UnityDataAssetPack_datapack__file110,92040,Spine.Unity.SkeletonGraphic,spine,21301,/PopupAllStarsTop2/Body/BoxPlayIn1/BoxAllStarsPlayer2/PlayerAvatar/EffectSpecial,False,unavailable,,,,,
002_UnityDataAssetPack_datapack__file110,92041,Spine.Unity.SkeletonGraphic,spine,21302,/PopupAllStarsTop4/Body/BoxPlayIn1/BoxAllStarsPlayer2/PlayerAvatar/EffectSpecial,False,unavailable,,,,,
002_UnityDataAssetPack_datapack__file110,92056,SpineObject,spine,27306,/GGEasterPrayEvent/Content/BoxStatues/GroupStatue/EasterStatue (2)/RootScale/GameItem/ItemEquipmentUI/MaskSpineBorder/SpineBoder,False,unavailable,,,,,
002_UnityDataAssetPack_datapack__file110,92065,Spine.Unity.SkeletonGraphic,spine,18574,/PopupDiceTarotCardFake/Body/Bgr/Content/DiceTarotCardFake (1)/SpineCard/Skeleton,False,unavailable,,,,,
002_UnityDataAssetPack_datapack__file110,92073,Spine.Unity.SkeletonGraphic,spine,28504,/GameItemEvent/GameItem/ItemEquipmentUI/MaskSpineBorder/SpineBoder/Skeleton,False,unavailable,,,,,
002_UnityDataAssetPack_datapack__file110,92084,Spine.Unity.SkeletonGraphic,spine,27756,/PopupIdolOfBlessing/Body/Bgr/GroupContent/Rage/ImageSkill/Icon/Skeleton,False,unavailable,,,,,
002_UnityDataAssetPack_datapack__file110,92112,SpineObject,spine,28354,/PopupDungeonBuyItem/Content/GameItem/SpineHighlight,False,unavailable,,,,,
002_UnityDataAssetPack_datapack__file110,92154,Spine.Unity.SkeletonGraphic,spine,22792,/PopupSmashedShop/Content/ImageBox/CellMerchantShop/Reward/GameItem/ItemArtifactUI/MaskSpineBorder/SpineBoder/Skeleton,False,unavailable,,,,,
002_UnityDataAssetPack_datapack__file110,92169,Spine.Unity.SkeletonGraphic,spine,22016,/PanelItemExchangeEvent/CellExchangeItem/GameItem/SpineHighlight/Skeleton,False,unavailable,,,,,
002_UnityDataAssetPack_datapack__file110,92170,Spine.Unity.SkeletonGraphic,spine,22017,/GGItemExchangeEvent/CellExchangeItem/GameItem/SpineHighlight/Skeleton,False,unavailable,,,,,
002_UnityDataAssetPack_datapack__file110,92197,Spine.Unity.SkeletonGraphic,spine,22849,/PopupGuildMill/Body/BoxOrder/CellMillOrder/Bonus/GameItem1/ItemArtifactUI/MaskSpineBorder/SpineBoder/Skeleton,False,unavailable,,,,,
002_UnityDataAssetPack_datapack__file110,92274,Spine.Unity.SkeletonGraphic,spine,21558,/PopupPrepareGuildWar/PanelBody/FrameScroll/CellWarRegister/AvatarWrapper/PlayerAvatar/EffectSpecial,False,unavailable,,,,,
002_UnityDataAssetPack_datapack__file110,92313,Spine.Unity.SkeletonGraphic,spine,19122,/PopupMFStage/Content/ImageBody/GroupTop/BoxLineUp/Lineup/HeroesLineup/BackLine/MFHeroHead (2)/SpineEff/Skeleton,False,unavailable,,,,,
002_UnityDataAssetPack_datapack__file110,92348,SpineObject,spine,22735,/PanelExchangeEquipEvent/CellExchangeEquip/GroupEquipReceive/ReceiveEquip (1)/ItemEquipmentUI/MaskSpineBorder/SpineBoder,False,unavailable,,,,,
002_UnityDataAssetPack_datapack__file110,92351,Spine.Unity.SkeletonGraphic,spine,26159,/CampaignMapPart/Gate6/ImageNameTag/GoFocus,False,unavailable,,,,,
002_UnityDataAssetPack_datapack__file110,92394,SpineObject,spine,28529,/PopupBuyItem/Content/GameItem/SpineHighlight,False,unavailable,,,,,
002_UnityDataAssetPack_datapack__file110,92395,SpineObject,spine,28530,/PopupBuyItemFake/Content/GameItem/SpineHighlight,False,unavailable,,,,,
002_UnityDataAssetPack_datapack__file110,92408,SpineObject,spine,26161,/GGEasterPrayEvent/Content/BoxStatues/GroupStatue/EasterStatue (2)/RootScale/GameItem/ItemArtifactUI/MaskSpineBorder/SpineBoder,False,unavailable,,,,,
002_UnityDataAssetPack_datapack__file110,92410,Spine.Unity.SkeletonGraphic,spine,21714,/GameItemWrapper/GameItem/SpineHighlight/Skeleton,False,unavailable,,,,,
002_UnityDataAssetPack_datapack__file110,92467,SpineObject,spine,26664,/PopupTarvenQuest/Content/Body/TopGroup/GameItem/ItemEquipmentUI/MaskSpineBorder/SpineBoder,False,unavailable,,,,,
002_UnityDataAssetPack_datapack__file110,92484,Spine.Unity.SkeletonGraphic,spine,21705,/PopupBossFk/Content/GroupBoss/CellBossFk (1)/CanvasHero/Mesh/Skeleton,False,unavailable,,,,,
002_UnityDataAssetPack_datapack__file110,92594,Spine.Unity.SkeletonGraphic,spine,26160,/GGBrokenSpaceEventV2/Content/GroupStage/BrokenSpaceStage (1)/SpineAttack/Skeleton,False,unavailable,,,,,
002_UnityDataAssetPack_datapack__file110,92614,SpineObject,spine,28944,/PanelEasterPrayEvent/Bgr/PanelStatue/GroupStatue/ItemStatue (1)/SkinStatue/avatar_statue/GameItem/SpineHighlight,False,unavailable,,,,,
002_UnityDataAssetPack_datapack__file110,92693,Spine.Unity.SkeletonGraphic,spine,30993,/PanelBrokenSpacesEvent2/Bgr/GroupSpine/Spine7/Skeleton,False,unavailable,,,,,
002_UnityDataAssetPack_datapack__file110,92695,SpineObject,spine,26784,/CellRaidChallenge/GroupReward/GI_Wrapper/GameItem/ItemEquipmentUI/MaskSpineBorder/SpineBoder,False,unavailable,,,,,
002_UnityDataAssetPack_datapack__file110,92719,Spine.Unity.SkeletonGraphic,spine,21611,/PopupGuildWarLog/Body/CellWarLog/Avatar2/PlayerAvatar/EffectSpecial,False,unavailable,,,,,
002_UnityDataAssetPack_datapack__file110,92729,SpineObject,spine,23852,/PanelHeroInfo/HeroBox/ImageBoard/SpineFaction,False,unavailable,,,,,
002_UnityDataAssetPack_datapack__file110,92883,SpineObject,spine,25770,/PopupTarvenQuest/Content/Body/TopGroup/GameItem/ItemArtifactUI/MaskSpineBorder/SpineBoder,False,unavailable,,,,,
002_UnityDataAssetPack_datapack__file110,92970,Spine.Unity.SkeletonGraphic,spine,21970,/PopupLineupFk/Content/BoxLineup/HeroSlotFk/Wrapper/CanvasHeroFk/Mesh/Skeleton,False,unavailable,,,,,
002_UnityDataAssetPack_datapack__file110,92971,Spine.Unity.SkeletonGraphic,spine,21971,/PopupLineupFk2/Content/BoxLineup/HeroSlotFk/Wrapper/CanvasHeroFk/Mesh/Skeleton,False,unavailable,,,,,
002_UnityDataAssetPack_datapack__file110,93218,SpineObject,spine,25709,/CellRaidChallenge/GroupReward/GI_Wrapper/GameItem/ItemArtifactUI/MaskSpineBorder/SpineBoder,False,unavailable,,,,,
002_UnityDataAssetPack_datapack__file110,93224,SpineObject,spine,31665,/PopupMFStage/Content/ImageBody/GroupTop/BoxLineUp/Lineup/HeroesLineup/BackLine/MFHeroHead (2)/SpineEff,False,unavailable,,,,,
002_UnityDataAssetPack_datapack__file110,93249,Spine.Unity.SkeletonGraphic,spine,22406,/PopupAllStarsTop8/Body/CellAllStarsTop8/PlayerAvatar1/EffectSpecial,False,unavailable,,,,,
002_UnityDataAssetPack_datapack__file110,93277,Spine.Unity.SkeletonGraphic,spine,22136,/PopupHeroESkill/Body/BoxSkill/CellGroupESkills/SpineEffectActive/Mesh,False,unavailable,,,,,
002_UnityDataAssetPack_datapack__file110,93278,Spine.Unity.SkeletonGraphic,spine,22868,/PopupGuildMill/Body/BoxOrder/CellMillOrder/Bonus/GameItem1/SpineHighlight/Skeleton,False,unavailable,,,,,
002_UnityDataAssetPack_datapack__file110,93314,Spine.Unity.SkeletonGraphic,spine,22333,/PopupHeroesFk/Content/BoxHeroSpine/HeroWrapper/CanvasHeroFk/Mesh/Skeleton,False,unavailable,,,,,
002_UnityDataAssetPack_datapack__file110,93315,Spine.Unity.SkeletonGraphic,spine,22334,/PopupHeroesFk2/Content/BoxHeroSpine/HeroWrapper/CanvasHeroFk/Mesh/Skeleton,False,unavailable,,,,,
002_UnityDataAssetPack_datapack__file110,93372,SpineObject,spine,26155,/GGEquipmentExchangeEvent/CellEquipmentExchange/GroupReqEquip/GGEquipmentSlot/EquipmentWrapper/ItemEquipmentUI/MaskSpineBorder/SpineBoder,False,unavailable,,,,,
002_UnityDataAssetPack_datapack__file110,93389,SpineObject,spine,26901,/PanelHeroInfo/RightPart/BoxInfo/PanelEquipment/SlotArtifact/ItemArtifactUI/MaskSpineBorder/SpineBoder,False,unavailable,,,,,
002_UnityDataAssetPack_datapack__file110,93434,SpineObject,spine,19045,/PopupItemInfo/Content/PanelGroup/ImgBgr/Infor/GameItem/ItemEquipmentUI/MaskSpineBorder/SpineBorder,False,unavailable,,,,,
002_UnityDataAssetPack_datapack__file110,93505,Spine.Unity.SkeletonGraphic,spine,22224,/PopupAllStarsFinal/Body/BoxPlayIn1/BoxAllStarsPlayer2/PlayerAvatar/EffectSpecial,False,unavailable,,,,,
002_UnityDataAssetPack_datapack__file110,93523,Spine.Unity.SkeletonGraphic,spine,21822,/GameItemWrapper/GameItem/ItemArtifactUI/MaskSpineBorder/SpineBoder/Skeleton,False,unavailable,,,,,
002_UnityDataAssetPack_datapack__file110,93546,Spine.Unity.SkeletonGraphic,spine,31774,/PopupGuildBossRewards/Body/CellGuildBossReward/GameItemContainer2/GameItem2/ItemEquipmentUI/MaskSpineBorder/SpineBoder/Skeleton,False,unavailable,,,,,
002_UnityDataAssetPack_datapack__file110,93643,SpineObject,spine,31972,/GGEasterPrayEvent/Content/BoxStatues/GroupStatue/EasterStatue/RootScale/GameItem/SpineHighlight,False,unavailable,,,,,
002_UnityDataAssetPack_datapack__file110,93653,Spine.Unity.SkeletonGraphic,spine,22954,/PopupHeroEquipmentInfo/Content/ImgBgr/Infor/ItemEquipmentUI/MaskSpineBorder/SpineBoder/Skeleton,False,unavailable,,,,,
002_UnityDataAssetPack_datapack__file110,93656,Spine.Unity.SkeletonGraphic,spine,26511,/PopupTutorialFK/Tap3/HandTutorial/Skeleton,False,unavailable,,,,,
002_UnityDataAssetPack_datapack__file110,93657,Spine.Unity.SkeletonGraphic,spine,26510,/PopupTutorialFK/Tap1/HandTutorial/Skeleton,False,unavailable,,,,,
002_UnityDataAssetPack_datapack__file110,93658,Spine.Unity.SkeletonGraphic,spine,26509,/PopupTutorialFK/Tap2/HandTutorial/Skeleton,False,unavailable,,,,,
002_UnityDataAssetPack_datapack__file110,93670,SpineObject,spine,32097,/PopupMFStage/Content/ImageBody/GroupTop/BoxLineUp/Lineup/HeroesLineup/BackLine/MFHeroHead (3)/SpineEff,False,unavailable,,,,,
002_UnityDataAssetPack_datapack__file110,93737,Spine.Unity.SkeletonGraphic,spine,22098,/PanelItemExchangeEvent/CellExchangeItem/GameItem/ItemArtifactUI/MaskSpineBorder/SpineBoder/Skeleton,False,unavailable,,,,,
002_UnityDataAssetPack_datapack__file110,93738,Spine.Unity.SkeletonGraphic,spine,22099,/GGItemExchangeEvent/CellExchangeItem/GameItem/ItemArtifactUI/MaskSpineBorder/SpineBoder/Skeleton,False,unavailable,,,,,
002_UnityDataAssetPack_datapack__file110,93745,Spine.Unity.SkeletonGraphic,spine,22676,/PopupSmashedShop/Content/ImageBox/CellMerchantShop/Reward/GameItem/SpineHighlight/Skeleton,False,unavailable,,,,,
002_UnityDataAssetPack_datapack__file110,93773,Spine.Unity.SkeletonGraphic,spine,18633,/ItemSetEquip/GroupItem/ReqEquip/ItemEquipmentUI/MaskSpineBorder/SpineBoder/Skeleton,False,unavailable,,,,,
002_UnityDataAssetPack_datapack__file110,93781,SpineObject,spine,32340,/GGHeroLotteryEvent/CellHeroLottery/HeroHeadWrapper/GameItem/SpineHighlight,False,unavailable,,,,,
002_UnityDataAssetPack_datapack__file110,93870,Spine.Unity.SkeletonGraphic,spine,22823,/PopupTopPlayer/PanelBody/CellTopPlayer/PlayerAvatar/EffectSpecial,False,unavailable,,,,,
002_UnityDataAssetPack_datapack__file110,93890,SpineObject,spine,26473,/PanelHeroLotteryEvent/CellHeroLottery/PanelHeroTo/GameItem/ItemArtifactUI/MaskSpineBorder/SpineBoder,False,unavailable,,,,,
002_UnityDataAssetPack_datapack__file110,93905,SpineObject,spine,25677,/PopupGuildBossTopDmg/Body/CellGuildBossDmg/GameItem2/GameItem2/ItemEquipmentUI/MaskSpineBorder/SpineBoder,False,unavailable,,,,,
002_UnityDataAssetPack_datapack__file110,93946,Spine.Unity.SkeletonGraphic,spine,22729,/PopupGuildMill/Body/BoxTop/CellGuildDonate/PlayerAvatar/EffectSpecial,False,unavailable,,,,,
002_UnityDataAssetPack_datapack__file110,94057,SpineObject,spine,22800,/KillStreakEffect/GroupContents/SpineStreak,False,unavailable,,,,,
002_UnityDataAssetPack_datapack__file110,94060,Spine.Unity.SkeletonGraphic,spine,22804,/KillStreakEffect/GroupContents/SpineStreak/Skeleton,False,unavailable,,,,,
002_UnityDataAssetPack_datapack__file110,94084,SpineObject,spine,25470,/PanelHeroLotteryEvent/CellHeroLottery/PanelHeroTo/GameItem/ItemEquipmentUI/MaskSpineBorder/SpineBoder,False,unavailable,,,,,
002_UnityDataAssetPack_datapack__file110,94094,SpineObject,spine,24466,/PopupDiceTarotCardFake/Body/Bgr/Content/DiceTarotCardFake (1)/SpineCard,False,unavailable,,,,,
002_UnityDataAssetPack_datapack__file110,94107,SpineObject,spine,26799,/PopupGuildBossTopDmg/Body/CellGuildBossDmg/GameItem2/GameItem2/ItemArtifactUI/MaskSpineBorder/SpineBoder,False,unavailable,,,,,
002_UnityDataAssetPack_datapack__file110,94120,Spine.Unity.SkeletonGraphic,spine,22941,/TowerHeroNew/HeroWrapper/CanvasHero/Mesh/Skeleton,False,unavailable,,,,,
002_UnityDataAssetPack_datapack__file110,94174,Spine.Unity.SkeletonGraphic,spine,31800,/CampaignMapPart/Gate5/ImageNameTag/GoFocus,False,unavailable,,,,,
002_UnityDataAssetPack_datapack__file110,94264,SpineObject,spine,32684,/CellDailyQuest/GroupReward/GameItemContainer2/GameItem/SpineHighlight,False,unavailable,,,,,
002_UnityDataAssetPack_datapack__file110,94332,SpineObject,spine,27962,/CellRaidChallenge/GroupReward/GI_Wrapper/GameItem/ItemArtifactUI/MaskSpineBorder/SpineBoder,False,unavailable,,,,,
002_UnityDataAssetPack_datapack__file110,94372,Spine.Unity.SkeletonGraphic,spine,27219,/PanelNewFeatureIntro/Content/SpineBuiding/Skeleton,False,unavailable,,,,,
002_UnityDataAssetPack_datapack__file110,94404,Spine.Unity.SkeletonGraphic,spine,23142,/PopupGuildWarLog/Body/CellWarLog/Avatar1/PlayerAvatar/EffectSpecial,False,unavailable,,,,,
002_UnityDataAssetPack_datapack__file110,94452,SpineObject,spine,25014,/GameItemFeeEquip/GameItem/ItemEquipmentUI/MaskSpineBorder/SpineBoder,False,unavailable,,,,,
002_UnityDataAssetPack_datapack__file110,94454,SpineObject,spine,30563,/ItemBonusShow/GameItem/SpineHighlight,False,unavailable,,,,,
002_UnityDataAssetPack_datapack__file110,94456,SpineObject,spine,27912,/PanelBrokenSpacesEvent2/Bgr/GroupSpine/Spine1,False,unavailable,,,,,
002_UnityDataAssetPack_datapack__file110,94517,SpineObject,spine,30343,/PopupShop/Content/bgr/child_bgr/CellPopupShop/ShopItem/Item/GameItem/SpineHighlight,False,unavailable,,,,,
002_UnityDataAssetPack_datapack__file110,94583,Spine.Unity.SkeletonGraphic,spine,23016,/PopupGuildApplication/Body/BgrMember/CellGuildApplication/PlayerAvatar/EffectSpecial,False,unavailable,,,,,
002_UnityDataAssetPack_datapack__file110,94662,Spine.Unity.SkeletonGraphic,spine,30714,/GGEquipmentSlot/EquipmentWrapper/ItemEquipmentUI/MaskSpineBorder/SpineBoder/Skeleton,False,unavailable,,,,,
002_UnityDataAssetPack_datapack__file110,94665,SpineObject,spine,30946,/PopupPrayForFire/Body/BgrPanel/PanelStart/Panelbattle/SpineBattle,False,unavailable,,,,,
002_UnityDataAssetPack_datapack__file110,94676,Spine.Unity.SkeletonGraphic,spine,30500,/PopupSelectEquipmentSet/Content/CellEquipmentSetSelect/GroupItem/ItemEquipmentUI/MaskSpineBorder/SpineBoder/Skeleton,False,unavailable,,,,,
002_UnityDataAssetPack_datapack__file110,94686,SpineObject,spine,27837,/PopupIdolOfBlessing/Body/Bgr/GroupContent/Storm/ImageSkill/Icon,False,unavailable,,,,,
002_UnityDataAssetPack_datapack__file110,94690,SpineObject,spine,30820,/PopupGuildWarPlayerInfo/Content/Body/PlayerInfo/BoxRewards/HLayout/Wrapper1/GameItem/SpineHighlight,False,unavailable,,,,,
002_UnityDataAssetPack_datapack__file110,94723,SpineObject,spine,28215,/GameItemFeeEquip/GameItem/ItemArtifactUI/MaskSpineBorder/SpineBoder,False,unavailable,,,,,
002_UnityDataAssetPack_datapack__file110,94789,SpineObject,spine,24700,/CellRaidChallenge/GroupReward/GI_Wrapper/GameItem/ItemEquipmentUI/MaskSpineBorder/SpineBoder,False,unavailable,,,,,
002_UnityDataAssetPack_datapack__file110,94801,Spine.Unity.SkeletonGraphic,spine,23464,/PopupArenaRival/PanelBody/ImageBgr/CellArenaRival/PlayerAvatar/EffectSpecial,False,unavailable,,,,,
002_UnityDataAssetPack_datapack__file110,94884,Spine.Unity.SkeletonGraphic,spine,27806,/PopupGuildRaid/Body/BoxBoss/GuildBossUI /GroupPrayBoss/RoundSignup/SpineSignup/Skeleton,False,unavailable,,,,,
002_UnityDataAssetPack_datapack__file110,94935,Spine.Unity.SkeletonGraphic,spine,23385,/PopupLineupFk/Content/BoxLineup/HeroSlotFk (2)/Wrapper/CanvasHeroFk (2)/Mesh/Skeleton,False,unavailable,,,,,
002_UnityDataAssetPack_datapack__file110,94936,Spine.Unity.SkeletonGraphic,spine,23386,/PopupLineupFk2/Content/BoxLineup/HeroSlotFk (2)/Wrapper/CanvasHeroFk (2)/Mesh/Skeleton,False,unavailable,,,,,
002_UnityDataAssetPack_datapack__file110,95068,Spine.Unity.SkeletonGraphic,spine,19998,/PopupSellItem/Content/GameItem/ItemArtifactUI/MaskSpineBorder/SpineBoder/Skeleton,False,unavailable,,,,,
002_UnityDataAssetPack_datapack__file110,95069,Spine.Unity.SkeletonGraphic,spine,23420,/PopupGuildBossRewards/Body/CellGuildBossReward/GameItemContainer2/GameItem2/SpineHighlight/Skeleton,False,unavailable,,,,,
002_UnityDataAssetPack_datapack__file110,95122,Spine.Unity.SkeletonGraphic,spine,20086,/PopupSelectReward/Body/GroupSlot/RewardSelect3/GameItem/ItemArtifactUI/MaskSpineBorder/SpineBoder/Skeleton,False,unavailable,,,,,
002_UnityDataAssetPack_datapack__file110,95132,SpineObject,spine,29766,/PanelBrokenSpacesEvent2/Bgr/GroupSpine/Spine2,False,unavailable,,,,,
002_UnityDataAssetPack_datapack__file110,95207,SpineObject,spine,24591,/PopupSelectEquipmentSet/Content/CellEquipmentSetSelect/GroupItem/ItemEquipmentUI (1)/MaskSpineBorder/SpineBoder,False,unavailable,,,,,
002_UnityDataAssetPack_datapack__file110,95211,Spine.Unity.SkeletonGraphic,spine,20238,/GameItemEvent/GameItem/ItemArtifactUI/MaskSpineBorder/SpineBoder/Skeleton,False,unavailable,,,,,
002_UnityDataAssetPack_datapack__file110,95224,Spine.Unity.SkeletonGraphic,spine,23666,/HeroHome2/GroupHero/CanvasHero/Mesh/Skeleton,False,unavailable,,,,,
002_UnityDataAssetPack_datapack__file110,95228,Spine.Unity.SkeletonAnimation,spine,23726,,False,unavailable,,,,,
002_UnityDataAssetPack_datapack__file110,95294,SpineObject,spine,24557,/PopupSelectGameItem/PanelBody/GameItemTick/GameItem/ItemEquipmentUI/MaskSpineBorder/SpineBoder,False,unavailable,,,,,
002_UnityDataAssetPack_datapack__file110,95295,SpineObject,spine,24558,/GameItem/ItemEquipmentUI/MaskSpineBorder/SpineBoder,False,unavailable,,,,,
002_UnityDataAssetPack_datapack__file110,95359,Spine.Unity.SkeletonGraphic,spine,31327,/PopupSmashedShop/Content/ImageBox/CellMerchantShop/Reward/GameItem/ItemEquipmentUI/MaskSpineBorder/SpineBoder/Skeleton,False,unavailable,,,,,
002_UnityDataAssetPack_datapack__file110,95360,SpineObject,spine,27325,/PopupGuildBossRewards/Body/CellGuildBossReward/GameItemContainer1/GameItem1/ItemArtifactUI/MaskSpineBorder/SpineBoder,False,unavailable,,,,,
002_UnityDataAssetPack_datapack__file110,95361,SpineObject,spine,31011,/PanelEventMiniGame/GroupContent/GroupLeft/Content/Hole/bgr/Reward/GameItem/SpineHighlight,False,unavailable,,,,,
002_UnityDataAssetPack_datapack__file110,95382,SpineObject,spine,31008,/PopupSelectReward/Body/GroupSlot/RewardSelect2/GameItem/SpineHighlight,False,unavailable,,,,,
002_UnityDataAssetPack_datapack__file110,95400,SpineObject,spine,15817,/CardRelic/CardFront/SpineCardOpen,False,unavailable,,,,,
002_UnityDataAssetPack_datapack__file110,95440,Spine.Unity.SkeletonGraphic,spine,31173,/PopupGuildMill/Body/BoxOrder/CellMillOrder/Bonus/GameItem1/ItemEquipmentUI/MaskSpineBorder/SpineBoder/Skeleton,False,unavailable,,,,,
002_UnityDataAssetPack_datapack__file110,95506,Spine.Unity.SkeletonGraphic,spine,24532,/PanelBrokenSpacesEvent2/Bgr/GroupSpine/Spine6/Skeleton,False,unavailable,,,,,
002_UnityDataAssetPack_datapack__file110,95554,SpineObject,spine,27635,/GameItem/ItemArtifactUI/MaskSpineBorder/SpineBoder,False,unavailable,,,,,
002_UnityDataAssetPack_datapack__file110,95555,SpineObject,spine,27634,/PopupSelectGameItem/PanelBody/GameItemTick/GameItem/ItemArtifactUI/MaskSpineBorder/SpineBoder,False,unavailable,,,,,
002_UnityDataAssetPack_datapack__file110,95562,SpineObject,spine,24278,/PopupGuildBossRewards/Body/CellGuildBossReward/GameItemContainer1/GameItem1/ItemEquipmentUI/MaskSpineBorder/SpineBoder,False,unavailable,,,,,
002_UnityDataAssetPack_datapack__file110,95587,Spine.Unity.SkeletonGraphic,spine,31197,/PanelBrokenSpacesEvent2/Bgr/GroupSpine/Spine3/Skeleton,False,unavailable,,,,,
002_UnityDataAssetPack_datapack__file110,95775,Spine.Unity.SkeletonGraphic,spine,18798,/PopupMFSelectRelic/Background/CardRelic (1)/CardFront/SpineCardOpen/Skeleton,False,unavailable,,,,,
002_UnityDataAssetPack_datapack__file110,95819,SpineObject,spine,17188,/GGFightBossEvent/Content/PanelBoss/SpineHit,False,unavailable,,,,,
002_UnityDataAssetPack_datapack__file110,95825,Spine.Unity.SkeletonGraphic,spine,27799,/PopupUpgradeArtifact/Body/BoxUpgrade/BoardTitle/ItemArtifactUI1/MaskSpineBorder/SpineBoder/Skeleton,False,unavailable,,,,,
002_UnityDataAssetPack_datapack__file110,95828,Spine.Unity.SkeletonGraphic,spine,25116,/CellDailyQuest/GroupReward/GameItemContainer2/GameItem/SpineHighlight/Skeleton,False,unavailable,,,,,
002_UnityDataAssetPack_datapack__file110,95832,Spine.Unity.SkeletonGraphic,spine,23799,/WarFortress/EffectSmoke/Spine,False,unavailable,,,,,
002_UnityDataAssetPack_datapack__file110,95859,SpineObject,spine,23851,/CellGameChallenge/GroupReward/GameItemWrapper1/GameItem/ItemEquipmentUI/MaskSpineBorder/SpineBoder,False,unavailable,,,,,
002_UnityDataAssetPack_datapack__file110,95988,Spine.Unity.SkeletonGraphic,spine,17229,/PopupShop/Content/bgr/child_bgr/CellPopupShop/ShopItem/Item/GameItem/ItemEquipmentUI/MaskSpineBorder/SpineBoder/Skeleton,False,unavailable,,,,,
002_UnityDataAssetPack_datapack__file110,96086,SpineObject,spine,26504,/PopupHeroEquipmentInfo/Content/ImgBgr/Infor/ItemEquipmentUI/MaskSpineBorder/SpineBoder,False,unavailable,,,,,
002_UnityDataAssetPack_datapack__file110,96087,SpineObject,spine,24075,/PopupMasteringHero/Contents/BoxGameChallenge/BgrScroll/CellGameChallenge/GroupReward/GameItemWrapper2/GameItem/ItemEquipmentUI/MaskSpineBorder/SpineBoder,False,unavailable,,,,,
002_UnityDataAssetPack_datapack__file110,96088,Spine.Unity.SkeletonGraphic,spine,17071,/ItemBonusShow/GameItem/ItemEquipmentUI/MaskSpineBorder/SpineBoder/Skeleton,False,unavailable,,,,,
002_UnityDataAssetPack_datapack__file110,96098,Spine.Unity.SkeletonGraphic,spine,27918,/PanelEasterPrayEvent/Bgr/PanelStatue/GroupStatue/ItemStatue (1)/SkinStatue/avatar_statue/GameItem/ItemArtifactUI/MaskSpineBorder/SpineBoder/Skeleton,False,unavailable,,,,,
002_UnityDataAssetPack_datapack__file110,96100,SpineObject,spine,24052,/GGEasterPrayEvent/Content/BoxStatues/GroupStatue/EasterStatue (1)/RootScale/GameItem/ItemEquipmentUI/MaskSpineBorder/SpineBoder,False,unavailable,,,,,
002_UnityDataAssetPack_datapack__file110,96120,SpineObject,spine,23030,/TapSkillEffect/SpineObject,False,unavailable,,,,,
002_UnityDataAssetPack_datapack__file110,96121,SpineObject,spine,23031,/TapSpellEffect/SpineEffect,False,unavailable,,,,,
002_UnityDataAssetPack_datapack__file110,96122,SpineObject,spine,23032,/TapSpellEffect/SpineEffect,False,unavailable,,,,,
002_UnityDataAssetPack_datapack__file110,96123,SpineObject,spine,23033,/TapHitEffect/SpineHit,False,unavailable,,,,,
002_UnityDataAssetPack_datapack__file110,96124,SpineObject,spine,23034,/TapAppearEffect/SpineAppear,False,unavailable,,,,,
002_UnityDataAssetPack_datapack__file110,96125,SpineObject,spine,23035,/TapHealingEffect/SpineHealing,False,unavailable,,,,,
002_UnityDataAssetPack_datapack__file110,96126,SpineObject,spine,23036,/TapAppearEffect/SpineAppear,False,unavailable,,,,,
002_UnityDataAssetPack_datapack__file110,96127,SpineObject,spine,23037,/TapHealingEffect/SpineHealing,False,unavailable,,,,,
002_UnityDataAssetPack_datapack__file110,96224,Spine.Unity.SkeletonGraphic,spine,16111,/PanelBrokenSpacesEvent2/Bgr/GroupSpine/Spine5/Skeleton,False,unavailable,,,,,
002_UnityDataAssetPack_datapack__file110,96329,SpineObject,spine,27227,/PanelBrokenSpacesEvent2/Bgr/GroupSpine/Spine4,False,unavailable,,,,,
002_UnityDataAssetPack_datapack__file110,96376,SpineObject,spine,21097,/CellGameChallenge/GroupReward/GameItemWrapper1/GameItem/ItemArtifactUI/MaskSpineBorder/SpineBoder,False,unavailable,,,,,
002_UnityDataAssetPack_datapack__file110,96485,SpineObject,spine,23800,/PanelHeroInfo/RightPart/BoxInfo/PanelEquipment/SlotShoes/ItemEquipmentUI/MaskSpineBorder/SpineBoder,False,unavailable,,,,,
002_UnityDataAssetPack_datapack__file110,96554,Spine.Unity.SkeletonGraphic,spine,24867,/GGHeroLotteryEvent/CellHeroLottery/HeroHeadWrapper/GameItem/SpineHighlight/Skeleton,False,unavailable,,,,,
002_UnityDataAssetPack_datapack__file110,96572,SpineObject,spine,20914,/PopupMasteringHero/Contents/BoxGameChallenge/BgrScroll/CellGameChallenge/GroupReward/GameItemWrapper2/GameItem/ItemArtifactUI/MaskSpineBorder/SpineBoder,False,unavailable,,,,,
002_UnityDataAssetPack_datapack__file110,96620,SpineObject,spine,20962,/GGEasterPrayEvent/Content/BoxStatues/GroupStatue/EasterStatue (1)/RootScale/GameItem/ItemArtifactUI/MaskSpineBorder/SpineBoder,False,unavailable,,,,,
002_UnityDataAssetPack_datapack__file110,96627,Spine.Unity.SkeletonGraphic,spine,16869,/PopupGuildWarPlayerInfo/Content/Body/PlayerInfo/BoxRewards/HLayout/Wrapper1/GameItem/ItemEquipmentUI/MaskSpineBorder/SpineBoder/Skeleton,False,unavailable,,,,,
002_UnityDataAssetPack_datapack__file110,96632,Spine.Unity.SkeletonGraphic,spine,17618,/PopupSelectReward/Body/GroupSlot/RewardSelect2/GameItem/ItemEquipmentUI/MaskSpineBorder/SpineBoder/Skeleton,False,unavailable,,,,,
002_UnityDataAssetPack_datapack__file110,96636,Spine.Unity.SkeletonGraphic,spine,17621,/PanelEventMiniGame/GroupContent/GroupLeft/Content/Hole/bgr/Reward/GameItem/ItemEquipmentUI/MaskSpineBorder/SpineBoder/Skeleton,False,unavailable,,,,,
002_UnityDataAssetPack_datapack__file110,96647,Spine.Unity.SkeletonGraphic,spine,27321,/PopupDungeonBuyItem/Content/GameItem/ItemArtifactUI/MaskSpineBorder/SpineBoder/Skeleton,False,unavailable,,,,,
002_UnityDataAssetPack_datapack__file110,96687,Spine.Unity.SkeletonGraphic,spine,24973,/PopupBattleEnd/Body/Content/Results/BoxArenaPoint/PlayerAvatar1/EffectSpecial,False,unavailable,,,,,
002_UnityDataAssetPack_datapack__file110,96705,Spine.Unity.SkeletonGraphic,spine,24708,/PopupFullScreenEffect/SpineObject/Mesh/SkeletonGraphic,False,unavailable,,,,,
002_UnityDataAssetPack_datapack__file110,96708,SpineObject,spine,24710,/PopupFullScreenEffect/SpineObject,False,unavailable,,,,,
002_UnityDataAssetPack_datapack__file110,96728,Spine.Unity.SkeletonAnimation,spine,24983,,False,unavailable,,,,,
002_UnityDataAssetPack_datapack__file110,96733,Spine.Unity.SkeletonGraphic,spine,21061,/GGBrokenSpaceEventV2/Content/GroupStage/BrokenSpaceStage (6)/SpineAttack/Skeleton,False,unavailable,,,,,
002_UnityDataAssetPack_datapack__file110,96738,SpineObject,spine,24719,/BattleVs/SpineBgr,False,unavailable,,,,,
002_UnityDataAssetPack_datapack__file110,96742,Spine.Unity.SkeletonGraphic,spine,24723,/BattleVs/SpineBgr/Mesh,False,unavailable,,,,,
002_UnityDataAssetPack_datapack__file110,96768,SpineObject,spine,17329,/PopupSmashedShop/Content/ImageBox/CellMerchantShop/Reward/GameItem/SpineHighlight,False,unavailable,,,,,
002_UnityDataAssetPack_datapack__file110,96794,Spine.Unity.SkeletonGraphic,spine,24429,/GGEasterPrayEvent/Content/BoxStatues/GroupStatue/EasterStatue/RootScale/GameItem/SpineHighlight/Skeleton,False,unavailable,,,,,
002_UnityDataAssetPack_datapack__file110,96857,Spine.Unity.SkeletonGraphic,spine,17644,/GGEquipmentExchangeEvent/CellEquipmentExchange/GroupReqEquip/GGEquipmentSlot (3)/EquipmentWrapper/ItemEquipmentUI/MaskSpineBorder/SpineBoder/Skeleton,False,unavailable,,,,,
002_UnityDataAssetPack_datapack__file110,97038,Spine.Unity.SkeletonGraphic,spine,24914,/CampMinion/CampSpine/Skeleton,False,unavailable,,,,,
002_UnityDataAssetPack_datapack__file110,97054,SpineObject,spine,20014,/PanelEasterPrayEvent/Bgr/PanelStatue/GroupStatue/ItemStatue (2)/ArtifactStatue/avatar_statue/GameItem/ItemArtifactUI/MaskSpineBorder/SpineBoder,False,unavailable,,,,,
002_UnityDataAssetPack_datapack__file110,97063,SpineObject,spine,20016,/PopupDailyQuest/PanelBody/CellDailyQuest/GroupReward/GameItemContainer2/GameItem/ItemArtifactUI/MaskSpineBorder/SpineBoder,False,unavailable,,,,,
002_UnityDataAssetPack_datapack__file110,97064,SpineObject,spine,20017,/EasterStatue/RootScale/GameItem/ItemArtifactUI/MaskSpineBorder/SpineBoder,False,unavailable,,,,,
002_UnityDataAssetPack_datapack__file110,97069,Spine.Unity.SkeletonGraphic,spine,24729,/PopupAllStarsTop2/Body/BoxPlayIn1/BoxAllStarsPlayer1/PlayerAvatar/EffectSpecial,False,unavailable,,,,,
002_UnityDataAssetPack_datapack__file110,97070,Spine.Unity.SkeletonGraphic,spine,24730,/PopupAllStarsTop4/Body/BoxPlayIn1/BoxAllStarsPlayer1/PlayerAvatar/EffectSpecial,False,unavailable,,,,,
002_UnityDataAssetPack_datapack__file110,97110,Spine.Unity.SkeletonGraphic,spine,27572,/PopupBuyItem/Content/GameItem/ItemArtifactUI/MaskSpineBorder/SpineBoder/Skeleton,False,unavailable,,,,,
002_UnityDataAssetPack_datapack__file110,97111,Spine.Unity.SkeletonGraphic,spine,27573,/PopupBuyItemFake/Content/GameItem/ItemArtifactUI/MaskSpineBorder/SpineBoder/Skeleton,False,unavailable,,,,,
002_UnityDataAssetPack_datapack__file110,97125,Spine.Unity.SkeletonGraphic,spine,25237,/PopupAllStarsFinal/Body/BoxPlayIn1/BoxAllStarsPlayerWin/PlayerAvatar/EffectSpecial,False,unavailable,,,,,
002_UnityDataAssetPack_datapack__file110,97168,Spine.Unity.SkeletonGraphic,spine,25253,/PopupArenaBattleRecord/PanelBody/ImageBgr/CellArenaBattleRecord/AvatarWrapper/PlayerAvatar/EffectSpecial,False,unavailable,,,,,
002_UnityDataAssetPack_datapack__file110,97233,Spine.Unity.SkeletonGraphic,spine,25169,/PopupAllStarBet/Body/CellMatch/Player1/BoxAvatar1/PlayerAvatar/EffectSpecial,False,unavailable,,,,,
002_UnityDataAssetPack_datapack__file110,97355,SpineObject,spine,23217,/PanelEasterPrayEvent/Bgr/PanelStatue/GroupStatue/ItemStatue (2)/ArtifactStatue/avatar_statue/GameItem/ItemEquipmentUI/MaskSpineBorder/SpineBoder,False,unavailable,,,,,
002_UnityDataAssetPack_datapack__file110,97357,Spine.Unity.SkeletonGraphic,spine,29452,/PanelExchangeEquipEvent/CellExchangeEquip/GroupReqEquip/ReqEquip (2)/ItemEquipmentUI/MaskSpineBorder/SpineBoder/Skeleton,False,unavailable,,,,,
002_UnityDataAssetPack_datapack__file110,97358,SpineObject,spine,23200,/EasterStatue/RootScale/GameItem/ItemEquipmentUI/MaskSpineBorder/SpineBoder,False,unavailable,,,,,
002_UnityDataAssetPack_datapack__file110,97362,SpineObject,spine,23196,/PopupDailyQuest/PanelBody/CellDailyQuest/GroupReward/GameItemContainer2/GameItem/ItemEquipmentUI/MaskSpineBorder/SpineBoder,False,unavailable,,,,,
002_UnityDataAssetPack_datapack__file110,97475,Spine.Unity.SkeletonGraphic,spine,30118,/GGEasterPrayEvent/Content/BoxStatues/GroupStatue/EasterStatue/RootScale/Statue/Skeleton,False,unavailable,,,,,
002_UnityDataAssetPack_datapack__file110,97482,SpineObject,spine,17537,/PopupGuildMill/Body/BoxOrder/CellMillOrder/Bonus/GameItem1/SpineHighlight,False,unavailable,,,,,
002_UnityDataAssetPack_datapack__file110,97628,Spine.Unity.SkeletonGraphic,spine,25612,/PopupAllStarsTop4/Body/BoxPlayIn4/BoxAllStarsPlayerWin/PlayerAvatar/EffectSpecial,False,unavailable,,,,,
002_UnityDataAssetPack_datapack__file110,97682,SpineObject,spine,22846,/PopupGuildBossTopDmg/Body/CellGuildBossDmg/GameItem1/GameItem1/ItemEquipmentUI/MaskSpineBorder/SpineBoder,False,unavailable,,,,,
002_UnityDataAssetPack_datapack__file110,97854,SpineObject,spine,16800,/GGBrokenSpaceEventV2/Content/GroupStage/BrokenSpaceStage (5)/SpineAttack,False,unavailable,,,,,
002_UnityDataAssetPack_datapack__file110,97871,Spine.Unity.SkeletonGraphic,spine,21591,/GGBrokenSpaceEventV2/Content/GroupStage/BrokenSpaceStage (4)/SpineAttack/Skeleton,False,unavailable,,,,,
002_UnityDataAssetPack_datapack__file110,97877,SpineObject,spine,15812,/MFHeroHead/SpineEff,False,unavailable,,,,,
002_UnityDataAssetPack_datapack__file110,97963,SpineObject,spine,25321,/PanelExchangeEquipEvent/CellExchangeEquip/GroupEquipReceive/ReceiveEquip (2)/ItemEquipmentUI/MaskSpineBorder/SpineBoder,False,unavailable,,,,,
002_UnityDataAssetPack_datapack__file110,97980,SpineObject,spine,22095,/PopupGuildBossTopDmg/Body/CellGuildBossDmg/GameItem1/GameItem1/ItemArtifactUI/MaskSpineBorder/SpineBoder,False,unavailable,,,,,
002_UnityDataAssetPack_datapack__file110,98009,Spine.Unity.SkeletonGraphic,spine,25910,/PanelEventMiniGame/GroupContent/GroupLeft/Content/Hole/bgr/Reward/GameItem/SpineHighlight/Skeleton,False,unavailable,,,,,
002_UnityDataAssetPack_datapack__file110,98012,Spine.Unity.SkeletonGraphic,spine,25881,/PopupSelectReward/Body/GroupSlot/RewardSelect2/GameItem/SpineHighlight/Skeleton,False,unavailable,,,,,
002_UnityDataAssetPack_datapack__file110,98063,Spine.Unity.SkeletonGraphic,spine,15832,/GGEasterPrayEvent/Content/BoxStatues/GroupStatue/EasterStatue/RootScale/GameItem/ItemEquipmentUI/MaskSpineBorder/SpineBoder/Skeleton,False,unavailable,,,,,
002_UnityDataAssetPack_datapack__file110,98085,SpineObject,spine,17187,/BrokenSpaceStage/SpineAttack,False,unavailable,,,,,
002_UnityDataAssetPack_datapack__file110,98091,Spine.Unity.SkeletonGraphic,spine,15718,/PanelHeroInfo/RightPart/BoxInfo/PanelEquipment/SlotAccessory/ItemEquipmentUI/MaskSpineBorder/SpineBoder/Skeleton,False,unavailable,,,,,
002_UnityDataAssetPack_datapack__file110,98096,Spine.Unity.SkeletonAnimation,spine,32569,,False,unavailable,,,,,
002_UnityDataAssetPack_datapack__file110,98133,SpineObject,spine,16082,/PopupGuildBossRewards/Body/CellGuildBossReward/GameItemContainer2/GameItem2/SpineHighlight,False,unavailable,,,,,
002_UnityDataAssetPack_datapack__file110,98330,SpineObject,spine,21422,/PopupCheckin/Bgr/CellCheckinReward/GameItem/ItemArtifactUI/MaskSpineBorder/SpineBoder,False,unavailable,,,,,
002_UnityDataAssetPack_datapack__file110,98472,Spine.Unity.SkeletonGraphic,spine,23720,/PopupLuckySpinFK/Content/SpineNami/Nami,False,unavailable,,,,,
002_UnityDataAssetPack_datapack__file110,98544,SpineObject,spine,20615,/PopupUpgradeHeroFake/HeroBox/EffectHeroUp,False,unavailable,,,,,
002_UnityDataAssetPack_datapack__file110,98584,Spine.Unity.SkeletonGraphic,spine,16591,/PanelHeroInfo/RightPart/BoxInfo/PanelEquipment/SlotWeapon/ItemEquipmentUI/MaskSpineBorder/SpineBoder/Skeleton,False,unavailable,,,,,
002_UnityDataAssetPack_datapack__file110,98587,SpineObject,spine,23145,/PopupDiceTarotCardFake/Body/Bgr/Content/DiceTarotCardFake (2)/SpineCard,False,unavailable,,,,,
002_UnityDataAssetPack_datapack__file110,98596,Spine.Unity.SkeletonGraphic,spine,25771,/PopupGuildWarPlayerInfo/Content/Body/PlayerInfo/BoxRewards/HLayout/Wrapper1/GameItem/SpineHighlight/Skeleton,False,unavailable,,,,,
002_UnityDataAssetPack_datapack__file110,98609,Spine.Unity.SkeletonGraphic,spine,16569,/GGHeroLotteryEvent/CellHeroLottery/HeroHeadWrapper/GameItem/ItemEquipmentUI/MaskSpineBorder/SpineBoder/Skeleton,False,unavailable,,,,,
002_UnityDataAssetPack_datapack__file110,98664,Spine.Unity.SkeletonGraphic,spine,16440,/CellDailyQuest/GroupReward/GameItemContainer2/GameItem/ItemEquipmentUI/MaskSpineBorder/SpineBoder/Skeleton,False,unavailable,,,,,
002_UnityDataAssetPack_datapack__file110,98725,Spine.Unity.SkeletonGraphic,spine,25271,/PopupShop/Content/bgr/child_bgr/CellPopupShop/ShopItem/Item/GameItem/SpineHighlight/Skeleton,False,unavailable,,,,,
002_UnityDataAssetPack_datapack__file110,98726,SpineObject,spine,22190,/PopupCheckin/Bgr/CellCheckinReward/GameItem/ItemEquipmentUI/MaskSpineBorder/SpineBoder,False,unavailable,,,,,
002_UnityDataAssetPack_datapack__file110,98851,Spine.Unity.SkeletonGraphic,spine,25535,/ItemBonusShow/GameItem/SpineHighlight/Skeleton,False,unavailable,,,,,
002_UnityDataAssetPack_datapack__file110,98859,Spine.Unity.SkeletonGraphic,spine,26781,/PopupDailyQuest/PanelBody/CellDailyQuest/GroupReward/GameItemContainer1/GameItem/ItemArtifactUI/MaskSpineBorder/SpineBoder/Skeleton,False,unavailable,,,,,
002_UnityDataAssetPack_datapack__file110,98915,Spine.Unity.SkeletonGraphic,spine,26144,/PopupGuildWarPlayerInfo/Content/Body/PlayerInfo/BoxPlayer/PlayerAvatar/EffectSpecial,False,unavailable,,,,,
002_UnityDataAssetPack_datapack__file110,98924,SpineObject,spine,16699,/PopupMFStage/Content/ImageBody/GroupTop/BoxLineUp/Lineup/HeroesLineup/FrontLine/MFHeroHead (1)/SpineEff,False,unavailable,,,,,
002_UnityDataAssetPack_datapack__file110,98949,SpineObject,spine,27845,/PopupItemInfo/Content/PanelGroup/ImgBgr/Infor/GameItem/ItemArtifactUI/MaskSpineBorder/SpineBorder,False,unavailable,,,,,
002_UnityDataAssetPack_datapack__file110,99010,Spine.Unity.SkeletonGraphic,spine,19535,/PopupDungeonBuyItem/Content/GameItem/ItemEquipmentUI/MaskSpineBorder/SpineBoder/Skeleton,False,unavailable,,,,,
002_UnityDataAssetPack_datapack__file110,99017,Spine.Unity.SkeletonGraphic,spine,25850,/PopupSelectReward/Body/GroupSlot/RewardSelect2/GameItem/ItemArtifactUI/MaskSpineBorder/SpineBoder/Skeleton,False,unavailable,,,,,
002_UnityDataAssetPack_datapack__file110,99021,Spine.Unity.SkeletonGraphic,spine,25853,/PanelEventMiniGame/GroupContent/GroupLeft/Content/Hole/bgr/Reward/GameItem/ItemArtifactUI/MaskSpineBorder/SpineBoder/Skeleton,False,unavailable,,,,,
002_UnityDataAssetPack_datapack__file110,99028,SpineObject,spine,21916,/PanelEasterPrayEvent/Bgr/PanelStatue/GroupStatue/ItemStatue/HeroStatue/avatar_statue/GameItem/ItemEquipmentUI/MaskSpineBorder/SpineBoder,False,unavailable,,,,,
002_UnityDataAssetPack_datapack__file110,99035,SpineObject,spine,22690,/CellDailyQuest/GroupReward/GameItemContainer1/GameItem/ItemArtifactUI/MaskSpineBorder/SpineBoder,False,unavailable,,,,,
002_UnityDataAssetPack_datapack__file110,99060,Spine.Unity.SkeletonGraphic,spine,26498,/TapHero/CanvasHero/Mesh/Skeleton,False,unavailable,,,,,
002_UnityDataAssetPack_datapack__file110,99061,Spine.Unity.SkeletonGraphic,spine,26499,/TapHero/CanvasHero/Mesh/Skeleton,False,unavailable,,,,,
002_UnityDataAssetPack_datapack__file110,99078,Spine.Unity.SkeletonGraphic,spine,19578,/GGEquipmentExchangeEvent/CellEquipmentExchange/GroupReqEquip/GGEquipmentSlot (2)/EquipmentWrapper/ItemEquipmentUI/MaskSpineBorder/SpineBoder/Skeleton,False,unavailable,,,,,
002_UnityDataAssetPack_datapack__file110,99083,SpineObject,spine,19403,/GameItemEvent/GameItem/SpineHighlight,False,unavailable,,,,,
002_UnityDataAssetPack_datapack__file110,99099,SpineObject,spine,21830,/PopupSelectReward/Body/GroupSlot/RewardSelect1/GameItem/ItemEquipmentUI/MaskSpineBorder/SpineBoder,False,unavailable,,,,,
002_UnityDataAssetPack_datapack__file110,99104,SpineObject,spine,22600,/PopupGuildMill/Body/BoxOrder/CellMillOrder/Bonus/GameItem2/ItemArtifactUI/MaskSpineBorder/SpineBoder,False,unavailable,,,,,
002_UnityDataAssetPack_datapack__file110,99105,SpineObject,spine,17771,/GGBrokenSpaceEventV2/Content/GroupStage/BrokenSpaceStage/SpineAttack,False,unavailable,,,,,
002_UnityDataAssetPack_datapack__file110,99150,Spine.Unity.SkeletonGraphic,spine,18663,/PopupHeroUpgradeFk2/Content/EffectUpgrade/SkeletonGraphic,False,unavailable,,,,,
002_UnityDataAssetPack_datapack__file110,99151,Spine.Unity.SkeletonGraphic,spine,18664,/PopupHeroUpgradeFk/Content/EffectUpgrade/SkeletonGraphic,False,unavailable,,,,,
002_UnityDataAssetPack_datapack__file110,99206,SpineObject,spine,19312,/PopupSellItem/Content/GameItem/SpineHighlight,False,unavailable,,,,,
002_UnityDataAssetPack_datapack__file110,99222,Spine.Unity.SkeletonGraphic,spine,22547,/HandTutorial/Skeleton,False,unavailable,,,,,
002_UnityDataAssetPack_datapack__file110,99238,SpineObject,spine,19326,/PopupSelectReward/Body/GroupSlot/RewardSelect3/GameItem/SpineHighlight,False,unavailable,,,,,
002_UnityDataAssetPack_datapack__file110,99263,SpineObject,spine,22979,/PanelEasterPrayEvent/Bgr/PanelStatue/GroupStatue/ItemStatue/HeroStatue/avatar_statue/GameItem/ItemArtifactUI/MaskSpineBorder/SpineBoder,False,unavailable,,,,,
002_UnityDataAssetPack_datapack__file110,99267,SpineObject,spine,21691,/CellDailyQuest/GroupReward/GameItemContainer1/GameItem/ItemEquipmentUI/MaskSpineBorder/SpineBoder,False,unavailable,,,,,
002_UnityDataAssetPack_datapack__file110,99273,SpineObject,spine,28490,/PanelHeroInfo/HeroBox/ImageBoard/SpineRank,False,unavailable,,,,,
002_UnityDataAssetPack_datapack__file110,99297,SpineObject,spine,22999,/PopupSelectReward/Body/GroupSlot/RewardSelect1/GameItem/ItemArtifactUI/MaskSpineBorder/SpineBoder,False,unavailable,,,,,
002_UnityDataAssetPack_datapack__file110,99299,Spine.Unity.SkeletonGraphic,spine,30077,/MFHeroHead/SpineEff/Skeleton,False,unavailable,,,,,
002_UnityDataAssetPack_datapack__file110,99316,Spine.Unity.SkeletonGraphic,spine,19332,/PopupBuyItem/Content/GameItem/ItemEquipmentUI/MaskSpineBorder/SpineBoder/Skeleton,False,unavailable,,,,,
002_UnityDataAssetPack_datapack__file110,99317,Spine.Unity.SkeletonGraphic,spine,19333,/PopupBuyItemFake/Content/GameItem/ItemEquipmentUI/MaskSpineBorder/SpineBoder/Skeleton,False,unavailable,,,,,
002_UnityDataAssetPack_datapack__file110,99415,Spine.Unity.SkeletonGraphic,spine,30257,/PopupDiceTarotCardFake/Body/Bgr/Content/DiceTarotCardFake (2)/SpineCard/Skeleton,False,unavailable,,,,,
002_UnityDataAssetPack_datapack__file110,99560,SpineObject,spine,21787,/PopupGuildMill/Body/BoxOrder/CellMillOrder/Bonus/GameItem2/ItemEquipmentUI/MaskSpineBorder/SpineBoder,False,unavailable,,,,,
002_UnityDataAssetPack_datapack__file110,99671,Spine.Unity.SkeletonAnimation,spine,26839,,False,unavailable,,,,,
002_UnityDataAssetPack_datapack__file110,99787,SpineObject,spine,21463,/GGEquipmentExchangeEvent/CellEquipmentExchange/GroupReqEquip/GGEquipmentSlot (1)/EquipmentWrapper/ItemEquipmentUI/MaskSpineBorder/SpineBoder,False,unavailable,,,,,
002_UnityDataAssetPack_datapack__file110,99790,Spine.Unity.SkeletonGraphic,spine,29282,/PopupMFStage/Content/ImageBody/GroupTop/BoxLineUp/Lineup/HeroesLineup/FrontLine/MFHeroHead (1)/SpineEff/Skeleton,False,unavailable,,,,,
002_UnityDataAssetPack_datapack__file110,99803,Spine.Unity.SkeletonGraphic,spine,28702,/PanelTutorialKeyHoleNew/hand,False,unavailable,,,,,
002_UnityDataAssetPack_datapack__file110,99815,SpineObject,spine,17111,/PanelExchangeEquipEvent/CellExchangeEquip/GroupEquipReceive/ReceiveEquip/ItemEquipmentUI/MaskSpineBorder/SpineBoder,False,unavailable,,,,,
002_UnityDataAssetPack_datapack__file110,99824,Spine.Unity.SkeletonGraphic,spine,25467,/PopupShop/Content/bgr/child_bgr/CellPopupShop/ShopItem/Item/GameItem/ItemArtifactUI/MaskSpineBorder/SpineBoder/Skeleton,False,unavailable,,,,,
002_UnityDataAssetPack_datapack__file110,99827,SpineObject,spine,30129,/WarTent/EffectSmoke,False,unavailable,,,,,
002_UnityDataAssetPack_datapack__file110,99839,Spine.Unity.SkeletonGraphic,spine,24062,/CampaignMapPart/Gate4/ImageNameTag/GoFocus,False,unavailable,,,,,
002_UnityDataAssetPack_datapack__file110,99841,Spine.Unity.SkeletonGraphic,spine,19773,/PanelEasterPrayEvent/Bgr/PanelStatue/GroupStatue/ItemStatue (1)/SkinStatue/avatar_statue/GameItem/ItemEquipmentUI/MaskSpineBorder/SpineBoder/Skeleton,False,unavailable,,,,,
002_UnityDataAssetPack_datapack__file110,99843,Spine.Unity.SkeletonGraphic,spine,26792,/PopupDailyQuest/PanelBody/CellDailyQuest/GroupReward/GameItemContainer1/GameItem/SpineHighlight/Skeleton,False,unavailable,,,,,
002_UnityDataAssetPack_datapack__file110,99855,Spine.Unity.SkeletonGraphic,spine,19764,/GGEquipmentExchangeEvent/CellEquipmentExchange/GroupEquipReceive/GGEquipmentSlot (3)/EquipmentWrapper/ItemEquipmentUI/MaskSpineBorder/SpineBoder/Skeleton,False,unavailable,,,,,
002_UnityDataAssetPack_datapack__file110,99856,SpineObject,spine,18584,/GGBrokenSpaceEventV2/Content/GroupStage/BrokenSpaceStage (3)/SpineAttack,False,unavailable,,,,,
002_UnityDataAssetPack_datapack__file110,99860,Spine.Unity.SkeletonGraphic,spine,25496,/ItemBonusShow/GameItem/ItemArtifactUI/MaskSpineBorder/SpineBoder/Skeleton,False,unavailable,,,,,
002_UnityDataAssetPack_datapack__file110,100080,SpineObject,spine,21284,/GGEquipmentExchangeEvent/CellEquipmentExchange/GroupEquipReceive/GGEquipmentSlot/EquipmentWrapper/ItemEquipmentUI/MaskSpineBorder/SpineBoder,False,unavailable,,,,,
002_UnityDataAssetPack_datapack__file110,100081,SpineObject,spine,22265,/PopupHeroESkill/Body/BoxSkill/CellGroupESkills/SpineEffectActive,False,unavailable,,,,,
002_UnityDataAssetPack_datapack__file110,100140,Spine.Unity.SkeletonGraphic,spine,27171,/PopupPrayForFire/Body/BgrPanel/PanelTopDamage/CellTopDamagePray/AvatarBox/PlayerAvatar/EffectSpecial,False,unavailable,,,,,
002_UnityDataAssetPack_datapack__file110,100173,Spine.Unity.SkeletonGraphic,spine,27184,/PopupAllStarBetHistory/Body/PanelBetHistory/ScrollViewBetHistory/CellBetHistory/PlayerAvatar1/EffectSpecial,False,unavailable,,,,,
002_UnityDataAssetPack_datapack__file110,100185,SpineObject,spine,21388,/PopupSelectEquipmentSet/Content/CellEquipmentSetSelect/GroupItem/ItemEquipmentUI (2)/MaskSpineBorder/SpineBoder,False,unavailable,,,,,
002_UnityDataAssetPack_datapack__file110,100217,Spine.Unity.SkeletonGraphic,spine,27121,/BoxAllStarsPlayer/PlayerAvatar/EffectSpecial,False,unavailable,,,,,
002_UnityDataAssetPack_datapack__file110,100218,Spine.Unity.SkeletonGraphic,spine,27122,/BoxAllStarsPlayerBig/PlayerAvatar/EffectSpecial,False,unavailable,,,,,
002_UnityDataAssetPack_datapack__file110,100224,Spine.Unity.SkeletonGraphic,spine,25789,/PopupGuildWarPlayerInfo/Content/Body/PlayerInfo/BoxRewards/HLayout/Wrapper1/GameItem/ItemArtifactUI/MaskSpineBorder/SpineBoder/Skeleton,False,unavailable,,,,,
002_UnityDataAssetPack_datapack__file110,100230,Spine.Unity.SkeletonGraphic,spine,18799,/PopupHeroESkill/Body/BoxChiPoint/MedMan/Group/GroupStar/StarFlash/Mesh,False,unavailable,,,,,
002_UnityDataAssetPack_datapack__file110,100375,Spine.Unity.SkeletonGraphic,spine,27555,/PopupAllStarBetHistory/Body/PanelBetHistory/ScrollViewBetHistory/CellBetHistory/PlayerAvatar2/EffectSpecial,False,unavailable,,,,,
002_UnityDataAssetPack_datapack__file110,100391,Spine.Unity.SkeletonGraphic,spine,23120,/ItemSetEquip/GroupItem/ReqEquip (1)/ItemEquipmentUI/MaskSpineBorder/SpineBoder/Skeleton,False,unavailable,,,,,
002_UnityDataAssetPack_datapack__file110,100486,Spine.Unity.SkeletonGraphic,spine,18867,/PanelExchangeEquipEvent/CellExchangeEquip/GroupReqEquip/ReqEquip (3)/ItemEquipmentUI/MaskSpineBorder/SpineBoder/Skeleton,False,unavailable,,,,,
002_UnityDataAssetPack_datapack__file110,100523,Spine.Unity.SkeletonAnimation,spine,18792,,False,unavailable,,,,,
002_UnityDataAssetPack_datapack__file110,100544,Spine.Unity.SkeletonGraphic,spine,24953,/GGHeroLotteryEvent/CellHeroLottery/HeroHeadWrapper/GameItem/ItemArtifactUI/MaskSpineBorder/SpineBoder/Skeleton,False,unavailable,,,,,
002_UnityDataAssetPack_datapack__file110,100592,SpineObject,spine,23633,/GGDauDanhTrangEvent/CellReward/DauDanhTrangItem/ScaleGameItem/GameItem/ItemArtifactUI/MaskSpineBorder/SpineBoder,False,unavailable,,,,,
002_UnityDataAssetPack_datapack__file110,100593,SpineObject,spine,23634,/PanelDauDanhTrangEvent/CellDauDanhTrangReward/DauDanhTrangItem/ScaleGameItem/GameItem/ItemArtifactUI/MaskSpineBorder/SpineBoder,False,unavailable,,,,,
002_UnityDataAssetPack_datapack__file110,100615,Spine.Unity.SkeletonGraphic,spine,25009,/CellDailyQuest/GroupReward/GameItemContainer2/GameItem/ItemArtifactUI/MaskSpineBorder/SpineBoder/Skeleton,False,unavailable,,,,,
002_UnityDataAssetPack_datapack__file110,100696,Spine.Unity.SkeletonGraphic,spine,27694,/PopupAllStarsTop4/Body/BoxPlayIn3/BoxAllStarsPlayer2/PlayerAvatar/EffectSpecial,False,unavailable,,,,,
002_UnityDataAssetPack_datapack__file110,100747,Spine.Unity.SkeletonGraphic,spine,25115,/PopupUpgradeArtifact/Body/BoxUpgrade/BoardTitle/ItemArtifactUI2/MaskSpineBorder/SpineBoder/Skeleton,False,unavailable,,,,,
002_UnityDataAssetPack_datapack__file110,100795,SpineObject,spine,28151,/PanelExchangeEquipEvent/CellExchangeEquip/GroupReqEquip/ReqEquip (3)/ItemEquipmentUI/MaskSpineBorder/SpineBoder,False,unavailable,,,,,
002_UnityDataAssetPack_datapack__file110,100798,Spine.Unity.SkeletonGraphic,spine,17769,/PopupDailyQuest/PanelBody/CellDailyQuest/GroupReward/GameItemContainer1/GameItem/ItemEquipmentUI/MaskSpineBorder/SpineBoder/Skeleton,False,unavailable,,,,,
002_UnityDataAssetPack_datapack__file110,100816,Spine.Unity.SkeletonGraphic,spine,27954,/PanelEasterPrayEvent/Bgr/PanelStatue/GroupStatue/ItemStatue (1)/SkinStatue/avatar_statue/GameItem/SpineHighlight/Skeleton,False,unavailable,,,,,
002_UnityDataAssetPack_datapack__file110,100823,SpineObject,spine,20879,/GGDauDanhTrangEvent/CellReward/DauDanhTrangItem/ScaleGameItem/GameItem/ItemEquipmentUI/MaskSpineBorder/SpineBoder,False,unavailable,,,,,
002_UnityDataAssetPack_datapack__file110,100824,SpineObject,spine,20880,/PanelDauDanhTrangEvent/CellDauDanhTrangReward/DauDanhTrangItem/ScaleGameItem/GameItem/ItemEquipmentUI/MaskSpineBorder/SpineBoder,False,unavailable,,,,,
002_UnityDataAssetPack_datapack__file110,100846,SpineObject,spine,22413,/PanelBrokenSpacesEvent2/Bgr/GroupSpine/Spine7,False,unavailable,,,,,
002_UnityDataAssetPack_datapack__file110,100931,Spine.Unity.SkeletonGraphic,spine,27680,/PopupBuyItem/Content/GameItem/SpineHighlight/Skeleton,False,unavailable,,,,,
002_UnityDataAssetPack_datapack__file110,100932,Spine.Unity.SkeletonGraphic,spine,27681,/PopupBuyItemFake/Content/GameItem/SpineHighlight/Skeleton,False,unavailable,,,,,
002_UnityDataAssetPack_datapack__file110,100934,SpineObject,spine,20437,/Popup7DaysEvent/Bgr/Content/PanelContent/PanelDiscount/Bgr/GameItem/ItemEquipmentUI/MaskSpineBorder/SpineBoder,False,unavailable,,,,,
002_UnityDataAssetPack_datapack__file110,100952,SpineObject,spine,18783,/GameItemWrapper/GameItem/SpineHighlight,False,unavailable,,,,,
002_UnityDataAssetPack_datapack__file110,101011,Spine.Unity.SkeletonGraphic,spine,23311,/PopupPurchaseIAP/Loading/SpineLoading/SkeletonGraphic,False,unavailable,,,,,
002_UnityDataAssetPack_datapack__file110,101026,SpineObject,spine,20346,/PopupMasteringHero/Contents/BoxGameChallenge/BgrScroll/CellGameChallenge/GroupReward/GameItemWrapper1/GameItem/ItemEquipmentUI/MaskSpineBorder/SpineBoder,False,unavailable,,,,,
002_UnityDataAssetPack_datapack__file110,101138,SpineObject,spine,20535,/CellGameChallenge/GroupReward/GameItemWrapper2/GameItem/ItemEquipmentUI/MaskSpineBorder/SpineBoder,False,unavailable,,,,,
002_UnityDataAssetPack_datapack__file110,101164,Spine.Unity.SkeletonGraphic,spine,27816,/PopupTowerHistory/PanelBody/CellTowerHistory/PlayerAvatar/EffectSpecial,False,unavailable,,,,,
002_UnityDataAssetPack_datapack__file110,101252,Spine.Unity.SkeletonGraphic,spine,27391,/PopupDungeonBuyItem/Content/GameItem/SpineHighlight/Skeleton,False,unavailable,,,,,
002_UnityDataAssetPack_datapack__file110,101260,SpineObject,spine,23547,/PopupMasteringHero/Contents/BoxGameChallenge/BgrScroll/CellGameChallenge/GroupReward/GameItemWrapper1/GameItem/ItemArtifactUI/MaskSpineBorder/SpineBoder,False,unavailable,,,,,
002_UnityDataAssetPack_datapack__file110,101273,SpineObject,spine,19047,/PanelItemExchangeEvent/CellExchangeItem/GameItem/SpineHighlight,False,unavailable,,,,,
002_UnityDataAssetPack_datapack__file110,101274,SpineObject,spine,19048,/GGItemExchangeEvent/CellExchangeItem/GameItem/SpineHighlight,False,unavailable,,,,,
002_UnityDataAssetPack_datapack__file110,101321,SpineObject,spine,23453,/Popup7DaysEvent/Bgr/Content/PanelContent/PanelDiscount/Bgr/GameItem/ItemArtifactUI/MaskSpineBorder/SpineBoder,False,unavailable,,,,,
002_UnityDataAssetPack_datapack__file110,101322,Spine.Unity.SkeletonGraphic,spine,24469,/GGEasterPrayEvent/Content/BoxStatues/GroupStatue/EasterStatue/RootScale/GameItem/ItemArtifactUI/MaskSpineBorder/SpineBoder/Skeleton,False,unavailable,,,,,
002_UnityDataAssetPack_datapack__file110,101355,Spine.Unity.SkeletonGraphic,spine,18796,/GGEquipmentExchangeEvent/CellEquipmentExchange/GroupEquipReceive/GGEquipmentSlot (2)/EquipmentWrapper/ItemEquipmentUI/MaskSpineBorder/SpineBoder/Skeleton,False,unavailable,,,,,
002_UnityDataAssetPack_datapack__file110,101367,Spine.Unity.SkeletonGraphic,spine,28156,/PopupAllStarBet/Body/CellMatch/Player2/BoxAvatar2/PlayerAvatar/EffectSpecial,False,unavailable,,,,,
002_UnityDataAssetPack_datapack__file110,101384,SpineObject,spine,23356,/CellGameChallenge/GroupReward/GameItemWrapper2/GameItem/ItemArtifactUI/MaskSpineBorder/SpineBoder,False,unavailable,,,,,
002_UnityDataAssetPack_datapack__file110,101441,SpineObject,spine,22847,/PanelHeroInfo/HeroBox/EffectHeroUp,False,unavailable,,,,,
002_UnityDataAssetPack_datapack__file110,101443,SpineObject,spine,20303,/PanelHeroInfo/RightPart/BoxInfo/PanelEquipment/SlotArmor/ItemEquipmentUI/MaskSpineBorder/SpineBoder,False,unavailable,,,,,
002_UnityDataAssetPack_datapack__file110,101452,Spine.Unity.SkeletonGraphic,spine,30484,/CampaignMapPart/Gate7/ImageNameTag/GoFocus,False,unavailable,,,,,
002_UnityDataAssetPack_datapack__file110,101497,Spine.Unity.SkeletonGraphic,spine,18652,/PopupSelectEquipmentSet/Content/CellEquipmentSetSelect/GroupItem/ItemEquipmentUI (3)/MaskSpineBorder/SpineBoder/Skeleton,False,unavailable,,,,,
002_UnityDataAssetPack_datapack__file110,101577,Spine.Unity.SkeletonGraphic,spine,32186,/CellGameChallenge/GroupReward/GameItemWrapper2/GameItem/ItemArtifactUI/MaskSpineBorder/SpineBoder/Skeleton,False,unavailable,,,,,
002_UnityDataAssetPack_datapack__file110,101619,Spine.Unity.SkeletonGraphic,spine,29047,/PanelEasterPrayEvent/Bgr/PanelStatue/GroupStatue/ItemStatue (2)/ArtifactStatue/avatar_statue/GameItem/SpineHighlight/Skeleton,False,unavailable,,,,,
002_UnityDataAssetPack_datapack__file110,101642,Spine.Unity.SkeletonGraphic,spine,29026,/PopupDailyQuest/PanelBody/CellDailyQuest/GroupReward/GameItemContainer2/GameItem/SpineHighlight/Skeleton,False,unavailable,,,,,
002_UnityDataAssetPack_datapack__file110,101643,Spine.Unity.SkeletonGraphic,spine,29024,/EasterStatue/RootScale/GameItem/SpineHighlight/Skeleton,False,unavailable,,,,,
002_UnityDataAssetPack_datapack__file110,101662,Spine.Unity.SkeletonGraphic,spine,20148,/PopupItemInfo/Content/PanelGroup/ImgBgr/Infor/GameItem/ItemEquipmentUI/MaskSpineBorder/SpineBorder/Skeleton,False,unavailable,,,,,
002_UnityDataAssetPack_datapack__file110,101816,Spine.Unity.SkeletonGraphic,spine,21431,/PopupGuildBossTopDmg/Body/CellGuildBossDmg/GameItem1/GameItem1/ItemEquipmentUI/MaskSpineBorder/SpineBoder/Skeleton,False,unavailable,,,,,
002_UnityDataAssetPack_datapack__file110,101818,Spine.Unity.SkeletonGraphic,spine,32373,/PopupMasteringHero/Contents/BoxGameChallenge/BgrScroll/CellGameChallenge/GroupReward/GameItemWrapper1/GameItem/ItemArtifactUI/MaskSpineBorder/SpineBoder/Skeleton,False,unavailable,,,,,
002_UnityDataAssetPack_datapack__file110,101835,SpineObject,spine,16301,/GGEasterPrayEvent/Content/BoxStatues/GroupStatue/EasterStatue/RootScale/GameItem/ItemArtifactUI/MaskSpineBorder/SpineBoder,False,unavailable,,,,,
002_UnityDataAssetPack_datapack__file110,101837,Spine.Unity.SkeletonGraphic,spine,32376,/Popup7DaysEvent/Bgr/Content/PanelContent/PanelDiscount/Bgr/GameItem/ItemArtifactUI/MaskSpineBorder/SpineBoder/Skeleton,False,unavailable,,,,,
002_UnityDataAssetPack_datapack__file110,101887,Spine.Unity.SkeletonGraphic,spine,27921,/PopupMFStage/Content/ImageBody/GroupTop/BoxLineUp/Lineup/HeroesLineup/FrontLine/MFHeroHead/SpineEff/Skeleton,False,unavailable,,,,,
002_UnityDataAssetPack_datapack__file110,102069,SpineObject,spine,19607,/PanelHeroInfo/RightPart/BoxInfo/PanelEquipment/SlotAccessory/ItemEquipmentUI/MaskSpineBorder/SpineBoder,False,unavailable,,,,,
002_UnityDataAssetPack_datapack__file110,102115,SpineObject,spine,19756,/GGEasterPrayEvent/Content/BoxStatues/GroupStatue/EasterStatue/RootScale/GameItem/ItemEquipmentUI/MaskSpineBorder/SpineBoder,False,unavailable,,,,,
002_UnityDataAssetPack_datapack__file110,102157,SpineObject,spine,26927,/PanelExchangeEquipEvent/CellExchangeEquip/GroupReqEquip/ReqEquip/ItemEquipmentUI/MaskSpineBorder/SpineBoder,False,unavailable,,,,,
002_UnityDataAssetPack_datapack__file110,102164,Spine.Unity.SkeletonGraphic,spine,28552,/PopupBossFk2/Content/GroupBoss/CellBossFk2/CanvasHero/Mesh/Skeleton,False,unavailable,,,,,
002_UnityDataAssetPack_datapack__file110,102176,Spine.Unity.SkeletonGraphic,spine,25736,/EasterStatue/RootScale/Statue/Skeleton,False,unavailable,,,,,
002_UnityDataAssetPack_datapack__file110,102224,SpineObject,spine,19524,/GGHeroLotteryEvent/CellHeroLottery/HeroHeadWrapper/GameItem/ItemEquipmentUI/MaskSpineBorder/SpineBoder,False,unavailable,,,,,
002_UnityDataAssetPack_datapack__file110,102262,SpineObject,spine,19466,/PanelHeroInfo/RightPart/BoxInfo/PanelEquipment/SlotWeapon/ItemEquipmentUI/MaskSpineBorder/SpineBoder,False,unavailable,,,,,
002_UnityDataAssetPack_datapack__file110,102397,SpineObject,spine,21819,/PopupGuildBossTopDmg/Body/CellGuildBossDmg/GameItem2/GameItem2/SpineHighlight,False,unavailable,,,,,
002_UnityDataAssetPack_datapack__file110,102409,Spine.Unity.SkeletonGraphic,spine,28901,/PopupBattleEnd/Body/Content/Results/BoxArenaPoint/PlayerAvatar2/EffectSpecial,False,unavailable,,,,,
002_UnityDataAssetPack_datapack__file110,102426,SpineObject,spine,15729,/CellDailyQuest/GroupReward/GameItemContainer2/GameItem/ItemArtifactUI/MaskSpineBorder/SpineBoder,False,unavailable,,,,,
002_UnityDataAssetPack_datapack__file110,102437,SpineObject,spine,20837,/PanelBrokenSpacesEvent2/Bgr/GroupSpine/Spine5,False,unavailable,,,,,
002_UnityDataAssetPack_datapack__file110,102500,Spine.Unity.SkeletonGraphic,spine,25857,/GGEasterPrayEvent/Content/BoxStatues/GroupStatue/EasterStatue (1)/RootScale/Statue/Skeleton,False,unavailable,,,,,
002_UnityDataAssetPack_datapack__file110,102578,SpineObject,spine,15717,/PopupUpgradeArtifact/Body/BoxUpgrade/BoardTitle/ItemArtifactUI2/MaskSpineBorder/SpineBoder,False,unavailable,,,,,
002_UnityDataAssetPack_datapack__file110,102596,SpineObject,spine,22014,/PanelHeroLotteryEvent/CellHeroLottery/PanelHeroTo/GameItem/SpineHighlight,False,unavailable,,,,,
002_UnityDataAssetPack_datapack__file110,102662,Spine.Unity.SkeletonGraphic,spine,28310,/PopupMasteringHero/Contents/BoxGameChallenge/BgrScroll/CellGameChallenge/GroupReward/GameItemWrapper2/GameItem/SpineHighlight/Skeleton,False,unavailable,,,,,
002_UnityDataAssetPack_datapack__file110,102676,SpineObject,spine,16151,/GGHeroLotteryEvent/CellHeroLottery/HeroHeadWrapper/GameItem/ItemArtifactUI/MaskSpineBorder/SpineBoder,False,unavailable,,,,,
002_UnityDataAssetPack_datapack__file110,102680,Spine.Unity.SkeletonGraphic,spine,27368,/PopupEventMonopoly/ImageBgr/DiceTable/GroupRolling/DiceRollingSpine/Mesh/SpineDice,False,unavailable,,,,,
002_UnityDataAssetPack_datapack__file110,102688,Spine.Unity.SkeletonGraphic,spine,32093,/GGDauDanhTrangEvent/CellReward/DauDanhTrangItem/ScaleGameItem/GameItem/ItemArtifactUI/MaskSpineBorder/SpineBoder/Skeleton,False,unavailable,,,,,
002_UnityDataAssetPack_datapack__file110,102689,Spine.Unity.SkeletonGraphic,spine,32094,/PanelDauDanhTrangEvent/CellDauDanhTrangReward/DauDanhTrangItem/ScaleGameItem/GameItem/ItemArtifactUI/MaskSpineBorder/SpineBoder/Skeleton,False,unavailable,,,,,
002_UnityDataAssetPack_datapack__file110,102690,Spine.Unity.SkeletonGraphic,spine,28291,/GGEasterPrayEvent/Content/BoxStatues/GroupStatue/EasterStatue (1)/RootScale/GameItem/SpineHighlight/Skeleton,False,unavailable,,,,,
002_UnityDataAssetPack_datapack__file110,102748,Spine.Unity.SkeletonGraphic,spine,21619,/PopupCheckin/Bgr/CellCheckinReward/GameItem/ItemEquipmentUI/MaskSpineBorder/SpineBoder/Skeleton,False,unavailable,,,,,
002_UnityDataAssetPack_datapack__file110,102779,Spine.Unity.SkeletonGraphic,spine,29151,/PopupBossFk2/Content/GroupBoss/CellBossFk1/CanvasHero/Mesh/Skeleton,False,unavailable,,,,,
002_UnityDataAssetPack_datapack__file110,102791,Spine.Unity.SkeletonGraphic,spine,16568,/PopupSelectBattleCase/PanelLoading/PanelBlock/BgrLoading/SpineLoading,False,unavailable,,,,,
002_UnityDataAssetPack_datapack__file110,102795,SpineObject,spine,19383,/CellDailyQuest/GroupReward/GameItemContainer2/GameItem/ItemEquipmentUI/MaskSpineBorder/SpineBoder,False,unavailable,,,,,
002_UnityDataAssetPack_datapack__file110,102879,Spine.Unity.SkeletonGraphic,spine,28452,/CellGameChallenge/GroupReward/GameItemWrapper1/GameItem/SpineHighlight/Skeleton,False,unavailable,,,,,
002_UnityDataAssetPack_datapack__file110,103046,Spine.Unity.SkeletonGraphic,spine,20599,/GGEasterPrayEvent/Content/BoxStatues/GroupStatue/EasterStatue (1)/RootScale/GameItem/ItemEquipmentUI/MaskSpineBorder/SpineBoder/Skeleton,False,unavailable,,,,,
002_UnityDataAssetPack_datapack__file110,103075,SpineObject,spine,17316,/PopupGuildWarPlayerInfo/Content/Body/PlayerInfo/BoxRewards/HLayout/Wrapper1/GameItem/ItemArtifactUI/MaskSpineBorder/SpineBoder,False,unavailable,,,,,
002_UnityDataAssetPack_datapack__file110,103090,Spine.Unity.SkeletonGraphic,spine,25765,/PopupHeroesFk/Content/BoxHeroSpine/EffectUnlock/Mesh,False,unavailable,,,,,
002_UnityDataAssetPack_datapack__file110,103091,Spine.Unity.SkeletonGraphic,spine,25766,/PopupHeroesFk2/Content/BoxHeroSpine/EffectUnlock/Mesh,False,unavailable,,,,,
002_UnityDataAssetPack_datapack__file110,103095,Spine.Unity.SkeletonGraphic,spine,30791,/PopupFirstPurchase/Content/ImageBgr/ImageAce/Spine,False,unavailable,,,,,
002_UnityDataAssetPack_datapack__file110,103096,Spine.Unity.SkeletonGraphic,spine,20541,/PopupMasteringHero/Contents/BoxGameChallenge/BgrScroll/CellGameChallenge/GroupReward/GameItemWrapper2/GameItem/ItemEquipmentUI/MaskSpineBorder/SpineBoder/Skeleton,False,unavailable,,,,,
002_UnityDataAssetPack_datapack__file110,103097,SpineObject,spine,18857,/ItemBonusShow/GameItem/ItemEquipmentUI/MaskSpineBorder/SpineBoder,False,unavailable,,,,,
002_UnityDataAssetPack_datapack__file110,103099,SpineObject,spine,20320,/GameItemFeeEquip/GameItem/SpineHighlight,False,unavailable,,,,,
002_UnityDataAssetPack_datapack__file110,103184,SpineObject,spine,30549,/PanelExchangeEquipEvent/CellExchangeEquip/GroupReqEquip/ReqEquip (1)/ItemEquipmentUI/MaskSpineBorder/SpineBoder,False,unavailable,,,,,
002_UnityDataAssetPack_datapack__file110,103197,SpineObject,spine,19097,/PopupShop/Content/bgr/child_bgr/CellPopupShop/ShopItem/Item/GameItem/ItemEquipmentUI/MaskSpineBorder/SpineBoder,False,unavailable,,,,,
002_UnityDataAssetPack_datapack__file110,103214,SpineObject,spine,28474,/PopupIdolOfBlessing/Body/Bgr/GroupContent/Rage/ImageSkill/Icon,False,unavailable,,,,,
002_UnityDataAssetPack_datapack__file110,103252,Spine.Unity.SkeletonGraphic,spine,30234,/PopupCheckin/Bgr/CellCheckinReward/GameItem/SpineHighlight/Skeleton,False,unavailable,,,,,
002_UnityDataAssetPack_datapack__file110,103257,Spine.Unity.SkeletonGraphic,spine,20473,/CellGameChallenge/GroupReward/GameItemWrapper1/GameItem/ItemEquipmentUI/MaskSpineBorder/SpineBoder/Skeleton,False,unavailable,,,,,
002_UnityDataAssetPack_datapack__file110,103420,SpineObject,spine,18658,/PopupGuildWarPlayerInfo/Content/Body/PlayerInfo/BoxRewards/HLayout/Wrapper1/GameItem/ItemEquipmentUI/MaskSpineBorder/SpineBoder,False,unavailable,,,,,
002_UnityDataAssetPack_datapack__file110,103450,SpineObject,spine,17699,/ItemBonusShow/GameItem/ItemArtifactUI/MaskSpineBorder/SpineBoder,False,unavailable,,,,,
002_UnityDataAssetPack_datapack__file110,103522,Spine.Unity.SkeletonAnimation,spine,29692,,False,unavailable,,,,,
002_UnityDataAssetPack_datapack__file110,103530,SpineObject,spine,20598,/CellRaidChallenge/GroupReward/GI_Wrapper/GameItem/SpineHighlight,False,unavailable,,,,,
002_UnityDataAssetPack_datapack__file110,103540,Spine.Unity.SkeletonGraphic,spine,20262,/PanelHeroInfo/RightPart/BoxInfo/PanelEquipment/SlotShoes/ItemEquipmentUI/MaskSpineBorder/SpineBoder/Skeleton,False,unavailable,,,,,
002_UnityDataAssetPack_datapack__file110,103642,Spine.Unity.SkeletonGraphic,spine,21520,/PanelBrokenSpacesEvent2/Bgr/GroupSpine/Spine4/Skeleton,False,unavailable,,,,,
002_UnityDataAssetPack_datapack__file110,103700,SpineObject,spine,17440,/PopupShop/Content/bgr/child_bgr/CellPopupShop/ShopItem/Item/GameItem/ItemArtifactUI/MaskSpineBorder/SpineBoder,False,unavailable,,,,,
002_UnityDataAssetPack_datapack__file110,103724,SpineObject,spine,28213,/ItemSetEquip/GroupItem/ReqEquip (1)/ItemEquipmentUI/MaskSpineBorder/SpineBoder,False,unavailable,,,,,
002_UnityDataAssetPack_datapack__file110,103735,Spine.Unity.SkeletonGraphic,spine,29961,/PopupEventMonopoly/ImageBgr/GroupPlayer/CanvasHero/Mesh/Skeleton,False,unavailable,,,,,
002_UnityDataAssetPack_datapack__file110,103741,SpineObject,spine,26442,/PopupMFSelectRelic/Background/CardRelic (2)/CardFront/SpineCardOpen,False,unavailable,,,,,
002_UnityDataAssetPack_datapack__file110,103807,Spine.Unity.SkeletonGraphic,spine,29941,/PopupEventMonopoly/ImageBgr/GroupBoss/CanvasHero/Mesh/Skeleton,False,unavailable,,,,,
002_UnityDataAssetPack_datapack__file110,103814,SpineObject,spine,18562,/GGEquipmentExchangeEvent/CellEquipmentExchange/GroupReqEquip/GGEquipmentSlot (3)/EquipmentWrapper/ItemEquipmentUI/MaskSpineBorder/SpineBoder,False,unavailable,,,,,
002_UnityDataAssetPack_datapack__file110,103819,SpineObject,spine,23557,/PanelExchangeEquipEvent/CellExchangeEquip/GroupReqEquip/ReqEquip (2)/ItemEquipmentUI/MaskSpineBorder/SpineBoder,False,unavailable,,,,,
002_UnityDataAssetPack_datapack__file110,103832,Spine.Unity.SkeletonGraphic,spine,30463,/PanelEasterPrayEvent/Bgr/PanelStatue/GroupStatue/ItemStatue/HeroStatue/avatar_statue/GameItem/ItemArtifactUI/MaskSpineBorder/SpineBoder/Skeleton,False,unavailable,,,,,
002_UnityDataAssetPack_datapack__file110,103834,Spine.Unity.SkeletonGraphic,spine,30492,/PopupSelectReward/Body/GroupSlot/RewardSelect1/GameItem/ItemArtifactUI/MaskSpineBorder/SpineBoder/Skeleton,False,unavailable,,,,,
002_UnityDataAssetPack_datapack__file110,103836,SpineObject,spine,19053,/ItemSetEquip/GroupItem/ReqEquip/ItemEquipmentUI/MaskSpineBorder/SpineBoder,False,unavailable,,,,,
002_UnityDataAssetPack_datapack__file110,103840,SpineObject,spine,20665,/PopupSelectGameItem/PanelBody/GameItemTick/GameItem/SpineHighlight,False,unavailable,,,,,
002_UnityDataAssetPack_datapack__file110,103841,SpineObject,spine,20664,/GameItem/SpineHighlight,False,unavailable,,,,,
002_UnityDataAssetPack_datapack__file110,103917,SpineObject,spine,18275,/PopupSelectReward/Body/GroupSlot/RewardSelect2/GameItem/ItemEquipmentUI/MaskSpineBorder/SpineBoder,False,unavailable,,,,,
002_UnityDataAssetPack_datapack__file110,103939,SpineObject,spine,18273,/PanelEventMiniGame/GroupContent/GroupLeft/Content/Hole/bgr/Reward/GameItem/ItemEquipmentUI/MaskSpineBorder/SpineBoder,False,unavailable,,,,,
002_UnityDataAssetPack_datapack__file110,103956,Spine.Unity.SkeletonGraphic,spine,17142,/PanelExchangeEquipEvent/CellExchangeEquip/GroupReqEquip/ReqEquip/ItemEquipmentUI/MaskSpineBorder/SpineBoder/Skeleton,False,unavailable,,,,,
002_UnityDataAssetPack_datapack__file110,104029,Spine.Unity.SkeletonGraphic,spine,30633,/PopupGuildMill/Body/BoxOrder/CellMillOrder/Bonus/GameItem2/ItemArtifactUI/MaskSpineBorder/SpineBoder/Skeleton,False,unavailable,,,,,
002_UnityDataAssetPack_datapack__file110,104041,Spine.Unity.SkeletonAnimation,spine,20418,,False,unavailable,,,,,
002_UnityDataAssetPack_datapack__file110,104092,Spine.Unity.SkeletonGraphic,spine,20896,/EasterStatue/RootScale/GameItem/ItemEquipmentUI/MaskSpineBorder/SpineBoder/Skeleton,False,unavailable,,,,,
002_UnityDataAssetPack_datapack__file110,104094,Spine.Unity.SkeletonGraphic,spine,20898,/PopupDailyQuest/PanelBody/CellDailyQuest/GroupReward/GameItemContainer2/GameItem/ItemEquipmentUI/MaskSpineBorder/SpineBoder/Skeleton,False,unavailable,,,,,
002_UnityDataAssetPack_datapack__file110,104157,SpineObject,spine,31784,/PopupGuildSkill/Body/BoxTech/SpineObject,False,unavailable,,,,,
002_UnityDataAssetPack_datapack__file110,104194,Spine.Unity.SkeletonGraphic,spine,20878,/PanelEasterPrayEvent/Bgr/PanelStatue/GroupStatue/ItemStatue (2)/ArtifactStatue/avatar_statue/GameItem/ItemEquipmentUI/MaskSpineBorder/SpineBoder/Skeleton,False,unavailable,,,,,
002_UnityDataAssetPack_datapack__file110,104209,Spine.Unity.SkeletonGraphic,spine,26611,/DiceTarotCardFake/SpineCard/Skeleton,False,unavailable,,,,,
002_UnityDataAssetPack_datapack__file110,104258,Spine.Unity.SkeletonGraphic,spine,29559,/PopupGuildBossTopDmg/Body/CellGuildBossDmg/GameItem1/GameItem1/SpineHighlight/Skeleton,False,unavailable,,,,,
002_UnityDataAssetPack_datapack__file110,104262,SpineObject,spine,20916,/PopupGuildBossRewards/Body/CellGuildBossReward/GameItemContainer1/GameItem1/SpineHighlight,False,unavailable,,,,,
002_UnityDataAssetPack_datapack__file110,104264,SpineObject,spine,17114,/PanelEventMiniGame/GroupContent/GroupLeft/Content/Hole/bgr/Reward/GameItem/ItemArtifactUI/MaskSpineBorder/SpineBoder,False,unavailable,,,,,
002_UnityDataAssetPack_datapack__file110,104265,SpineObject,spine,17119,/PopupSelectReward/Body/GroupSlot/RewardSelect2/GameItem/ItemArtifactUI/MaskSpineBorder/SpineBoder,False,unavailable,,,,,
002_UnityDataAssetPack_datapack__file110,104267,SpineObject,spine,26073,/WarFortress/EffectSmoke,False,unavailable,,,,,
002_UnityDataAssetPack_datapack__file110,104276,Spine.Unity.SkeletonGraphic,spine,31977,/PopupPet/BoxInfo/PanelRuin/EffectUpgrade/Spine,False,unavailable,,,,,
002_UnityDataAssetPack_datapack__file110,104319,Spine.Unity.SkeletonGraphic,spine,30850,/CellDailyQuest/GroupReward/GameItemContainer1/GameItem/ItemArtifactUI/MaskSpineBorder/SpineBoder/Skeleton,False,unavailable,,,,,
002_UnityDataAssetPack_datapack__file110,104462,SpineObject,spine,18837,/PopupDailyQuest/PanelBody/CellDailyQuest/GroupReward/GameItemContainer1/GameItem/ItemArtifactUI/MaskSpineBorder/SpineBoder,False,unavailable,,,,,
002_UnityDataAssetPack_datapack__file110,104467,SpineObject,spine,16400,/DiceTarotCardFake/SpineCard,False,unavailable,,,,,
002_UnityDataAssetPack_datapack__file110,104486,Spine.Unity.SkeletonGraphic,spine,30575,/PopupGuildBossAttack/Body/BoxTopDmg/CellGuildBossDmg/Avatar/PlayerAvatar/EffectSpecial,False,unavailable,,,,,
002_UnityDataAssetPack_datapack__file110,104496,Spine.Unity.SkeletonGraphic,spine,30282,/PanelExchangeEquipEvent/CellExchangeEquip/GroupEquipReceive/ReceiveEquip (2)/ItemEquipmentUI/MaskSpineBorder/SpineBoder/Skeleton,False,unavailable,,,,,
002_UnityDataAssetPack_datapack__file110,104535,SpineObject,spine,22399,/GGBrokenSpaceEventV2/Content/GroupStage/BrokenSpaceStage (2)/SpineAttack,False,unavailable,,,,,
002_UnityDataAssetPack_datapack__file110,104544,SpineObject,spine,20996,/PanelNewFeatureIntro/Content/SpineBuiding,False,unavailable,,,,,
002_UnityDataAssetPack_datapack__file110,104643,Spine.Unity.SkeletonGraphic,spine,30356,/PopupAllStarsTop4/Body/BoxPlayIn4/BoxAllStarsPlayer2/PlayerAvatar/EffectSpecial,False,unavailable,,,,,
002_UnityDataAssetPack_datapack__file110,104754,Spine.Unity.SkeletonGraphic,spine,21592,/PopupGuildSkill/Body/BoxTech/SpineObject/Skeleton,False,unavailable,,,,,
002_UnityDataAssetPack_datapack__file110,104875,Spine.Unity.SkeletonGraphic,spine,22576,/PanelExchangeEquipEvent/CellExchangeEquip/GroupEquipReceive/ReceiveEquip/ItemEquipmentUI/MaskSpineBorder/SpineBoder/Skeleton,False,unavailable,,,,,
002_UnityDataAssetPack_datapack__file110,104891,Spine.Unity.SkeletonGraphic,spine,27384,/PopupMFSelectRelic/Background/CardRelic (2)/CardFront/SpineCardOpen/Skeleton,False,unavailable,,,,,
002_UnityDataAssetPack_datapack__file110,104909,Spine.Unity.SkeletonGraphic,spine,23208,/GGDauDanhTrangEvent/CellReward/DauDanhTrangItem/ScaleGameItem/GameItem/ItemEquipmentUI/MaskSpineBorder/SpineBoder/Skeleton,False,unavailable,,,,,
002_UnityDataAssetPack_datapack__file110,104910,Spine.Unity.SkeletonGraphic,spine,23209,/PanelDauDanhTrangEvent/CellDauDanhTrangReward/DauDanhTrangItem/ScaleGameItem/GameItem/ItemEquipmentUI/MaskSpineBorder/SpineBoder/Skeleton,False,unavailable,,,,,
002_UnityDataAssetPack_datapack__file110,104922,SpineObject,spine,17241,/PopupDailyQuest/PanelBody/CellDailyQuest/GroupReward/GameItemContainer1/GameItem/ItemEquipmentUI/MaskSpineBorder/SpineBoder,False,unavailable,,,,,
002_UnityDataAssetPack_datapack__file110,104941,Spine.Unity.SkeletonGraphic,spine,24235,/PopupHeroESkill/Body/BoxChiPoint/MedMan/Group/GroupStar/StarChi1/Mesh,False,unavailable,,,,,
002_UnityDataAssetPack_datapack__file110,104949,Spine.Unity.SkeletonGraphic,spine,26778,/ItemSetEquip/GroupItem/ReqEquip (3)/ItemEquipmentUI/MaskSpineBorder/SpineBoder/Skeleton,False,unavailable,,,,,
002_UnityDataAssetPack_datapack__file110,104970,Spine.Unity.SkeletonGraphic,spine,30759,/PopupChatNew/AnchorLeft/Content/BoxChatScroll/ItemChatOther/PanelAvatar/PlayerAvatar/EffectSpecial,False,unavailable,,,,,
002_UnityDataAssetPack_datapack__file110,105010,Spine.Unity.SkeletonGraphic,spine,30178,/PopupCheckin/Bgr/CellCheckinReward/GameItem/ItemArtifactUI/MaskSpineBorder/SpineBoder/Skeleton,False,unavailable,,,,,
002_UnityDataAssetPack_datapack__file110,105227,Spine.Unity.SkeletonGraphic,spine,20788,/PanelEasterPrayEvent/Bgr/PanelStatue/GroupStatue/ItemStatue (2)/ArtifactStatue/avatar_statue,False,unavailable,,,,,
002_UnityDataAssetPack_datapack__file110,105236,Spine.Unity.SkeletonGraphic,spine,30803,/PopupGuildMill/Body/BoxOrder/CellMillOrder/Bonus/GameItem2/SpineHighlight/Skeleton,False,unavailable,,,,,
002_UnityDataAssetPack_datapack__file110,105247,Spine.Unity.SkeletonGraphic,spine,31203,/PopupSettings/Body/PanelInfo/BoxAccount/PlayerAvatar/EffectSpecial,False,unavailable,,,,,
002_UnityDataAssetPack_datapack__file110,105257,Spine.Unity.SkeletonGraphic,spine,23897,/CellGameChallenge/GroupReward/GameItemWrapper2/GameItem/ItemEquipmentUI/MaskSpineBorder/SpineBoder/Skeleton,False,unavailable,,,,,
002_UnityDataAssetPack_datapack__file110,105301,Spine.Unity.SkeletonGraphic,spine,23817,/PopupLunarEvent/Bgr/Content/ListTab/Tab1/Content/PanelCenter/Img3Player/ImageLeft/SpineObject/Mesh/Skeleton,False,unavailable,,,,,
002_UnityDataAssetPack_datapack__file110,105479,Spine.Unity.SkeletonGraphic,spine,31187,/PopupAllStarsTop4/Body/BoxPlayIn3/BoxAllStarsPlayer1/PlayerAvatar/EffectSpecial,False,unavailable,,,,,
002_UnityDataAssetPack_datapack__file110,105520,Spine.Unity.SkeletonGraphic,spine,29407,/PopupGuildBossTopDmg/Body/CellGuildBossDmg/GameItem1/GameItem1/ItemArtifactUI/MaskSpineBorder/SpineBoder/Skeleton,False,unavailable,,,,,
002_UnityDataAssetPack_datapack__file110,105524,Spine.Unity.SkeletonGraphic,spine,23836,/PopupMasteringHero/Contents/BoxGameChallenge/BgrScroll/CellGameChallenge/GroupReward/GameItemWrapper1/GameItem/ItemEquipmentUI/MaskSpineBorder/SpineBoder/Skeleton,False,unavailable,,,,,
002_UnityDataAssetPack_datapack__file110,105545,Spine.Unity.SkeletonGraphic,spine,30999,/PopupGuildBossTopDmg/Body/CellGuildBossDmg/Avatar/PlayerAvatar/EffectSpecial,False,unavailable,,,,,
002_UnityDataAssetPack_datapack__file110,105594,Spine.Unity.SkeletonGraphic,spine,30827,/CellDailyQuest/GroupReward/GameItemContainer1/GameItem/SpineHighlight/Skeleton,False,unavailable,,,,,
002_UnityDataAssetPack_datapack__file110,105623,Spine.Unity.SkeletonGraphic,spine,23846,/Popup7DaysEvent/Bgr/Content/PanelContent/PanelDiscount/Bgr/GameItem/ItemEquipmentUI/MaskSpineBorder/SpineBoder/Skeleton,False,unavailable,,,,,
002_UnityDataAssetPack_datapack__file110,105646,SpineObject,spine,16904,/PopupSelectEquipmentSet/Content/CellEquipmentSetSelect/GroupItem/ItemEquipmentUI (3)/MaskSpineBorder/SpineBoder,False,unavailable,,,,,
002_UnityDataAssetPack_datapack__file110,105795,Spine.Unity.SkeletonAnimation,spine,31320,,False,unavailable,,,,,
002_UnityDataAssetPack_datapack__file110,105805,Spine.Unity.SkeletonGraphic,spine,23808,/PanelHeroInfo/RightPart/BoxInfo/PanelEquipment/SlotArmor/ItemEquipmentUI/MaskSpineBorder/SpineBoder/Skeleton,False,unavailable,,,,,
002_UnityDataAssetPack_datapack__file110,106067,Spine.Unity.SkeletonGraphic,spine,31505,/PopupAllStarsTop2/Body/BoxPlayIn1/BoxAllStarsPlayerWin/PlayerAvatar/EffectSpecial,False,unavailable,,,,,
002_UnityDataAssetPack_datapack__file110,106068,Spine.Unity.SkeletonGraphic,spine,31506,/PopupAllStarsTop4/Body/BoxPlayIn1/BoxAllStarsPlayerWin/PlayerAvatar/EffectSpecial,False,unavailable,,,,,
002_UnityDataAssetPack_datapack__file110,106083,Spine.Unity.SkeletonGraphic,spine,30583,/PanelEasterPrayEvent/Bgr/PanelStatue/GroupStatue/ItemStatue/HeroStatue/avatar_statue/GameItem/SpineHighlight/Skeleton,False,unavailable,,,,,
002_UnityDataAssetPack_datapack__file110,106087,SpineObject,spine,16990,/GGEquipmentExchangeEvent/CellEquipmentExchange/GroupEquipReceive/GGEquipmentSlot (2)/EquipmentWrapper/ItemEquipmentUI/MaskSpineBorder/SpineBoder,False,unavailable,,,,,
002_UnityDataAssetPack_datapack__file110,106102,Spine.Unity.SkeletonGraphic,spine,30513,/PopupSelectReward/Body/GroupSlot/RewardSelect1/GameItem/SpineHighlight/Skeleton,False,unavailable,,,,,
002_UnityDataAssetPack_datapack__file110,106109,SpineObject,spine,21516,/ItemSetEquip/GroupItem/ReqEquip (2)/ItemEquipmentUI/MaskSpineBorder/SpineBoder,False,unavailable,,,,,
002_UnityDataAssetPack_datapack__file110,106191,SpineObject,spine,23864,/PopupGuildWarPlayerInfo/Content/Body/PlayerInfo/BoxRewards/HLayout/Wrapper2/GameItem/SpineHighlight,False,unavailable,,,,,
002_UnityDataAssetPack_datapack__file110,106489,SpineObject,spine,19656,/PopupBuyItem/Content/GameItem/ItemArtifactUI/MaskSpineBorder/SpineBoder,False,unavailable,,,,,
002_UnityDataAssetPack_datapack__file110,106490,SpineObject,spine,19657,/PopupBuyItemFake/Content/GameItem/ItemArtifactUI/MaskSpineBorder/SpineBoder,False,unavailable,,,,,
002_UnityDataAssetPack_datapack__file110,106497,Spine.Unity.SkeletonAnimation,spine,24430,,False,unavailable,,,,,
002_UnityDataAssetPack_datapack__file110,106498,Spine.Unity.SkeletonGraphic,spine,22433,/PopupSelectReward/Body/GroupSlot/RewardSelect1/GameItem/ItemEquipmentUI/MaskSpineBorder/SpineBoder/Skeleton,False,unavailable,,,,,
002_UnityDataAssetPack_datapack__file110,106503,Spine.Unity.SkeletonGraphic,spine,22431,/PanelEasterPrayEvent/Bgr/PanelStatue/GroupStatue/ItemStatue/HeroStatue/avatar_statue/GameItem/ItemEquipmentUI/MaskSpineBorder/SpineBoder/Skeleton,False,unavailable,,,,,
002_UnityDataAssetPack_datapack__file110,106505,SpineObject,spine,22203,/GGEasterPrayEvent/Content/BoxStatues/GroupStatue/EasterStatue (2)/RootScale/GameItem/SpineHighlight,False,unavailable,,,,,
002_UnityDataAssetPack_datapack__file110,106527,SpineObject,spine,16701,/GGEquipmentExchangeEvent/CellEquipmentExchange/GroupReqEquip/GGEquipmentSlot (2)/EquipmentWrapper/ItemEquipmentUI/MaskSpineBorder/SpineBoder,False,unavailable,,,,,
002_UnityDataAssetPack_datapack__file110,106529,Spine.Unity.SkeletonGraphic,spine,17064,/PopupItemInfo/Content/PanelGroup/ImgBgr/Infor/GameItem/ItemArtifactUI/MaskSpineBorder/SpineBorder/Skeleton,False,unavailable,,,,,
002_UnityDataAssetPack_datapack__file110,106555,SpineObject,spine,16639,/PopupDungeonBuyItem/Content/GameItem/ItemEquipmentUI/MaskSpineBorder/SpineBoder,False,unavailable,,,,,
002_UnityDataAssetPack_datapack__file110,106566,SpineObject,spine,18616,/PanelBrokenSpacesEvent2/Bgr/GroupSpine/Spine6,False,unavailable,,,,,
002_UnityDataAssetPack_datapack__file110,106686,Spine.Unity.SkeletonGraphic,spine,32331,/CellGameChallenge/GroupReward/GameItemWrapper2/GameItem/SpineHighlight/Skeleton,False,unavailable,,,,,
002_UnityDataAssetPack_datapack__file110,106700,Spine.Unity.SkeletonGraphic,spine,22368,/PopupGuildMill/Body/BoxOrder/CellMillOrder/Bonus/GameItem2/ItemEquipmentUI/MaskSpineBorder/SpineBoder/Skeleton,False,unavailable,,,,,
002_UnityDataAssetPack_datapack__file110,106715,Spine.Unity.SkeletonGraphic,spine,29129,/PanelEasterPrayEvent/Bgr/PanelStatue/GroupStatue/ItemStatue (2)/ArtifactStatue/avatar_statue/GameItem/ItemArtifactUI/MaskSpineBorder/SpineBoder/Skeleton,False,unavailable,,,,,
002_UnityDataAssetPack_datapack__file110,106788,SpineObject,spine,22443,/PopupMFStage/Content/ImageBody/GroupTop/BoxLineUp/Lineup/HeroesLineup/FrontLine/MFHeroHead/SpineEff,False,unavailable,,,,,
002_UnityDataAssetPack_datapack__file110,106791,SpineObject,spine,23533,/GGBrokenSpaceEventV2/Content/GroupStage/BrokenSpaceStage (1)/SpineAttack,False,unavailable,,,,,
002_UnityDataAssetPack_datapack__file110,106798,Spine.Unity.SkeletonGraphic,spine,29139,/EasterStatue/RootScale/GameItem/ItemArtifactUI/MaskSpineBorder/SpineBoder/Skeleton,False,unavailable,,,,,
002_UnityDataAssetPack_datapack__file110,106802,Spine.Unity.SkeletonGraphic,spine,29144,/PopupDailyQuest/PanelBody/CellDailyQuest/GroupReward/GameItemContainer2/GameItem/ItemArtifactUI/MaskSpineBorder/SpineBoder/Skeleton,False,unavailable,,,,,
002_UnityDataAssetPack_datapack__file110,106824,SpineObject,spine,19807,/PopupDungeonBuyItem/Content/GameItem/ItemArtifactUI/MaskSpineBorder/SpineBoder,False,unavailable,,,,,
002_UnityDataAssetPack_datapack__file110,106858,Spine.Unity.SkeletonGraphic,spine,32390,/PopupMasteringHero/Contents/BoxGameChallenge/BgrScroll/CellGameChallenge/GroupReward/GameItemWrapper1/GameItem/SpineHighlight/Skeleton,False,unavailable,,,,,
002_UnityDataAssetPack_datapack__file110,106881,Spine.Unity.SkeletonGraphic,spine,16469,/GGShelterMissionEvent/Content/GroupHeroes/SlotHeroShelter (1)/SpineHero/Skeleton,False,unavailable,,,,,
002_UnityDataAssetPack_datapack__file110,106950,SpineObject,spine,16457,/PopupBuyItem/Content/GameItem/ItemEquipmentUI/MaskSpineBorder/SpineBoder,False,unavailable,,,,,
002_UnityDataAssetPack_datapack__file110,106951,SpineObject,spine,16458,/PopupBuyItemFake/Content/GameItem/ItemEquipmentUI/MaskSpineBorder/SpineBoder,False,unavailable,,,,,
002_UnityDataAssetPack_datapack__file110,106952,Spine.Unity.SkeletonGraphic,spine,32367,/Popup7DaysEvent/Bgr/Content/PanelContent/PanelDiscount/Bgr/GameItem/SpineHighlight/Skeleton,False,unavailable,,,,,
002_UnityDataAssetPack_datapack__file110,106997,Spine.Unity.SkeletonGraphic,spine,22273,/CellDailyQuest/GroupReward/GameItemContainer1/GameItem/ItemEquipmentUI/MaskSpineBorder/SpineBoder/Skeleton,False,unavailable,,,,,
002_UnityDataAssetPack_datapack__file110,107112,SpineObject,spine,22700,/PopupTarvenQuest/Content/Body/TopGroup/GameItem/SpineHighlight,False,unavailable,,,,,
002_UnityDataAssetPack_datapack__file110,107201,SpineObject,spine,16079,/GGEquipmentExchangeEvent/CellEquipmentExchange/GroupEquipReceive/GGEquipmentSlot (3)/EquipmentWrapper/ItemEquipmentUI/MaskSpineBorder/SpineBoder,False,unavailable,,,,,
002_UnityDataAssetPack_datapack__file110,107202,Spine.Unity.SkeletonGraphic,spine,28353,/PopupMasteringHero/Contents/BoxGameChallenge/BgrScroll/CellGameChallenge/GroupReward/GameItemWrapper2/GameItem/ItemArtifactUI/MaskSpineBorder/SpineBoder/Skeleton,False,unavailable,,,,,
002_UnityDataAssetPack_datapack__file110,107224,Spine.Unity.SkeletonGraphic,spine,31969,/GGDauDanhTrangEvent/CellReward/DauDanhTrangItem/ScaleGameItem/GameItem/SpineHighlight/Skeleton,False,unavailable,,,,,
002_UnityDataAssetPack_datapack__file110,107225,Spine.Unity.SkeletonGraphic,spine,31970,/PanelDauDanhTrangEvent/CellDauDanhTrangReward/DauDanhTrangItem/ScaleGameItem/GameItem/SpineHighlight/Skeleton,False,unavailable,,,,,
002_UnityDataAssetPack_datapack__file110,107228,Spine.Unity.SkeletonGraphic,spine,28438,/GGEasterPrayEvent/Content/BoxStatues/GroupStatue/EasterStatue (1)/RootScale/GameItem/ItemArtifactUI/MaskSpineBorder/SpineBoder/Skeleton,False,unavailable,,,,,
002_UnityDataAssetPack_datapack__file110,107234,SpineObject,spine,15937,/PanelEasterPrayEvent/Bgr/PanelStatue/GroupStatue/ItemStatue (1)/SkinStatue/avatar_statue/GameItem/ItemEquipmentUI/MaskSpineBorder/SpineBoder,False,unavailable,,,,,
002_UnityDataAssetPack_datapack__file110,107245,SpineObject,spine,23349,/PanelBrokenSpacesEvent2/Bgr/GroupSpine/Spine3,False,unavailable,,,,,
002_UnityDataAssetPack_datapack__file110,107307,Spine.Unity.SkeletonGraphic,spine,22839,/GGEquipmentExchangeEvent/CellEquipmentExchange/GroupReqEquip/GGEquipmentSlot (1)/EquipmentWrapper/ItemEquipmentUI/MaskSpineBorder/SpineBoder/Skeleton,False,unavailable,,,,,
002_UnityDataAssetPack_datapack__file110,107310,Spine.Unity.SkeletonGraphic,spine,17127,/PanelBrokenSpacesEvent2/Bgr/GroupSpine/Spine1/Skeleton,False,unavailable,,,,,
002_UnityDataAssetPack_datapack__file110,107321,SpineObject,spine,22595,/CellRaidChallenge/GroupReward/GI_Wrapper/GameItem/SpineHighlight,False,unavailable,,,,,
002_UnityDataAssetPack_datapack__file110,107337,SpineObject,spine,25047,/PopupHeroUpgradeFk2/Content/EffectUpgrade,False,unavailable,,,,,
002_UnityDataAssetPack_datapack__file110,107338,SpineObject,spine,25048,/PopupHeroUpgradeFk/Content/EffectUpgrade,False,unavailable,,,,,
002_UnityDataAssetPack_datapack__file110,107448,Spine.Unity.SkeletonGraphic,spine,32282,/PopupGuildManageMember/Body/CellGuildMember/AvatarContainer/PlayerAvatar/EffectSpecial,False,unavailable,,,,,
002_UnityDataAssetPack_datapack__file110,107485,Spine.Unity.SkeletonGraphic,spine,28500,/CellGameChallenge/GroupReward/GameItemWrapper1/GameItem/ItemArtifactUI/MaskSpineBorder/SpineBoder/Skeleton,False,unavailable,,,,,
002_UnityDataAssetPack_datapack__file110,107547,SpineObject,spine,19591,/PanelEasterPrayEvent/Bgr/PanelStatue/GroupStatue/ItemStatue (1)/SkinStatue/avatar_statue/GameItem/ItemArtifactUI/MaskSpineBorder/SpineBoder,False,unavailable,,,,,
002_UnityDataAssetPack_datapack__file110,107564,Spine.Unity.SkeletonGraphic,spine,32829,/PopupGuildHall/Body/BoxMember/CellGuildMember/AvatarContainer/PlayerAvatar/EffectSpecial,False,unavailable,,,,,
002_UnityDataAssetPack_datapack__file110,107572,Spine.Unity.SkeletonGraphic,spine,22814,/PopupSelectEquipmentSet/Content/CellEquipmentSetSelect/GroupItem/ItemEquipmentUI (2)/MaskSpineBorder/SpineBoder/Skeleton,False,unavailable,,,,,
002_UnityDataAssetPack_datapack__file110,107673,SpineObject,spine,19468,/PopupUpgradeArtifact/Body/BoxUpgrade/BoardTitle/ItemArtifactUI1/MaskSpineBorder/SpineBoder,False,unavailable,,,,,
002_UnityDataAssetPack_datapack__file110,107819,SpineObject,spine,30514,/PopupHeroEquipmentInfo/Content/ImgBgr/GroupSet/Sets/ItemEquipmentUI2/MaskSpineBorder/SpineBoder,False,unavailable,,,,,
002_UnityDataAssetPack_datapack__file110,107854,Spine.Unity.SkeletonGraphic,spine,22634,/GGEquipmentExchangeEvent/CellEquipmentExchange/GroupEquipReceive/GGEquipmentSlot/EquipmentWrapper/ItemEquipmentUI/MaskSpineBorder/SpineBoder/Skeleton,False,unavailable,,,,,
002_UnityDataAssetPack_datapack__file110,107922,Spine.Unity.SkeletonGraphic,spine,32636,/PopupChatNew/AnchorLeft/Content/BoxChatScroll/ItemChatMe/PanelAvatar/PlayerAvatar/EffectSpecial,False,unavailable,,,,,
