reference,ui_path,component_id,sprite_name,sprite_file,sprite_id,confidence,texture_name,texture_file,texture_id,texture_size,texture_status
REF01-ship-upgrade,/Canvas/FieldSoul/IconItem,217,icon_monster_soul,002_UnityDataAssetPack_datapack__file110,9385,probable_m_sprite,icon_monster_soul,002_UnityDataAssetPack_datapack__file110,4153,52x52,local
REF01-ship-upgrade,/Canvas/BoxPet/CellPet1/ImageFrame,218,frame_pet,002_UnityDataAssetPack_datapack__file110,9809,probable_m_sprite,frame_pet,002_UnityDataAssetPack_datapack__file110,4634,161x156,local
REF01-ship-upgrade,/Canvas/BoxPet/CellPet1/ButtonDetail,220,button_yellow,002_UnityDataAssetPack_datapack__file110,9648,probable_m_sprite,button_yellow,002_UnityDataAssetPack_datapack__file110,4451,142x68,local
REF01-ship-upgrade,/Canvas/BoxPet/CellPet2/ImageBgr,228,bgr_box_2,002_UnityDataAssetPack_datapack__file110,7721,probable_m_sprite,bgr_box_2,002_UnityDataAssetPack_datapack__file110,2278,332x340,local
REF01-ship-upgrade,/Canvas/BoxPet/CellPet1/ButtonActivate,231,button_green,002_UnityDataAssetPack_datapack__file110,6811,probable_m_sprite,button_green,002_UnityDataAssetPack_datapack__file110,1246,142x68,local
REF01-ship-upgrade,/Canvas/BoxPet/CellPet2/ButtonActivate/IconStone,232,icon_monster_soul,002_UnityDataAssetPack_datapack__file110,9385,probable_m_sprite,icon_monster_soul,002_UnityDataAssetPack_datapack__file110,4153,52x52,local
REF01-ship-upgrade,/Canvas/BoxPet/CellPet1/ImageBgr,233,bgr_box_2,002_UnityDataAssetPack_datapack__file110,7721,probable_m_sprite,bgr_box_2,002_UnityDataAssetPack_datapack__file110,2278,332x340,local
REF01-ship-upgrade,/Canvas/BoxPet/CellPet1/ButtonActivate/IconStone,235,icon_monster_soul,002_UnityDataAssetPack_datapack__file110,9385,probable_m_sprite,icon_monster_soul,002_UnityDataAssetPack_datapack__file110,4153,52x52,local
REF01-ship-upgrade,/Canvas/FieldGold,237,box_field_1,002_UnityDataAssetPack_datapack__file110,7438,probable_m_sprite,box_field_1,002_UnityDataAssetPack_datapack__file110,1951,210x44,local
REF01-ship-upgrade,/Canvas/GroupTopRight/ButtonHelp,241,button_help,002_UnityDataAssetPack_datapack__file110,8437,probable_m_sprite,button_help,002_UnityDataAssetPack_datapack__file110,3092,66x65,local
REF01-ship-upgrade,/Canvas/DotIndicator/DotObject/ImageOn,242,indicator_knob,002_UnityDataAssetPack_datapack__file110,6733,probable_m_sprite,indicator_knob,002_UnityDataAssetPack_datapack__file110,1160,24x24,local
REF01-ship-upgrade,/Canvas/BoxPet/CellPet3/ImageFrame,255,frame_pet,002_UnityDataAssetPack_datapack__file110,9809,probable_m_sprite,frame_pet,002_UnityDataAssetPack_datapack__file110,4634,161x156,local
REF01-ship-upgrade,/Canvas/FieldChaos/IconItem,256,icon_monster_chaos,002_UnityDataAssetPack_datapack__file110,8018,probable_m_sprite,icon_monster_chaos,002_UnityDataAssetPack_datapack__file110,2621,52x52,local
REF01-ship-upgrade,/Canvas/BoxPet/CellPet3/ImageBgr,263,bgr_box_2,002_UnityDataAssetPack_datapack__file110,7721,probable_m_sprite,bgr_box_2,002_UnityDataAssetPack_datapack__file110,2278,332x340,local
REF01-ship-upgrade,/Canvas/FieldChaos,275,box_field_1,002_UnityDataAssetPack_datapack__file110,7438,probable_m_sprite,box_field_1,002_UnityDataAssetPack_datapack__file110,1951,210x44,local
REF01-ship-upgrade,/Canvas/BoxPet/CellPet2/ButtonPreview,279,button_search,002_UnityDataAssetPack_datapack__file110,9111,probable_m_sprite,button_search,002_UnityDataAssetPack_datapack__file110,3851,56x56,local
REF01-ship-upgrade,/Canvas/BoxPet/CellPet2/ButtonDetail,281,button_yellow,002_UnityDataAssetPack_datapack__file110,9648,probable_m_sprite,button_yellow,002_UnityDataAssetPack_datapack__file110,4451,142x68,local
REF01-ship-upgrade,/Canvas/BoxPet/CellPet2/ImageFrame,286,frame_pet,002_UnityDataAssetPack_datapack__file110,9809,probable_m_sprite,frame_pet,002_UnityDataAssetPack_datapack__file110,4634,161x156,local
REF01-ship-upgrade,/Canvas/BoxPet/CellPet1/ButtonPreview,290,button_search,002_UnityDataAssetPack_datapack__file110,9111,probable_m_sprite,button_search,002_UnityDataAssetPack_datapack__file110,3851,56x56,local
REF01-ship-upgrade,/Canvas/BoxPet/CellPet3/ButtonActivate/IconStone,295,icon_monster_soul,002_UnityDataAssetPack_datapack__file110,9385,probable_m_sprite,icon_monster_soul,002_UnityDataAssetPack_datapack__file110,4153,52x52,local
REF01-ship-upgrade,/Canvas/BoxPet/ButtonPrev,298,arrow_left,002_UnityDataAssetPack_datapack__file110,7393,probable_m_sprite,arrow_left,002_UnityDataAssetPack_datapack__file110,1896,44x72,local
REF01-ship-upgrade,/Canvas/BoxPet/CellPet3/ButtonActivate,300,button_green,002_UnityDataAssetPack_datapack__file110,6811,probable_m_sprite,button_green,002_UnityDataAssetPack_datapack__file110,1246,142x68,local
REF01-ship-upgrade,/Canvas/BoxPet/CellPet3/ButtonPreview,307,button_search,002_UnityDataAssetPack_datapack__file110,9111,probable_m_sprite,button_search,002_UnityDataAssetPack_datapack__file110,3851,56x56,local
REF01-ship-upgrade,/Canvas/FieldGold/IconItem,308,icon_gold,002_UnityDataAssetPack_datapack__file110,7602,probable_m_sprite,icon_gold,002_UnityDataAssetPack_datapack__file110,2139,50x50,local
REF01-ship-upgrade,/Canvas/GroupBottomRight/LuaPlaceholder1/ButtonLua,310,icon_lua_monster,002_UnityDataAssetPack_datapack__file110,9742,probable_m_sprite,icon_lua_monster,002_UnityDataAssetPack_datapack__file110,4556,110x110,local
REF01-ship-upgrade,/Canvas/DotIndicator/DotObject,311,indicator_slot,002_UnityDataAssetPack_datapack__file110,7735,probable_m_sprite,indicator_slot,002_UnityDataAssetPack_datapack__file110,2297,24x24,local
REF01-ship-upgrade,/Canvas/ImageBgr,313,bgr_monster,002_UnityDataAssetPack_datapack__file110,6886,probable_m_sprite,bgr_monster,002_UnityDataAssetPack_datapack__file110,1326,1136x640,local
REF01-ship-upgrade,/Canvas/BoxPet/CellPet2/ButtonActivate,316,button_green,002_UnityDataAssetPack_datapack__file110,6811,probable_m_sprite,button_green,002_UnityDataAssetPack_datapack__file110,1246,142x68,local
REF01-ship-upgrade,/Canvas/FieldSoul,325,box_field_1,002_UnityDataAssetPack_datapack__file110,7438,probable_m_sprite,box_field_1,002_UnityDataAssetPack_datapack__file110,1951,210x44,local
REF01-ship-upgrade,/Canvas/BoxPet/ButtonNext,327,arrow_right,002_UnityDataAssetPack_datapack__file110,9054,probable_m_sprite,arrow_right,002_UnityDataAssetPack_datapack__file110,3788,44x72,local
REF01-ship-upgrade,/Canvas/BoxPet/CellPet3/ButtonDetail,329,button_yellow,002_UnityDataAssetPack_datapack__file110,9648,probable_m_sprite,button_yellow,002_UnityDataAssetPack_datapack__file110,4451,142x68,local
REF01-ship-upgrade,/Canvas/GroupTopLeft/ButtonBack,331,button_back,002_UnityDataAssetPack_datapack__file110,9492,probable_m_sprite,button_back,002_UnityDataAssetPack_datapack__file110,4272,91x91,local
REF02-hero-detail,/PanelHeroInfo/RightPart/BoxInfo/PanelEnable/BoxEnable/BoxStar/StarNext/GroupStar6/Star6,76467,hero_star_2,002_UnityDataAssetPack_datapack__file110,6507,probable_m_sprite,hero_star_2,002_UnityDataAssetPack_datapack__file110,903,36x36,local
REF02-hero-detail,/PanelHeroInfo/RightPart/BoxInfo/PanelEnable/BoxEnable/SlotMaterial/HeroMaterial4/HeroStar/GroupStar6/Star6,76528,hero_star_2,002_UnityDataAssetPack_datapack__file110,6507,probable_m_sprite,hero_star_2,002_UnityDataAssetPack_datapack__file110,903,36x36,local
REF02-hero-detail,/PanelHeroInfo/RightPart/BoxInfo/PanelEnable/BoxEnable/SlotMaterial/HeroMaterial4/HeroHead/Mask/ImageHead,76529,item_transparent,002_UnityDataAssetPack_datapack__file110,9311,probable_m_sprite,item_transparent,002_UnityDataAssetPack_datapack__file110,4075,100x100,local
REF02-hero-detail,/PanelHeroInfo/RightPart/BoxInfo/PanelEnable/BoxEnable/SlotMaterial/HeroMaterial4/HeroStar/GroupStar1/Star1,76530,hero_star_1,002_UnityDataAssetPack_datapack__file110,7732,probable_m_sprite,hero_star_1,002_UnityDataAssetPack_datapack__file110,2294,28x28,local
REF02-hero-detail,/PanelHeroInfo/RightPart/BoxInfo/PanelEnable/BoxEnable/SlotMaterial/HeroMaterial4/HeroHead/Mask/ImageBgr,76534,bgr_item_consumable,002_UnityDataAssetPack_datapack__file110,7432,probable_m_sprite,bgr_item_consumable,002_UnityDataAssetPack_datapack__file110,1945,100x100,local
REF02-hero-detail,/PanelHeroInfo/RightPart/BoxInfo/PanelEnable/BoxEnable/SlotMaterial/HeroMaterial4/HeroStar/GroupStar6/Star6,76541,hero_star_2,002_UnityDataAssetPack_datapack__file110,6507,probable_m_sprite,hero_star_2,002_UnityDataAssetPack_datapack__file110,903,36x36,local
REF02-hero-detail,/PanelHeroInfo/RightPart/BoxInfo/PanelEnable/BoxEnable/SlotMaterial/HeroMaterial4/HeroStar/GroupStar1/Star1,76543,hero_star_1,002_UnityDataAssetPack_datapack__file110,7732,probable_m_sprite,hero_star_1,002_UnityDataAssetPack_datapack__file110,2294,28x28,local
REF02-hero-detail,/PanelHeroInfo/RightPart/BoxInfo/PanelEnable/BoxEnable/SlotMaterial/HeroMaterial4/HeroHead/ImageFaction,76545,faction_forest,002_UnityDataAssetPack_datapack__file110,9688,probable_m_sprite,faction_forest,002_UnityDataAssetPack_datapack__file110,4495,80x80,local
REF02-hero-detail,/PanelHeroInfo/RightPart/BoxInfo/PanelEnable/BoxEnable/SlotMaterial/HeroMaterial4/IconPlus,76546,icon_plus,002_UnityDataAssetPack_datapack__file110,9752,probable_m_sprite,icon_plus,002_UnityDataAssetPack_datapack__file110,4568,48x48,local
REF02-hero-detail,/PanelHeroInfo/RightPart/BoxInfo/PanelEnable/BoxEnable/SlotMaterial/HeroMaterial4/HeroStar/GroupStar1/Star1,76547,hero_star_1,002_UnityDataAssetPack_datapack__file110,7732,probable_m_sprite,hero_star_1,002_UnityDataAssetPack_datapack__file110,2294,28x28,local
REF02-hero-detail,/PanelHeroInfo/RightPart/BoxInfo/PanelEnable/BoxEnable/SlotMaterial/HeroMaterial4/HeroHead/Mask/ImageHeadBw,76549,item_transparent,002_UnityDataAssetPack_datapack__file110,9311,probable_m_sprite,item_transparent,002_UnityDataAssetPack_datapack__file110,4075,100x100,local
REF02-hero-detail,/PanelHeroInfo/RightPart/BoxInfo/PanelEnable/BoxEnable/SlotMaterial/HeroMaterial4/HeroHead/Border,76551,border_item,002_UnityDataAssetPack_datapack__file110,8426,probable_m_sprite,border_item,002_UnityDataAssetPack_datapack__file110,3081,100x100,local
REF02-hero-detail,/PanelHeroInfo/RightPart/BoxInfo/PanelEnable/BoxEnable/SlotMaterial/HeroMaterial4/HeroStar/GroupStar10/Star10,76554,hero_star_3,002_UnityDataAssetPack_datapack__file110,9425,probable_m_sprite,hero_star_3,002_UnityDataAssetPack_datapack__file110,4195,40x40,local
REF02-hero-detail,/PanelHeroInfo/RightPart/BoxInfo/PanelEnable/BoxEnable/SlotMaterial/HeroMaterial4/HeroStar/GroupStar6/Star6,76555,hero_star_2,002_UnityDataAssetPack_datapack__file110,6507,probable_m_sprite,hero_star_2,002_UnityDataAssetPack_datapack__file110,903,36x36,local
REF02-hero-detail,/PanelHeroInfo/RightPart/BoxInfo/PanelEnable/BoxEnable/SlotMaterial/HeroMaterial4/HeroStar/GroupStar1/Star1,76556,hero_star_1,002_UnityDataAssetPack_datapack__file110,7732,probable_m_sprite,hero_star_1,002_UnityDataAssetPack_datapack__file110,2294,28x28,local
REF02-hero-detail,/PanelHeroInfo/RightPart/BoxInfo/PanelEnable/BoxEnable/SlotMaterial/HeroMaterial4/HeroStar/GroupStar6/Star6,76564,hero_star_2,002_UnityDataAssetPack_datapack__file110,6507,probable_m_sprite,hero_star_2,002_UnityDataAssetPack_datapack__file110,903,36x36,local
REF02-hero-detail,/PanelHeroInfo/RightPart/BoxInfo/PanelEnable/BoxEnable/SlotMaterial/HeroMaterial4/HeroHead/Mask,76566,mask_item,002_UnityDataAssetPack_datapack__file110,8540,probable_m_sprite,mask_item,002_UnityDataAssetPack_datapack__file110,3204,100x100,local
REF02-hero-detail,/PanelHeroInfo/RightPart/BoxInfo/PanelEnable/BoxEnable/SlotMaterial/HeroMaterial4/HeroStar/GroupStar1/Star1,76569,hero_star_1,002_UnityDataAssetPack_datapack__file110,7732,probable_m_sprite,hero_star_1,002_UnityDataAssetPack_datapack__file110,2294,28x28,local
REF02-hero-detail,/PanelHeroInfo/RightPart/BoxInfo/PanelPoint/GroupSkill/ButtonSkill2/SpriteOn,76858,skill_default,002_UnityDataAssetPack_datapack__file110,8936,probable_m_sprite,skill_default,002_UnityDataAssetPack_datapack__file110,3657,100x100,local
REF02-hero-detail,/PanelHeroInfo/RightPart/BoxInfo/PanelPoint/GroupUpgrade/BoxUpMaxLevel,76911,round_rect2,002_UnityDataAssetPack_datapack__file110,6319,probable_m_sprite,round_rect2,002_UnityDataAssetPack_datapack__file110,694,64x64,local
REF02-hero-detail,/PanelHeroInfo/RightPart/BoxInfo/PanelEquipment/SlotStone/HeroStoneUI/ItemStar/Star3,76918,item_star,002_UnityDataAssetPack_datapack__file110,8535,probable_m_sprite,item_star,002_UnityDataAssetPack_datapack__file110,3199,32x32,local
REF02-hero-detail,/PanelHeroInfo/RightPart/BoxInfo/PanelAwaken/BoxAwaken/BoxStar/ButtonSkill2/SpriteOff,76932,skill_default,002_UnityDataAssetPack_datapack__file110,8936,probable_m_sprite,skill_default,002_UnityDataAssetPack_datapack__file110,3657,100x100,local
REF02-hero-detail,/PanelHeroInfo/PanelHeroList/PanelFilter/TabClass3/ImageOn,77015,faction_shadow,002_UnityDataAssetPack_datapack__file110,9133,probable_m_sprite,faction_shadow,002_UnityDataAssetPack_datapack__file110,3875,80x80,local
REF02-hero-detail,/PanelHeroInfo/RightPart/BoxInfo/Tabs/TabAwaken/SpriteOn,77090,tab_star_up,002_UnityDataAssetPack_datapack__file110,6288,probable_m_sprite,tab_star_up,002_UnityDataAssetPack_datapack__file110,656,78x90,local
REF02-hero-detail,/PanelHeroInfo/RightPart/BoxInfo/PanelAwaken/BoxAwaken/BoxStar/StarNext/GroupStar1/Star4,77168,hero_star_1,002_UnityDataAssetPack_datapack__file110,7732,probable_m_sprite,hero_star_1,002_UnityDataAssetPack_datapack__file110,2294,28x28,local
REF02-hero-detail,/PanelHeroInfo/RightPart/BoxInfo/PanelAwaken/BoxAwaken/BoxStar/StarNext/GroupStar6/Star8,77270,hero_star_2,002_UnityDataAssetPack_datapack__file110,6507,probable_m_sprite,hero_star_2,002_UnityDataAssetPack_datapack__file110,903,36x36,local
REF02-hero-detail,/PanelHeroInfo/RightPart/BoxInfo/PanelPoint/GroupUpgrade/BoxUpRequire/ImgSpirit,77299,icon_spirit,002_UnityDataAssetPack_datapack__file110,8017,probable_m_sprite,icon_spirit,002_UnityDataAssetPack_datapack__file110,2620,52x52,local
REF02-hero-detail,/PanelHeroInfo/RightPart/BoxInfo/PanelEquipment/SlotShoes/GoNotifyEquipment,77379,notify_dot,002_UnityDataAssetPack_datapack__file110,7710,probable_m_sprite,notify_dot,002_UnityDataAssetPack_datapack__file110,2264,32x32,local
REF02-hero-detail,/PanelHeroInfo/RightPart/BoxInfo/PanelAwaken/BoxAwaken/BoxStar/ButtonSkill1/SpriteOff,77454,skill_default,002_UnityDataAssetPack_datapack__file110,8936,probable_m_sprite,skill_default,002_UnityDataAssetPack_datapack__file110,3657,100x100,local
REF02-hero-detail,/PanelHeroInfo/RightPart/BoxInfo/PanelPoint/GroupSkill/ButtonSkill4/SpriteOn,77664,skill_default,002_UnityDataAssetPack_datapack__file110,8936,probable_m_sprite,skill_default,002_UnityDataAssetPack_datapack__file110,3657,100x100,local
REF02-hero-detail,/PanelHeroInfo/PanelHeroList/PanelFilter/TabClass2/ImageOff,77686,faction_dark_ia,002_UnityDataAssetPack_datapack__file110,8430,probable_m_sprite,faction_dark_ia,002_UnityDataAssetPack_datapack__file110,3085,80x80,local
REF02-hero-detail,/PanelHeroInfo/BoxShare/MenuShare,77707,round_rect9,002_UnityDataAssetPack_datapack__file110,8168,probable_m_sprite,round_rect9,002_UnityDataAssetPack_datapack__file110,2787,140x136,local
REF02-hero-detail,/PanelHeroInfo/RightPart/BoxInfo/PanelAwaken/BoxAwaken/BoxStar/StarNext/GroupStar6/Star6,77763,hero_star_2,002_UnityDataAssetPack_datapack__file110,6507,probable_m_sprite,hero_star_2,002_UnityDataAssetPack_datapack__file110,903,36x36,local
REF02-hero-detail,/PanelHeroInfo/RightPart/BoxInfo/PanelAwaken/BoxAwaken/BoxStar/ButtonSkill2/ImgLevel,77770,tag_number,002_UnityDataAssetPack_datapack__file110,8602,probable_m_sprite,tag_number,002_UnityDataAssetPack_datapack__file110,3273,52x52,local
REF02-hero-detail,/PanelHeroInfo/PanelHeroList/PanelFilter/TabClass4/ImageOff,77805,faction_forest_ia,002_UnityDataAssetPack_datapack__file110,7498,probable_m_sprite,faction_forest_ia,002_UnityDataAssetPack_datapack__file110,2021,80x80,local
REF02-hero-detail,/PanelHeroInfo/RightPart/BoxInfo/PanelPoint/TextTierCaption/ButtonUpTier,77886,button_up,002_UnityDataAssetPack_datapack__file110,8094,probable_m_sprite,button_up,002_UnityDataAssetPack_datapack__file110,2704,48x52,local
REF02-hero-detail,/PanelHeroInfo/RightPart/BoxInfo/PanelEquipment/SlotShoes,77907,slot_shoes,002_UnityDataAssetPack_datapack__file110,9668,probable_m_sprite,slot_shoes,002_UnityDataAssetPack_datapack__file110,4474,87x89,local
REF02-hero-detail,/PanelHeroInfo/PanelHeroList/PanelFilter/TabClass6/ImageOff,78002,faction_fortress_ia,002_UnityDataAssetPack_datapack__file110,9616,probable_m_sprite,faction_fortress_ia,002_UnityDataAssetPack_datapack__file110,4414,80x80,local
REF02-hero-detail,/PanelHeroInfo/RightPart/BoxInfo/PanelAwaken/BoxAwaken/BoxStar/StarNext/GroupStar10/Star10,78036,hero_star_3,002_UnityDataAssetPack_datapack__file110,9425,probable_m_sprite,hero_star_3,002_UnityDataAssetPack_datapack__file110,4195,40x40,local
REF02-hero-detail,/PanelHeroInfo/PanelHeroList/PanelFilter/TabClass5/ImageOn,78041,faction_abyss,002_UnityDataAssetPack_datapack__file110,9681,probable_m_sprite,faction_abyss,002_UnityDataAssetPack_datapack__file110,4488,80x80,local
REF02-hero-detail,/PanelHeroInfo/RightPart/BoxInfo/PanelAwaken/BoxAwaken/BoxStar/ButtonSkill2/SpriteOn,78066,skill_default,002_UnityDataAssetPack_datapack__file110,8936,probable_m_sprite,skill_default,002_UnityDataAssetPack_datapack__file110,3657,100x100,local
REF02-hero-detail,/PanelHeroInfo/RightPart/BoxInfo/PanelPoint/GroupUpgrade/BoxUpRequire/ImgGold,78103,icon_gold,002_UnityDataAssetPack_datapack__file110,7602,probable_m_sprite,icon_gold,002_UnityDataAssetPack_datapack__file110,2139,50x50,local
REF02-hero-detail,/PanelHeroInfo/GroupTopLeft/ButtonBack,78136,button_back,002_UnityDataAssetPack_datapack__file110,9492,probable_m_sprite,button_back,002_UnityDataAssetPack_datapack__file110,4272,91x91,local
REF02-hero-detail,/PanelHeroInfo/RightPart/BoxInfo/PanelPoint/GroupUpgrade/BoxUpRequire,78148,round_rect_3,002_UnityDataAssetPack_datapack__file110,9834,probable_m_sprite,round_rect_3,002_UnityDataAssetPack_datapack__file110,4663,44x44,local
REF02-hero-detail,/PanelHeroInfo/HeroBox/ImageBoard/HeroStars/GroupStar1/Star4,78247,hero_star_1,002_UnityDataAssetPack_datapack__file110,7732,probable_m_sprite,hero_star_1,002_UnityDataAssetPack_datapack__file110,2294,28x28,local
REF02-hero-detail,/PanelHeroInfo/RightPart/BoxInfo/PanelAwaken/BoxAwaken/BoxStar/StarCurrent/GroupStar6/Star8,78270,hero_star_2,002_UnityDataAssetPack_datapack__file110,6507,probable_m_sprite,hero_star_2,002_UnityDataAssetPack_datapack__file110,903,36x36,local
REF02-hero-detail,/PanelHeroInfo/RightPart/BoxInfo/PanelEquipment/SlotStone/HeroStoneUI/ItemStar/Star1,78342,item_star,002_UnityDataAssetPack_datapack__file110,8535,probable_m_sprite,item_star,002_UnityDataAssetPack_datapack__file110,3199,32x32,local
REF02-hero-detail,/PanelHeroInfo/RightPart/BoxInfo/Tabs/TabAwaken,78356,UISprite,002_UnityDataAssetPack_datapack__file110,6282,probable_m_sprite,UISprite,002_UnityDataAssetPack_datapack__file110,649,32x32,local
REF02-hero-detail,/PanelHeroInfo/PanelHeroList/PanelFilter/TabClass3/ImageOff,78446,faction_shadow_ia,002_UnityDataAssetPack_datapack__file110,7541,probable_m_sprite,faction_shadow_ia,002_UnityDataAssetPack_datapack__file110,2070,80x80,local
REF02-hero-detail,/PanelHeroInfo/RightPart/BoxInfo/PanelPoint/BoxPoint/GroupClass/ImageClass,78522,class_warrior,002_UnityDataAssetPack_datapack__file110,9866,probable_m_sprite,class_warrior,002_UnityDataAssetPack_datapack__file110,4699,38x38,local
REF02-hero-detail,/PanelHeroInfo/RightPart/BoxInfo/PanelPoint/GroupSkill/ButtonSkill3/SpriteOn,78526,skill_default,002_UnityDataAssetPack_datapack__file110,8936,probable_m_sprite,skill_default,002_UnityDataAssetPack_datapack__file110,3657,100x100,local
REF02-hero-detail,/PanelHeroInfo/RightPart/BoxInfo/PanelPoint/TextTierCaption/HorizontalSlotPoint/ToggleTier/ItemOff,78584,slot_tier,002_UnityDataAssetPack_datapack__file110,7675,probable_m_sprite,slot_tier,002_UnityDataAssetPack_datapack__file110,2225,36x36,local
REF02-hero-detail,/PanelHeroInfo/RightPart/FieldGold/IconGold,78627,icon_gold,002_UnityDataAssetPack_datapack__file110,7602,probable_m_sprite,icon_gold,002_UnityDataAssetPack_datapack__file110,2139,50x50,local
REF02-hero-detail,/PanelHeroInfo/RightPart/BoxInfo/PanelAwaken/BoxAwaken/BoxStar/StarNext/GroupStar6/Star9,78750,hero_star_2,002_UnityDataAssetPack_datapack__file110,6507,probable_m_sprite,hero_star_2,002_UnityDataAssetPack_datapack__file110,903,36x36,local
REF02-hero-detail,/PanelHeroInfo/RightPart/BoxInfo/PanelEquipment/SlotStone/HeroStoneUI/ImageFrame,78790,frame_item,002_UnityDataAssetPack_datapack__file110,8152,probable_m_sprite,frame_item,002_UnityDataAssetPack_datapack__file110,2770,100x100,local
REF02-hero-detail,/PanelHeroInfo/RightPart/BoxInfo/PanelPoint/BoxPoint/PointArmor/Icon,78830,icon_armor,002_UnityDataAssetPack_datapack__file110,6666,probable_m_sprite,icon_armor,002_UnityDataAssetPack_datapack__file110,1086,40x40,local
REF02-hero-detail,/PanelHeroInfo/RightPart/BoxInfo/PanelEquipment/ButtonUnEquip,78841,button_yellow,002_UnityDataAssetPack_datapack__file110,9648,probable_m_sprite,button_yellow,002_UnityDataAssetPack_datapack__file110,4451,142x68,local
REF02-hero-detail,/PanelHeroInfo/RightPart/BoxInfo/PanelEquipment/SlotStone/HeroStoneUI/ItemStar/Star4,78879,item_star,002_UnityDataAssetPack_datapack__file110,8535,probable_m_sprite,item_star,002_UnityDataAssetPack_datapack__file110,3199,32x32,local
REF02-hero-detail,/PanelHeroInfo/RightPart/BoxInfo/PanelAwaken/BoxAwaken/BoxStar/StarCurrent/GroupStar1/Star2,78935,hero_star_1,002_UnityDataAssetPack_datapack__file110,7732,probable_m_sprite,hero_star_1,002_UnityDataAssetPack_datapack__file110,2294,28x28,local
REF02-hero-detail,/PanelHeroInfo/PanelHeroList/PanelFilter/TabClass4/ImageOn,79004,faction_forest,002_UnityDataAssetPack_datapack__file110,9688,probable_m_sprite,faction_forest,002_UnityDataAssetPack_datapack__file110,4495,80x80,local
REF02-hero-detail,/PanelHeroInfo/HeroBox/ImageBoard/HeroStars/GroupStar1/Star5,79015,hero_star_1,002_UnityDataAssetPack_datapack__file110,7732,probable_m_sprite,hero_star_1,002_UnityDataAssetPack_datapack__file110,2294,28x28,local
REF02-hero-detail,/PanelHeroInfo/RightPart/BoxInfo/PanelAwaken/BoxAwaken/FieldStone,79058,round_rect_3,002_UnityDataAssetPack_datapack__file110,9834,probable_m_sprite,round_rect_3,002_UnityDataAssetPack_datapack__file110,4663,44x44,local
REF02-hero-detail,/PanelHeroInfo/RightPart/FieldSpirit/IconSpirit,79137,icon_spirit,002_UnityDataAssetPack_datapack__file110,8017,probable_m_sprite,icon_spirit,002_UnityDataAssetPack_datapack__file110,2620,52x52,local
REF02-hero-detail,/PanelHeroInfo/HeroBox/ImageBoard/HeroStars/GroupStar1/Star1,79138,hero_star_1,002_UnityDataAssetPack_datapack__file110,7732,probable_m_sprite,hero_star_1,002_UnityDataAssetPack_datapack__file110,2294,28x28,local
REF02-hero-detail,/PanelHeroInfo/RightPart/BoxInfo/PanelEquipment/SlotArtifact,79244,slot_artifact,002_UnityDataAssetPack_datapack__file110,9326,probable_m_sprite,slot_artifact,002_UnityDataAssetPack_datapack__file110,4092,87x89,local
REF02-hero-detail,/PanelHeroInfo/RightPart/BoxInfo/PanelPoint/GroupSkill/ButtonSkill1/SpriteOff,79255,skill_default,002_UnityDataAssetPack_datapack__file110,8936,probable_m_sprite,skill_default,002_UnityDataAssetPack_datapack__file110,3657,100x100,local
REF02-hero-detail,/PanelHeroInfo/PanelHeroList/PanelFilter/TabClass6/ImageOn,79338,faction_fortress,002_UnityDataAssetPack_datapack__file110,6650,probable_m_sprite,faction_fortress,002_UnityDataAssetPack_datapack__file110,1068,80x80,local
REF02-hero-detail,/PanelHeroInfo/RightPart/BoxInfo/PanelAwaken/BoxAwaken/BoxStar/ButtonSkill1/ImgLevel,79546,tag_number,002_UnityDataAssetPack_datapack__file110,8602,probable_m_sprite,tag_number,002_UnityDataAssetPack_datapack__file110,3273,52x52,local
REF02-hero-detail,/PanelHeroInfo/RightPart/BoxInfo/PanelAwaken/BoxAwaken/BoxStar/StarCurrent/GroupStar6/Star9,79655,hero_star_2,002_UnityDataAssetPack_datapack__file110,6507,probable_m_sprite,hero_star_2,002_UnityDataAssetPack_datapack__file110,903,36x36,local
REF02-hero-detail,/PanelHeroInfo/RightPart/BoxInfo/PanelAwaken/BoxAwaken/BoxStar/StarNext/GroupStar1/Star2,79708,hero_star_1,002_UnityDataAssetPack_datapack__file110,7732,probable_m_sprite,hero_star_1,002_UnityDataAssetPack_datapack__file110,2294,28x28,local
REF02-hero-detail,/PanelHeroInfo/RightPart/BoxInfo/PanelPoint/GroupSkill/ButtonSkill3/SpriteOff,79714,skill_default,002_UnityDataAssetPack_datapack__file110,8936,probable_m_sprite,skill_default,002_UnityDataAssetPack_datapack__file110,3657,100x100,local
REF02-hero-detail,/PanelHeroInfo/RightPart/BoxInfo/PanelAwaken/BoxAwaken/BoxStar/StarCurrent/GroupStar1/Star4,79753,hero_star_1,002_UnityDataAssetPack_datapack__file110,7732,probable_m_sprite,hero_star_1,002_UnityDataAssetPack_datapack__file110,2294,28x28,local
REF02-hero-detail,/PanelHeroInfo/RightPart/BoxInfo/PanelAwaken/BoxAwaken/BoxStar/StarCurrent/GroupStar10/Star10,79774,hero_star_3,002_UnityDataAssetPack_datapack__file110,9425,probable_m_sprite,hero_star_3,002_UnityDataAssetPack_datapack__file110,4195,40x40,local
REF02-hero-detail,/PanelHeroInfo/RightPart/BoxInfo/PanelPoint/BoxPoint/PointHp,79846,round_rect_16,002_UnityDataAssetPack_datapack__file110,7021,probable_m_sprite,round_rect_16,002_UnityDataAssetPack_datapack__file110,1480,44x44,local
REF02-hero-detail,/PanelHeroInfo/BoxShare/MenuShare/ButtonShareWorld,79889,UISprite,002_UnityDataAssetPack_datapack__file110,6282,probable_m_sprite,UISprite,002_UnityDataAssetPack_datapack__file110,649,32x32,local
REF02-hero-detail,/PanelHeroInfo/RightPart/BoxInfo/Tabs/TabPoint/SpriteOff,79894,tab_point2,002_UnityDataAssetPack_datapack__file110,7075,probable_m_sprite,tab_point2,002_UnityDataAssetPack_datapack__file110,1538,78x90,local
REF02-hero-detail,/PanelHeroInfo/RightPart/BoxInfo/PanelEquipment/SlotStone/HeroStoneUI/ItemStar/Star6,80082,item_star,002_UnityDataAssetPack_datapack__file110,8535,probable_m_sprite,item_star,002_UnityDataAssetPack_datapack__file110,3199,32x32,local
REF02-hero-detail,/PanelHeroInfo/PanelHeroList/ScrollView/Viewport,80101,UIMask,002_UnityDataAssetPack_datapack__file110,6287,probable_m_sprite,UIMask,002_UnityDataAssetPack_datapack__file110,654,32x32,local
REF02-hero-detail,/PanelHeroInfo/RightPart/BoxInfo/PanelPoint/BoxPoint/PointSpeed,80111,round_rect_16,002_UnityDataAssetPack_datapack__file110,7021,probable_m_sprite,round_rect_16,002_UnityDataAssetPack_datapack__file110,1480,44x44,local
REF02-hero-detail,/PanelHeroInfo/RightPart/BoxInfo/PanelPoint/BoxPoint/PointSpeed/Icon,80114,icon_speed,002_UnityDataAssetPack_datapack__file110,8638,probable_m_sprite,icon_speed,002_UnityDataAssetPack_datapack__file110,3317,40x40,local
REF02-hero-detail,/PanelHeroInfo/RightPart/BoxInfo/PanelAwaken/BoxAwaken/BoxStar/BoxSkillDesc/SkillTitle/SkillIcon,80365,skill_default,002_UnityDataAssetPack_datapack__file110,8936,probable_m_sprite,skill_default,002_UnityDataAssetPack_datapack__file110,3657,100x100,local
REF02-hero-detail,/PanelHeroInfo/HeroBox/ImageBoard/HeroStars/GroupStar6/Star7,80450,hero_star_2,002_UnityDataAssetPack_datapack__file110,6507,probable_m_sprite,hero_star_2,002_UnityDataAssetPack_datapack__file110,903,36x36,local
REF02-hero-detail,/PanelHeroInfo/RightPart/BoxInfo/PanelAwaken/BoxAwaken/BoxStar/StarCurrent/GroupStar1/Star3,80493,hero_star_1,002_UnityDataAssetPack_datapack__file110,7732,probable_m_sprite,hero_star_1,002_UnityDataAssetPack_datapack__file110,2294,28x28,local
REF02-hero-detail,/PanelHeroInfo/RightPart/BoxInfo/PanelEquipment/SlotArtifact/GoNotifyEquipment,80532,notify_dot,002_UnityDataAssetPack_datapack__file110,7710,probable_m_sprite,notify_dot,002_UnityDataAssetPack_datapack__file110,2264,32x32,local
REF02-hero-detail,/PanelHeroInfo/RightPart/BoxInfo/PanelPoint/BoxPoint/PointArmor,80607,round_rect_16,002_UnityDataAssetPack_datapack__file110,7021,probable_m_sprite,round_rect_16,002_UnityDataAssetPack_datapack__file110,1480,44x44,local
REF02-hero-detail,/PanelHeroInfo/RightPart/BoxInfo/PanelAwaken/BoxAwaken/BoxStar/StarCurrent/GroupStar6/Star7,80667,hero_star_2,002_UnityDataAssetPack_datapack__file110,6507,probable_m_sprite,hero_star_2,002_UnityDataAssetPack_datapack__file110,903,36x36,local
REF02-hero-detail,/PanelHeroInfo/RightPart/BoxInfo/Tabs/TabPoint,80707,UISprite,002_UnityDataAssetPack_datapack__file110,6282,probable_m_sprite,UISprite,002_UnityDataAssetPack_datapack__file110,649,32x32,local
REF02-hero-detail,/PanelHeroInfo/RightPart/BoxInfo/PanelPoint/ImagePower,80709,icon_power,002_UnityDataAssetPack_datapack__file110,9154,probable_m_sprite,icon_power,002_UnityDataAssetPack_datapack__file110,3896,44x44,local
REF02-hero-detail,/PanelHeroInfo/RightPart/BoxInfo,80738,popup_notitle_2,002_UnityDataAssetPack_datapack__file110,9236,probable_m_sprite,popup_notitle_2,002_UnityDataAssetPack_datapack__file110,3984,102x103,local
REF02-hero-detail,/PanelHeroInfo/PanelHeroList/ScrollView,80773,Background,002_UnityDataAssetPack_datapack__file110,6283,probable_m_sprite,Background,002_UnityDataAssetPack_datapack__file110,650,32x32,local
REF02-hero-detail,/PanelHeroInfo/PanelHeroList/ButtonFilter,80784,button_filter,002_UnityDataAssetPack_datapack__file110,8864,probable_m_sprite,button_filter,002_UnityDataAssetPack_datapack__file110,3580,88x91,local
REF02-hero-detail,/PanelHeroInfo/RightPart/BoxInfo/PanelAwaken/BoxAwaken/BoxStar/StarCurrent/GroupStar6/Star6,80829,hero_star_2,002_UnityDataAssetPack_datapack__file110,6507,probable_m_sprite,hero_star_2,002_UnityDataAssetPack_datapack__file110,903,36x36,local
REF02-hero-detail,/PanelHeroInfo/RightPart/BoxInfo/PanelPoint/GroupUpgrade/BoxUpRequire/ButtonUpLevel,81017,button_up,002_UnityDataAssetPack_datapack__file110,8094,probable_m_sprite,button_up,002_UnityDataAssetPack_datapack__file110,2704,48x52,local
REF02-hero-detail,/PanelHeroInfo/RightPart/BoxInfo/PanelEquipment/SlotWeapon,81055,slot_weapon,002_UnityDataAssetPack_datapack__file110,8279,probable_m_sprite,slot_weapon,002_UnityDataAssetPack_datapack__file110,2912,87x89,local
REF02-hero-detail,/PanelHeroInfo/RightPart/BoxInfo/PanelAwaken/BoxAwaken/BoxStar/StarCurrent/GroupStar1/Star1,81099,hero_star_1,002_UnityDataAssetPack_datapack__file110,7732,probable_m_sprite,hero_star_1,002_UnityDataAssetPack_datapack__file110,2294,28x28,local
REF02-hero-detail,/PanelHeroInfo/RightPart/BoxInfo/PanelAwaken/BoxAwaken/BoxStar/StarNext/GroupStar1/Star5,81205,hero_star_1,002_UnityDataAssetPack_datapack__file110,7732,probable_m_sprite,hero_star_1,002_UnityDataAssetPack_datapack__file110,2294,28x28,local
REF02-hero-detail,/PanelHeroInfo/HeroBox/ImageBoard/HeroStars/GroupStar6/Star6,81263,hero_star_2,002_UnityDataAssetPack_datapack__file110,6507,probable_m_sprite,hero_star_2,002_UnityDataAssetPack_datapack__file110,903,36x36,local
REF02-hero-detail,/PanelHeroInfo/BoxShare/MenuShare/ButtonShareGuild,81277,UISprite,002_UnityDataAssetPack_datapack__file110,6282,probable_m_sprite,UISprite,002_UnityDataAssetPack_datapack__file110,649,32x32,local
REF02-hero-detail,/PanelHeroInfo/RightPart/BoxInfo/PanelPoint/BoxSkillDesc/Content,81301,round_rect_8,002_UnityDataAssetPack_datapack__file110,9882,probable_m_sprite,round_rect_8,002_UnityDataAssetPack_datapack__file110,4716,64x64,local
REF02-hero-detail,/PanelHeroInfo/RightPart/BoxInfo/PanelAwaken/BoxAwaken/BoxStar/BoxSkillDesc,81482,round_rect_8,002_UnityDataAssetPack_datapack__file110,9882,probable_m_sprite,round_rect_8,002_UnityDataAssetPack_datapack__file110,4716,64x64,local
REF02-hero-detail,/PanelHeroInfo/RightPart/BoxInfo/PanelPointDetail/ButtonClose,81520,button_close,002_UnityDataAssetPack_datapack__file110,8242,probable_m_sprite,button_close,002_UnityDataAssetPack_datapack__file110,2870,60x60,local
REF02-hero-detail,/PanelHeroInfo/ButtonShare,81553,button_share,002_UnityDataAssetPack_datapack__file110,7600,probable_m_sprite,button_share,002_UnityDataAssetPack_datapack__file110,2135,60x60,local
REF02-hero-detail,/PanelHeroInfo/RightPart/BoxInfo/PanelPoint/GroupSkill/ButtonSkill2/ImgLevel,81610,tag_number,002_UnityDataAssetPack_datapack__file110,8602,probable_m_sprite,tag_number,002_UnityDataAssetPack_datapack__file110,3273,52x52,local
REF02-hero-detail,/PanelHeroInfo/RightPart/BoxInfo/PanelPoint/GroupSkill/ButtonSkill1/ImgLevel,81646,tag_number,002_UnityDataAssetPack_datapack__file110,8602,probable_m_sprite,tag_number,002_UnityDataAssetPack_datapack__file110,3273,52x52,local
REF02-hero-detail,/PanelHeroInfo/PanelHeroList/PanelFilter/TabClass1/ImageOn,81695,faction_light,002_UnityDataAssetPack_datapack__file110,9153,probable_m_sprite,faction_light,002_UnityDataAssetPack_datapack__file110,3895,80x80,local
REF02-hero-detail,/PanelHeroInfo/RightPart/BoxInfo/PanelAwaken/BoxAwaken/FieldStone/IconStone,81724,icon_promotion_stone,002_UnityDataAssetPack_datapack__file110,6910,probable_m_sprite,icon_promotion_stone,002_UnityDataAssetPack_datapack__file110,1354,52x52,local
REF02-hero-detail,/PanelHeroInfo/RightPart/BoxInfo/PanelPoint/TextTierCaption/HorizontalSlotPoint/ToggleTier/ItemOn,81829,gem_tier,002_UnityDataAssetPack_datapack__file110,8987,probable_m_sprite,gem_tier,002_UnityDataAssetPack_datapack__file110,3714,36x36,local
REF02-hero-detail,/PanelHeroInfo/HeroBox/ImageBoard/HeroStars/GroupStar10/Star10,81877,hero_star_3,002_UnityDataAssetPack_datapack__file110,9425,probable_m_sprite,hero_star_3,002_UnityDataAssetPack_datapack__file110,4195,40x40,local
REF02-hero-detail,/PanelHeroInfo/RightPart/BoxInfo/PanelPoint/GroupSkill/ButtonSkill3/ImgLevel,81954,tag_number,002_UnityDataAssetPack_datapack__file110,8602,probable_m_sprite,tag_number,002_UnityDataAssetPack_datapack__file110,3273,52x52,local
REF02-hero-detail,/PanelHeroInfo/HeroBox/ImageBoard/HeroStars/GroupStar1/Star3,81985,hero_star_1,002_UnityDataAssetPack_datapack__file110,7732,probable_m_sprite,hero_star_1,002_UnityDataAssetPack_datapack__file110,2294,28x28,local
REF02-hero-detail,/PanelHeroInfo/RightPart/BoxInfo/PanelPoint/BoxPoint,82053,round_rect_3,002_UnityDataAssetPack_datapack__file110,9834,probable_m_sprite,round_rect_3,002_UnityDataAssetPack_datapack__file110,4663,44x44,local
REF02-hero-detail,/PanelHeroInfo/ImageBgr,82078,bgr_0003_nuoc,002_UnityDataAssetPack_datapack__file110,6640,probable_m_sprite,bgr_0003_nuoc,002_UnityDataAssetPack_datapack__file110,1054,1136x640,local
REF02-hero-detail,/PanelHeroInfo/RightPart/BoxInfo/PanelAwaken/BoxAwaken/BoxStar/StarNext/GroupStar6/Star7,82133,hero_star_2,002_UnityDataAssetPack_datapack__file110,6507,probable_m_sprite,hero_star_2,002_UnityDataAssetPack_datapack__file110,903,36x36,local
REF02-hero-detail,/PanelHeroInfo/RightPart/BoxInfo/PanelEquipment/SlotStone/ImageLock,82203,stone_lock_1,002_UnityDataAssetPack_datapack__file110,7270,probable_m_sprite,stone_lock_1,002_UnityDataAssetPack_datapack__file110,1760,40x48,local
REF02-hero-detail,/PanelHeroInfo/RightPart/BoxInfo/PanelPointDetail/BoxPoint,82206,round_rect_8,002_UnityDataAssetPack_datapack__file110,9882,probable_m_sprite,round_rect_8,002_UnityDataAssetPack_datapack__file110,4716,64x64,local
REF02-hero-detail,/PanelHeroInfo/ButtonLocked,82224,hero_locked,002_UnityDataAssetPack_datapack__file110,9611,probable_m_sprite,hero_locked,002_UnityDataAssetPack_datapack__file110,4409,60x60,local
REF02-hero-detail,/PanelHeroInfo/RightPart/BoxInfo/PanelPoint/GroupSkill/ButtonSkill4/SpriteOff,82230,skill_default,002_UnityDataAssetPack_datapack__file110,8936,probable_m_sprite,skill_default,002_UnityDataAssetPack_datapack__file110,3657,100x100,local
REF02-hero-detail,/PanelHeroInfo/RightPart/BoxInfo/PanelAwaken/BoxAwaken/BoxStar/ButtonSkill1/SpriteOn,82238,skill_default,002_UnityDataAssetPack_datapack__file110,8936,probable_m_sprite,skill_default,002_UnityDataAssetPack_datapack__file110,3657,100x100,local
REF02-hero-detail,/PanelHeroInfo/PanelHeroList/PanelFilter/TabClass5/ImageOff,82290,faction_abyss_ia,002_UnityDataAssetPack_datapack__file110,7683,probable_m_sprite,faction_abyss_ia,002_UnityDataAssetPack_datapack__file110,2233,80x80,local
REF02-hero-detail,/PanelHeroInfo/RightPart/BoxInfo/PanelEquipment/SlotStone/HeroStoneUI/Mask/ImageStone,82362,hero_stone_1,002_UnityDataAssetPack_datapack__file110,7757,probable_m_sprite,hero_stone_1,002_UnityDataAssetPack_datapack__file110,2320,90x90,local
REF02-hero-detail,/PanelHeroInfo/RightPart/BoxInfo/PanelEquipment/SlotStone/HeroStoneUI/ImageBorder,82399,border_equipment_2,002_UnityDataAssetPack_datapack__file110,6735,probable_m_sprite,border_equipment_2,002_UnityDataAssetPack_datapack__file110,1162,100x100,local
REF02-hero-detail,/PanelHeroInfo/HeroBox/ImageBoard/HeroStars/GroupStar1/Star2,82493,hero_star_1,002_UnityDataAssetPack_datapack__file110,7732,probable_m_sprite,hero_star_1,002_UnityDataAssetPack_datapack__file110,2294,28x28,local
REF02-hero-detail,/PanelHeroInfo/RightPart/BoxInfo/PanelPoint/BoxPoint/PointAttack/Icon,82526,icon_attack,002_UnityDataAssetPack_datapack__file110,9014,probable_m_sprite,icon_attack,002_UnityDataAssetPack_datapack__file110,3746,40x40,local
REF02-hero-detail,/PanelHeroInfo/RightPart/BoxInfo/PanelEquipment/SlotAccessory,82531,slot_helmet,002_UnityDataAssetPack_datapack__file110,9288,probable_m_sprite,slot_helmet,002_UnityDataAssetPack_datapack__file110,4047,91x92,local
REF02-hero-detail,/PanelHeroInfo/RightPart/BoxInfo/PanelEquipment/SlotAccessory/GoNotifyEquipment,82595,notify_dot,002_UnityDataAssetPack_datapack__file110,7710,probable_m_sprite,notify_dot,002_UnityDataAssetPack_datapack__file110,2264,32x32,local
REF02-hero-detail,/PanelHeroInfo/RightPart/BoxInfo/PanelEquipment/SlotArmor,82600,slot_armor,002_UnityDataAssetPack_datapack__file110,9812,probable_m_sprite,slot_armor,002_UnityDataAssetPack_datapack__file110,4638,91x92,local
REF02-hero-detail,/PanelHeroInfo/RightPart/BoxInfo/PanelPoint/GroupSkill/ButtonSkill2/SpriteOff,82670,skill_default,002_UnityDataAssetPack_datapack__file110,8936,probable_m_sprite,skill_default,002_UnityDataAssetPack_datapack__file110,3657,100x100,local
REF02-hero-detail,/PanelHeroInfo/RightPart/BoxInfo/Tabs/TabPoint/SpriteOn,82740,tab_point,002_UnityDataAssetPack_datapack__file110,9357,probable_m_sprite,tab_point,002_UnityDataAssetPack_datapack__file110,4124,78x90,local
REF02-hero-detail,/PanelHeroInfo/RightPart/BoxInfo/PanelEquipment/SlotArmor/GoNotifyEquipment,82798,notify_dot,002_UnityDataAssetPack_datapack__file110,7710,probable_m_sprite,notify_dot,002_UnityDataAssetPack_datapack__file110,2264,32x32,local
REF02-hero-detail,/PanelHeroInfo/RightPart/FieldSpirit,82815,box_field_1,002_UnityDataAssetPack_datapack__file110,7438,probable_m_sprite,box_field_1,002_UnityDataAssetPack_datapack__file110,1951,210x44,local
REF02-hero-detail,/PanelHeroInfo/RightPart/BoxInfo/PanelPoint/BoxPoint/PointAttack,82923,round_rect_16,002_UnityDataAssetPack_datapack__file110,7021,probable_m_sprite,round_rect_16,002_UnityDataAssetPack_datapack__file110,1480,44x44,local
REF02-hero-detail,/PanelHeroInfo/RightPart/BoxInfo/PanelAwaken/BoxAwaken/BoxStar/StarNext/GroupStar1/Star1,82967,hero_star_1,002_UnityDataAssetPack_datapack__file110,7732,probable_m_sprite,hero_star_1,002_UnityDataAssetPack_datapack__file110,2294,28x28,local
REF02-hero-detail,/PanelHeroInfo/RightPart/BoxInfo/PanelEquipment/SlotStone,83099,slot_empty,002_UnityDataAssetPack_datapack__file110,7621,probable_m_sprite,slot_empty,002_UnityDataAssetPack_datapack__file110,2161,87x89,local
REF02-hero-detail,/PanelHeroInfo/RightPart/BoxInfo/PanelEquipment/SlotStone/HeroStoneUI/Mask,83164,mask_item,002_UnityDataAssetPack_datapack__file110,8540,probable_m_sprite,mask_item,002_UnityDataAssetPack_datapack__file110,3204,100x100,local
REF02-hero-detail,/PanelHeroInfo/PanelHeroList,83213,rect_13,002_UnityDataAssetPack_datapack__file110,9544,probable_m_sprite,rect_13,002_UnityDataAssetPack_datapack__file110,4329,61x61,local
REF02-hero-detail,/PanelHeroInfo/RightPart/BoxInfo/PanelAwaken/BoxAwaken/BoxStar/StarNext/GroupStar1/Star3,83298,hero_star_1,002_UnityDataAssetPack_datapack__file110,7732,probable_m_sprite,hero_star_1,002_UnityDataAssetPack_datapack__file110,2294,28x28,local
REF02-hero-detail,/PanelHeroInfo/RightPart/BoxInfo/PanelAwaken/BoxAwaken/BoxStar,83321,round_rect_3,002_UnityDataAssetPack_datapack__file110,9834,probable_m_sprite,round_rect_3,002_UnityDataAssetPack_datapack__file110,4663,44x44,local
REF02-hero-detail,/PanelHeroInfo/RightPart/BoxInfo/PanelPoint/BoxPoint/PointHp/Icon,83348,icon_hp,002_UnityDataAssetPack_datapack__file110,9620,probable_m_sprite,icon_hp,002_UnityDataAssetPack_datapack__file110,4418,40x40,local
REF02-hero-detail,/PanelHeroInfo/RightPart/BoxInfo/PanelAwaken/BoxAwaken/BoxStar/Arrow1,83349,arrow_next,002_UnityDataAssetPack_datapack__file110,8145,probable_m_sprite,arrow_next,002_UnityDataAssetPack_datapack__file110,2762,44x44,local
REF02-hero-detail,/PanelHeroInfo/RightPart/BoxInfo/Tabs/TabAwaken/SpriteOff,83354,tab_star_up2,002_UnityDataAssetPack_datapack__file110,6658,probable_m_sprite,tab_star_up2,002_UnityDataAssetPack_datapack__file110,1078,78x90,local
REF02-hero-detail,/PanelHeroInfo/RightPart/BoxInfo/PanelAwaken/BoxAwaken/BoxStar/StarCurrent/GroupStar1/Star5,83404,hero_star_1,002_UnityDataAssetPack_datapack__file110,7732,probable_m_sprite,hero_star_1,002_UnityDataAssetPack_datapack__file110,2294,28x28,local
REF02-hero-detail,/PanelHeroInfo/RightPart/BoxInfo/PanelPoint/GroupSkill/ButtonSkill1/SpriteOn,83415,skill_default,002_UnityDataAssetPack_datapack__file110,8936,probable_m_sprite,skill_default,002_UnityDataAssetPack_datapack__file110,3657,100x100,local
REF02-hero-detail,/PanelHeroInfo/PanelHeroList/PanelFilter,83445,roun_rect6,002_UnityDataAssetPack_datapack__file110,6938,probable_m_sprite,roun_rect6,002_UnityDataAssetPack_datapack__file110,1386,64x64,local
REF02-hero-detail,/PanelHeroInfo/RightPart/BoxInfo/PanelEquipment/SlotStone/HeroStoneUI/ItemStar/Star5,83548,item_star,002_UnityDataAssetPack_datapack__file110,8535,probable_m_sprite,item_star,002_UnityDataAssetPack_datapack__file110,3199,32x32,local
REF02-hero-detail,/PanelHeroInfo/RightPart/BoxInfo/PanelPoint/BoxPoint/ButtonPointDetail,83823,button_info,002_UnityDataAssetPack_datapack__file110,9751,probable_m_sprite,button_info,002_UnityDataAssetPack_datapack__file110,4566,36x36,local
REF02-hero-detail,/PanelHeroInfo/RightPart/BoxInfo/PanelEquipment/SlotStone/HeroStoneUI/ItemStar/Star2,83858,item_star,002_UnityDataAssetPack_datapack__file110,8535,probable_m_sprite,item_star,002_UnityDataAssetPack_datapack__file110,3199,32x32,local
REF02-hero-detail,/PanelHeroInfo/PanelHeroList/PanelFilter/TabClass1/ImageOff,83873,faction_light_ia,002_UnityDataAssetPack_datapack__file110,9303,probable_m_sprite,faction_light_ia,002_UnityDataAssetPack_datapack__file110,4067,80x80,local
REF02-hero-detail,/PanelHeroInfo/PanelHeroList/PanelFilter/TabClass2/ImageOn,83904,faction_dark,002_UnityDataAssetPack_datapack__file110,7296,probable_m_sprite,faction_dark,002_UnityDataAssetPack_datapack__file110,1790,80x80,local
REF02-hero-detail,/PanelHeroInfo/RightPart/BoxInfo/PanelPoint/GroupSkill/ButtonSkill4/ImgLevel,83906,tag_number,002_UnityDataAssetPack_datapack__file110,8602,probable_m_sprite,tag_number,002_UnityDataAssetPack_datapack__file110,3273,52x52,local
REF02-hero-detail,/PanelHeroInfo/RightPart/FieldGold,83916,box_field_1,002_UnityDataAssetPack_datapack__file110,7438,probable_m_sprite,box_field_1,002_UnityDataAssetPack_datapack__file110,1951,210x44,local
REF02-hero-detail,/PanelHeroInfo/RightPart/BoxInfo/PanelEquipment/ButtonQuickEquip,83943,button_green,002_UnityDataAssetPack_datapack__file110,6811,probable_m_sprite,button_green,002_UnityDataAssetPack_datapack__file110,1246,142x68,local
REF02-hero-detail,/PanelHeroInfo/RightPart/BoxInfo/PanelPoint/BoxSkillDesc/Content/SkillTitle/SkillIcon,84067,skill_default,002_UnityDataAssetPack_datapack__file110,8936,probable_m_sprite,skill_default,002_UnityDataAssetPack_datapack__file110,3657,100x100,local
REF02-hero-detail,/PanelHeroInfo/RightPart/BoxInfo/PanelEquipment/SlotWeapon/GoNotifyEquipment,84077,notify_dot,002_UnityDataAssetPack_datapack__file110,7710,probable_m_sprite,notify_dot,002_UnityDataAssetPack_datapack__file110,2264,32x32,local
REF02-hero-detail,/PanelHeroInfo/ButtonNoLock,84323,hero_unlock,002_UnityDataAssetPack_datapack__file110,7334,probable_m_sprite,hero_unlock,002_UnityDataAssetPack_datapack__file110,1831,60x60,local
REF02-hero-detail,/PanelHeroInfo/RightPart/BoxInfo/PanelAwaken/BoxAwaken/BoxStar/Arrow2,84358,arrow_next,002_UnityDataAssetPack_datapack__file110,8145,probable_m_sprite,arrow_next,002_UnityDataAssetPack_datapack__file110,2762,44x44,local
REF02-hero-detail,/PanelHeroInfo/HeroBox/ImageBoard/HeroStars/GroupStar6/Star8,84404,hero_star_2,002_UnityDataAssetPack_datapack__file110,6507,probable_m_sprite,hero_star_2,002_UnityDataAssetPack_datapack__file110,903,36x36,local
REF02-hero-detail,/PanelHeroInfo/HeroBox/ImageBoard/HeroStars/GroupStar6/Star9,84462,hero_star_2,002_UnityDataAssetPack_datapack__file110,6507,probable_m_sprite,hero_star_2,002_UnityDataAssetPack_datapack__file110,903,36x36,local
REF02-hero-detail,/PanelHeroInfo/RightPart/BoxInfo/PanelESkill/PanelESkillDetail/Background/GroupAction/ButtonActivate,84523,button_green,002_UnityDataAssetPack_datapack__file110,6811,probable_m_sprite,button_green,002_UnityDataAssetPack_datapack__file110,1246,142x68,local
REF02-hero-detail,/PanelHeroInfo/RightPart/BoxInfo/PanelEquipment/SlotAccessory/ItemEquipmentUI/MaskSpineBorder,84529,UIMask,002_UnityDataAssetPack_datapack__file110,6287,probable_m_sprite,UIMask,002_UnityDataAssetPack_datapack__file110,654,32x32,local
REF02-hero-detail,/PanelHeroInfo/RightPart/BoxInfo/PanelBreakthrough/SlotMaterial/HeroMaterial2/HeroStar/GroupStarE/BgrStarE,84805,star_e_bgr,002_UnityDataAssetPack_datapack__file110,7415,probable_m_sprite,star_e_bgr,002_UnityDataAssetPack_datapack__file110,1922,158x59,local
REF02-hero-detail,/PanelHeroInfo/RightPart/BoxInfo/PanelESkill/GroupEnable/ButtonESkill1/Frame,84859,skill_frame,002_UnityDataAssetPack_datapack__file110,9233,probable_m_sprite,skill_frame,002_UnityDataAssetPack_datapack__file110,3981,94x94,local
REF02-hero-detail,/PanelHeroInfo/RightPart/BoxInfo/Tabs/TabBreakthrough/SpriteOff,85029,tab_star_up2,002_UnityDataAssetPack_datapack__file110,6658,probable_m_sprite,tab_star_up2,002_UnityDataAssetPack_datapack__file110,1078,78x90,local
REF02-hero-detail,/PanelHeroInfo/RightPart/BoxInfo/PanelEquipment/SlotWeapon/ItemEquipmentUI/MaskSpineBorder,85104,UIMask,002_UnityDataAssetPack_datapack__file110,6287,probable_m_sprite,UIMask,002_UnityDataAssetPack_datapack__file110,654,32x32,local
REF02-hero-detail,/PanelHeroInfo/RightPart/BoxInfo/PanelSpecialEquip/Bgr/GroupContent/SideAttack/GroupImage/GroupStarAtk/GroupAllStarAttack/StarVang2,85331,hero_star_3,002_UnityDataAssetPack_datapack__file110,9425,probable_m_sprite,hero_star_3,002_UnityDataAssetPack_datapack__file110,4195,40x40,local
REF02-hero-detail,/PanelHeroInfo/RightPart/BoxInfo/PanelBreakthrough/BoxStar/StarNext/GroupStar6/Star8,85469,hero_star_2,002_UnityDataAssetPack_datapack__file110,6507,probable_m_sprite,hero_star_2,002_UnityDataAssetPack_datapack__file110,903,36x36,local
REF02-hero-detail,/PanelHeroInfo/RightPart/BoxInfo/PanelBreakthrough/BoxStar/StarNext/GroupStar6/Star9,85652,hero_star_2,002_UnityDataAssetPack_datapack__file110,6507,probable_m_sprite,hero_star_2,002_UnityDataAssetPack_datapack__file110,903,36x36,local
REF02-hero-detail,/PanelHeroInfo/RightPart/BoxInfo/Tabs/TabEnable,85683,UISprite,002_UnityDataAssetPack_datapack__file110,6282,probable_m_sprite,UISprite,002_UnityDataAssetPack_datapack__file110,649,32x32,local
REF02-hero-detail,/PanelHeroInfo/RightPart/BoxInfo/PanelESkill/GroupEnable/ButtonESkill3/FrameSelected,85748,skill_selected,002_UnityDataAssetPack_datapack__file110,6790,probable_m_sprite,skill_selected,002_UnityDataAssetPack_datapack__file110,1223,94x94,local
REF02-hero-detail,/PanelHeroInfo/RightPart/BoxInfo/PanelEnable/BoxBeyondMax/GroupBeyondMax,85911,round_rect2,002_UnityDataAssetPack_datapack__file110,6319,probable_m_sprite,round_rect2,002_UnityDataAssetPack_datapack__file110,694,64x64,local
REF02-hero-detail,/PanelHeroInfo/RightPart/BoxInfo/PanelSpecialEquip/Bgr/GroupContent/SideHP/GroupImage/GroupStarHp/GroupAllStarHp/StarTim5,86326,hero_star_2,002_UnityDataAssetPack_datapack__file110,6507,probable_m_sprite,hero_star_2,002_UnityDataAssetPack_datapack__file110,903,36x36,local
REF02-hero-detail,/PanelHeroInfo/RightPart/BoxInfo/PanelSpecialEquip/Bgr/GroupContent/SideAttack/GroupImage/GroupStarAtk/GroupAllStarAttack/Star2,86330,item_star,002_UnityDataAssetPack_datapack__file110,8535,probable_m_sprite,item_star,002_UnityDataAssetPack_datapack__file110,3199,32x32,local
REF02-hero-detail,/PanelHeroInfo/RightPart/BoxInfo/PanelESkill/GroupEnable/ButtonESkill3/ImageCover,86430,round_mask,002_UnityDataAssetPack_datapack__file110,7198,probable_m_sprite,round_mask,002_UnityDataAssetPack_datapack__file110,1680,80x80,local
REF02-hero-detail,/PanelHeroInfo/RightPart/BoxInfo/Tabs/TabEquipment,86516,UISprite,002_UnityDataAssetPack_datapack__file110,6282,probable_m_sprite,UISprite,002_UnityDataAssetPack_datapack__file110,649,32x32,local
REF02-hero-detail,/PanelHeroInfo/RightPart/BoxInfo/PanelESkill/GroupEnable/ButtonESkill4/Frame,86537,skill_frame,002_UnityDataAssetPack_datapack__file110,9233,probable_m_sprite,skill_frame,002_UnityDataAssetPack_datapack__file110,3981,94x94,local
REF02-hero-detail,/PanelHeroInfo/RightPart/BoxInfo/PanelSpecialEquip/Bgr/GroupContent/SideAttack/GroupImage/GroupStarAtk/GroupAllStarAttack/StarVang4,86831,hero_star_3,002_UnityDataAssetPack_datapack__file110,9425,probable_m_sprite,hero_star_3,002_UnityDataAssetPack_datapack__file110,4195,40x40,local
REF02-hero-detail,/PanelHeroInfo/RightPart/BoxInfo/PanelEquipment/SlotArtifact/ItemArtifactUI/ItemStar/Star2,87127,item_star,002_UnityDataAssetPack_datapack__file110,8535,probable_m_sprite,item_star,002_UnityDataAssetPack_datapack__file110,3199,32x32,local
REF02-hero-detail,/PanelHeroInfo/RightPart/BoxInfo/PanelEquipment/SlotArtifact/ItemArtifactUI/ItemStar/Star5,87128,item_star,002_UnityDataAssetPack_datapack__file110,8535,probable_m_sprite,item_star,002_UnityDataAssetPack_datapack__file110,3199,32x32,local
REF02-hero-detail,/PanelHeroInfo/RightPart/BoxInfo/PanelEquipment/SlotArtifact/ItemArtifactUI/Mask/ImageItem,87130,item_transparent,002_UnityDataAssetPack_datapack__file110,9311,probable_m_sprite,item_transparent,002_UnityDataAssetPack_datapack__file110,4075,100x100,local
REF02-hero-detail,/PanelHeroInfo/RightPart/BoxInfo/PanelEquipment/SlotArtifact/ItemArtifactUI/Mask/Check/Image,87131,tick_green,002_UnityDataAssetPack_datapack__file110,7134,probable_m_sprite,tick_green,002_UnityDataAssetPack_datapack__file110,1606,44x40,local
REF02-hero-detail,/PanelHeroInfo/RightPart/BoxInfo/PanelEquipment/SlotArtifact/ItemArtifactUI/ItemStar/Star6,87133,item_star,002_UnityDataAssetPack_datapack__file110,8535,probable_m_sprite,item_star,002_UnityDataAssetPack_datapack__file110,3199,32x32,local
REF02-hero-detail,/PanelHeroInfo/RightPart/BoxInfo/PanelEquipment/SlotArtifact/ItemArtifactUI/ItemStar/Star1,87134,item_star,002_UnityDataAssetPack_datapack__file110,8535,probable_m_sprite,item_star,002_UnityDataAssetPack_datapack__file110,3199,32x32,local
REF02-hero-detail,/PanelHeroInfo/RightPart/BoxInfo/PanelEquipment/SlotArtifact/ItemArtifactUI/Mask/ImageBgr,87135,bgr_equipment_2,002_UnityDataAssetPack_datapack__file110,9769,probable_m_sprite,bgr_equipment_2,002_UnityDataAssetPack_datapack__file110,4588,100x100,local
REF02-hero-detail,/PanelHeroInfo/RightPart/BoxInfo/PanelEquipment/SlotArtifact/ItemArtifactUI/Mask,87137,mask_item,002_UnityDataAssetPack_datapack__file110,8540,probable_m_sprite,mask_item,002_UnityDataAssetPack_datapack__file110,3204,100x100,local
REF02-hero-detail,/PanelHeroInfo/RightPart/BoxInfo/PanelEquipment/SlotArtifact/ItemArtifactUI/ItemStar/Star3,87138,item_star,002_UnityDataAssetPack_datapack__file110,8535,probable_m_sprite,item_star,002_UnityDataAssetPack_datapack__file110,3199,32x32,local
REF02-hero-detail,/PanelHeroInfo/RightPart/BoxInfo/PanelEquipment/SlotArtifact/ItemArtifactUI/ItemStar/Star4,87139,item_star,002_UnityDataAssetPack_datapack__file110,8535,probable_m_sprite,item_star,002_UnityDataAssetPack_datapack__file110,3199,32x32,local
REF02-hero-detail,/PanelHeroInfo/RightPart/BoxInfo/PanelEquipment/SlotArtifact/ItemArtifactUI/ImageFrame,87142,frame_item,002_UnityDataAssetPack_datapack__file110,8152,probable_m_sprite,frame_item,002_UnityDataAssetPack_datapack__file110,2770,100x100,local
REF02-hero-detail,/PanelHeroInfo/RightPart/BoxInfo/PanelEquipment/SlotArtifact/ItemArtifactUI/ImageBorder,87144,border_equipment_2,002_UnityDataAssetPack_datapack__file110,6735,probable_m_sprite,border_equipment_2,002_UnityDataAssetPack_datapack__file110,1162,100x100,local
REF02-hero-detail,/PanelHeroInfo/RightPart/BoxInfo/PanelAwaken/BoxAwaken/SlotMaterial/HeroMaterial1/HeroStar/GroupStar1/Star1,87204,hero_star_1,002_UnityDataAssetPack_datapack__file110,7732,probable_m_sprite,hero_star_1,002_UnityDataAssetPack_datapack__file110,2294,28x28,local
REF02-hero-detail,/PanelHeroInfo/RightPart/BoxInfo/PanelAwaken/BoxAwaken/SlotMaterial/HeroMaterial1/HeroStar/GroupStar6/Star6,87206,hero_star_2,002_UnityDataAssetPack_datapack__file110,6507,probable_m_sprite,hero_star_2,002_UnityDataAssetPack_datapack__file110,903,36x36,local
REF02-hero-detail,/PanelHeroInfo/RightPart/BoxInfo/PanelAwaken/BoxAwaken/SlotMaterial/HeroMaterial1/HeroHead/Mask/ImageHead,87207,item_transparent,002_UnityDataAssetPack_datapack__file110,9311,probable_m_sprite,item_transparent,002_UnityDataAssetPack_datapack__file110,4075,100x100,local
REF02-hero-detail,/PanelHeroInfo/RightPart/BoxInfo/PanelAwaken/BoxAwaken/SlotMaterial/HeroMaterial1/HeroStar/GroupStar6/Star6,87210,hero_star_2,002_UnityDataAssetPack_datapack__file110,6507,probable_m_sprite,hero_star_2,002_UnityDataAssetPack_datapack__file110,903,36x36,local
REF02-hero-detail,/PanelHeroInfo/RightPart/BoxInfo/PanelAwaken/BoxAwaken/SlotMaterial/HeroMaterial1/HeroStar/GroupStar1/Star1,87215,hero_star_1,002_UnityDataAssetPack_datapack__file110,7732,probable_m_sprite,hero_star_1,002_UnityDataAssetPack_datapack__file110,2294,28x28,local
REF02-hero-detail,/PanelHeroInfo/RightPart/BoxInfo/PanelAwaken/BoxAwaken/SlotMaterial/HeroMaterial1/HeroHead/Mask,87216,mask_item,002_UnityDataAssetPack_datapack__file110,8540,probable_m_sprite,mask_item,002_UnityDataAssetPack_datapack__file110,3204,100x100,local
REF02-hero-detail,/PanelHeroInfo/RightPart/BoxInfo/PanelAwaken/BoxAwaken/SlotMaterial/HeroMaterial1/HeroHead/Mask/ImageBgr,87218,bgr_item_consumable,002_UnityDataAssetPack_datapack__file110,7432,probable_m_sprite,bgr_item_consumable,002_UnityDataAssetPack_datapack__file110,1945,100x100,local
REF02-hero-detail,/PanelHeroInfo/RightPart/BoxInfo/PanelAwaken/BoxAwaken/SlotMaterial/HeroMaterial1/HeroHead/ImageFaction,87220,faction_forest,002_UnityDataAssetPack_datapack__file110,9688,probable_m_sprite,faction_forest,002_UnityDataAssetPack_datapack__file110,4495,80x80,local
REF02-hero-detail,/PanelHeroInfo/RightPart/BoxInfo/PanelAwaken/BoxAwaken/SlotMaterial/HeroMaterial1/HeroStar/GroupStar1/Star1,87222,hero_star_1,002_UnityDataAssetPack_datapack__file110,7732,probable_m_sprite,hero_star_1,002_UnityDataAssetPack_datapack__file110,2294,28x28,local
REF02-hero-detail,/PanelHeroInfo/RightPart/BoxInfo/PanelAwaken/BoxAwaken/SlotMaterial/HeroMaterial1/IconPlus,87223,icon_plus,002_UnityDataAssetPack_datapack__file110,9752,probable_m_sprite,icon_plus,002_UnityDataAssetPack_datapack__file110,4568,48x48,local
REF02-hero-detail,/PanelHeroInfo/RightPart/BoxInfo/PanelAwaken/BoxAwaken/SlotMaterial/HeroMaterial1/HeroStar/GroupStar6/Star6,87224,hero_star_2,002_UnityDataAssetPack_datapack__file110,6507,probable_m_sprite,hero_star_2,002_UnityDataAssetPack_datapack__file110,903,36x36,local
REF02-hero-detail,/PanelHeroInfo/RightPart/BoxInfo/PanelAwaken/BoxAwaken/SlotMaterial/HeroMaterial1/HeroHead/Mask/ImageHeadBw,87227,item_transparent,002_UnityDataAssetPack_datapack__file110,9311,probable_m_sprite,item_transparent,002_UnityDataAssetPack_datapack__file110,4075,100x100,local
REF02-hero-detail,/PanelHeroInfo/RightPart/BoxInfo/PanelAwaken/BoxAwaken/SlotMaterial/HeroMaterial1/HeroStar/GroupStar1/Star1,87229,hero_star_1,002_UnityDataAssetPack_datapack__file110,7732,probable_m_sprite,hero_star_1,002_UnityDataAssetPack_datapack__file110,2294,28x28,local
REF02-hero-detail,/PanelHeroInfo/RightPart/BoxInfo/PanelAwaken/BoxAwaken/SlotMaterial/HeroMaterial1/HeroStar/GroupStar1/Star1,87231,hero_star_1,002_UnityDataAssetPack_datapack__file110,7732,probable_m_sprite,hero_star_1,002_UnityDataAssetPack_datapack__file110,2294,28x28,local
REF02-hero-detail,/PanelHeroInfo/RightPart/BoxInfo/PanelAwaken/BoxAwaken/SlotMaterial/HeroMaterial1/HeroStar/GroupStar10/Star10,87232,hero_star_3,002_UnityDataAssetPack_datapack__file110,9425,probable_m_sprite,hero_star_3,002_UnityDataAssetPack_datapack__file110,4195,40x40,local
REF02-hero-detail,/PanelHeroInfo/RightPart/BoxInfo/PanelAwaken/BoxAwaken/SlotMaterial/HeroMaterial1/HeroStar/GroupStar6/Star6,87233,hero_star_2,002_UnityDataAssetPack_datapack__file110,6507,probable_m_sprite,hero_star_2,002_UnityDataAssetPack_datapack__file110,903,36x36,local
REF02-hero-detail,/PanelHeroInfo/RightPart/BoxInfo/PanelAwaken/BoxAwaken/SlotMaterial/HeroMaterial1/HeroHead/Border,87234,border_item,002_UnityDataAssetPack_datapack__file110,8426,probable_m_sprite,border_item,002_UnityDataAssetPack_datapack__file110,3081,100x100,local
REF02-hero-detail,/PanelHeroInfo/RightPart/BoxInfo/PanelSpecialEquip/Bgr/GroupContent/SideAttack/BgrTitle,87243,title_12,002_UnityDataAssetPack_datapack__file110,8934,probable_m_sprite,title_12,002_UnityDataAssetPack_datapack__file110,3655,175x34,local
REF02-hero-detail,/PanelHeroInfo/RightPart/BoxInfo/PanelAwaken/BoxAwaken/SlotMaterial/HeroMaterial3/HeroStar/GroupStarE/StarE,87315,hero_star_e,002_UnityDataAssetPack_datapack__file110,9706,probable_m_sprite,hero_star_e,002_UnityDataAssetPack_datapack__file110,4515,41x39,local
REF02-hero-detail,/PanelHeroInfo/RightPart/BoxInfo/PanelEnable/BoxEnable/SlotMaterial/HeroMaterial3/HeroStar/GroupStarE/StarE,87512,hero_star_e,002_UnityDataAssetPack_datapack__file110,9706,probable_m_sprite,hero_star_e,002_UnityDataAssetPack_datapack__file110,4515,41x39,local
REF02-hero-detail,/PanelHeroInfo/RightPart/BoxInfo/PanelEnable/BoxEnable/BoxStar/StarNext/GroupStar1/Star1,87589,hero_star_1,002_UnityDataAssetPack_datapack__file110,7732,probable_m_sprite,hero_star_1,002_UnityDataAssetPack_datapack__file110,2294,28x28,local
REF02-hero-detail,/PanelHeroInfo/RightPart/BoxInfo/PanelSpecialEquip/Bgr/GroupContent/SideHP/GroupImage/Mask/Image,87775,bg_e4,002_UnityDataAssetPack_datapack__file110,6949,probable_m_sprite,bg_e4,002_UnityDataAssetPack_datapack__file110,1397,100x100,local
REF02-hero-detail,/PanelHeroInfo/RightPart/BoxInfo/PanelSpecialEquip/Bgr/GroupContent/SideHP/GroupImage/GroupStarHp/GroupAllStarHp/StarTim4,88079,hero_star_2,002_UnityDataAssetPack_datapack__file110,6507,probable_m_sprite,hero_star_2,002_UnityDataAssetPack_datapack__file110,903,36x36,local
REF02-hero-detail,/PanelHeroInfo/RightPart/BoxInfo/PanelSpecialEquip/Bgr/GroupContent/SideAttack/GroupImage/GroupStarAtk/GroupAllStarAttack/StarVang5,88288,hero_star_3,002_UnityDataAssetPack_datapack__file110,9425,probable_m_sprite,hero_star_3,002_UnityDataAssetPack_datapack__file110,4195,40x40,local
REF02-hero-detail,/PanelHeroInfo/RightPart/BoxInfo/PanelSpecialEquip/Bgr/GroupContent/SideAttack/GroupImage/Mask/Image,88377,bg_e4,002_UnityDataAssetPack_datapack__file110,6949,probable_m_sprite,bg_e4,002_UnityDataAssetPack_datapack__file110,1397,100x100,local
REF02-hero-detail,/PanelHeroInfo/RightPart/BoxInfo/PanelEnable/BoxBeyondMax/GroupBeyondMax/ButtonSkill3,88406,skill_beyon_max_1,002_UnityDataAssetPack_datapack__file110,6621,probable_m_sprite,skill_beyon_max_1,002_UnityDataAssetPack_datapack__file110,1031,87x87,local
REF02-hero-detail,/PanelHeroInfo/RightPart/BoxInfo/PanelBreakthrough/BoxStar/StarCurrent/GroupStar6/Star7,88534,hero_star_2,002_UnityDataAssetPack_datapack__file110,6507,probable_m_sprite,hero_star_2,002_UnityDataAssetPack_datapack__file110,903,36x36,local
REF02-hero-detail,/PanelHeroInfo/RightPart/BoxInfo/PanelEnable/BoxEnable/BoxBlockEnable/Image,88902,round_rect2,002_UnityDataAssetPack_datapack__file110,6319,probable_m_sprite,round_rect2,002_UnityDataAssetPack_datapack__file110,694,64x64,local
REF02-hero-detail,/PanelHeroInfo/RightPart/BoxInfo/PanelEnable/BoxEnable/BoxStar,88955,round_rect_3,002_UnityDataAssetPack_datapack__file110,9834,probable_m_sprite,round_rect_3,002_UnityDataAssetPack_datapack__file110,4663,44x44,local
REF02-hero-detail,/PanelHeroInfo/RightPart/BoxInfo/PanelESkill/GroupEnable/Line1,89016,light,002_UnityDataAssetPack_datapack__file110,8874,probable_m_sprite,light,002_UnityDataAssetPack_datapack__file110,3590,153x17,local
REF02-hero-detail,/PanelHeroInfo/RightPart/BoxInfo/PanelSpecialEquip/Bgr/ButtonInfo,89086,button_help_2,002_UnityDataAssetPack_datapack__file110,9642,probable_m_sprite,button_help_2,002_UnityDataAssetPack_datapack__file110,4444,44x44,local
REF02-hero-detail,/PanelHeroInfo/RightPart/BoxInfo/PanelEnable/BoxEnable/BoxStar/StarNext/GroupStar1/Star3,89481,hero_star_1,002_UnityDataAssetPack_datapack__file110,7732,probable_m_sprite,hero_star_1,002_UnityDataAssetPack_datapack__file110,2294,28x28,local
REF02-hero-detail,/PanelHeroInfo/RightPart/BoxInfo/PanelAwaken/BoxAwaken/GroupAction/ButtonAwake,89497,button_yellow,002_UnityDataAssetPack_datapack__file110,9648,probable_m_sprite,button_yellow,002_UnityDataAssetPack_datapack__file110,4451,142x68,local
REF02-hero-detail,/PanelHeroInfo/RightPart/BoxInfo/PanelSpecialEquip/Bgr/GroupContent/SideHP/GroupImage/ImageNotify,89538,notify_dot,002_UnityDataAssetPack_datapack__file110,7710,probable_m_sprite,notify_dot,002_UnityDataAssetPack_datapack__file110,2264,32x32,local
REF02-hero-detail,/PanelHeroInfo/RightPart/BoxInfo/PanelEnable/BoxEnable/GroupActionBlock/ButtonRegress2,89566,button_green,002_UnityDataAssetPack_datapack__file110,6811,probable_m_sprite,button_green,002_UnityDataAssetPack_datapack__file110,1246,142x68,local
REF02-hero-detail,/PanelHeroInfo/RightPart/BoxInfo/PanelSpecialEquip/Bgr/GroupContent/SideHP/GroupImage/GroupStarHp/GroupAllStarHp/StarTim3,89631,hero_star_2,002_UnityDataAssetPack_datapack__file110,6507,probable_m_sprite,hero_star_2,002_UnityDataAssetPack_datapack__file110,903,36x36,local
REF02-hero-detail,/PanelHeroInfo/RightPart/BoxInfo/PanelSpecialEquip/Bgr/GroupContent/SideAttack/GroupImage/ButtonLock,89653,hero_locked,002_UnityDataAssetPack_datapack__file110,9611,probable_m_sprite,hero_locked,002_UnityDataAssetPack_datapack__file110,4409,60x60,local
REF02-hero-detail,/PanelHeroInfo/RightPart/BoxInfo/PanelBreakthrough/BoxStar/StarCurrent/GroupStar6/Star9,89700,hero_star_2,002_UnityDataAssetPack_datapack__file110,6507,probable_m_sprite,hero_star_2,002_UnityDataAssetPack_datapack__file110,903,36x36,local
REF02-hero-detail,/PanelHeroInfo/RightPart/BoxInfo/PanelEnable/BoxBeyondMax/GroupBeyondMax/ImageStar,89810,star_beyond_max,002_UnityDataAssetPack_datapack__file110,6923,probable_m_sprite,star_beyond_max,002_UnityDataAssetPack_datapack__file110,1369,271x271,local
REF02-hero-detail,/PanelHeroInfo/RightPart/BoxInfo/PanelEnable/BoxEnable/BoxStar/StarNext/GroupStar1/Star5,89868,hero_star_1,002_UnityDataAssetPack_datapack__file110,7732,probable_m_sprite,hero_star_1,002_UnityDataAssetPack_datapack__file110,2294,28x28,local
REF02-hero-detail,/PanelHeroInfo/RightPart/BoxInfo/PanelEnable/BoxEnable/BoxStar/BoxSkillDesc,89873,round_rect_8,002_UnityDataAssetPack_datapack__file110,9882,probable_m_sprite,round_rect_8,002_UnityDataAssetPack_datapack__file110,4716,64x64,local
REF02-hero-detail,/PanelHeroInfo/RightPart/BoxInfo/PanelEnable/BoxEnable/BoxStar/BoxSkillDesc/SkillTitle/SkillIcon,90104,skill_default,002_UnityDataAssetPack_datapack__file110,8936,probable_m_sprite,skill_default,002_UnityDataAssetPack_datapack__file110,3657,100x100,local
REF02-hero-detail,/PanelHeroInfo/RightPart/BoxInfo/PanelESkill/GroupEnable/ButtonESkill3/ImageSkill,90110,skill_default,002_UnityDataAssetPack_datapack__file110,8936,probable_m_sprite,skill_default,002_UnityDataAssetPack_datapack__file110,3657,100x100,local
REF02-hero-detail,/PanelHeroInfo/RightPart/BoxInfo/PanelESkill/GroupEnable/Line3,90235,light,002_UnityDataAssetPack_datapack__file110,8874,probable_m_sprite,light,002_UnityDataAssetPack_datapack__file110,3590,153x17,local
REF02-hero-detail,/PanelHeroInfo/RightPart/BoxInfo/PanelEnable/BoxEnable/SlotMaterial/HeroMaterial4/HeroStar/GroupStarE/BgrStarE,90308,star_e_bgr,002_UnityDataAssetPack_datapack__file110,7415,probable_m_sprite,star_e_bgr,002_UnityDataAssetPack_datapack__file110,1922,158x59,local
REF02-hero-detail,/PanelHeroInfo/RightPart/BoxInfo/PanelESkill/GroupEnable/ButtonESkill1/IconLock,90323,icon_lock_2,002_UnityDataAssetPack_datapack__file110,6812,probable_m_sprite,icon_lock_2,002_UnityDataAssetPack_datapack__file110,1247,32x40,local
REF02-hero-detail,/PanelHeroInfo/RightPart/BoxInfo/PanelSpecialEquip/Bgr/GroupContent/SideAttack/GroupImage/GroupStarAtk/GroupAllStarAttack/Star1,90342,item_star,002_UnityDataAssetPack_datapack__file110,8535,probable_m_sprite,item_star,002_UnityDataAssetPack_datapack__file110,3199,32x32,local
REF02-hero-detail,/PanelHeroInfo/RightPart/BoxInfo/PanelEnable/BoxEnable/FieldStone,90488,round_rect_3,002_UnityDataAssetPack_datapack__file110,9834,probable_m_sprite,round_rect_3,002_UnityDataAssetPack_datapack__file110,4663,44x44,local
REF02-hero-detail,/PanelHeroInfo/RightPart/BoxInfo/PanelBreakthrough/ButtonBreak,90496,button_yellow,002_UnityDataAssetPack_datapack__file110,9648,probable_m_sprite,button_yellow,002_UnityDataAssetPack_datapack__file110,4451,142x68,local
REF02-hero-detail,/PanelHeroInfo/RightPart/BoxInfo/PanelSpecialEquip/Bgr/GroupContent/SideAttack/GroupImage/GroupStarAtk/GroupAllStarAttack/Star3,90687,item_star,002_UnityDataAssetPack_datapack__file110,8535,probable_m_sprite,item_star,002_UnityDataAssetPack_datapack__file110,3199,32x32,local
REF02-hero-detail,/PanelHeroInfo/RightPart/BoxInfo/PanelSpecialEquip/Bgr/GroupContent/SideAttack/GroupImage/GroupStarAtk/GroupAllStarAttack/Star4,90690,item_star,002_UnityDataAssetPack_datapack__file110,8535,probable_m_sprite,item_star,002_UnityDataAssetPack_datapack__file110,3199,32x32,local
REF02-hero-detail,/PanelHeroInfo/RightPart/BoxInfo/PanelEnable/BoxEnable/BoxStar/ButtonSkillE/Frame,90726,skill_selected,002_UnityDataAssetPack_datapack__file110,6790,probable_m_sprite,skill_selected,002_UnityDataAssetPack_datapack__file110,1223,94x94,local
REF02-hero-detail,/PanelHeroInfo/RightPart/BoxInfo/PanelBreakthrough/SlotMaterial/HeroMaterial2/HeroHead/Mask,90798,mask_item,002_UnityDataAssetPack_datapack__file110,8540,probable_m_sprite,mask_item,002_UnityDataAssetPack_datapack__file110,3204,100x100,local
REF02-hero-detail,/PanelHeroInfo/RightPart/BoxInfo/PanelBreakthrough/SlotMaterial/HeroMaterial2/HeroStar/GroupStar1/Star1,90801,hero_star_1,002_UnityDataAssetPack_datapack__file110,7732,probable_m_sprite,hero_star_1,002_UnityDataAssetPack_datapack__file110,2294,28x28,local
REF02-hero-detail,/PanelHeroInfo/RightPart/BoxInfo/PanelBreakthrough/SlotMaterial/HeroMaterial2/HeroStar/GroupStar6/Star6,90804,hero_star_2,002_UnityDataAssetPack_datapack__file110,6507,probable_m_sprite,hero_star_2,002_UnityDataAssetPack_datapack__file110,903,36x36,local
REF02-hero-detail,/PanelHeroInfo/RightPart/BoxInfo/PanelBreakthrough/SlotMaterial/HeroMaterial2/HeroStar/GroupStar6/Star6,90807,hero_star_2,002_UnityDataAssetPack_datapack__file110,6507,probable_m_sprite,hero_star_2,002_UnityDataAssetPack_datapack__file110,903,36x36,local
REF02-hero-detail,/PanelHeroInfo/RightPart/BoxInfo/PanelBreakthrough/SlotMaterial/HeroMaterial2/HeroHead/ImageFaction,90810,faction_forest,002_UnityDataAssetPack_datapack__file110,9688,probable_m_sprite,faction_forest,002_UnityDataAssetPack_datapack__file110,4495,80x80,local
REF02-hero-detail,/PanelHeroInfo/RightPart/BoxInfo/PanelBreakthrough/SlotMaterial/HeroMaterial2/HeroStar/GroupStar1/Star1,90812,hero_star_1,002_UnityDataAssetPack_datapack__file110,7732,probable_m_sprite,hero_star_1,002_UnityDataAssetPack_datapack__file110,2294,28x28,local
REF02-hero-detail,/PanelHeroInfo/RightPart/BoxInfo/PanelBreakthrough/SlotMaterial/HeroMaterial2/IconPlus,90813,icon_plus,002_UnityDataAssetPack_datapack__file110,9752,probable_m_sprite,icon_plus,002_UnityDataAssetPack_datapack__file110,4568,48x48,local
REF02-hero-detail,/PanelHeroInfo/RightPart/BoxInfo/PanelBreakthrough/SlotMaterial/HeroMaterial2/HeroHead/Mask/ImageBgr,90815,bgr_item_consumable,002_UnityDataAssetPack_datapack__file110,7432,probable_m_sprite,bgr_item_consumable,002_UnityDataAssetPack_datapack__file110,1945,100x100,local
REF02-hero-detail,/PanelHeroInfo/RightPart/BoxInfo/PanelBreakthrough/SlotMaterial/HeroMaterial2/HeroHead/Border,90816,border_item,002_UnityDataAssetPack_datapack__file110,8426,probable_m_sprite,border_item,002_UnityDataAssetPack_datapack__file110,3081,100x100,local
REF02-hero-detail,/PanelHeroInfo/RightPart/BoxInfo/PanelBreakthrough/SlotMaterial/HeroMaterial2/HeroStar/GroupStar1/Star1,90819,hero_star_1,002_UnityDataAssetPack_datapack__file110,7732,probable_m_sprite,hero_star_1,002_UnityDataAssetPack_datapack__file110,2294,28x28,local
REF02-hero-detail,/PanelHeroInfo/RightPart/BoxInfo/PanelBreakthrough/SlotMaterial/HeroMaterial2/HeroStar/GroupStar6/Star6,90820,hero_star_2,002_UnityDataAssetPack_datapack__file110,6507,probable_m_sprite,hero_star_2,002_UnityDataAssetPack_datapack__file110,903,36x36,local
REF02-hero-detail,/PanelHeroInfo/RightPart/BoxInfo/PanelBreakthrough/SlotMaterial/HeroMaterial2/HeroStar/GroupStar10/Star10,90821,hero_star_3,002_UnityDataAssetPack_datapack__file110,9425,probable_m_sprite,hero_star_3,002_UnityDataAssetPack_datapack__file110,4195,40x40,local
REF02-hero-detail,/PanelHeroInfo/RightPart/BoxInfo/PanelBreakthrough/SlotMaterial/HeroMaterial2/HeroStar/GroupStar1/Star1,90822,hero_star_1,002_UnityDataAssetPack_datapack__file110,7732,probable_m_sprite,hero_star_1,002_UnityDataAssetPack_datapack__file110,2294,28x28,local
REF02-hero-detail,/PanelHeroInfo/RightPart/BoxInfo/PanelBreakthrough/SlotMaterial/HeroMaterial2/HeroHead/Mask/ImageHeadBw,90825,item_transparent,002_UnityDataAssetPack_datapack__file110,9311,probable_m_sprite,item_transparent,002_UnityDataAssetPack_datapack__file110,4075,100x100,local
REF02-hero-detail,/PanelHeroInfo/RightPart/BoxInfo/PanelBreakthrough/SlotMaterial/HeroMaterial2/HeroHead/Mask/ImageHead,90828,item_transparent,002_UnityDataAssetPack_datapack__file110,9311,probable_m_sprite,item_transparent,002_UnityDataAssetPack_datapack__file110,4075,100x100,local
REF02-hero-detail,/PanelHeroInfo/RightPart/BoxInfo/PanelBreakthrough/SlotMaterial/HeroMaterial2/HeroStar/GroupStar6/Star6,90829,hero_star_2,002_UnityDataAssetPack_datapack__file110,6507,probable_m_sprite,hero_star_2,002_UnityDataAssetPack_datapack__file110,903,36x36,local
REF02-hero-detail,/PanelHeroInfo/RightPart/BoxInfo/PanelBreakthrough/SlotMaterial/HeroMaterial2/HeroStar/GroupStar1/Star1,90830,hero_star_1,002_UnityDataAssetPack_datapack__file110,7732,probable_m_sprite,hero_star_1,002_UnityDataAssetPack_datapack__file110,2294,28x28,local
REF02-hero-detail,/PanelHeroInfo/RightPart/BoxInfo/PanelSpecialEquip/Bgr/GroupContent/SideHP/GroupImage/GroupStarHp/GroupAllStarHp/StarTim2,90835,hero_star_2,002_UnityDataAssetPack_datapack__file110,6507,probable_m_sprite,hero_star_2,002_UnityDataAssetPack_datapack__file110,903,36x36,local
REF02-hero-detail,/PanelHeroInfo/RightPart/BoxInfo/PanelEquipment/SlotShoes/ItemEquipmentUI/MaskSpineBorder,90970,UIMask,002_UnityDataAssetPack_datapack__file110,6287,probable_m_sprite,UIMask,002_UnityDataAssetPack_datapack__file110,654,32x32,local
REF02-hero-detail,/PanelHeroInfo/RightPart/BoxInfo/PanelESkill/GroupEnable,91077,round_rect2,002_UnityDataAssetPack_datapack__file110,6319,probable_m_sprite,round_rect2,002_UnityDataAssetPack_datapack__file110,694,64x64,local
REF02-hero-detail,/PanelHeroInfo/RightPart/BoxInfo/PanelSpecialEquip/Bgr/GroupContent/SideHP/GroupImage/GroupStarHp/GroupAllStarHp/Star3,91283,item_star,002_UnityDataAssetPack_datapack__file110,8535,probable_m_sprite,item_star,002_UnityDataAssetPack_datapack__file110,3199,32x32,local
REF02-hero-detail,/PanelHeroInfo/RightPart/BoxInfo/PanelEquipment/ImageStar,91367,bgr_equipment,002_UnityDataAssetPack_datapack__file110,6861,probable_m_sprite,bgr_equipment,002_UnityDataAssetPack_datapack__file110,1299,305x304,local
REF02-hero-detail,/PanelHeroInfo/RightPart/BoxInfo/Tabs/TabESkill/SpriteOn,91601,tab_e_skill,002_UnityDataAssetPack_datapack__file110,7218,probable_m_sprite,tab_e_skill,002_UnityDataAssetPack_datapack__file110,1703,78x90,local
REF02-hero-detail,/PanelHeroInfo/RightPart/BoxInfo/PanelEnable/BoxEnable/SlotMaterial/HeroMaterial1/HeroStar/GroupStarE/StarE,91665,hero_star_e,002_UnityDataAssetPack_datapack__file110,9706,probable_m_sprite,hero_star_e,002_UnityDataAssetPack_datapack__file110,4515,41x39,local
REF02-hero-detail,/PanelHeroInfo/RightPart/BoxInfo/PanelEnable/BoxEnable/BoxStar/ButtonSkillE/SpriteSkillE,91725,skill_default,002_UnityDataAssetPack_datapack__file110,8936,probable_m_sprite,skill_default,002_UnityDataAssetPack_datapack__file110,3657,100x100,local
REF02-hero-detail,/PanelHeroInfo/RightPart/BoxInfo/PanelEnable/BoxBeyondMax/ButtonRegress3,91835,button_green,002_UnityDataAssetPack_datapack__file110,6811,probable_m_sprite,button_green,002_UnityDataAssetPack_datapack__file110,1246,142x68,local
REF02-hero-detail,/PanelHeroInfo/RightPart/BoxInfo/PanelEnable/BoxBeyondMax/GroupBeyondMax/ButtonSkill2,91844,skill_beyond_max_2,002_UnityDataAssetPack_datapack__file110,7343,probable_m_sprite,skill_beyond_max_2,002_UnityDataAssetPack_datapack__file110,1841,87x87,local
REF02-hero-detail,/PanelHeroInfo/RightPart/BoxInfo/PanelEnable/BoxEnable/BoxStar/StarNext/GroupStarE/IconE,91863,star_e_bgr,002_UnityDataAssetPack_datapack__file110,7415,probable_m_sprite,star_e_bgr,002_UnityDataAssetPack_datapack__file110,1922,158x59,local
REF02-hero-detail,/PanelHeroInfo/RightPart/BoxInfo/PanelSpecialEquip/Bgr/GroupContent/SideHP/BgrTitle,92014,title_12,002_UnityDataAssetPack_datapack__file110,8934,probable_m_sprite,title_12,002_UnityDataAssetPack_datapack__file110,3655,175x34,local
REF02-hero-detail,/PanelHeroInfo/RightPart/BoxInfo/PanelESkill/PanelESkillDetail/Background,92189,round_rect_8,002_UnityDataAssetPack_datapack__file110,9882,probable_m_sprite,round_rect_8,002_UnityDataAssetPack_datapack__file110,4716,64x64,local
REF02-hero-detail,/PanelHeroInfo/RightPart/BoxInfo/PanelSpecialEquip/Bgr/GroupContent/SideHP/LineImg,92198,title_13,002_UnityDataAssetPack_datapack__file110,8948,probable_m_sprite,title_13,002_UnityDataAssetPack_datapack__file110,3672,185x37,local
REF02-hero-detail,/PanelHeroInfo/RightPart/BoxInfo/PanelESkill/GroupEnable/ButtonESkill5/ImageCover,92311,round_mask,002_UnityDataAssetPack_datapack__file110,7198,probable_m_sprite,round_mask,002_UnityDataAssetPack_datapack__file110,1680,80x80,local
REF02-hero-detail,/PanelHeroInfo/RightPart/BoxInfo/PanelSpecialEquip/Bgr/GroupContent/SideHP/GroupImage/ImageCricle,92314,E_45,002_UnityDataAssetPack_datapack__file110,9108,probable_m_sprite,E_45,002_UnityDataAssetPack_datapack__file110,3848,116x53,local
REF02-hero-detail,/PanelHeroInfo/RightPart/BoxInfo/PanelESkill/PanelESkillDetail/Background/GroupTitle/SkillIcon,92368,skill_default,002_UnityDataAssetPack_datapack__file110,8936,probable_m_sprite,skill_default,002_UnityDataAssetPack_datapack__file110,3657,100x100,local
REF02-hero-detail,/PanelHeroInfo/RightPart/BoxInfo/PanelEnable/BoxBeyondMax/GroupBeyondMax/ButtonSkill5,92378,skill_beyond_max_3,002_UnityDataAssetPack_datapack__file110,8628,probable_m_sprite,skill_beyond_max_3,002_UnityDataAssetPack_datapack__file110,3304,87x87,local
REF02-hero-detail,/PanelHeroInfo/RightPart/BoxInfo/PanelBreakthrough/BoxStar,92379,round_rect_3,002_UnityDataAssetPack_datapack__file110,9834,probable_m_sprite,round_rect_3,002_UnityDataAssetPack_datapack__file110,4663,44x44,local
REF02-hero-detail,/PanelHeroInfo/RightPart/BoxInfo/Tabs/TabBreakthrough,92517,UISprite,002_UnityDataAssetPack_datapack__file110,6282,probable_m_sprite,UISprite,002_UnityDataAssetPack_datapack__file110,649,32x32,local
REF02-hero-detail,/PanelHeroInfo/RightPart/BoxInfo/PanelESkill/GroupEnable/ButtonESkill2/ImageSkill,92707,skill_default,002_UnityDataAssetPack_datapack__file110,8936,probable_m_sprite,skill_default,002_UnityDataAssetPack_datapack__file110,3657,100x100,local
REF02-hero-detail,/PanelHeroInfo/RightPart/BoxInfo/PanelESkill/GroupEnable/ButtonESkill4/IconLock,92746,icon_lock_2,002_UnityDataAssetPack_datapack__file110,6812,probable_m_sprite,icon_lock_2,002_UnityDataAssetPack_datapack__file110,1247,32x40,local
REF02-hero-detail,/PanelHeroInfo/RightPart/BoxInfo/PanelBreakthrough/BoxStar/StarNext/GroupStar10/Star10,92959,hero_star_3,002_UnityDataAssetPack_datapack__file110,9425,probable_m_sprite,hero_star_3,002_UnityDataAssetPack_datapack__file110,4195,40x40,local
REF02-hero-detail,/PanelHeroInfo/RightPart/BoxInfo/PanelESkill/GroupEnable/ButtonESkill5/FrameSelected,92966,skill_selected,002_UnityDataAssetPack_datapack__file110,6790,probable_m_sprite,skill_selected,002_UnityDataAssetPack_datapack__file110,1223,94x94,local
REF02-hero-detail,/PanelHeroInfo/RightPart/BoxInfo/PanelEnable/BoxEnable/BoxStar/StarNext/GroupStar1/Star4,93217,hero_star_1,002_UnityDataAssetPack_datapack__file110,7732,probable_m_sprite,hero_star_1,002_UnityDataAssetPack_datapack__file110,2294,28x28,local
REF02-hero-detail,/PanelHeroInfo/RightPart/BoxInfo/PanelSpecialEquip/Bgr/GroupContent/SideAttack/GroupImage/GroupStarAtk/GroupAllStarAttack/StarTim4,93436,hero_star_2,002_UnityDataAssetPack_datapack__file110,6507,probable_m_sprite,hero_star_2,002_UnityDataAssetPack_datapack__file110,903,36x36,local
REF02-hero-detail,/PanelHeroInfo/ButtonSkin,93472,button_skin,002_UnityDataAssetPack_datapack__file110,6322,probable_m_sprite,button_skin,002_UnityDataAssetPack_datapack__file110,697,60x60,local
REF02-hero-detail,/PanelHeroInfo/RightPart/BoxInfo/PanelBreakthrough/BoxStar/StarNext/GroupStar1/Star4,93516,hero_star_1,002_UnityDataAssetPack_datapack__file110,7732,probable_m_sprite,hero_star_1,002_UnityDataAssetPack_datapack__file110,2294,28x28,local
REF02-hero-detail,/PanelHeroInfo/RightPart/BoxInfo/PanelAwaken/BoxAwaken/SlotMaterial/HeroMaterial1/HeroStar/GroupStarE/BgrStarE,93518,star_e_bgr,002_UnityDataAssetPack_datapack__file110,7415,probable_m_sprite,star_e_bgr,002_UnityDataAssetPack_datapack__file110,1922,158x59,local
REF02-hero-detail,/PanelHeroInfo/RightPart/BoxInfo/PanelEnable/BoxEnable/BoxStar/StarNext/GroupStar6/Star8,93554,hero_star_2,002_UnityDataAssetPack_datapack__file110,6507,probable_m_sprite,hero_star_2,002_UnityDataAssetPack_datapack__file110,903,36x36,local
REF02-hero-detail,/PanelHeroInfo/RightPart/BoxInfo/PanelSpecialEquip/Bgr/GroupContent/SideHP/GroupImage/GroupStarHp/GroupAllStarHp/StarVang3,93638,hero_star_3,002_UnityDataAssetPack_datapack__file110,9425,probable_m_sprite,hero_star_3,002_UnityDataAssetPack_datapack__file110,4195,40x40,local
REF02-hero-detail,/PanelHeroInfo/RightPart/BoxInfo/PanelEquipment/SlotArtifact/ItemArtifactUI/IconHeroFaction,93761,faction_shadow,002_UnityDataAssetPack_datapack__file110,9133,probable_m_sprite,faction_shadow,002_UnityDataAssetPack_datapack__file110,3875,80x80,local
REF02-hero-detail,/PanelHeroInfo/RightPart/BoxInfo/PanelEnable/BoxEnable/BoxStar/StarNext/GroupStar6/Star7,93894,hero_star_2,002_UnityDataAssetPack_datapack__file110,6507,probable_m_sprite,hero_star_2,002_UnityDataAssetPack_datapack__file110,903,36x36,local
REF02-hero-detail,/PanelHeroInfo/RightPart/BoxInfo/PanelEnable/BoxEnable/SlotMaterial/HeroMaterial2/HeroStar/GroupStarE/StarE,94153,hero_star_e,002_UnityDataAssetPack_datapack__file110,9706,probable_m_sprite,hero_star_e,002_UnityDataAssetPack_datapack__file110,4515,41x39,local
REF02-hero-detail,/PanelHeroInfo/HeroBox/ImageBoard,94327,board_hero_name,002_UnityDataAssetPack_datapack__file110,9449,probable_m_sprite,board_hero_name,002_UnityDataAssetPack_datapack__file110,4223,350x131,local
REF02-hero-detail,/PanelHeroInfo/RightPart/BoxInfo/Tabs/TabEnable/SpriteOff,94414,tab_star_up2,002_UnityDataAssetPack_datapack__file110,6658,probable_m_sprite,tab_star_up2,002_UnityDataAssetPack_datapack__file110,1078,78x90,local
REF02-hero-detail,/PanelHeroInfo/RightPart/BoxInfo/PanelESkill/GroupEnable/ButtonESkill5/ImageSkill,94418,skill_default,002_UnityDataAssetPack_datapack__file110,8936,probable_m_sprite,skill_default,002_UnityDataAssetPack_datapack__file110,3657,100x100,local
REF02-hero-detail,/PanelHeroInfo/RightPart/BoxInfo/PanelBreakthrough/SlotMaterial/HeroMaterial1/HeroStar/GroupStarE/StarE,94477,hero_star_e,002_UnityDataAssetPack_datapack__file110,9706,probable_m_sprite,hero_star_e,002_UnityDataAssetPack_datapack__file110,4515,41x39,local
REF02-hero-detail,/PanelHeroInfo/RightPart/BoxInfo/Tabs/TabBreakthrough/SpriteOn,94585,tab_star_up,002_UnityDataAssetPack_datapack__file110,6288,probable_m_sprite,tab_star_up,002_UnityDataAssetPack_datapack__file110,656,78x90,local
REF02-hero-detail,/PanelHeroInfo/RightPart/BoxInfo/PanelSpecialEquip/Bgr/GroupContent/SideAttack/BgrLevel,94589,bg_12,002_UnityDataAssetPack_datapack__file110,7406,probable_m_sprite,bg_12,002_UnityDataAssetPack_datapack__file110,1912,123x27,local
REF02-hero-detail,/PanelHeroInfo/RightPart/BoxInfo/PanelSpecialEquip/Bgr/GroupContent/SideHP/GroupImage/GroupStarHp/GroupAllStarHp/Star2,94694,item_star,002_UnityDataAssetPack_datapack__file110,8535,probable_m_sprite,item_star,002_UnityDataAssetPack_datapack__file110,3199,32x32,local
REF02-hero-detail,/PanelHeroInfo/RightPart/BoxInfo/PanelESkill/GroupEnable/ButtonESkill2/FrameSelected,94705,skill_selected,002_UnityDataAssetPack_datapack__file110,6790,probable_m_sprite,skill_selected,002_UnityDataAssetPack_datapack__file110,1223,94x94,local
REF02-hero-detail,/PanelHeroInfo/RightPart/BoxInfo/PanelAwaken/BoxMaxStar/GroupMaxStar,94709,round_rect2,002_UnityDataAssetPack_datapack__file110,6319,probable_m_sprite,round_rect2,002_UnityDataAssetPack_datapack__file110,694,64x64,local
REF02-hero-detail,/PanelHeroInfo/RightPart/BoxInfo/PanelSpecialEquip/Bgr/GroupContent/SideAttack/GroupImage/GroupStarAtk/GroupAllStarAttack/StarVang1,94718,hero_star_3,002_UnityDataAssetPack_datapack__file110,9425,probable_m_sprite,hero_star_3,002_UnityDataAssetPack_datapack__file110,4195,40x40,local
REF02-hero-detail,/PanelHeroInfo/RightPart/BoxInfo/Tabs/TabEquipment/SpriteOff,94736,tab_equipment2,002_UnityDataAssetPack_datapack__file110,9806,probable_m_sprite,tab_equipment2,002_UnityDataAssetPack_datapack__file110,4629,78x90,local
REF02-hero-detail,/PanelHeroInfo/RightPart/BoxInfo/PanelSpecialEquip/Bgr/GroupContent/SideHP/GroupImage/GroupStarHp/GroupAllStarHp/StarVang1,94818,hero_star_3,002_UnityDataAssetPack_datapack__file110,9425,probable_m_sprite,hero_star_3,002_UnityDataAssetPack_datapack__file110,4195,40x40,local
REF02-hero-detail,/PanelHeroInfo/RightPart/BoxInfo/PanelSpecialEquip/Bgr/GroupContent/SideAttack/GroupImage/ImageNotify,94988,notify_dot,002_UnityDataAssetPack_datapack__file110,7710,probable_m_sprite,notify_dot,002_UnityDataAssetPack_datapack__file110,2264,32x32,local
REF02-hero-detail,/PanelHeroInfo/RightPart/BoxInfo/PanelEnable/BoxEnable/GroupAction/ButtonRegress1,95219,button_green,002_UnityDataAssetPack_datapack__file110,6811,probable_m_sprite,button_green,002_UnityDataAssetPack_datapack__file110,1246,142x68,local
REF02-hero-detail,/PanelHeroInfo/RightPart/BoxInfo/PanelSpecialEquip/Bgr/GroupContent/SideHP/GroupImage/GroupStarHp/GroupAllStarHp/StarVang5,95309,hero_star_3,002_UnityDataAssetPack_datapack__file110,9425,probable_m_sprite,hero_star_3,002_UnityDataAssetPack_datapack__file110,4195,40x40,local
REF02-hero-detail,/PanelHeroInfo/RightPart/BoxInfo/PanelEnable/BoxEnable/BoxStar/StarNext/GroupStar1/Star2,95379,hero_star_1,002_UnityDataAssetPack_datapack__file110,7732,probable_m_sprite,hero_star_1,002_UnityDataAssetPack_datapack__file110,2294,28x28,local
REF02-hero-detail,/PanelHeroInfo/RightPart/BoxInfo/PanelAwaken/BoxAwaken/SlotMaterial/HeroMaterial2/HeroStar/GroupStarE/StarE,95418,hero_star_e,002_UnityDataAssetPack_datapack__file110,9706,probable_m_sprite,hero_star_e,002_UnityDataAssetPack_datapack__file110,4515,41x39,local
REF02-hero-detail,/PanelHeroInfo/RightPart/BoxInfo/PanelESkill/GroupEnable/ButtonESkill2/ImageCover,95428,round_mask,002_UnityDataAssetPack_datapack__file110,7198,probable_m_sprite,round_mask,002_UnityDataAssetPack_datapack__file110,1680,80x80,local
REF02-hero-detail,/PanelHeroInfo/RightPart/BoxInfo/PanelBreakthrough/SlotMaterial/HeroMaterial3/HeroStar/GroupStarE/StarE,95442,hero_star_e,002_UnityDataAssetPack_datapack__file110,9706,probable_m_sprite,hero_star_e,002_UnityDataAssetPack_datapack__file110,4515,41x39,local
REF02-hero-detail,/PanelHeroInfo/RightPart/BoxInfo/PanelSpecialEquip/Bgr/GroupContent/SideHP/GroupImage/GroupStarHp/GroupAllStarHp/Star4,95468,item_star,002_UnityDataAssetPack_datapack__file110,8535,probable_m_sprite,item_star,002_UnityDataAssetPack_datapack__file110,3199,32x32,local
REF02-hero-detail,/PanelHeroInfo/RightPart/BoxInfo/PanelBreakthrough/BoxStar/Arrow1,95556,arrow_next,002_UnityDataAssetPack_datapack__file110,8145,probable_m_sprite,arrow_next,002_UnityDataAssetPack_datapack__file110,2762,44x44,local
REF02-hero-detail,/PanelHeroInfo/ButtonNext,95577,arrow_right,002_UnityDataAssetPack_datapack__file110,9054,probable_m_sprite,arrow_right,002_UnityDataAssetPack_datapack__file110,3788,44x72,local
REF02-hero-detail,/PanelHeroInfo/RightPart/BoxInfo/PanelBreakthrough/BoxStar/StarCurrent/GroupStar1/Star5,95592,hero_star_1,002_UnityDataAssetPack_datapack__file110,7732,probable_m_sprite,hero_star_1,002_UnityDataAssetPack_datapack__file110,2294,28x28,local
REF02-hero-detail,/PanelHeroInfo/RightPart/BoxInfo/PanelEquipment/SlotArmor/ItemEquipmentUI/MaskSpineBorder,95761,UIMask,002_UnityDataAssetPack_datapack__file110,6287,probable_m_sprite,UIMask,002_UnityDataAssetPack_datapack__file110,654,32x32,local
REF02-hero-detail,/PanelHeroInfo/RightPart/BoxInfo/PanelESkill/GroupEnable/ButtonESkill5/IconLock,95998,icon_lock_2,002_UnityDataAssetPack_datapack__file110,6812,probable_m_sprite,icon_lock_2,002_UnityDataAssetPack_datapack__file110,1247,32x40,local
REF02-hero-detail,/PanelHeroInfo/RightPart/BoxInfo/PanelBreakthrough/BoxStar/StarCurrent/GroupStar10/Star10,96039,hero_star_3,002_UnityDataAssetPack_datapack__file110,9425,probable_m_sprite,hero_star_3,002_UnityDataAssetPack_datapack__file110,4195,40x40,local
REF02-hero-detail,/PanelHeroInfo/RightPart/BoxInfo/PanelSpecialEquip/Bgr/GroupContent/SideAttack/GroupImage/ImageNotify (1),96045,notify_dot,002_UnityDataAssetPack_datapack__file110,7710,probable_m_sprite,notify_dot,002_UnityDataAssetPack_datapack__file110,2264,32x32,local
REF02-hero-detail,/PanelHeroInfo/RightPart/BoxInfo/PanelESkill/GroupEnable/ButtonESkill4/FrameSelected,96119,skill_selected,002_UnityDataAssetPack_datapack__file110,6790,probable_m_sprite,skill_selected,002_UnityDataAssetPack_datapack__file110,1223,94x94,local
REF02-hero-detail,/PanelHeroInfo/RightPart/BoxInfo/PanelSpecialEquip/Bgr/GroupContent/SideAttack/GroupImage/GroupStarAtk/GroupAllStarAttack/StarTim3,96489,hero_star_2,002_UnityDataAssetPack_datapack__file110,6507,probable_m_sprite,hero_star_2,002_UnityDataAssetPack_datapack__file110,903,36x36,local
REF02-hero-detail,/PanelHeroInfo/RightPart/BoxInfo/PanelEquipment/SlotArtifact/ItemArtifactUI/MaskSpineBorder,96641,UIMask,002_UnityDataAssetPack_datapack__file110,6287,probable_m_sprite,UIMask,002_UnityDataAssetPack_datapack__file110,654,32x32,local
REF02-hero-detail,/PanelHeroInfo/RightPart/BoxInfo/Tabs/TabEquipment/SpriteOn,96709,tab_equipment,002_UnityDataAssetPack_datapack__file110,7424,probable_m_sprite,tab_equipment,002_UnityDataAssetPack_datapack__file110,1932,78x90,local
REF02-hero-detail,/PanelHeroInfo/RightPart/BoxInfo/PanelESkill/GroupEnable/ButtonESkill3/Frame,96769,skill_frame,002_UnityDataAssetPack_datapack__file110,9233,probable_m_sprite,skill_frame,002_UnityDataAssetPack_datapack__file110,3981,94x94,local
REF02-hero-detail,/PanelHeroInfo/RightPart/BoxInfo/Tabs/TabSpecialEquip/SpriteOff,96812,taba,002_UnityDataAssetPack_datapack__file110,7953,probable_m_sprite,taba,002_UnityDataAssetPack_datapack__file110,2543,78x90,local
REF02-hero-detail,/PanelHeroInfo/RightPart/BoxInfo/PanelESkill/GroupEnable/ButtonESkill4/ImageCover,97046,round_mask,002_UnityDataAssetPack_datapack__file110,7198,probable_m_sprite,round_mask,002_UnityDataAssetPack_datapack__file110,1680,80x80,local
REF02-hero-detail,/PanelHeroInfo/RightPart/BoxInfo/PanelSpecialEquip/Bgr/GroupContent/SideAttack/GroupImage/GroupStarAtk/GroupAllStarAttack/StarTim5,97141,hero_star_2,002_UnityDataAssetPack_datapack__file110,6507,probable_m_sprite,hero_star_2,002_UnityDataAssetPack_datapack__file110,903,36x36,local
REF02-hero-detail,/PanelHeroInfo/RightPart/BoxInfo/Tabs/TabESkill,97227,UISprite,002_UnityDataAssetPack_datapack__file110,6282,probable_m_sprite,UISprite,002_UnityDataAssetPack_datapack__file110,649,32x32,local
REF02-hero-detail,/PanelHeroInfo/RightPart/BoxInfo/PanelEnable/BoxEnable/FieldStone/IconStone,97674,icon_promotion_stone,002_UnityDataAssetPack_datapack__file110,6910,probable_m_sprite,icon_promotion_stone,002_UnityDataAssetPack_datapack__file110,1354,52x52,local
REF02-hero-detail,/PanelHeroInfo/RightPart/BoxInfo/Tabs/TabSpecialEquip/SpriteOn,97687,tab,002_UnityDataAssetPack_datapack__file110,8738,probable_m_sprite,tab,002_UnityDataAssetPack_datapack__file110,3426,78x90,local
REF02-hero-detail,/PanelHeroInfo/RightPart/BoxInfo/PanelBreakthrough/SlotMaterial/HeroMaterial2/HeroStar/GroupStarE/StarE,97891,hero_star_e,002_UnityDataAssetPack_datapack__file110,9706,probable_m_sprite,hero_star_e,002_UnityDataAssetPack_datapack__file110,4515,41x39,local
REF02-hero-detail,/PanelHeroInfo/RightPart/BoxInfo/PanelEnable/BoxBeyondMax/GroupBeyondMax/ButtonSkill4,97922,skill_beyond_max_2,002_UnityDataAssetPack_datapack__file110,7343,probable_m_sprite,skill_beyond_max_2,002_UnityDataAssetPack_datapack__file110,1841,87x87,local
REF02-hero-detail,/PanelHeroInfo/RightPart/BoxInfo/PanelEquipment/TitleBar,98060,tag_title,002_UnityDataAssetPack_datapack__file110,8790,probable_m_sprite,tag_title,002_UnityDataAssetPack_datapack__file110,3487,266x45,local
REF02-hero-detail,/PanelHeroInfo/RightPart/BoxInfo/PanelESkill/GroupEnable/ButtonESkill1/ImageCover,98110,round_mask,002_UnityDataAssetPack_datapack__file110,7198,probable_m_sprite,round_mask,002_UnityDataAssetPack_datapack__file110,1680,80x80,local
REF02-hero-detail,/PanelHeroInfo/RightPart/BoxInfo/PanelBreakthrough/BoxStar/StarNext/GroupStar1/Star2,98134,hero_star_1,002_UnityDataAssetPack_datapack__file110,7732,probable_m_sprite,hero_star_1,002_UnityDataAssetPack_datapack__file110,2294,28x28,local
REF02-hero-detail,/PanelHeroInfo/RightPart/BoxInfo/PanelEquipment/SlotAccessory/ItemEquipmentUI/ImageBorder,98199,border_equipment_2,002_UnityDataAssetPack_datapack__file110,6735,probable_m_sprite,border_equipment_2,002_UnityDataAssetPack_datapack__file110,1162,100x100,local
REF02-hero-detail,/PanelHeroInfo/RightPart/BoxInfo/PanelEquipment/SlotAccessory/ItemEquipmentUI/ItemStar/Star1,98200,item_star,002_UnityDataAssetPack_datapack__file110,8535,probable_m_sprite,item_star,002_UnityDataAssetPack_datapack__file110,3199,32x32,local
REF02-hero-detail,/PanelHeroInfo/RightPart/BoxInfo/PanelEquipment/SlotAccessory/ItemEquipmentUI/Mask/ImageItem,98201,item_placeholder,002_UnityDataAssetPack_datapack__file110,6616,probable_m_sprite,item_placeholder,002_UnityDataAssetPack_datapack__file110,1026,100x100,local
REF02-hero-detail,/PanelHeroInfo/RightPart/BoxInfo/PanelEquipment/SlotAccessory/ItemEquipmentUI/Mask/Check/Image,98203,tick_green,002_UnityDataAssetPack_datapack__file110,7134,probable_m_sprite,tick_green,002_UnityDataAssetPack_datapack__file110,1606,44x40,local
REF02-hero-detail,/PanelHeroInfo/RightPart/BoxInfo/PanelEquipment/SlotAccessory/ItemEquipmentUI/ItemStar/Star1,98206,item_star,002_UnityDataAssetPack_datapack__file110,8535,probable_m_sprite,item_star,002_UnityDataAssetPack_datapack__file110,3199,32x32,local
REF02-hero-detail,/PanelHeroInfo/RightPart/BoxInfo/PanelEquipment/SlotAccessory/ItemEquipmentUI/Mask,98208,mask_item,002_UnityDataAssetPack_datapack__file110,8540,probable_m_sprite,mask_item,002_UnityDataAssetPack_datapack__file110,3204,100x100,local
REF02-hero-detail,/PanelHeroInfo/RightPart/BoxInfo/PanelEquipment/SlotAccessory/ItemEquipmentUI/ItemStar/Star1,98209,item_star,002_UnityDataAssetPack_datapack__file110,8535,probable_m_sprite,item_star,002_UnityDataAssetPack_datapack__file110,3199,32x32,local
REF02-hero-detail,/PanelHeroInfo/RightPart/BoxInfo/PanelEquipment/SlotAccessory/ItemEquipmentUI/ItemStar/Star1,98213,item_star,002_UnityDataAssetPack_datapack__file110,8535,probable_m_sprite,item_star,002_UnityDataAssetPack_datapack__file110,3199,32x32,local
REF02-hero-detail,/PanelHeroInfo/RightPart/BoxInfo/PanelEquipment/SlotAccessory/ItemEquipmentUI/ImageFrame,98215,frame_item,002_UnityDataAssetPack_datapack__file110,8152,probable_m_sprite,frame_item,002_UnityDataAssetPack_datapack__file110,2770,100x100,local
REF02-hero-detail,/PanelHeroInfo/RightPart/BoxInfo/PanelEquipment/SlotAccessory/ItemEquipmentUI/Mask/ImageBgr,98217,bgr_equipment_1,002_UnityDataAssetPack_datapack__file110,7854,probable_m_sprite,bgr_equipment_1,002_UnityDataAssetPack_datapack__file110,2432,100x100,local
REF02-hero-detail,/PanelHeroInfo/RightPart/BoxInfo/PanelEquipment/SlotAccessory/ItemEquipmentUI/ItemStar/Star1,98218,item_star,002_UnityDataAssetPack_datapack__file110,8535,probable_m_sprite,item_star,002_UnityDataAssetPack_datapack__file110,3199,32x32,local
REF02-hero-detail,/PanelHeroInfo/RightPart/BoxInfo/PanelEquipment/SlotAccessory/ItemEquipmentUI/ItemStar/Star1,98220,item_star,002_UnityDataAssetPack_datapack__file110,8535,probable_m_sprite,item_star,002_UnityDataAssetPack_datapack__file110,3199,32x32,local
REF02-hero-detail,/PanelHeroInfo/RightPart/BoxInfo/PanelBreakthrough/BoxStar/StarCurrent/GroupStar6/Star6,98378,hero_star_2,002_UnityDataAssetPack_datapack__file110,6507,probable_m_sprite,hero_star_2,002_UnityDataAssetPack_datapack__file110,903,36x36,local
REF02-hero-detail,/PanelHeroInfo/RightPart/BoxInfo/PanelEnable/BoxEnable/SlotMaterial/HeroMaterial1/HeroHead/Mask/ImageHead,98503,item_transparent,002_UnityDataAssetPack_datapack__file110,9311,probable_m_sprite,item_transparent,002_UnityDataAssetPack_datapack__file110,4075,100x100,local
REF02-hero-detail,/PanelHeroInfo/RightPart/BoxInfo/PanelEnable/BoxEnable/SlotMaterial/HeroMaterial1/HeroStar/GroupStar6/Star6,98504,hero_star_2,002_UnityDataAssetPack_datapack__file110,6507,probable_m_sprite,hero_star_2,002_UnityDataAssetPack_datapack__file110,903,36x36,local
REF02-hero-detail,/PanelHeroInfo/RightPart/BoxInfo/PanelEnable/BoxEnable/SlotMaterial/HeroMaterial1/HeroStar/GroupStar1/Star1,98505,hero_star_1,002_UnityDataAssetPack_datapack__file110,7732,probable_m_sprite,hero_star_1,002_UnityDataAssetPack_datapack__file110,2294,28x28,local
REF02-hero-detail,/PanelHeroInfo/RightPart/BoxInfo/PanelEnable/BoxEnable/SlotMaterial/HeroMaterial1/HeroStar/GroupStar6/Star6,98509,hero_star_2,002_UnityDataAssetPack_datapack__file110,6507,probable_m_sprite,hero_star_2,002_UnityDataAssetPack_datapack__file110,903,36x36,local
REF02-hero-detail,/PanelHeroInfo/RightPart/BoxInfo/PanelEnable/BoxEnable/SlotMaterial/HeroMaterial1/HeroHead/Mask,98512,mask_item,002_UnityDataAssetPack_datapack__file110,8540,probable_m_sprite,mask_item,002_UnityDataAssetPack_datapack__file110,3204,100x100,local
REF02-hero-detail,/PanelHeroInfo/RightPart/BoxInfo/PanelEnable/BoxEnable/SlotMaterial/HeroMaterial1/HeroStar/GroupStar1/Star1,98513,hero_star_1,002_UnityDataAssetPack_datapack__file110,7732,probable_m_sprite,hero_star_1,002_UnityDataAssetPack_datapack__file110,2294,28x28,local
REF02-hero-detail,/PanelHeroInfo/RightPart/BoxInfo/PanelEnable/BoxEnable/SlotMaterial/HeroMaterial1/HeroHead/Mask/ImageBgr,98517,bgr_item_consumable,002_UnityDataAssetPack_datapack__file110,7432,probable_m_sprite,bgr_item_consumable,002_UnityDataAssetPack_datapack__file110,1945,100x100,local
REF02-hero-detail,/PanelHeroInfo/RightPart/BoxInfo/PanelEnable/BoxEnable/SlotMaterial/HeroMaterial1/HeroStar/GroupStar6/Star6,98520,hero_star_2,002_UnityDataAssetPack_datapack__file110,6507,probable_m_sprite,hero_star_2,002_UnityDataAssetPack_datapack__file110,903,36x36,local
REF02-hero-detail,/PanelHeroInfo/RightPart/BoxInfo/PanelEnable/BoxEnable/SlotMaterial/HeroMaterial1/HeroHead/ImageFaction,98521,faction_forest,002_UnityDataAssetPack_datapack__file110,9688,probable_m_sprite,faction_forest,002_UnityDataAssetPack_datapack__file110,4495,80x80,local
REF02-hero-detail,/PanelHeroInfo/RightPart/BoxInfo/PanelEnable/BoxEnable/SlotMaterial/HeroMaterial1/HeroStar/GroupStar1/Star1,98523,hero_star_1,002_UnityDataAssetPack_datapack__file110,7732,probable_m_sprite,hero_star_1,002_UnityDataAssetPack_datapack__file110,2294,28x28,local
REF02-hero-detail,/PanelHeroInfo/RightPart/BoxInfo/PanelEnable/BoxEnable/SlotMaterial/HeroMaterial1/IconPlus,98525,icon_plus,002_UnityDataAssetPack_datapack__file110,9752,probable_m_sprite,icon_plus,002_UnityDataAssetPack_datapack__file110,4568,48x48,local
REF02-hero-detail,/PanelHeroInfo/RightPart/BoxInfo/PanelEnable/BoxEnable/SlotMaterial/HeroMaterial1/HeroStar/GroupStar1/Star1,98526,hero_star_1,002_UnityDataAssetPack_datapack__file110,7732,probable_m_sprite,hero_star_1,002_UnityDataAssetPack_datapack__file110,2294,28x28,local
REF02-hero-detail,/PanelHeroInfo/RightPart/BoxInfo/PanelEnable/BoxEnable/SlotMaterial/HeroMaterial1/HeroHead/Mask/ImageHeadBw,98529,item_transparent,002_UnityDataAssetPack_datapack__file110,9311,probable_m_sprite,item_transparent,002_UnityDataAssetPack_datapack__file110,4075,100x100,local
REF02-hero-detail,/PanelHeroInfo/RightPart/BoxInfo/PanelEnable/BoxEnable/SlotMaterial/HeroMaterial1/HeroHead/Border,98530,border_item,002_UnityDataAssetPack_datapack__file110,8426,probable_m_sprite,border_item,002_UnityDataAssetPack_datapack__file110,3081,100x100,local
REF02-hero-detail,/PanelHeroInfo/RightPart/BoxInfo/PanelEnable/BoxEnable/SlotMaterial/HeroMaterial1/HeroStar/GroupStar6/Star6,98533,hero_star_2,002_UnityDataAssetPack_datapack__file110,6507,probable_m_sprite,hero_star_2,002_UnityDataAssetPack_datapack__file110,903,36x36,local
REF02-hero-detail,/PanelHeroInfo/RightPart/BoxInfo/PanelEnable/BoxEnable/SlotMaterial/HeroMaterial1/HeroStar/GroupStar10/Star10,98534,hero_star_3,002_UnityDataAssetPack_datapack__file110,9425,probable_m_sprite,hero_star_3,002_UnityDataAssetPack_datapack__file110,4195,40x40,local
REF02-hero-detail,/PanelHeroInfo/RightPart/BoxInfo/PanelEnable/BoxEnable/SlotMaterial/HeroMaterial1/HeroStar/GroupStar1/Star1,98535,hero_star_1,002_UnityDataAssetPack_datapack__file110,7732,probable_m_sprite,hero_star_1,002_UnityDataAssetPack_datapack__file110,2294,28x28,local
REF02-hero-detail,/PanelHeroInfo/RightPart/BoxInfo/PanelEquipment/SlotWeapon/ItemEquipmentUI/ImageBorder,98557,border_equipment_2,002_UnityDataAssetPack_datapack__file110,6735,probable_m_sprite,border_equipment_2,002_UnityDataAssetPack_datapack__file110,1162,100x100,local
REF02-hero-detail,/PanelHeroInfo/RightPart/BoxInfo/PanelEquipment/SlotWeapon/ItemEquipmentUI/ItemStar/Star1,98558,item_star,002_UnityDataAssetPack_datapack__file110,8535,probable_m_sprite,item_star,002_UnityDataAssetPack_datapack__file110,3199,32x32,local
REF02-hero-detail,/PanelHeroInfo/RightPart/BoxInfo/PanelEquipment/SlotWeapon/ItemEquipmentUI/Mask/ImageItem,98559,item_placeholder,002_UnityDataAssetPack_datapack__file110,6616,probable_m_sprite,item_placeholder,002_UnityDataAssetPack_datapack__file110,1026,100x100,local
REF02-hero-detail,/PanelHeroInfo/RightPart/BoxInfo/PanelEquipment/SlotWeapon/ItemEquipmentUI/Mask/Check/Image,98564,tick_green,002_UnityDataAssetPack_datapack__file110,7134,probable_m_sprite,tick_green,002_UnityDataAssetPack_datapack__file110,1606,44x40,local
REF02-hero-detail,/PanelHeroInfo/RightPart/BoxInfo/PanelEquipment/SlotWeapon/ItemEquipmentUI/Mask,98565,mask_item,002_UnityDataAssetPack_datapack__file110,8540,probable_m_sprite,mask_item,002_UnityDataAssetPack_datapack__file110,3204,100x100,local
REF02-hero-detail,/PanelHeroInfo/RightPart/BoxInfo/PanelEquipment/SlotWeapon/ItemEquipmentUI/ItemStar/Star1,98566,item_star,002_UnityDataAssetPack_datapack__file110,8535,probable_m_sprite,item_star,002_UnityDataAssetPack_datapack__file110,3199,32x32,local
REF02-hero-detail,/PanelHeroInfo/RightPart/BoxInfo/PanelEquipment/SlotWeapon/ItemEquipmentUI/ItemStar/Star1,98567,item_star,002_UnityDataAssetPack_datapack__file110,8535,probable_m_sprite,item_star,002_UnityDataAssetPack_datapack__file110,3199,32x32,local
REF02-hero-detail,/PanelHeroInfo/RightPart/BoxInfo/PanelEquipment/SlotWeapon/ItemEquipmentUI/ItemStar/Star1,98571,item_star,002_UnityDataAssetPack_datapack__file110,8535,probable_m_sprite,item_star,002_UnityDataAssetPack_datapack__file110,3199,32x32,local
REF02-hero-detail,/PanelHeroInfo/RightPart/BoxInfo/PanelEquipment/SlotWeapon/ItemEquipmentUI/Mask/ImageBgr,98572,bgr_equipment_1,002_UnityDataAssetPack_datapack__file110,7854,probable_m_sprite,bgr_equipment_1,002_UnityDataAssetPack_datapack__file110,2432,100x100,local
REF02-hero-detail,/PanelHeroInfo/RightPart/BoxInfo/PanelEquipment/SlotWeapon/ItemEquipmentUI/ImageFrame,98573,frame_item,002_UnityDataAssetPack_datapack__file110,8152,probable_m_sprite,frame_item,002_UnityDataAssetPack_datapack__file110,2770,100x100,local
REF02-hero-detail,/PanelHeroInfo/RightPart/BoxInfo/PanelEquipment/SlotWeapon/ItemEquipmentUI/ItemStar/Star1,98575,item_star,002_UnityDataAssetPack_datapack__file110,8535,probable_m_sprite,item_star,002_UnityDataAssetPack_datapack__file110,3199,32x32,local
REF02-hero-detail,/PanelHeroInfo/RightPart/BoxInfo/PanelEquipment/SlotWeapon/ItemEquipmentUI/ItemStar/Star1,98580,item_star,002_UnityDataAssetPack_datapack__file110,8535,probable_m_sprite,item_star,002_UnityDataAssetPack_datapack__file110,3199,32x32,local
REF02-hero-detail,/PanelHeroInfo/RightPart/BoxInfo/PanelESkill/GroupEnable/Line5,98581,light,002_UnityDataAssetPack_datapack__file110,8874,probable_m_sprite,light,002_UnityDataAssetPack_datapack__file110,3590,153x17,local
REF02-hero-detail,/PanelHeroInfo/RightPart/BoxInfo/PanelBreakthrough/BoxStar/StarCurrent/GroupStar1/Star1,98681,hero_star_1,002_UnityDataAssetPack_datapack__file110,7732,probable_m_sprite,hero_star_1,002_UnityDataAssetPack_datapack__file110,2294,28x28,local
REF02-hero-detail,/PanelHeroInfo/RightPart/BoxInfo/Tabs/TabSpecialEquip,98776,UISprite,002_UnityDataAssetPack_datapack__file110,6282,probable_m_sprite,UISprite,002_UnityDataAssetPack_datapack__file110,649,32x32,local
REF02-hero-detail,/PanelHeroInfo/RightPart/BoxInfo/PanelESkill/GroupEnable/ButtonESkill1/FrameSelected,98867,skill_selected,002_UnityDataAssetPack_datapack__file110,6790,probable_m_sprite,skill_selected,002_UnityDataAssetPack_datapack__file110,1223,94x94,local
REF02-hero-detail,/PanelHeroInfo/RightPart/BoxInfo/PanelESkill/ButtonSwitchSkill,98991,button_green,002_UnityDataAssetPack_datapack__file110,6811,probable_m_sprite,button_green,002_UnityDataAssetPack_datapack__file110,1246,142x68,local
REF02-hero-detail,/PanelHeroInfo/RightPart/BoxInfo/PanelESkill/GroupEnable/Line2,99019,light,002_UnityDataAssetPack_datapack__file110,8874,probable_m_sprite,light,002_UnityDataAssetPack_datapack__file110,3590,153x17,local
REF02-hero-detail,/PanelHeroInfo/RightPart/BoxInfo/PanelSpecialEquip/Bgr/GroupContent/SideAttack/LineImg,99072,title_13,002_UnityDataAssetPack_datapack__file110,8948,probable_m_sprite,title_13,002_UnityDataAssetPack_datapack__file110,3672,185x37,local
REF02-hero-detail,/PanelHeroInfo/RightPart/BoxInfo/PanelSpecialEquip/Bgr/bgrTitile,99127,bg_23,002_UnityDataAssetPack_datapack__file110,8374,probable_m_sprite,bg_23,002_UnityDataAssetPack_datapack__file110,3022,332x48,local
REF02-hero-detail,/PanelHeroInfo/RightPart/BoxInfo/PanelEnable/BoxMaxStar/ButtonRegress2,99233,button_green,002_UnityDataAssetPack_datapack__file110,6811,probable_m_sprite,button_green,002_UnityDataAssetPack_datapack__file110,1246,142x68,local
REF02-hero-detail,/PanelHeroInfo/RightPart/BoxInfo/PanelBreakthrough/SlotMaterial/HeroMaterial1/HeroHead/Mask/ImageHead,99437,item_transparent,002_UnityDataAssetPack_datapack__file110,9311,probable_m_sprite,item_transparent,002_UnityDataAssetPack_datapack__file110,4075,100x100,local
REF02-hero-detail,/PanelHeroInfo/RightPart/BoxInfo/PanelBreakthrough/SlotMaterial/HeroMaterial1/HeroStar/GroupStar6/Star6,99438,hero_star_2,002_UnityDataAssetPack_datapack__file110,6507,probable_m_sprite,hero_star_2,002_UnityDataAssetPack_datapack__file110,903,36x36,local
REF02-hero-detail,/PanelHeroInfo/RightPart/BoxInfo/PanelBreakthrough/SlotMaterial/HeroMaterial1/HeroStar/GroupStar1/Star1,99439,hero_star_1,002_UnityDataAssetPack_datapack__file110,7732,probable_m_sprite,hero_star_1,002_UnityDataAssetPack_datapack__file110,2294,28x28,local
REF02-hero-detail,/PanelHeroInfo/RightPart/BoxInfo/PanelBreakthrough/SlotMaterial/HeroMaterial1/HeroHead/Mask,99446,mask_item,002_UnityDataAssetPack_datapack__file110,8540,probable_m_sprite,mask_item,002_UnityDataAssetPack_datapack__file110,3204,100x100,local
REF02-hero-detail,/PanelHeroInfo/RightPart/BoxInfo/PanelBreakthrough/SlotMaterial/HeroMaterial1/HeroStar/GroupStar1/Star1,99449,hero_star_1,002_UnityDataAssetPack_datapack__file110,7732,probable_m_sprite,hero_star_1,002_UnityDataAssetPack_datapack__file110,2294,28x28,local
REF02-hero-detail,/PanelHeroInfo/RightPart/BoxInfo/PanelBreakthrough/SlotMaterial/HeroMaterial1/HeroStar/GroupStar6/Star6,99453,hero_star_2,002_UnityDataAssetPack_datapack__file110,6507,probable_m_sprite,hero_star_2,002_UnityDataAssetPack_datapack__file110,903,36x36,local
REF02-hero-detail,/PanelHeroInfo/RightPart/BoxInfo/PanelBreakthrough/SlotMaterial/HeroMaterial1/HeroStar/GroupStar6/Star6,99455,hero_star_2,002_UnityDataAssetPack_datapack__file110,6507,probable_m_sprite,hero_star_2,002_UnityDataAssetPack_datapack__file110,903,36x36,local
REF02-hero-detail,/PanelHeroInfo/RightPart/BoxInfo/PanelBreakthrough/SlotMaterial/HeroMaterial1/HeroStar/GroupStar1/Star1,99457,hero_star_1,002_UnityDataAssetPack_datapack__file110,7732,probable_m_sprite,hero_star_1,002_UnityDataAssetPack_datapack__file110,2294,28x28,local
REF02-hero-detail,/PanelHeroInfo/RightPart/BoxInfo/PanelBreakthrough/SlotMaterial/HeroMaterial1/HeroHead/ImageFaction,99459,faction_forest,002_UnityDataAssetPack_datapack__file110,9688,probable_m_sprite,faction_forest,002_UnityDataAssetPack_datapack__file110,4495,80x80,local
REF02-hero-detail,/PanelHeroInfo/RightPart/BoxInfo/PanelBreakthrough/SlotMaterial/HeroMaterial1/IconPlus,99460,icon_plus,002_UnityDataAssetPack_datapack__file110,9752,probable_m_sprite,icon_plus,002_UnityDataAssetPack_datapack__file110,4568,48x48,local
REF02-hero-detail,/PanelHeroInfo/RightPart/BoxInfo/PanelBreakthrough/SlotMaterial/HeroMaterial1/HeroHead/Mask/ImageBgr,99462,bgr_item_consumable,002_UnityDataAssetPack_datapack__file110,7432,probable_m_sprite,bgr_item_consumable,002_UnityDataAssetPack_datapack__file110,1945,100x100,local
REF02-hero-detail,/PanelHeroInfo/RightPart/BoxInfo/PanelBreakthrough/SlotMaterial/HeroMaterial1/HeroHead/Border,99463,border_item,002_UnityDataAssetPack_datapack__file110,8426,probable_m_sprite,border_item,002_UnityDataAssetPack_datapack__file110,3081,100x100,local
REF02-hero-detail,/PanelHeroInfo/RightPart/BoxInfo/PanelBreakthrough/SlotMaterial/HeroMaterial1/HeroStar/GroupStar1/Star1,99466,hero_star_1,002_UnityDataAssetPack_datapack__file110,7732,probable_m_sprite,hero_star_1,002_UnityDataAssetPack_datapack__file110,2294,28x28,local
REF02-hero-detail,/PanelHeroInfo/RightPart/BoxInfo/PanelBreakthrough/SlotMaterial/HeroMaterial1/HeroStar/GroupStar6/Star6,99467,hero_star_2,002_UnityDataAssetPack_datapack__file110,6507,probable_m_sprite,hero_star_2,002_UnityDataAssetPack_datapack__file110,903,36x36,local
REF02-hero-detail,/PanelHeroInfo/RightPart/BoxInfo/PanelBreakthrough/SlotMaterial/HeroMaterial1/HeroStar/GroupStar10/Star10,99468,hero_star_3,002_UnityDataAssetPack_datapack__file110,9425,probable_m_sprite,hero_star_3,002_UnityDataAssetPack_datapack__file110,4195,40x40,local
REF02-hero-detail,/PanelHeroInfo/RightPart/BoxInfo/PanelBreakthrough/SlotMaterial/HeroMaterial1/HeroStar/GroupStar1/Star1,99469,hero_star_1,002_UnityDataAssetPack_datapack__file110,7732,probable_m_sprite,hero_star_1,002_UnityDataAssetPack_datapack__file110,2294,28x28,local
REF02-hero-detail,/PanelHeroInfo/RightPart/BoxInfo/PanelBreakthrough/SlotMaterial/HeroMaterial1/HeroHead/Mask/ImageHeadBw,99472,item_transparent,002_UnityDataAssetPack_datapack__file110,9311,probable_m_sprite,item_transparent,002_UnityDataAssetPack_datapack__file110,4075,100x100,local
REF02-hero-detail,/PanelHeroInfo/RightPart/BoxInfo/PanelBreakthrough/BoxStar/StarCurrent/GroupStar6/Star8,99493,hero_star_2,002_UnityDataAssetPack_datapack__file110,6507,probable_m_sprite,hero_star_2,002_UnityDataAssetPack_datapack__file110,903,36x36,local
REF02-hero-detail,/PanelHeroInfo/RightPart/BoxInfo/PanelEnable/BoxEnable/BoxStar/BoxSkillDesc/SkillTitle/SkillIcon/ImageFrame,99558,skill_frame,002_UnityDataAssetPack_datapack__file110,9233,probable_m_sprite,skill_frame,002_UnityDataAssetPack_datapack__file110,3981,94x94,local
REF02-hero-detail,/PanelHeroInfo/RightPart/BoxInfo/PanelSpecialEquip/Bgr/GroupContent/SideAttack/GroupImage/BgrInfo,99572,rect_50,002_UnityDataAssetPack_datapack__file110,9032,probable_m_sprite,rect_50,002_UnityDataAssetPack_datapack__file110,3766,188x268,local
REF02-hero-detail,/PanelHeroInfo/RightPart/BoxInfo/PanelBreakthrough/SlotMaterial/HeroMaterial3/HeroStar/GroupStar6/Star6,99681,hero_star_2,002_UnityDataAssetPack_datapack__file110,6507,probable_m_sprite,hero_star_2,002_UnityDataAssetPack_datapack__file110,903,36x36,local
REF02-hero-detail,/PanelHeroInfo/RightPart/BoxInfo/PanelBreakthrough/SlotMaterial/HeroMaterial3/HeroHead/Mask,99683,mask_item,002_UnityDataAssetPack_datapack__file110,8540,probable_m_sprite,mask_item,002_UnityDataAssetPack_datapack__file110,3204,100x100,local
REF02-hero-detail,/PanelHeroInfo/RightPart/BoxInfo/PanelBreakthrough/SlotMaterial/HeroMaterial3/HeroStar/GroupStar1/Star1,99684,hero_star_1,002_UnityDataAssetPack_datapack__file110,7732,probable_m_sprite,hero_star_1,002_UnityDataAssetPack_datapack__file110,2294,28x28,local
REF02-hero-detail,/PanelHeroInfo/RightPart/BoxInfo/PanelBreakthrough/SlotMaterial/HeroMaterial3/HeroStar/GroupStar1/Star1,99686,hero_star_1,002_UnityDataAssetPack_datapack__file110,7732,probable_m_sprite,hero_star_1,002_UnityDataAssetPack_datapack__file110,2294,28x28,local
REF02-hero-detail,/PanelHeroInfo/RightPart/BoxInfo/PanelBreakthrough/SlotMaterial/HeroMaterial3/HeroHead/Mask/ImageHeadBw,99690,item_transparent,002_UnityDataAssetPack_datapack__file110,9311,probable_m_sprite,item_transparent,002_UnityDataAssetPack_datapack__file110,4075,100x100,local
REF02-hero-detail,/PanelHeroInfo/RightPart/BoxInfo/PanelBreakthrough/SlotMaterial/HeroMaterial3/HeroHead/Border,99691,border_item,002_UnityDataAssetPack_datapack__file110,8426,probable_m_sprite,border_item,002_UnityDataAssetPack_datapack__file110,3081,100x100,local
REF02-hero-detail,/PanelHeroInfo/RightPart/BoxInfo/PanelBreakthrough/SlotMaterial/HeroMaterial3/HeroStar/GroupStar6/Star6,99694,hero_star_2,002_UnityDataAssetPack_datapack__file110,6507,probable_m_sprite,hero_star_2,002_UnityDataAssetPack_datapack__file110,903,36x36,local
REF02-hero-detail,/PanelHeroInfo/RightPart/BoxInfo/PanelBreakthrough/SlotMaterial/HeroMaterial3/HeroStar/GroupStar10/Star10,99695,hero_star_3,002_UnityDataAssetPack_datapack__file110,9425,probable_m_sprite,hero_star_3,002_UnityDataAssetPack_datapack__file110,4195,40x40,local
REF02-hero-detail,/PanelHeroInfo/RightPart/BoxInfo/PanelBreakthrough/SlotMaterial/HeroMaterial3/HeroStar/GroupStar1/Star1,99696,hero_star_1,002_UnityDataAssetPack_datapack__file110,7732,probable_m_sprite,hero_star_1,002_UnityDataAssetPack_datapack__file110,2294,28x28,local
REF02-hero-detail,/PanelHeroInfo/RightPart/BoxInfo/PanelBreakthrough/SlotMaterial/HeroMaterial3/HeroHead/Mask/ImageBgr,99698,bgr_item_consumable,002_UnityDataAssetPack_datapack__file110,7432,probable_m_sprite,bgr_item_consumable,002_UnityDataAssetPack_datapack__file110,1945,100x100,local
REF02-hero-detail,/PanelHeroInfo/RightPart/BoxInfo/PanelBreakthrough/SlotMaterial/HeroMaterial3/HeroStar/GroupStar6/Star6,99701,hero_star_2,002_UnityDataAssetPack_datapack__file110,6507,probable_m_sprite,hero_star_2,002_UnityDataAssetPack_datapack__file110,903,36x36,local
REF02-hero-detail,/PanelHeroInfo/RightPart/BoxInfo/PanelBreakthrough/SlotMaterial/HeroMaterial3/HeroStar/GroupStar1/Star1,99703,hero_star_1,002_UnityDataAssetPack_datapack__file110,7732,probable_m_sprite,hero_star_1,002_UnityDataAssetPack_datapack__file110,2294,28x28,local
REF02-hero-detail,/PanelHeroInfo/RightPart/BoxInfo/PanelBreakthrough/SlotMaterial/HeroMaterial3/HeroHead/ImageFaction,99704,faction_forest,002_UnityDataAssetPack_datapack__file110,9688,probable_m_sprite,faction_forest,002_UnityDataAssetPack_datapack__file110,4495,80x80,local
REF02-hero-detail,/PanelHeroInfo/RightPart/BoxInfo/PanelBreakthrough/SlotMaterial/HeroMaterial3/IconPlus,99705,icon_plus,002_UnityDataAssetPack_datapack__file110,9752,probable_m_sprite,icon_plus,002_UnityDataAssetPack_datapack__file110,4568,48x48,local
REF02-hero-detail,/PanelHeroInfo/RightPart/BoxInfo/PanelBreakthrough/SlotMaterial/HeroMaterial3/HeroHead/Mask/ImageHead,99707,item_transparent,002_UnityDataAssetPack_datapack__file110,9311,probable_m_sprite,item_transparent,002_UnityDataAssetPack_datapack__file110,4075,100x100,local
REF02-hero-detail,/PanelHeroInfo/RightPart/BoxInfo/PanelBreakthrough/SlotMaterial/HeroMaterial3/HeroStar/GroupStar6/Star6,99708,hero_star_2,002_UnityDataAssetPack_datapack__file110,6507,probable_m_sprite,hero_star_2,002_UnityDataAssetPack_datapack__file110,903,36x36,local
REF02-hero-detail,/PanelHeroInfo/RightPart/BoxInfo/PanelBreakthrough/SlotMaterial/HeroMaterial3/HeroStar/GroupStar1/Star1,99709,hero_star_1,002_UnityDataAssetPack_datapack__file110,7732,probable_m_sprite,hero_star_1,002_UnityDataAssetPack_datapack__file110,2294,28x28,local
REF02-hero-detail,/PanelHeroInfo/RightPart/BoxInfo/PanelSpecialEquip/Bgr/GroupContent/SideAttack/GroupImage/GroupStarAtk/GroupAllStarAttack/Star5,99802,item_star,002_UnityDataAssetPack_datapack__file110,8535,probable_m_sprite,item_star,002_UnityDataAssetPack_datapack__file110,3199,32x32,local
REF02-hero-detail,/PanelHeroInfo/RightPart/BoxInfo/PanelSpecialEquip/Bgr/GroupContent/SideHP/GroupImage/Mask,99871,mask_e4,002_UnityDataAssetPack_datapack__file110,6446,probable_m_sprite,mask_e4,002_UnityDataAssetPack_datapack__file110,832,100x100,local
REF02-hero-detail,/PanelHeroInfo/RightPart/BoxInfo/PanelESkill/GroupEnable/ButtonESkill2/IconLock,99936,icon_lock_2,002_UnityDataAssetPack_datapack__file110,6812,probable_m_sprite,icon_lock_2,002_UnityDataAssetPack_datapack__file110,1247,32x40,local
REF02-hero-detail,/PanelHeroInfo/RightPart/BoxInfo/PanelESkill/GroupEnable/ButtonESkill4/ImageSkill,100067,skill_default,002_UnityDataAssetPack_datapack__file110,8936,probable_m_sprite,skill_default,002_UnityDataAssetPack_datapack__file110,3657,100x100,local
REF02-hero-detail,/PanelHeroInfo/RightPart/BoxInfo/PanelSpecialEquip/Bgr/GroupContent/SideHP/GroupImage/GroupStarHp/GroupAllStarHp/Star1,100094,item_star,002_UnityDataAssetPack_datapack__file110,8535,probable_m_sprite,item_star,002_UnityDataAssetPack_datapack__file110,3199,32x32,local
REF02-hero-detail,/PanelHeroInfo/RightPart/BoxInfo/PanelPoint/GroupUpgrade/BoxUpRequire/ButtonUpLevelX10,100103,button_up,002_UnityDataAssetPack_datapack__file110,8094,probable_m_sprite,button_up,002_UnityDataAssetPack_datapack__file110,2704,48x52,local
REF02-hero-detail,/PanelHeroInfo/RightPart/BoxInfo/PanelSpecialEquip/Bgr/GroupContent/SideHP/GroupImage/ButtonLock,100113,hero_locked,002_UnityDataAssetPack_datapack__file110,9611,probable_m_sprite,hero_locked,002_UnityDataAssetPack_datapack__file110,4409,60x60,local
REF02-hero-detail,/PanelHeroInfo/RightPart/BoxInfo/PanelSpecialEquip/Bgr/GroupContent/SideAttack/GroupImage/GroupStarAtk/GroupAllStarAttack/StarTim1,100231,hero_star_2,002_UnityDataAssetPack_datapack__file110,6507,probable_m_sprite,hero_star_2,002_UnityDataAssetPack_datapack__file110,903,36x36,local
REF02-hero-detail,/PanelHeroInfo/RightPart/BoxInfo/PanelAwaken/BoxAwaken/SlotMaterial/HeroMaterial2/HeroStar/GroupStar1/Star1,100243,hero_star_1,002_UnityDataAssetPack_datapack__file110,7732,probable_m_sprite,hero_star_1,002_UnityDataAssetPack_datapack__file110,2294,28x28,local
REF02-hero-detail,/PanelHeroInfo/RightPart/BoxInfo/PanelAwaken/BoxAwaken/SlotMaterial/HeroMaterial2/HeroStar/GroupStar6/Star6,100244,hero_star_2,002_UnityDataAssetPack_datapack__file110,6507,probable_m_sprite,hero_star_2,002_UnityDataAssetPack_datapack__file110,903,36x36,local
REF02-hero-detail,/PanelHeroInfo/RightPart/BoxInfo/PanelAwaken/BoxAwaken/SlotMaterial/HeroMaterial2/HeroStar/GroupStar10/Star10,100245,hero_star_3,002_UnityDataAssetPack_datapack__file110,9425,probable_m_sprite,hero_star_3,002_UnityDataAssetPack_datapack__file110,4195,40x40,local
REF02-hero-detail,/PanelHeroInfo/RightPart/BoxInfo/PanelAwaken/BoxAwaken/SlotMaterial/HeroMaterial2/HeroHead/Border,100248,border_item,002_UnityDataAssetPack_datapack__file110,8426,probable_m_sprite,border_item,002_UnityDataAssetPack_datapack__file110,3081,100x100,local
REF02-hero-detail,/PanelHeroInfo/RightPart/BoxInfo/PanelAwaken/BoxAwaken/SlotMaterial/HeroMaterial2/HeroHead/Mask/ImageHeadBw,100251,item_transparent,002_UnityDataAssetPack_datapack__file110,9311,probable_m_sprite,item_transparent,002_UnityDataAssetPack_datapack__file110,4075,100x100,local
REF02-hero-detail,/PanelHeroInfo/RightPart/BoxInfo/PanelAwaken/BoxAwaken/SlotMaterial/HeroMaterial2/HeroStar/GroupStar1/Star1,100253,hero_star_1,002_UnityDataAssetPack_datapack__file110,7732,probable_m_sprite,hero_star_1,002_UnityDataAssetPack_datapack__file110,2294,28x28,local
REF02-hero-detail,/PanelHeroInfo/RightPart/BoxInfo/PanelAwaken/BoxAwaken/SlotMaterial/HeroMaterial2/IconPlus,100254,icon_plus,002_UnityDataAssetPack_datapack__file110,9752,probable_m_sprite,icon_plus,002_UnityDataAssetPack_datapack__file110,4568,48x48,local
REF02-hero-detail,/PanelHeroInfo/RightPart/BoxInfo/PanelAwaken/BoxAwaken/SlotMaterial/HeroMaterial2/HeroHead/ImageFaction,100255,faction_forest,002_UnityDataAssetPack_datapack__file110,9688,probable_m_sprite,faction_forest,002_UnityDataAssetPack_datapack__file110,4495,80x80,local
REF02-hero-detail,/PanelHeroInfo/RightPart/BoxInfo/PanelAwaken/BoxAwaken/SlotMaterial/HeroMaterial2/HeroStar/GroupStar1/Star1,100256,hero_star_1,002_UnityDataAssetPack_datapack__file110,7732,probable_m_sprite,hero_star_1,002_UnityDataAssetPack_datapack__file110,2294,28x28,local
REF02-hero-detail,/PanelHeroInfo/RightPart/BoxInfo/PanelAwaken/BoxAwaken/SlotMaterial/HeroMaterial2/HeroStar/GroupStar6/Star6,100259,hero_star_2,002_UnityDataAssetPack_datapack__file110,6507,probable_m_sprite,hero_star_2,002_UnityDataAssetPack_datapack__file110,903,36x36,local
REF02-hero-detail,/PanelHeroInfo/RightPart/BoxInfo/PanelAwaken/BoxAwaken/SlotMaterial/HeroMaterial2/HeroHead/Mask/ImageBgr,100262,bgr_item_consumable,002_UnityDataAssetPack_datapack__file110,7432,probable_m_sprite,bgr_item_consumable,002_UnityDataAssetPack_datapack__file110,1945,100x100,local
REF02-hero-detail,/PanelHeroInfo/RightPart/BoxInfo/PanelAwaken/BoxAwaken/SlotMaterial/HeroMaterial2/HeroStar/GroupStar1/Star1,100264,hero_star_1,002_UnityDataAssetPack_datapack__file110,7732,probable_m_sprite,hero_star_1,002_UnityDataAssetPack_datapack__file110,2294,28x28,local
REF02-hero-detail,/PanelHeroInfo/RightPart/BoxInfo/PanelAwaken/BoxAwaken/SlotMaterial/HeroMaterial2/HeroHead/Mask,100266,mask_item,002_UnityDataAssetPack_datapack__file110,8540,probable_m_sprite,mask_item,002_UnityDataAssetPack_datapack__file110,3204,100x100,local
REF02-hero-detail,/PanelHeroInfo/RightPart/BoxInfo/PanelAwaken/BoxAwaken/SlotMaterial/HeroMaterial2/HeroStar/GroupStar6/Star6,100268,hero_star_2,002_UnityDataAssetPack_datapack__file110,6507,probable_m_sprite,hero_star_2,002_UnityDataAssetPack_datapack__file110,903,36x36,local
REF02-hero-detail,/PanelHeroInfo/RightPart/BoxInfo/PanelAwaken/BoxAwaken/SlotMaterial/HeroMaterial2/HeroStar/GroupStar1/Star1,100273,hero_star_1,002_UnityDataAssetPack_datapack__file110,7732,probable_m_sprite,hero_star_1,002_UnityDataAssetPack_datapack__file110,2294,28x28,local
REF02-hero-detail,/PanelHeroInfo/RightPart/BoxInfo/PanelAwaken/BoxAwaken/SlotMaterial/HeroMaterial2/HeroHead/Mask/ImageHead,100274,item_transparent,002_UnityDataAssetPack_datapack__file110,9311,probable_m_sprite,item_transparent,002_UnityDataAssetPack_datapack__file110,4075,100x100,local
REF02-hero-detail,/PanelHeroInfo/RightPart/BoxInfo/PanelAwaken/BoxAwaken/SlotMaterial/HeroMaterial2/HeroStar/GroupStar6/Star6,100275,hero_star_2,002_UnityDataAssetPack_datapack__file110,6507,probable_m_sprite,hero_star_2,002_UnityDataAssetPack_datapack__file110,903,36x36,local
REF02-hero-detail,/PanelHeroInfo/RightPart/BoxInfo/PanelEnable/BoxEnable/SlotMaterial/HeroMaterial3/HeroStar/GroupStarE/BgrStarE,100456,star_e_bgr,002_UnityDataAssetPack_datapack__file110,7415,probable_m_sprite,star_e_bgr,002_UnityDataAssetPack_datapack__file110,1922,158x59,local
REF02-hero-detail,/PanelHeroInfo/RightPart/BoxInfo/PanelBreakthrough/BoxStar/StarNext/GroupStar1/Star3,100457,hero_star_1,002_UnityDataAssetPack_datapack__file110,7732,probable_m_sprite,hero_star_1,002_UnityDataAssetPack_datapack__file110,2294,28x28,local
REF02-hero-detail,/PanelHeroInfo/RightPart/BoxInfo/PanelESkill/GroupEnable/ButtonESkill1/ImageSkill,100470,skill_default,002_UnityDataAssetPack_datapack__file110,8936,probable_m_sprite,skill_default,002_UnityDataAssetPack_datapack__file110,3657,100x100,local
REF02-hero-detail,/PanelHeroInfo/RightPart/BoxInfo/PanelBreakthrough/BoxStar/StarNext/GroupStar6/Star7,100494,hero_star_2,002_UnityDataAssetPack_datapack__file110,6507,probable_m_sprite,hero_star_2,002_UnityDataAssetPack_datapack__file110,903,36x36,local
REF02-hero-detail,/PanelHeroInfo/RightPart/BoxInfo/PanelAwaken/BoxAwaken/SlotMaterial/HeroMaterial3/HeroStar/GroupStarE/BgrStarE,100808,star_e_bgr,002_UnityDataAssetPack_datapack__file110,7415,probable_m_sprite,star_e_bgr,002_UnityDataAssetPack_datapack__file110,1922,158x59,local
REF02-hero-detail,/PanelHeroInfo/RightPart/BoxInfo/PanelEnable/BoxEnable/SlotMaterial/HeroMaterial2/HeroStar/GroupStar1/Star1,101035,hero_star_1,002_UnityDataAssetPack_datapack__file110,7732,probable_m_sprite,hero_star_1,002_UnityDataAssetPack_datapack__file110,2294,28x28,local
REF02-hero-detail,/PanelHeroInfo/RightPart/BoxInfo/PanelEnable/BoxEnable/SlotMaterial/HeroMaterial2/HeroHead/Mask,101036,mask_item,002_UnityDataAssetPack_datapack__file110,8540,probable_m_sprite,mask_item,002_UnityDataAssetPack_datapack__file110,3204,100x100,local
REF02-hero-detail,/PanelHeroInfo/RightPart/BoxInfo/PanelEnable/BoxEnable/SlotMaterial/HeroMaterial2/HeroStar/GroupStar6/Star6,101038,hero_star_2,002_UnityDataAssetPack_datapack__file110,6507,probable_m_sprite,hero_star_2,002_UnityDataAssetPack_datapack__file110,903,36x36,local
REF02-hero-detail,/PanelHeroInfo/RightPart/BoxInfo/PanelEnable/BoxEnable/SlotMaterial/HeroMaterial2/IconPlus,101042,icon_plus,002_UnityDataAssetPack_datapack__file110,9752,probable_m_sprite,icon_plus,002_UnityDataAssetPack_datapack__file110,4568,48x48,local
REF02-hero-detail,/PanelHeroInfo/RightPart/BoxInfo/PanelEnable/BoxEnable/SlotMaterial/HeroMaterial2/HeroHead/ImageFaction,101043,faction_forest,002_UnityDataAssetPack_datapack__file110,9688,probable_m_sprite,faction_forest,002_UnityDataAssetPack_datapack__file110,4495,80x80,local
REF02-hero-detail,/PanelHeroInfo/RightPart/BoxInfo/PanelEnable/BoxEnable/SlotMaterial/HeroMaterial2/HeroStar/GroupStar1/Star1,101045,hero_star_1,002_UnityDataAssetPack_datapack__file110,7732,probable_m_sprite,hero_star_1,002_UnityDataAssetPack_datapack__file110,2294,28x28,local
REF02-hero-detail,/PanelHeroInfo/RightPart/BoxInfo/PanelEnable/BoxEnable/SlotMaterial/HeroMaterial2/HeroStar/GroupStar6/Star6,101046,hero_star_2,002_UnityDataAssetPack_datapack__file110,6507,probable_m_sprite,hero_star_2,002_UnityDataAssetPack_datapack__file110,903,36x36,local
REF02-hero-detail,/PanelHeroInfo/RightPart/BoxInfo/PanelEnable/BoxEnable/SlotMaterial/HeroMaterial2/HeroHead/Mask/ImageBgr,101049,bgr_item_consumable,002_UnityDataAssetPack_datapack__file110,7432,probable_m_sprite,bgr_item_consumable,002_UnityDataAssetPack_datapack__file110,1945,100x100,local
REF02-hero-detail,/PanelHeroInfo/RightPart/BoxInfo/PanelEnable/BoxEnable/SlotMaterial/HeroMaterial2/HeroStar/GroupStar1/Star1,101051,hero_star_1,002_UnityDataAssetPack_datapack__file110,7732,probable_m_sprite,hero_star_1,002_UnityDataAssetPack_datapack__file110,2294,28x28,local
REF02-hero-detail,/PanelHeroInfo/RightPart/BoxInfo/PanelEnable/BoxEnable/SlotMaterial/HeroMaterial2/HeroStar/GroupStar10/Star10,101052,hero_star_3,002_UnityDataAssetPack_datapack__file110,9425,probable_m_sprite,hero_star_3,002_UnityDataAssetPack_datapack__file110,4195,40x40,local
REF02-hero-detail,/PanelHeroInfo/RightPart/BoxInfo/PanelEnable/BoxEnable/SlotMaterial/HeroMaterial2/HeroStar/GroupStar6/Star6,101053,hero_star_2,002_UnityDataAssetPack_datapack__file110,6507,probable_m_sprite,hero_star_2,002_UnityDataAssetPack_datapack__file110,903,36x36,local
REF02-hero-detail,/PanelHeroInfo/RightPart/BoxInfo/PanelEnable/BoxEnable/SlotMaterial/HeroMaterial2/HeroHead/Border,101056,border_item,002_UnityDataAssetPack_datapack__file110,8426,probable_m_sprite,border_item,002_UnityDataAssetPack_datapack__file110,3081,100x100,local
REF02-hero-detail,/PanelHeroInfo/RightPart/BoxInfo/PanelEnable/BoxEnable/SlotMaterial/HeroMaterial2/HeroHead/Mask/ImageHeadBw,101057,item_transparent,002_UnityDataAssetPack_datapack__file110,9311,probable_m_sprite,item_transparent,002_UnityDataAssetPack_datapack__file110,4075,100x100,local
REF02-hero-detail,/PanelHeroInfo/RightPart/BoxInfo/PanelEnable/BoxEnable/SlotMaterial/HeroMaterial2/HeroStar/GroupStar1/Star1,101060,hero_star_1,002_UnityDataAssetPack_datapack__file110,7732,probable_m_sprite,hero_star_1,002_UnityDataAssetPack_datapack__file110,2294,28x28,local
REF02-hero-detail,/PanelHeroInfo/RightPart/BoxInfo/PanelEnable/BoxEnable/SlotMaterial/HeroMaterial2/HeroStar/GroupStar1/Star1,101062,hero_star_1,002_UnityDataAssetPack_datapack__file110,7732,probable_m_sprite,hero_star_1,002_UnityDataAssetPack_datapack__file110,2294,28x28,local
REF02-hero-detail,/PanelHeroInfo/RightPart/BoxInfo/PanelEnable/BoxEnable/SlotMaterial/HeroMaterial2/HeroStar/GroupStar6/Star6,101064,hero_star_2,002_UnityDataAssetPack_datapack__file110,6507,probable_m_sprite,hero_star_2,002_UnityDataAssetPack_datapack__file110,903,36x36,local
REF02-hero-detail,/PanelHeroInfo/RightPart/BoxInfo/PanelEnable/BoxEnable/SlotMaterial/HeroMaterial2/HeroHead/Mask/ImageHead,101065,item_transparent,002_UnityDataAssetPack_datapack__file110,9311,probable_m_sprite,item_transparent,002_UnityDataAssetPack_datapack__file110,4075,100x100,local
REF02-hero-detail,/PanelHeroInfo/RightPart/BoxInfo/PanelESkill/PanelESkillDetail/Background/GroupTitle/SkillIcon/Frame,101101,skill_frame,002_UnityDataAssetPack_datapack__file110,9233,probable_m_sprite,skill_frame,002_UnityDataAssetPack_datapack__file110,3981,94x94,local
REF02-hero-detail,/PanelHeroInfo/RightPart/BoxInfo/PanelSpecialEquip/Bgr/GroupContent/SideHP/GroupImage/GroupStarHp/Image,101335,bg_12,002_UnityDataAssetPack_datapack__file110,7406,probable_m_sprite,bg_12,002_UnityDataAssetPack_datapack__file110,1912,123x27,local
REF02-hero-detail,/PanelHeroInfo/ButtonPrev,101808,arrow_left,002_UnityDataAssetPack_datapack__file110,7393,probable_m_sprite,arrow_left,002_UnityDataAssetPack_datapack__file110,1896,44x72,local
REF02-hero-detail,/PanelHeroInfo/RightPart/BoxInfo/Tabs/TabEnable/SpriteOn,101901,tab_star_up,002_UnityDataAssetPack_datapack__file110,6288,probable_m_sprite,tab_star_up,002_UnityDataAssetPack_datapack__file110,656,78x90,local
REF02-hero-detail,/PanelHeroInfo/RightPart/BoxInfo/PanelESkill/GroupEnable/ImageBgr,102195,medition_man,002_UnityDataAssetPack_datapack__file110,6401,probable_m_sprite,medition_man,002_UnityDataAssetPack_datapack__file110,784,346x317,local
REF02-hero-detail,/PanelHeroInfo/RightPart/BoxInfo/PanelESkill/GroupEnable/ButtonESkill5/Frame,102211,skill_frame,002_UnityDataAssetPack_datapack__file110,9233,probable_m_sprite,skill_frame,002_UnityDataAssetPack_datapack__file110,3981,94x94,local
REF02-hero-detail,/PanelHeroInfo/RightPart/BoxInfo/PanelSpecialEquip/Bgr/GroupContent/SideHP/BgrLevel,102424,bg_12,002_UnityDataAssetPack_datapack__file110,7406,probable_m_sprite,bg_12,002_UnityDataAssetPack_datapack__file110,1912,123x27,local
REF02-hero-detail,/PanelHeroInfo/RightPart/BoxInfo/PanelSpecialEquip/Bgr/GroupContent/SideAttack/GroupImage/GroupStarAtk/GroupAllStarAttack/StarVang3,102433,hero_star_3,002_UnityDataAssetPack_datapack__file110,9425,probable_m_sprite,hero_star_3,002_UnityDataAssetPack_datapack__file110,4195,40x40,local
REF02-hero-detail,/PanelHeroInfo/RightPart/BoxInfo/PanelEnable/BoxEnable/GroupAction/ButtonAwake,102581,button_yellow,002_UnityDataAssetPack_datapack__file110,9648,probable_m_sprite,button_yellow,002_UnityDataAssetPack_datapack__file110,4451,142x68,local
REF02-hero-detail,/PanelHeroInfo/RightPart/BoxInfo/PanelSpecialEquip/Bgr/GroupContent/SideHP/GroupImage/GroupStarHp/GroupAllStarHp/Star5,102659,item_star,002_UnityDataAssetPack_datapack__file110,8535,probable_m_sprite,item_star,002_UnityDataAssetPack_datapack__file110,3199,32x32,local
REF02-hero-detail,/PanelHeroInfo/RightPart/BoxInfo/PanelBreakthrough/BoxStar/StarCurrent/GroupStar1/Star3,102667,hero_star_1,002_UnityDataAssetPack_datapack__file110,7732,probable_m_sprite,hero_star_1,002_UnityDataAssetPack_datapack__file110,2294,28x28,local
REF02-hero-detail,/PanelHeroInfo/RightPart/BoxInfo/PanelESkill/GroupEnable/Line4,102776,light,002_UnityDataAssetPack_datapack__file110,8874,probable_m_sprite,light,002_UnityDataAssetPack_datapack__file110,3590,153x17,local
REF02-hero-detail,/PanelHeroInfo/RightPart/BoxInfo/PanelSpecialEquip/Bgr/GroupContent/SideAttack/GroupImage/GroupStarAtk/GroupAllStarAttack/StarTim2,102838,hero_star_2,002_UnityDataAssetPack_datapack__file110,6507,probable_m_sprite,hero_star_2,002_UnityDataAssetPack_datapack__file110,903,36x36,local
REF02-hero-detail,/PanelHeroInfo/RightPart/BoxInfo/PanelBreakthrough/BoxStar/StarNext/GroupStar1/Star5,102842,hero_star_1,002_UnityDataAssetPack_datapack__file110,7732,probable_m_sprite,hero_star_1,002_UnityDataAssetPack_datapack__file110,2294,28x28,local
REF02-hero-detail,/PanelHeroInfo/RightPart/BoxInfo/PanelESkill/GroupEnable/ButtonESkill3/IconLock,102904,icon_lock_2,002_UnityDataAssetPack_datapack__file110,6812,probable_m_sprite,icon_lock_2,002_UnityDataAssetPack_datapack__file110,1247,32x40,local
REF02-hero-detail,/PanelHeroInfo/RightPart/BoxInfo/PanelEquipment/SlotShoes/ItemEquipmentUI/ItemStar/Star1,103390,item_star,002_UnityDataAssetPack_datapack__file110,8535,probable_m_sprite,item_star,002_UnityDataAssetPack_datapack__file110,3199,32x32,local
REF02-hero-detail,/PanelHeroInfo/RightPart/BoxInfo/PanelEquipment/SlotShoes/ItemEquipmentUI/ItemStar/Star1,103394,item_star,002_UnityDataAssetPack_datapack__file110,8535,probable_m_sprite,item_star,002_UnityDataAssetPack_datapack__file110,3199,32x32,local
REF02-hero-detail,/PanelHeroInfo/RightPart/BoxInfo/PanelEquipment/SlotShoes/ItemEquipmentUI/ItemStar/Star1,103396,item_star,002_UnityDataAssetPack_datapack__file110,8535,probable_m_sprite,item_star,002_UnityDataAssetPack_datapack__file110,3199,32x32,local
REF02-hero-detail,/PanelHeroInfo/RightPart/BoxInfo/PanelEquipment/SlotShoes/ItemEquipmentUI/Mask/ImageBgr,103397,bgr_equipment_1,002_UnityDataAssetPack_datapack__file110,7854,probable_m_sprite,bgr_equipment_1,002_UnityDataAssetPack_datapack__file110,2432,100x100,local
REF02-hero-detail,/PanelHeroInfo/RightPart/BoxInfo/PanelEquipment/SlotShoes/ItemEquipmentUI/ImageFrame,103399,frame_item,002_UnityDataAssetPack_datapack__file110,8152,probable_m_sprite,frame_item,002_UnityDataAssetPack_datapack__file110,2770,100x100,local
REF02-hero-detail,/PanelHeroInfo/RightPart/BoxInfo/PanelEquipment/SlotShoes/ItemEquipmentUI/ItemStar/Star1,103401,item_star,002_UnityDataAssetPack_datapack__file110,8535,probable_m_sprite,item_star,002_UnityDataAssetPack_datapack__file110,3199,32x32,local
REF02-hero-detail,/PanelHeroInfo/RightPart/BoxInfo/PanelEquipment/SlotShoes/ItemEquipmentUI/Mask,103402,mask_item,002_UnityDataAssetPack_datapack__file110,8540,probable_m_sprite,mask_item,002_UnityDataAssetPack_datapack__file110,3204,100x100,local
REF02-hero-detail,/PanelHeroInfo/RightPart/BoxInfo/PanelEquipment/SlotShoes/ItemEquipmentUI/ItemStar/Star1,103404,item_star,002_UnityDataAssetPack_datapack__file110,8535,probable_m_sprite,item_star,002_UnityDataAssetPack_datapack__file110,3199,32x32,local
REF02-hero-detail,/PanelHeroInfo/RightPart/BoxInfo/PanelEquipment/SlotShoes/ItemEquipmentUI/Mask/Check/Image,103406,tick_green,002_UnityDataAssetPack_datapack__file110,7134,probable_m_sprite,tick_green,002_UnityDataAssetPack_datapack__file110,1606,44x40,local
REF02-hero-detail,/PanelHeroInfo/RightPart/BoxInfo/PanelEquipment/SlotShoes/ItemEquipmentUI/Mask/ImageItem,103409,item_placeholder,002_UnityDataAssetPack_datapack__file110,6616,probable_m_sprite,item_placeholder,002_UnityDataAssetPack_datapack__file110,1026,100x100,local
REF02-hero-detail,/PanelHeroInfo/RightPart/BoxInfo/PanelEquipment/SlotShoes/ItemEquipmentUI/ItemStar/Star1,103410,item_star,002_UnityDataAssetPack_datapack__file110,8535,probable_m_sprite,item_star,002_UnityDataAssetPack_datapack__file110,3199,32x32,local
REF02-hero-detail,/PanelHeroInfo/RightPart/BoxInfo/PanelEquipment/SlotShoes/ItemEquipmentUI/ImageBorder,103411,border_equipment_2,002_UnityDataAssetPack_datapack__file110,6735,probable_m_sprite,border_equipment_2,002_UnityDataAssetPack_datapack__file110,1162,100x100,local
REF02-hero-detail,/PanelHeroInfo/RightPart/BoxInfo/PanelEnable/BoxEnable/SlotMaterial/HeroMaterial4/HeroStar/GroupStarE/StarE,103441,hero_star_e,002_UnityDataAssetPack_datapack__file110,9706,probable_m_sprite,hero_star_e,002_UnityDataAssetPack_datapack__file110,4515,41x39,local
REF02-hero-detail,/PanelHeroInfo/RightPart/BoxInfo/PanelSpecialEquip/Bgr/GroupContent/SideAttack/GroupImage/Mask/Image/ImageCricle_2,103449,E_4,002_UnityDataAssetPack_datapack__file110,6726,probable_m_sprite,E_4,002_UnityDataAssetPack_datapack__file110,1153,112x112,local
REF02-hero-detail,/PanelHeroInfo/RightPart/BoxInfo/PanelEnable/BoxEnable/BoxStar/StarNext/GroupStar6/Star9,103784,hero_star_2,002_UnityDataAssetPack_datapack__file110,6507,probable_m_sprite,hero_star_2,002_UnityDataAssetPack_datapack__file110,903,36x36,local
REF02-hero-detail,/PanelHeroInfo/RightPart/BoxInfo/PanelBreakthrough/BoxStar/StarNext/GroupStar6/Star6,103930,hero_star_2,002_UnityDataAssetPack_datapack__file110,6507,probable_m_sprite,hero_star_2,002_UnityDataAssetPack_datapack__file110,903,36x36,local
REF02-hero-detail,/PanelHeroInfo/RightPart/BoxInfo/PanelEnable/BoxEnable/SlotMaterial/HeroMaterial1/HeroStar/GroupStarE/BgrStarE,103950,star_e_bgr,002_UnityDataAssetPack_datapack__file110,7415,probable_m_sprite,star_e_bgr,002_UnityDataAssetPack_datapack__file110,1922,158x59,local
REF02-hero-detail,/PanelHeroInfo/RightPart/BoxInfo/PanelEnable/BoxMaxStar/GroupMaxStar,104376,round_rect2,002_UnityDataAssetPack_datapack__file110,6319,probable_m_sprite,round_rect2,002_UnityDataAssetPack_datapack__file110,694,64x64,local
REF02-hero-detail,/PanelHeroInfo/RightPart/BoxInfo/PanelBreakthrough/BoxStar/StarNext/GroupStar1/Star1,104396,hero_star_1,002_UnityDataAssetPack_datapack__file110,7732,probable_m_sprite,hero_star_1,002_UnityDataAssetPack_datapack__file110,2294,28x28,local
REF02-hero-detail,/PanelHeroInfo/RightPart/BoxInfo/PanelSpecialEquip/Bgr/GroupContent/SideAttack/GroupImage/ImageCricle,104495,E_45,002_UnityDataAssetPack_datapack__file110,9108,probable_m_sprite,E_45,002_UnityDataAssetPack_datapack__file110,3848,116x53,local
REF02-hero-detail,/PanelHeroInfo/RightPart/BoxInfo/PanelSpecialEquip/Bgr/GroupContent/SideHP/GroupImage/GroupStarHp/GroupAllStarHp/StarVang4,104551,hero_star_3,002_UnityDataAssetPack_datapack__file110,9425,probable_m_sprite,hero_star_3,002_UnityDataAssetPack_datapack__file110,4195,40x40,local
REF02-hero-detail,/PanelHeroInfo/RightPart/BoxInfo/Tabs/TabESkill/SpriteOff,104748,tab_e_skill2,002_UnityDataAssetPack_datapack__file110,9562,probable_m_sprite,tab_e_skill2,002_UnityDataAssetPack_datapack__file110,4350,78x90,local
REF02-hero-detail,/PanelHeroInfo/RightPart/BoxInfo/PanelEnable/BoxBeyondMax/GroupBeyondMax/ButtonSkill1,104765,skill_beyon_max_1,002_UnityDataAssetPack_datapack__file110,6621,probable_m_sprite,skill_beyon_max_1,002_UnityDataAssetPack_datapack__file110,1031,87x87,local
REF02-hero-detail,/PanelHeroInfo/RightPart/BoxInfo/PanelSpecialEquip/Bgr/GroupContent/SideAttack/GroupImage/GroupStarAtk/Image,104866,bg_12,002_UnityDataAssetPack_datapack__file110,7406,probable_m_sprite,bg_12,002_UnityDataAssetPack_datapack__file110,1912,123x27,local
REF02-hero-detail,/PanelHeroInfo/RightPart/BoxInfo/PanelESkill/PanelESkillDetail,104878,Background,002_UnityDataAssetPack_datapack__file110,6283,probable_m_sprite,Background,002_UnityDataAssetPack_datapack__file110,650,32x32,local
REF02-hero-detail,/PanelHeroInfo/RightPart/BoxInfo/PanelSpecialEquip/Bgr/GroupContent/SideHP/GroupImage/GroupStarHp/GroupAllStarHp/StarTim1,104896,hero_star_2,002_UnityDataAssetPack_datapack__file110,6507,probable_m_sprite,hero_star_2,002_UnityDataAssetPack_datapack__file110,903,36x36,local
REF02-hero-detail,/PanelHeroInfo/RightPart/BoxInfo/PanelEnable/BoxEnable/BoxStar/Line,104916,line_1,002_UnityDataAssetPack_datapack__file110,8816,probable_m_sprite,line_1,002_UnityDataAssetPack_datapack__file110,3522,111x2,local
REF02-hero-detail,/PanelHeroInfo/RightPart/BoxInfo/PanelSpecialEquip/Bgr,105061,popup_notitle_2,002_UnityDataAssetPack_datapack__file110,9236,probable_m_sprite,popup_notitle_2,002_UnityDataAssetPack_datapack__file110,3984,102x103,local
REF02-hero-detail,/PanelHeroInfo/RightPart/BoxInfo/PanelBreakthrough/SlotMaterial/HeroMaterial1/HeroStar/GroupStarE/BgrStarE,105231,star_e_bgr,002_UnityDataAssetPack_datapack__file110,7415,probable_m_sprite,star_e_bgr,002_UnityDataAssetPack_datapack__file110,1922,158x59,local
REF02-hero-detail,/PanelHeroInfo/RightPart/BoxInfo/PanelBreakthrough/SlotMaterial/HeroMaterial3/HeroStar/GroupStarE/BgrStarE,105360,star_e_bgr,002_UnityDataAssetPack_datapack__file110,7415,probable_m_sprite,star_e_bgr,002_UnityDataAssetPack_datapack__file110,1922,158x59,local
REF02-hero-detail,/PanelHeroInfo/RightPart/BoxInfo/PanelSpecialEquip/Bgr/GroupContent/SideHP/GroupImage/Mask/Image/ImageCricle_2,105533,E_4,002_UnityDataAssetPack_datapack__file110,6726,probable_m_sprite,E_4,002_UnityDataAssetPack_datapack__file110,1153,112x112,local
REF02-hero-detail,/PanelHeroInfo/RightPart/BoxInfo/PanelBreakthrough/BoxStar/StarCurrent/GroupStar1/Star2,105607,hero_star_1,002_UnityDataAssetPack_datapack__file110,7732,probable_m_sprite,hero_star_1,002_UnityDataAssetPack_datapack__file110,2294,28x28,local
REF02-hero-detail,/PanelHeroInfo/RightPart/BoxInfo/PanelEquipment/SlotArmor/ItemEquipmentUI/Mask/ImageItem,105728,item_placeholder,002_UnityDataAssetPack_datapack__file110,6616,probable_m_sprite,item_placeholder,002_UnityDataAssetPack_datapack__file110,1026,100x100,local
REF02-hero-detail,/PanelHeroInfo/RightPart/BoxInfo/PanelEquipment/SlotArmor/ItemEquipmentUI/ItemStar/Star1,105730,item_star,002_UnityDataAssetPack_datapack__file110,8535,probable_m_sprite,item_star,002_UnityDataAssetPack_datapack__file110,3199,32x32,local
REF02-hero-detail,/PanelHeroInfo/RightPart/BoxInfo/PanelEquipment/SlotArmor/ItemEquipmentUI/ImageBorder,105731,border_equipment_2,002_UnityDataAssetPack_datapack__file110,6735,probable_m_sprite,border_equipment_2,002_UnityDataAssetPack_datapack__file110,1162,100x100,local
REF02-hero-detail,/PanelHeroInfo/RightPart/BoxInfo/PanelEquipment/SlotArmor/ItemEquipmentUI/ItemStar/Star1,105733,item_star,002_UnityDataAssetPack_datapack__file110,8535,probable_m_sprite,item_star,002_UnityDataAssetPack_datapack__file110,3199,32x32,local
REF02-hero-detail,/PanelHeroInfo/RightPart/BoxInfo/PanelEquipment/SlotArmor/ItemEquipmentUI/ItemStar/Star1,105734,item_star,002_UnityDataAssetPack_datapack__file110,8535,probable_m_sprite,item_star,002_UnityDataAssetPack_datapack__file110,3199,32x32,local
REF02-hero-detail,/PanelHeroInfo/RightPart/BoxInfo/PanelEquipment/SlotArmor/ItemEquipmentUI/Mask,105735,mask_item,002_UnityDataAssetPack_datapack__file110,8540,probable_m_sprite,mask_item,002_UnityDataAssetPack_datapack__file110,3204,100x100,local
REF02-hero-detail,/PanelHeroInfo/RightPart/BoxInfo/PanelEquipment/SlotArmor/ItemEquipmentUI/Mask/Check/Image,105736,tick_green,002_UnityDataAssetPack_datapack__file110,7134,probable_m_sprite,tick_green,002_UnityDataAssetPack_datapack__file110,1606,44x40,local
REF02-hero-detail,/PanelHeroInfo/RightPart/BoxInfo/PanelEquipment/SlotArmor/ItemEquipmentUI/ItemStar/Star1,105738,item_star,002_UnityDataAssetPack_datapack__file110,8535,probable_m_sprite,item_star,002_UnityDataAssetPack_datapack__file110,3199,32x32,local
REF02-hero-detail,/PanelHeroInfo/RightPart/BoxInfo/PanelEquipment/SlotArmor/ItemEquipmentUI/ImageFrame,105740,frame_item,002_UnityDataAssetPack_datapack__file110,8152,probable_m_sprite,frame_item,002_UnityDataAssetPack_datapack__file110,2770,100x100,local
REF02-hero-detail,/PanelHeroInfo/RightPart/BoxInfo/PanelEquipment/SlotArmor/ItemEquipmentUI/Mask/ImageBgr,105741,bgr_equipment_1,002_UnityDataAssetPack_datapack__file110,7854,probable_m_sprite,bgr_equipment_1,002_UnityDataAssetPack_datapack__file110,2432,100x100,local
REF02-hero-detail,/PanelHeroInfo/RightPart/BoxInfo/PanelEquipment/SlotArmor/ItemEquipmentUI/ItemStar/Star1,105742,item_star,002_UnityDataAssetPack_datapack__file110,8535,probable_m_sprite,item_star,002_UnityDataAssetPack_datapack__file110,3199,32x32,local
REF02-hero-detail,/PanelHeroInfo/RightPart/BoxInfo/PanelEquipment/SlotArmor/ItemEquipmentUI/ItemStar/Star1,105744,item_star,002_UnityDataAssetPack_datapack__file110,8535,probable_m_sprite,item_star,002_UnityDataAssetPack_datapack__file110,3199,32x32,local
REF02-hero-detail,/PanelHeroInfo/RightPart/BoxInfo/PanelESkill/GroupEnable/ButtonESkill2/Frame,106071,skill_frame,002_UnityDataAssetPack_datapack__file110,9233,probable_m_sprite,skill_frame,002_UnityDataAssetPack_datapack__file110,3981,94x94,local
REF02-hero-detail,/PanelHeroInfo/RightPart/BoxInfo/PanelAwaken/BoxAwaken/SlotMaterial/HeroMaterial2/HeroStar/GroupStarE/BgrStarE,106079,star_e_bgr,002_UnityDataAssetPack_datapack__file110,7415,probable_m_sprite,star_e_bgr,002_UnityDataAssetPack_datapack__file110,1922,158x59,local
REF02-hero-detail,/PanelHeroInfo/HeroBox/ImageBoard/HeroStars/GroupStarE/IconE,106204,star_e_bgr,002_UnityDataAssetPack_datapack__file110,7415,probable_m_sprite,star_e_bgr,002_UnityDataAssetPack_datapack__file110,1922,158x59,local
REF02-hero-detail,/PanelHeroInfo/RightPart/BoxInfo/PanelEnable/BoxEnable/SlotMaterial/HeroMaterial3/HeroStar/GroupStar6/Star6,106266,hero_star_2,002_UnityDataAssetPack_datapack__file110,6507,probable_m_sprite,hero_star_2,002_UnityDataAssetPack_datapack__file110,903,36x36,local
REF02-hero-detail,/PanelHeroInfo/RightPart/BoxInfo/PanelEnable/BoxEnable/SlotMaterial/HeroMaterial3/HeroHead/Mask/ImageHead,106267,item_transparent,002_UnityDataAssetPack_datapack__file110,9311,probable_m_sprite,item_transparent,002_UnityDataAssetPack_datapack__file110,4075,100x100,local
REF02-hero-detail,/PanelHeroInfo/RightPart/BoxInfo/PanelEnable/BoxEnable/SlotMaterial/HeroMaterial3/HeroStar/GroupStar1/Star1,106269,hero_star_1,002_UnityDataAssetPack_datapack__file110,7732,probable_m_sprite,hero_star_1,002_UnityDataAssetPack_datapack__file110,2294,28x28,local
REF02-hero-detail,/PanelHeroInfo/RightPart/BoxInfo/PanelEnable/BoxEnable/SlotMaterial/HeroMaterial3/HeroStar/GroupStar6/Star6,106275,hero_star_2,002_UnityDataAssetPack_datapack__file110,6507,probable_m_sprite,hero_star_2,002_UnityDataAssetPack_datapack__file110,903,36x36,local
REF02-hero-detail,/PanelHeroInfo/RightPart/BoxInfo/PanelEnable/BoxEnable/SlotMaterial/HeroMaterial3/HeroHead/Mask,106277,mask_item,002_UnityDataAssetPack_datapack__file110,8540,probable_m_sprite,mask_item,002_UnityDataAssetPack_datapack__file110,3204,100x100,local
REF02-hero-detail,/PanelHeroInfo/RightPart/BoxInfo/PanelEnable/BoxEnable/SlotMaterial/HeroMaterial3/HeroStar/GroupStar1/Star1,106280,hero_star_1,002_UnityDataAssetPack_datapack__file110,7732,probable_m_sprite,hero_star_1,002_UnityDataAssetPack_datapack__file110,2294,28x28,local
REF02-hero-detail,/PanelHeroInfo/RightPart/BoxInfo/PanelEnable/BoxEnable/SlotMaterial/HeroMaterial3/HeroStar/GroupStar1/Star1,106282,hero_star_1,002_UnityDataAssetPack_datapack__file110,7732,probable_m_sprite,hero_star_1,002_UnityDataAssetPack_datapack__file110,2294,28x28,local
REF02-hero-detail,/PanelHeroInfo/RightPart/BoxInfo/PanelEnable/BoxEnable/SlotMaterial/HeroMaterial3/HeroHead/Mask/ImageHeadBw,106283,item_transparent,002_UnityDataAssetPack_datapack__file110,9311,probable_m_sprite,item_transparent,002_UnityDataAssetPack_datapack__file110,4075,100x100,local
REF02-hero-detail,/PanelHeroInfo/RightPart/BoxInfo/PanelEnable/BoxEnable/SlotMaterial/HeroMaterial3/HeroHead/Border,106287,border_item,002_UnityDataAssetPack_datapack__file110,8426,probable_m_sprite,border_item,002_UnityDataAssetPack_datapack__file110,3081,100x100,local
REF02-hero-detail,/PanelHeroInfo/RightPart/BoxInfo/PanelEnable/BoxEnable/SlotMaterial/HeroMaterial3/HeroStar/GroupStar1/Star1,106290,hero_star_1,002_UnityDataAssetPack_datapack__file110,7732,probable_m_sprite,hero_star_1,002_UnityDataAssetPack_datapack__file110,2294,28x28,local
REF02-hero-detail,/PanelHeroInfo/RightPart/BoxInfo/PanelEnable/BoxEnable/SlotMaterial/HeroMaterial3/HeroStar/GroupStar10/Star10,106291,hero_star_3,002_UnityDataAssetPack_datapack__file110,9425,probable_m_sprite,hero_star_3,002_UnityDataAssetPack_datapack__file110,4195,40x40,local
REF02-hero-detail,/PanelHeroInfo/RightPart/BoxInfo/PanelEnable/BoxEnable/SlotMaterial/HeroMaterial3/HeroStar/GroupStar6/Star6,106292,hero_star_2,002_UnityDataAssetPack_datapack__file110,6507,probable_m_sprite,hero_star_2,002_UnityDataAssetPack_datapack__file110,903,36x36,local
REF02-hero-detail,/PanelHeroInfo/RightPart/BoxInfo/PanelEnable/BoxEnable/SlotMaterial/HeroMaterial3/HeroHead/Mask/ImageBgr,106293,bgr_item_consumable,002_UnityDataAssetPack_datapack__file110,7432,probable_m_sprite,bgr_item_consumable,002_UnityDataAssetPack_datapack__file110,1945,100x100,local
REF02-hero-detail,/PanelHeroInfo/RightPart/BoxInfo/PanelEnable/BoxEnable/SlotMaterial/HeroMaterial3/HeroStar/GroupStar6/Star6,106295,hero_star_2,002_UnityDataAssetPack_datapack__file110,6507,probable_m_sprite,hero_star_2,002_UnityDataAssetPack_datapack__file110,903,36x36,local
REF02-hero-detail,/PanelHeroInfo/RightPart/BoxInfo/PanelEnable/BoxEnable/SlotMaterial/HeroMaterial3/IconPlus,106299,icon_plus,002_UnityDataAssetPack_datapack__file110,9752,probable_m_sprite,icon_plus,002_UnityDataAssetPack_datapack__file110,4568,48x48,local
REF02-hero-detail,/PanelHeroInfo/RightPart/BoxInfo/PanelEnable/BoxEnable/SlotMaterial/HeroMaterial3/HeroHead/ImageFaction,106300,faction_forest,002_UnityDataAssetPack_datapack__file110,9688,probable_m_sprite,faction_forest,002_UnityDataAssetPack_datapack__file110,4495,80x80,local
REF02-hero-detail,/PanelHeroInfo/RightPart/BoxInfo/PanelEnable/BoxEnable/SlotMaterial/HeroMaterial3/HeroStar/GroupStar1/Star1,106301,hero_star_1,002_UnityDataAssetPack_datapack__file110,7732,probable_m_sprite,hero_star_1,002_UnityDataAssetPack_datapack__file110,2294,28x28,local
REF02-hero-detail,/PanelHeroInfo/RightPart/BoxInfo/PanelEnable/BoxEnable/BoxStar/StarNext/GroupStarE/StarE,106403,hero_star_e,002_UnityDataAssetPack_datapack__file110,9706,probable_m_sprite,hero_star_e,002_UnityDataAssetPack_datapack__file110,4515,41x39,local
REF02-hero-detail,/PanelHeroInfo/RightPart/BoxInfo/PanelEnable/BoxEnable/BoxStar/StarNext/GroupStar10/Star10,106478,hero_star_3,002_UnityDataAssetPack_datapack__file110,9425,probable_m_sprite,hero_star_3,002_UnityDataAssetPack_datapack__file110,4195,40x40,local
REF02-hero-detail,/PanelHeroInfo/HeroBox/ImageBoard/HeroStars/GroupStarE/StarE,106758,hero_star_e,002_UnityDataAssetPack_datapack__file110,9706,probable_m_sprite,hero_star_e,002_UnityDataAssetPack_datapack__file110,4515,41x39,local
REF02-hero-detail,/PanelHeroInfo/RightPart/BoxInfo/PanelAwaken/BoxAwaken/SlotMaterial/HeroMaterial1/HeroStar/GroupStarE/StarE,106803,hero_star_e,002_UnityDataAssetPack_datapack__file110,9706,probable_m_sprite,hero_star_e,002_UnityDataAssetPack_datapack__file110,4515,41x39,local
REF02-hero-detail,/PanelHeroInfo/RightPart/BoxInfo/PanelAwaken/BoxAwaken/SlotMaterial/HeroMaterial3/HeroStar/GroupStar1/Star1,106959,hero_star_1,002_UnityDataAssetPack_datapack__file110,7732,probable_m_sprite,hero_star_1,002_UnityDataAssetPack_datapack__file110,2294,28x28,local
REF02-hero-detail,/PanelHeroInfo/RightPart/BoxInfo/PanelAwaken/BoxAwaken/SlotMaterial/HeroMaterial3/HeroHead/Mask/ImageHead,106961,item_transparent,002_UnityDataAssetPack_datapack__file110,9311,probable_m_sprite,item_transparent,002_UnityDataAssetPack_datapack__file110,4075,100x100,local
REF02-hero-detail,/PanelHeroInfo/RightPart/BoxInfo/PanelAwaken/BoxAwaken/SlotMaterial/HeroMaterial3/HeroStar/GroupStar6/Star6,106962,hero_star_2,002_UnityDataAssetPack_datapack__file110,6507,probable_m_sprite,hero_star_2,002_UnityDataAssetPack_datapack__file110,903,36x36,local
REF02-hero-detail,/PanelHeroInfo/RightPart/BoxInfo/PanelAwaken/BoxAwaken/SlotMaterial/HeroMaterial3/HeroStar/GroupStar6/Star6,106966,hero_star_2,002_UnityDataAssetPack_datapack__file110,6507,probable_m_sprite,hero_star_2,002_UnityDataAssetPack_datapack__file110,903,36x36,local
REF02-hero-detail,/PanelHeroInfo/RightPart/BoxInfo/PanelAwaken/BoxAwaken/SlotMaterial/HeroMaterial3/HeroStar/GroupStar1/Star1,106969,hero_star_1,002_UnityDataAssetPack_datapack__file110,7732,probable_m_sprite,hero_star_1,002_UnityDataAssetPack_datapack__file110,2294,28x28,local
REF02-hero-detail,/PanelHeroInfo/RightPart/BoxInfo/PanelAwaken/BoxAwaken/SlotMaterial/HeroMaterial3/HeroHead/Mask,106973,mask_item,002_UnityDataAssetPack_datapack__file110,8540,probable_m_sprite,mask_item,002_UnityDataAssetPack_datapack__file110,3204,100x100,local
REF02-hero-detail,/PanelHeroInfo/RightPart/BoxInfo/PanelAwaken/BoxAwaken/SlotMaterial/HeroMaterial3/HeroHead/Mask/ImageHeadBw,106975,item_transparent,002_UnityDataAssetPack_datapack__file110,9311,probable_m_sprite,item_transparent,002_UnityDataAssetPack_datapack__file110,4075,100x100,local
REF02-hero-detail,/PanelHeroInfo/RightPart/BoxInfo/PanelAwaken/BoxAwaken/SlotMaterial/HeroMaterial3/HeroStar/GroupStar1/Star1,106977,hero_star_1,002_UnityDataAssetPack_datapack__file110,7732,probable_m_sprite,hero_star_1,002_UnityDataAssetPack_datapack__file110,2294,28x28,local
REF02-hero-detail,/PanelHeroInfo/RightPart/BoxInfo/PanelAwaken/BoxAwaken/SlotMaterial/HeroMaterial3/HeroStar/GroupStar6/Star6,106978,hero_star_2,002_UnityDataAssetPack_datapack__file110,6507,probable_m_sprite,hero_star_2,002_UnityDataAssetPack_datapack__file110,903,36x36,local
REF02-hero-detail,/PanelHeroInfo/RightPart/BoxInfo/PanelAwaken/BoxAwaken/SlotMaterial/HeroMaterial3/HeroStar/GroupStar10/Star10,106979,hero_star_3,002_UnityDataAssetPack_datapack__file110,9425,probable_m_sprite,hero_star_3,002_UnityDataAssetPack_datapack__file110,4195,40x40,local
REF02-hero-detail,/PanelHeroInfo/RightPart/BoxInfo/PanelAwaken/BoxAwaken/SlotMaterial/HeroMaterial3/HeroStar/GroupStar1/Star1,106980,hero_star_1,002_UnityDataAssetPack_datapack__file110,7732,probable_m_sprite,hero_star_1,002_UnityDataAssetPack_datapack__file110,2294,28x28,local
REF02-hero-detail,/PanelHeroInfo/RightPart/BoxInfo/PanelAwaken/BoxAwaken/SlotMaterial/HeroMaterial3/HeroHead/Border,106983,border_item,002_UnityDataAssetPack_datapack__file110,8426,probable_m_sprite,border_item,002_UnityDataAssetPack_datapack__file110,3081,100x100,local
REF02-hero-detail,/PanelHeroInfo/RightPart/BoxInfo/PanelAwaken/BoxAwaken/SlotMaterial/HeroMaterial3/HeroHead/Mask/ImageBgr,106985,bgr_item_consumable,002_UnityDataAssetPack_datapack__file110,7432,probable_m_sprite,bgr_item_consumable,002_UnityDataAssetPack_datapack__file110,1945,100x100,local
REF02-hero-detail,/PanelHeroInfo/RightPart/BoxInfo/PanelAwaken/BoxAwaken/SlotMaterial/HeroMaterial3/IconPlus,106986,icon_plus,002_UnityDataAssetPack_datapack__file110,9752,probable_m_sprite,icon_plus,002_UnityDataAssetPack_datapack__file110,4568,48x48,local
REF02-hero-detail,/PanelHeroInfo/RightPart/BoxInfo/PanelAwaken/BoxAwaken/SlotMaterial/HeroMaterial3/HeroStar/GroupStar1/Star1,106988,hero_star_1,002_UnityDataAssetPack_datapack__file110,7732,probable_m_sprite,hero_star_1,002_UnityDataAssetPack_datapack__file110,2294,28x28,local
REF02-hero-detail,/PanelHeroInfo/RightPart/BoxInfo/PanelAwaken/BoxAwaken/SlotMaterial/HeroMaterial3/HeroHead/ImageFaction,106989,faction_forest,002_UnityDataAssetPack_datapack__file110,9688,probable_m_sprite,faction_forest,002_UnityDataAssetPack_datapack__file110,4495,80x80,local
REF02-hero-detail,/PanelHeroInfo/RightPart/BoxInfo/PanelAwaken/BoxAwaken/SlotMaterial/HeroMaterial3/HeroStar/GroupStar6/Star6,106992,hero_star_2,002_UnityDataAssetPack_datapack__file110,6507,probable_m_sprite,hero_star_2,002_UnityDataAssetPack_datapack__file110,903,36x36,local
REF02-hero-detail,/PanelHeroInfo/RightPart/BoxInfo/PanelEnable/BoxEnable/SlotMaterial/HeroMaterial2/HeroStar/GroupStarE/BgrStarE,107024,star_e_bgr,002_UnityDataAssetPack_datapack__file110,7415,probable_m_sprite,star_e_bgr,002_UnityDataAssetPack_datapack__file110,1922,158x59,local
REF02-hero-detail,/PanelHeroInfo/RightPart/BoxInfo/PanelSpecialEquip/Bgr/GroupContent/SideAttack/GroupImage/Mask,107140,mask_e4,002_UnityDataAssetPack_datapack__file110,6446,probable_m_sprite,mask_e4,002_UnityDataAssetPack_datapack__file110,832,100x100,local
REF02-hero-detail,/PanelHeroInfo/RightPart/BoxInfo/PanelBreakthrough/BoxStar/StarCurrent/GroupStar1/Star4,107400,hero_star_1,002_UnityDataAssetPack_datapack__file110,7732,probable_m_sprite,hero_star_1,002_UnityDataAssetPack_datapack__file110,2294,28x28,local
REF02-hero-detail,/PanelHeroInfo/RightPart/BoxInfo/PanelSpecialEquip/Bgr/GroupContent,107553,rect_26,002_UnityDataAssetPack_datapack__file110,7396,probable_m_sprite,rect_26,002_UnityDataAssetPack_datapack__file110,1902,60x60,local
REF02-hero-detail,/PanelHeroInfo/RightPart/BoxInfo/PanelSpecialEquip/Bgr/GroupContent/SideHP/GroupImage/BgrInfo,107790,rect_50,002_UnityDataAssetPack_datapack__file110,9032,probable_m_sprite,rect_50,002_UnityDataAssetPack_datapack__file110,3766,188x268,local
REF02-hero-detail,/PanelHeroInfo/RightPart/BoxInfo/PanelSpecialEquip/Bgr/GroupContent/SideHP/GroupImage/GroupStarHp/GroupAllStarHp/StarVang2,107797,hero_star_3,002_UnityDataAssetPack_datapack__file110,9425,probable_m_sprite,hero_star_3,002_UnityDataAssetPack_datapack__file110,4195,40x40,local
REF03-islands-map-A,/Canvas/GroupRightButton/HorButtons/LuckySpin,219,button_fk_spin,002_UnityDataAssetPack_datapack__file110,8661,probable_m_sprite,button_fk_spin,002_UnityDataAssetPack_datapack__file110,3346,81x69,local
REF03-islands-map-A,/Canvas/ScrollView/Viewport/Content/ImageBgr/DumbIsland1/ImageLock,220,icon_lock_2,002_UnityDataAssetPack_datapack__file110,6812,probable_m_sprite,icon_lock_2,002_UnityDataAssetPack_datapack__file110,1247,32x40,local
REF03-islands-map-A,/Canvas/ScrollView/Viewport/Content/ImageBgr/DumbIsland5/TagName,222,tag_name_home,002_UnityDataAssetPack_datapack__file110,8519,probable_m_sprite,tag_name_home,002_UnityDataAssetPack_datapack__file110,3183,213x46,local
REF03-islands-map-A,/Canvas/ScrollView/Viewport/Content/ImageBgr/GroupDecor/Image (2),223,decor_1,002_UnityDataAssetPack_datapack__file110,8754,probable_m_sprite,decor_1,002_UnityDataAssetPack_datapack__file110,3444,152x91,local
REF03-islands-map-A,/Canvas/ScrollView/Viewport/Content/ImageBgr/GroupDecor/Image (3),225,1,002_UnityDataAssetPack_datapack__file110,8116,probable_m_sprite,1,002_UnityDataAssetPack_datapack__file110,2732,188x129,local
REF03-islands-map-A,/Canvas/ScrollView/Viewport/Content/ImageBgr/DumbIsland7/ImageLock,230,icon_lock_2,002_UnityDataAssetPack_datapack__file110,6812,probable_m_sprite,icon_lock_2,002_UnityDataAssetPack_datapack__file110,1247,32x40,local
REF03-islands-map-A,/Canvas/GroupRightButton/HorButtons/Shop,233,button_fk_shop,002_UnityDataAssetPack_datapack__file110,6721,probable_m_sprite,button_fk_shop,002_UnityDataAssetPack_datapack__file110,1146,73x74,local
REF03-islands-map-A,/Canvas/ScrollView/Viewport/Content/ImageBgr,236,bgr_dummy_home,002_UnityDataAssetPack_datapack__file110,8900,probable_m_sprite,bgr_dummy_home,002_UnityDataAssetPack_datapack__file110,3618,1400x872,local
REF03-islands-map-A,/Canvas/ScrollView/Viewport/Content/ImageBgr/DumbIsland3/ImageLock,237,icon_lock_2,002_UnityDataAssetPack_datapack__file110,6812,probable_m_sprite,icon_lock_2,002_UnityDataAssetPack_datapack__file110,1247,32x40,local
REF03-islands-map-A,/Canvas/ScrollView/Viewport/Content/ImageBgr/DumbIsland4,240,dumb_island_3,002_UnityDataAssetPack_datapack__file110,6483,probable_m_sprite,dumb_island_3,002_UnityDataAssetPack_datapack__file110,875,365x215,local
REF03-islands-map-A,/Canvas/ScrollView/Viewport/Content/ImageBgr/DumbIsland2/TagName,244,tag_name_home,002_UnityDataAssetPack_datapack__file110,8519,probable_m_sprite,tag_name_home,002_UnityDataAssetPack_datapack__file110,3183,213x46,local
REF03-islands-map-A,/Canvas/ScrollView/Viewport/Content/ImageBgr/DumbIsland4/TagName,245,tag_name_home,002_UnityDataAssetPack_datapack__file110,8519,probable_m_sprite,tag_name_home,002_UnityDataAssetPack_datapack__file110,3183,213x46,local
REF03-islands-map-A,/Canvas/ScrollView/Viewport/Content/ImageBgr/DumbIsland6/ImageLock,246,icon_lock_2,002_UnityDataAssetPack_datapack__file110,6812,probable_m_sprite,icon_lock_2,002_UnityDataAssetPack_datapack__file110,1247,32x40,local
REF03-islands-map-A,/Canvas/ScrollView/Viewport/Content/ImageBgr/DumbIsland3,249,dumb_island_9,002_UnityDataAssetPack_datapack__file110,7549,probable_m_sprite,dumb_island_9,002_UnityDataAssetPack_datapack__file110,2078,237x163,local
REF03-islands-map-A,/Canvas/ScrollView/Viewport/Content/ImageBgr/DumbIsland1/TagName,254,tag_name_home,002_UnityDataAssetPack_datapack__file110,8519,probable_m_sprite,tag_name_home,002_UnityDataAssetPack_datapack__file110,3183,213x46,local
REF03-islands-map-A,/Canvas/ScrollView/Viewport/Content/ImageBgr/DumbIsland3/TagName,258,tag_name_home,002_UnityDataAssetPack_datapack__file110,8519,probable_m_sprite,tag_name_home,002_UnityDataAssetPack_datapack__file110,3183,213x46,local
REF03-islands-map-A,/Canvas/ScrollView/Viewport/Content/ImageBgr/DumbIsland6,261,dumb_island_6,002_UnityDataAssetPack_datapack__file110,9484,probable_m_sprite,dumb_island_6,002_UnityDataAssetPack_datapack__file110,4264,284x182,local
REF03-islands-map-A,/Canvas/GroupRightButton/HorButtons/Mission,264,button_fk_quest,002_UnityDataAssetPack_datapack__file110,9221,probable_m_sprite,button_fk_quest,002_UnityDataAssetPack_datapack__file110,3967,73x65,local
REF03-islands-map-A,/Canvas/ScrollView/Viewport/Content/ImageBgr/DumbIsland2,267,dumb_island_2,002_UnityDataAssetPack_datapack__file110,7869,probable_m_sprite,dumb_island_2,002_UnityDataAssetPack_datapack__file110,2447,214x170,local
REF03-islands-map-A,/Canvas/ScrollView/Viewport,273,UIMask,002_UnityDataAssetPack_datapack__file110,6287,probable_m_sprite,UIMask,002_UnityDataAssetPack_datapack__file110,654,32x32,local
REF03-islands-map-A,/Canvas/ScrollView/Viewport/Content/ImageBgr/GroupDecor/Image (5),274,12,002_UnityDataAssetPack_datapack__file110,8327,probable_m_sprite,12,002_UnityDataAssetPack_datapack__file110,2966,203x70,local
REF03-islands-map-A,/Canvas/ScrollView/Viewport/Content/ImageBgr/DumbIsland2/ImageLock,275,icon_lock_2,002_UnityDataAssetPack_datapack__file110,6812,probable_m_sprite,icon_lock_2,002_UnityDataAssetPack_datapack__file110,1247,32x40,local
REF03-islands-map-A,/Canvas/ScrollView/Viewport/Content/ImageBgr/GroupDecor/Image,278,decor_3,002_UnityDataAssetPack_datapack__file110,9291,probable_m_sprite,decor_3,002_UnityDataAssetPack_datapack__file110,4051,114x151,local
REF03-islands-map-A,/Canvas/ScrollView/Viewport/Content/ImageBgr/DumbIsland7,281,dumb_island_8,002_UnityDataAssetPack_datapack__file110,8392,probable_m_sprite,dumb_island_8,002_UnityDataAssetPack_datapack__file110,3044,190x161,local
REF03-islands-map-A,/Canvas/TopBar,282,bar_top,002_UnityDataAssetPack_datapack__file110,8655,probable_m_sprite,bar_top,002_UnityDataAssetPack_datapack__file110,3339,1138x84,local
REF03-islands-map-A,/Canvas/ScrollView/Viewport/Content/ImageBgr/GroupDecor/Image (4),286,14,002_UnityDataAssetPack_datapack__file110,9780,probable_m_sprite,14,002_UnityDataAssetPack_datapack__file110,4601,259x96,local
REF03-islands-map-A,/Canvas/ScrollView/Viewport/Content/ImageBgr/DumbIsland1,288,dumb_island_11,002_UnityDataAssetPack_datapack__file110,8811,probable_m_sprite,dumb_island_11,002_UnityDataAssetPack_datapack__file110,3516,252x190,local
REF03-islands-map-A,/Canvas/ScrollView,291,Background,002_UnityDataAssetPack_datapack__file110,6283,probable_m_sprite,Background,002_UnityDataAssetPack_datapack__file110,650,32x32,local
REF03-islands-map-A,/Canvas/BottomRightBar/ButtonFeedback,294,button_fk_feedback,002_UnityDataAssetPack_datapack__file110,9040,probable_m_sprite,button_fk_feedback,002_UnityDataAssetPack_datapack__file110,3774,79x67,local
REF03-islands-map-A,/Canvas/GroupRightButton/HorButtons/Setting,297,button_fk_setting,002_UnityDataAssetPack_datapack__file110,9267,probable_m_sprite,button_fk_setting,002_UnityDataAssetPack_datapack__file110,4022,65x68,local
REF03-islands-map-A,/Canvas/ScrollView/Viewport/Content/ImageBgr/DumbIsland4/ImageLock,298,icon_lock_2,002_UnityDataAssetPack_datapack__file110,6812,probable_m_sprite,icon_lock_2,002_UnityDataAssetPack_datapack__file110,1247,32x40,local
REF03-islands-map-A,/Canvas/TopBar/AnchorTopLeft/TextFieldGem/IconGem,299,icon_gem,002_UnityDataAssetPack_datapack__file110,9473,probable_m_sprite,icon_gem,002_UnityDataAssetPack_datapack__file110,4252,50x50,local
REF03-islands-map-A,/Canvas/ScrollView/Viewport/Content/ImageBgr/DumbIsland5,302,dumb_island_10,002_UnityDataAssetPack_datapack__file110,7789,probable_m_sprite,dumb_island_10,002_UnityDataAssetPack_datapack__file110,2361,250x185,local
REF03-islands-map-A,/Canvas/ScrollView/Viewport/Content/ImageBgr/DumbIsland6/TagName,303,tag_name_home,002_UnityDataAssetPack_datapack__file110,8519,probable_m_sprite,tag_name_home,002_UnityDataAssetPack_datapack__file110,3183,213x46,local
REF03-islands-map-A,/Canvas/TopBar/AnchorTopLeft/TextFieldGold,305,box_field_1,002_UnityDataAssetPack_datapack__file110,7438,probable_m_sprite,box_field_1,002_UnityDataAssetPack_datapack__file110,1951,210x44,local
REF03-islands-map-A,/Canvas/GroupRightButton/HorButtons/Boss,311,button_fk_boss,002_UnityDataAssetPack_datapack__file110,6997,probable_m_sprite,button_fk_boss,002_UnityDataAssetPack_datapack__file110,1451,80x68,local
REF03-islands-map-A,/Canvas/ScrollView/Viewport/Content/ImageBgr/GroupDecor/Image (6),312,4,002_UnityDataAssetPack_datapack__file110,7241,probable_m_sprite,4,002_UnityDataAssetPack_datapack__file110,1729,265x159,local
REF03-islands-map-A,/Canvas/BottomLeftBar/ButtonHeroes,314,button_fk_heroes,002_UnityDataAssetPack_datapack__file110,8835,probable_m_sprite,button_fk_heroes,002_UnityDataAssetPack_datapack__file110,3546,115x94,local
REF03-islands-map-A,/Canvas/ScrollView/Viewport/Content/ImageBgr/GroupDecor/Image (1),315,decor_2,002_UnityDataAssetPack_datapack__file110,7780,probable_m_sprite,decor_2,002_UnityDataAssetPack_datapack__file110,2351,464x362,local
REF03-islands-map-A,/Canvas/TopBar/AnchorTopLeft/TextFieldGem,317,box_field_1,002_UnityDataAssetPack_datapack__file110,7438,probable_m_sprite,box_field_1,002_UnityDataAssetPack_datapack__file110,1951,210x44,local
REF03-islands-map-A,/Canvas/ScrollView/Viewport/Content/ImageBgr/DumbIsland7/TagName,318,tag_name_home,002_UnityDataAssetPack_datapack__file110,8519,probable_m_sprite,tag_name_home,002_UnityDataAssetPack_datapack__file110,3183,213x46,local
REF03-islands-map-A,/Canvas/TopBar/AnchorTopLeft/TextFieldGold/IconGold,319,loot_gold,002_UnityDataAssetPack_datapack__file110,8026,probable_m_sprite,loot_gold,002_UnityDataAssetPack_datapack__file110,2630,50x50,local
REF03-islands-map-A,/Canvas/ScrollView/Viewport/Content/ImageBgr/DumbIsland5/ImageLock,323,icon_lock_2,002_UnityDataAssetPack_datapack__file110,6812,probable_m_sprite,icon_lock_2,002_UnityDataAssetPack_datapack__file110,1247,32x40,local
REF03-islands-map-B,/Canvas/ScrollView/Viewport/Content/ImageBgr/DumbIsland1/ImageLock,237,icon_lock_3,002_UnityDataAssetPack_datapack__file110,8801,probable_m_sprite,icon_lock_3,002_UnityDataAssetPack_datapack__file110,3502,32x40,local
REF03-islands-map-B,/Canvas/ScrollView/Viewport/Content/ImageBgr/DumbIsland5/TagName,239,tag_name_island,002_UnityDataAssetPack_datapack__file110,7461,probable_m_sprite,tag_name_island,002_UnityDataAssetPack_datapack__file110,1978,276x32,local
REF03-islands-map-B,/Canvas/ScrollView/Viewport/Content/ImageBgr/GroupDecor/Image (2),242,decor_1,002_UnityDataAssetPack_datapack__file110,8754,probable_m_sprite,decor_1,002_UnityDataAssetPack_datapack__file110,3444,152x91,local
REF03-islands-map-B,/Canvas/ScrollView/Viewport/Content/ImageBgr/GroupDecor/Image (3),244,1,002_UnityDataAssetPack_datapack__file110,8116,probable_m_sprite,1,002_UnityDataAssetPack_datapack__file110,2732,188x129,local
REF03-islands-map-B,/Canvas/GroupRightButton/HorButtons/Shop/TagFk (2),249,tag_icon_fk,002_UnityDataAssetPack_datapack__file110,8135,probable_m_sprite,tag_icon_fk,002_UnityDataAssetPack_datapack__file110,2752,140x44,local
REF03-islands-map-B,/Canvas/ScrollView/Viewport/Content/ImageBgr/DumbIsland7/ImageLock,253,icon_lock_3,002_UnityDataAssetPack_datapack__file110,8801,probable_m_sprite,icon_lock_3,002_UnityDataAssetPack_datapack__file110,3502,32x40,local
REF03-islands-map-B,/Canvas/GroupRightButton/HorButtons/Shop,256,icon_shop_fk,002_UnityDataAssetPack_datapack__file110,8433,probable_m_sprite,icon_shop_fk,002_UnityDataAssetPack_datapack__file110,3088,92x92,local
REF03-islands-map-B,/Canvas/ScrollView/Viewport/Content/ImageBgr,260,bgr_dummy_home,002_UnityDataAssetPack_datapack__file110,8900,probable_m_sprite,bgr_dummy_home,002_UnityDataAssetPack_datapack__file110,3618,1400x872,local
REF03-islands-map-B,/Canvas/ScrollView/Viewport/Content/ImageBgr/DumbIsland3/ImageLock,261,icon_lock_3,002_UnityDataAssetPack_datapack__file110,8801,probable_m_sprite,icon_lock_3,002_UnityDataAssetPack_datapack__file110,3502,32x40,local
REF03-islands-map-B,/Canvas/ScrollView/Viewport/Content/ImageBgr/DumbIsland4,264,dummy_island_2_4,002_UnityDataAssetPack_datapack__file110,6878,probable_m_sprite,dummy_island_2_4,002_UnityDataAssetPack_datapack__file110,1317,250x215,local
REF03-islands-map-B,/Canvas/ScrollView/Viewport/Content/ImageBgr/DumbIsland2/TagName,268,tag_name_island,002_UnityDataAssetPack_datapack__file110,7461,probable_m_sprite,tag_name_island,002_UnityDataAssetPack_datapack__file110,1978,276x32,local
REF03-islands-map-B,/Canvas/ScrollView/Viewport/Content/ImageBgr/DumbIsland4/TagName,269,tag_name_island,002_UnityDataAssetPack_datapack__file110,7461,probable_m_sprite,tag_name_island,002_UnityDataAssetPack_datapack__file110,1978,276x32,local
REF03-islands-map-B,/Canvas/ScrollView/Viewport/Content/ImageBgr/DumbIsland6/ImageLock,270,icon_lock_3,002_UnityDataAssetPack_datapack__file110,8801,probable_m_sprite,icon_lock_3,002_UnityDataAssetPack_datapack__file110,3502,32x40,local
REF03-islands-map-B,/Canvas/ScrollView/Viewport/Content/ImageBgr/DumbIsland3,273,dummy_island_2_3,002_UnityDataAssetPack_datapack__file110,9522,probable_m_sprite,dummy_island_2_3,002_UnityDataAssetPack_datapack__file110,4304,250x221,local
REF03-islands-map-B,/Canvas/ScrollView/Viewport/Content/ImageBgr/DumbIsland1/TagName,278,tag_name_island,002_UnityDataAssetPack_datapack__file110,7461,probable_m_sprite,tag_name_island,002_UnityDataAssetPack_datapack__file110,1978,276x32,local
REF03-islands-map-B,/Canvas/ScrollView/Viewport/Content/ImageBgr/DumbIsland3/TagName,279,tag_name_island,002_UnityDataAssetPack_datapack__file110,7461,probable_m_sprite,tag_name_island,002_UnityDataAssetPack_datapack__file110,1978,276x32,local
REF03-islands-map-B,/Canvas/ScrollView/Viewport/Content/ImageBgr/DumbIsland6,282,dummy_island_2_6,002_UnityDataAssetPack_datapack__file110,8834,probable_m_sprite,dummy_island_2_6,002_UnityDataAssetPack_datapack__file110,3545,250x235,local
REF03-islands-map-B,/Canvas/ScrollView/Viewport/Content/ImageBgr/DumbIsland2,285,dummy_island_2_2,002_UnityDataAssetPack_datapack__file110,8350,probable_m_sprite,dummy_island_2_2,002_UnityDataAssetPack_datapack__file110,2993,250x233,local
REF03-islands-map-B,/Canvas/ScrollView/Viewport/Content/ImageBgr/GroupNewBgr/Part1,290,world_bgr_1,002_UnityDataAssetPack_datapack__file110,7514,probable_m_sprite,world_bgr_1,002_UnityDataAssetPack_datapack__file110,2040,868x640,local
REF03-islands-map-B,/Canvas/ScrollView/Viewport,292,UIMask,002_UnityDataAssetPack_datapack__file110,6287,probable_m_sprite,UIMask,002_UnityDataAssetPack_datapack__file110,654,32x32,local
REF03-islands-map-B,/Canvas/GroupRightButton/HorButtons/Feedback,295,icon_feedback_fk,002_UnityDataAssetPack_datapack__file110,8341,probable_m_sprite,icon_feedback_fk,002_UnityDataAssetPack_datapack__file110,2981,92x92,local
REF03-islands-map-B,/Canvas/ScrollView/Viewport/Content/ImageBgr/GroupDecor/Image (5),296,12,002_UnityDataAssetPack_datapack__file110,8327,probable_m_sprite,12,002_UnityDataAssetPack_datapack__file110,2966,203x70,local
REF03-islands-map-B,/Canvas/ScrollView/Viewport/Content/ImageBgr/DumbIsland2/ImageLock,297,icon_lock_3,002_UnityDataAssetPack_datapack__file110,8801,probable_m_sprite,icon_lock_3,002_UnityDataAssetPack_datapack__file110,3502,32x40,local
REF03-islands-map-B,/Canvas/ScrollView/Viewport/Content/ImageBgr/GroupDecor/Image,300,decor_3,002_UnityDataAssetPack_datapack__file110,9291,probable_m_sprite,decor_3,002_UnityDataAssetPack_datapack__file110,4051,114x151,local
REF03-islands-map-B,/Canvas/ScrollView/Viewport/Content/ImageBgr/DumbIsland7,303,dummy_island_2_7,002_UnityDataAssetPack_datapack__file110,9888,probable_m_sprite,dummy_island_2_7,002_UnityDataAssetPack_datapack__file110,4722,250x250,local
REF03-islands-map-B,/Canvas/TopBar,304,bar_top,002_UnityDataAssetPack_datapack__file110,8655,probable_m_sprite,bar_top,002_UnityDataAssetPack_datapack__file110,3339,1138x84,local
REF03-islands-map-B,/Canvas/GroupRightButton/HorButtons/Setting/TagFk (3),305,tag_icon_fk,002_UnityDataAssetPack_datapack__file110,8135,probable_m_sprite,tag_icon_fk,002_UnityDataAssetPack_datapack__file110,2752,140x44,local
REF03-islands-map-B,/Canvas/ScrollView/Viewport/Content/ImageBgr/GroupDecor/Image (4),306,14,002_UnityDataAssetPack_datapack__file110,9780,probable_m_sprite,14,002_UnityDataAssetPack_datapack__file110,4601,259x96,local
REF03-islands-map-B,/Canvas/ScrollView/Viewport/Content/ImageBgr/DumbIsland1,308,dummy_island_2_1,002_UnityDataAssetPack_datapack__file110,6560,probable_m_sprite,dummy_island_2_1,002_UnityDataAssetPack_datapack__file110,965,250x198,local
REF03-islands-map-B,/Canvas/ScrollView,311,Background,002_UnityDataAssetPack_datapack__file110,6283,probable_m_sprite,Background,002_UnityDataAssetPack_datapack__file110,650,32x32,local
REF03-islands-map-B,/Canvas/GroupRightButton/HorButtons/Boss/TagFk (1),312,tag_icon_fk,002_UnityDataAssetPack_datapack__file110,8135,probable_m_sprite,tag_icon_fk,002_UnityDataAssetPack_datapack__file110,2752,140x44,local
REF03-islands-map-B,/Canvas/BottomRightBar/ButtonFeedback,315,button_fk_feedback,002_UnityDataAssetPack_datapack__file110,9040,probable_m_sprite,button_fk_feedback,002_UnityDataAssetPack_datapack__file110,3774,79x67,local
REF03-islands-map-B,/Canvas/GroupRightButton/HorButtons/Setting,318,icon_setting_fk,002_UnityDataAssetPack_datapack__file110,8906,probable_m_sprite,icon_setting_fk,002_UnityDataAssetPack_datapack__file110,3625,92x92,local
REF03-islands-map-B,/Canvas/ScrollView/Viewport/Content/ImageBgr/DumbIsland4/ImageLock,319,icon_lock_3,002_UnityDataAssetPack_datapack__file110,8801,probable_m_sprite,icon_lock_3,002_UnityDataAssetPack_datapack__file110,3502,32x40,local
REF03-islands-map-B,/Canvas/TopBar/AnchorTopLeft/TextFieldGem/IconGem,320,gem_icon,002_UnityDataAssetPack_datapack__file110,7781,probable_m_sprite,gem_icon,002_UnityDataAssetPack_datapack__file110,2352,44x32,local
REF03-islands-map-B,/Canvas/GroupRightButton/HorButtons/Feedback/TagFk,321,tag_icon_fk,002_UnityDataAssetPack_datapack__file110,8135,probable_m_sprite,tag_icon_fk,002_UnityDataAssetPack_datapack__file110,2752,140x44,local
REF03-islands-map-B,/Canvas/ScrollView/Viewport/Content/ImageBgr/DumbIsland5,324,dummy_island_2_5,002_UnityDataAssetPack_datapack__file110,7945,probable_m_sprite,dummy_island_2_5,002_UnityDataAssetPack_datapack__file110,2534,250x218,local
REF03-islands-map-B,/Canvas/ScrollView/Viewport/Content/ImageBgr/DumbIsland6/TagName,325,tag_name_island,002_UnityDataAssetPack_datapack__file110,7461,probable_m_sprite,tag_name_island,002_UnityDataAssetPack_datapack__file110,1978,276x32,local
REF03-islands-map-B,/Canvas/TopBar/AnchorTopLeft/TextFieldGold,327,field_fk,002_UnityDataAssetPack_datapack__file110,9682,probable_m_sprite,field_fk,002_UnityDataAssetPack_datapack__file110,4489,180x36,local
REF03-islands-map-B,/Canvas/GroupRightButton/HorButtons/Boss,333,icon_boss_fk,002_UnityDataAssetPack_datapack__file110,8467,probable_m_sprite,icon_boss_fk,002_UnityDataAssetPack_datapack__file110,3123,92x92,local
REF03-islands-map-B,/Canvas/ScrollView/Viewport/Content/ImageBgr/GroupDecor/Image (6),334,4,002_UnityDataAssetPack_datapack__file110,7241,probable_m_sprite,4,002_UnityDataAssetPack_datapack__file110,1729,265x159,local
REF03-islands-map-B,/Canvas/BottomLeftBar/ButtonHeroes,336,icon_ally_fk,002_UnityDataAssetPack_datapack__file110,7726,probable_m_sprite,icon_ally_fk,002_UnityDataAssetPack_datapack__file110,2286,92x92,local
REF03-islands-map-B,/Canvas/ScrollView/Viewport/Content/ImageBgr/GroupDecor/Image (1),337,decor_2,002_UnityDataAssetPack_datapack__file110,7780,probable_m_sprite,decor_2,002_UnityDataAssetPack_datapack__file110,2351,464x362,local
REF03-islands-map-B,/Canvas/TopBar/AnchorTopLeft/TextFieldGem,339,field_fk,002_UnityDataAssetPack_datapack__file110,9682,probable_m_sprite,field_fk,002_UnityDataAssetPack_datapack__file110,4489,180x36,local
REF03-islands-map-B,/Canvas/BottomLeftBar/ButtonHeroes/TagName,340,tag_icon_fk,002_UnityDataAssetPack_datapack__file110,8135,probable_m_sprite,tag_icon_fk,002_UnityDataAssetPack_datapack__file110,2752,140x44,local
REF03-islands-map-B,/Canvas/ScrollView/Viewport/Content/ImageBgr/DumbIsland7/TagName,341,tag_name_island,002_UnityDataAssetPack_datapack__file110,7461,probable_m_sprite,tag_name_island,002_UnityDataAssetPack_datapack__file110,1978,276x32,local
REF03-islands-map-B,/Canvas/TopBar/AnchorTopLeft/TextFieldGold/IconGold,342,gold_icon,002_UnityDataAssetPack_datapack__file110,7186,probable_m_sprite,gold_icon,002_UnityDataAssetPack_datapack__file110,1667,56x55,local
REF03-islands-map-B,/Canvas/ScrollView/Viewport/Content/ImageBgr/GroupNewBgr/Part2,343,world_bgr_2,002_UnityDataAssetPack_datapack__file110,8012,probable_m_sprite,world_bgr_2,002_UnityDataAssetPack_datapack__file110,2614,712x640,local
REF03-islands-map-B,/Canvas/ScrollView/Viewport/Content/ImageBgr/DumbIsland5/ImageLock,347,icon_lock_3,002_UnityDataAssetPack_datapack__file110,8801,probable_m_sprite,icon_lock_3,002_UnityDataAssetPack_datapack__file110,3502,32x40,local
REF04-home-crew,/Canvas/PaneHomeCenter/GroupButtons/ButtonFirstPurchase/NotifyEvent,1443,notify_dot,002_UnityDataAssetPack_datapack__file110,7710,probable_m_sprite,notify_dot,002_UnityDataAssetPack_datapack__file110,2264,32x32,local
REF04-home-crew,/Canvas/ButtonMenu,1445,home2_menu_right,002_UnityDataAssetPack_datapack__file110,9647,probable_m_sprite,home2_menu_right,002_UnityDataAssetPack_datapack__file110,4450,84x92,local
REF04-home-crew,/Canvas/PanelHomeBottomLeft/GroupChat/HotChat/BoxHotChat/GroupMessage/CellMsg,1447,UIMask,002_UnityDataAssetPack_datapack__file110,6287,probable_m_sprite,UIMask,002_UnityDataAssetPack_datapack__file110,654,32x32,local
REF04-home-crew,/Canvas/TopResource/TextFieldGold,1449,field_res_home,002_UnityDataAssetPack_datapack__file110,7503,probable_m_sprite,field_res_home,002_UnityDataAssetPack_datapack__file110,2026,189x48,local
REF04-home-crew,/Canvas/PanelHomeTopRight/ButtonTest,1454,home2_fb,002_UnityDataAssetPack_datapack__file110,9577,probable_m_sprite,home2_fb,002_UnityDataAssetPack_datapack__file110,4367,62x62,local
REF04-home-crew,/Canvas/PanelHomeBottom/GroupContent/GroupButton/ButtonShip,1455,home2_monster,002_UnityDataAssetPack_datapack__file110,9453,probable_m_sprite,home2_monster,002_UnityDataAssetPack_datapack__file110,4227,84x92,local
REF04-home-crew,/Canvas/PanelHomeTopLeft/PlayerInfo/GroupAvatar/Mask/Background,1458,bgr_avatar,002_UnityDataAssetPack_datapack__file110,8472,probable_m_sprite,bgr_avatar,002_UnityDataAssetPack_datapack__file110,3128,98x97,local
REF04-home-crew,/Canvas/TopResource/TextFieldGold/IconGold,1459,icon_gold,002_UnityDataAssetPack_datapack__file110,7602,probable_m_sprite,icon_gold,002_UnityDataAssetPack_datapack__file110,2139,50x50,local
REF04-home-crew,/Canvas/PanelHomeBottomLeft/ButtonQuest,1461,home2_quest,002_UnityDataAssetPack_datapack__file110,8065,probable_m_sprite,home2_quest,002_UnityDataAssetPack_datapack__file110,2672,62x62,local
REF04-home-crew,/Canvas/PanelHomeBottomRight/ButtonWorld,1464,home2_campaign,002_UnityDataAssetPack_datapack__file110,8517,probable_m_sprite,home2_campaign,002_UnityDataAssetPack_datapack__file110,3181,84x92,local
REF04-home-crew,/Canvas/Background/ImagePier,1465,bgr_pier,002_UnityDataAssetPack_datapack__file110,6792,probable_m_sprite,bgr_pier,002_UnityDataAssetPack_datapack__file110,1226,266x98,local
REF04-home-crew,/Canvas/PanelHomeBottomRight/ButtonFuse/IconBlockFusi,1466,icon_lock_2,002_UnityDataAssetPack_datapack__file110,6812,probable_m_sprite,icon_lock_2,002_UnityDataAssetPack_datapack__file110,1247,32x40,local
REF04-home-crew,/Canvas/PaneHomeCenter/GroupButtons/ButtonLuckySpin,1468,home2_lucky,002_UnityDataAssetPack_datapack__file110,9557,probable_m_sprite,home2_lucky,002_UnityDataAssetPack_datapack__file110,4344,74x78,local
REF04-home-crew,/Canvas/PanelHomeBottom/GroupContent/GroupButton/ButtonShop,1469,home2_market,002_UnityDataAssetPack_datapack__file110,6981,probable_m_sprite,home2_market,002_UnityDataAssetPack_datapack__file110,1433,84x92,local
REF04-home-crew,/Canvas/PanelHomeTopLeft/PlayerInfo/GroupAvatar/Mask/ImageAvatar,1476,123,002_UnityDataAssetPack_datapack__file110,8197,probable_m_sprite,123,002_UnityDataAssetPack_datapack__file110,2822,100x100,local
REF04-home-crew,/Canvas/PaneHomeCenter/GroupButtons/ButtonEvents,1478,home2_events,002_UnityDataAssetPack_datapack__file110,9777,probable_m_sprite,home2_events,002_UnityDataAssetPack_datapack__file110,4598,74x78,local
REF04-home-crew,/Canvas/PanelHomeTopLeft/PanelHomeQuest/Content/ImageBox,1480,box_home_quest,002_UnityDataAssetPack_datapack__file110,7606,probable_m_sprite,box_home_quest,002_UnityDataAssetPack_datapack__file110,2143,262x93,local
REF04-home-crew,/Canvas/PanelHomeTopLeft/PlayerInfo/Board,1481,board_player,002_UnityDataAssetPack_datapack__file110,7614,probable_m_sprite,board_player,002_UnityDataAssetPack_datapack__file110,2153,244x91,local
REF04-home-crew,/Canvas/PanelHomeBottom/GroupContent/GroupButton/ButtonShip/TagName,1482,tag_button,002_UnityDataAssetPack_datapack__file110,9155,probable_m_sprite,tag_button,002_UnityDataAssetPack_datapack__file110,3897,87x23,local
REF04-home-crew,/Canvas/PanelHomeBottomRight/ButtonForge,1484,menu_home2_forge,002_UnityDataAssetPack_datapack__file110,9121,probable_m_sprite,menu_home2_forge,002_UnityDataAssetPack_datapack__file110,3861,100x100,local
REF04-home-crew,/Canvas/PanelHomeTopLeft/PlayerInfo,1489,home2_bar_info,002_UnityDataAssetPack_datapack__file110,6484,probable_m_sprite,home2_bar_info,002_UnityDataAssetPack_datapack__file110,876,290x82,local
REF04-home-crew,/Canvas/PanelHomeBottom/GroupContent/ImageBgr,1495,bar_home2_bottom,002_UnityDataAssetPack_datapack__file110,9498,probable_m_sprite,bar_home2_bottom,002_UnityDataAssetPack_datapack__file110,4278,873x104,local
REF04-home-crew,/Canvas/PanelHomeBottom/GroupContent/GroupButton/ButtonSummon/BoxSelect/ButtonScroll,1497,home2_button_bgr,002_UnityDataAssetPack_datapack__file110,8510,probable_m_sprite,home2_button_bgr,002_UnityDataAssetPack_datapack__file110,3174,100x100,local
REF04-home-crew,/Canvas/PanelHomeTopRight/ButtonMail/NotifyMail,1503,notify_dot,002_UnityDataAssetPack_datapack__file110,7710,probable_m_sprite,notify_dot,002_UnityDataAssetPack_datapack__file110,2264,32x32,local
REF04-home-crew,/Canvas/PanelHomeBottomLeft/ButtonAchievement/NotifyAchivement,1504,notify_dot,002_UnityDataAssetPack_datapack__file110,7710,probable_m_sprite,notify_dot,002_UnityDataAssetPack_datapack__file110,2264,32x32,local
REF04-home-crew,/Canvas/ButtonMenu/ImageTag,1505,tag_button,002_UnityDataAssetPack_datapack__file110,9155,probable_m_sprite,tag_button,002_UnityDataAssetPack_datapack__file110,3897,87x23,local
REF04-home-crew,/Canvas/PanelHomeBottom/GroupContent/GroupButton/ButtonSummon/BoxSelect/ButtonScroll/NotifySummon,1506,notify_dot,002_UnityDataAssetPack_datapack__file110,7710,probable_m_sprite,notify_dot,002_UnityDataAssetPack_datapack__file110,2264,32x32,local
REF04-home-crew,/Canvas/PanelHomeBottomRight/ButtonAltar/ImageTag,1507,tag_button,002_UnityDataAssetPack_datapack__file110,9155,probable_m_sprite,tag_button,002_UnityDataAssetPack_datapack__file110,3897,87x23,local
REF04-home-crew,/Canvas/PanelHomeBottomLeft/GroupChat/HotChat/BoxHotChat/GroupMessage,1510,UIMask,002_UnityDataAssetPack_datapack__file110,6287,probable_m_sprite,UIMask,002_UnityDataAssetPack_datapack__file110,654,32x32,local
REF04-home-crew,/Canvas/TopResource/TextFieldGem/ButtonAddGem,1514,btn_Action,002_UnityDataAssetPack_datapack__file110,8499,probable_m_sprite,btn_Action,002_UnityDataAssetPack_datapack__file110,3159,172x48,local
REF04-home-crew,/Canvas/PanelHomeBottomLeft/ButtonQuest/NotifySummon,1516,notify_dot,002_UnityDataAssetPack_datapack__file110,7710,probable_m_sprite,notify_dot,002_UnityDataAssetPack_datapack__file110,2264,32x32,local
REF04-home-crew,/Canvas/PanelHomeBottomLeft/GroupChat/HotChat/BoxHotChat/GroupMessage/CellMsg,1520,UIMask,002_UnityDataAssetPack_datapack__file110,6287,probable_m_sprite,UIMask,002_UnityDataAssetPack_datapack__file110,654,32x32,local
REF04-home-crew,/Canvas/PanelHomeTopRight/ButtonFriend,1522,home2_friend,002_UnityDataAssetPack_datapack__file110,9877,probable_m_sprite,home2_friend,002_UnityDataAssetPack_datapack__file110,4710,62x62,local
REF04-home-crew,/Canvas/PaneHomeCenter/GroupButtons/ButtonRollcall/GoNotify,1524,notify_dot,002_UnityDataAssetPack_datapack__file110,7710,probable_m_sprite,notify_dot,002_UnityDataAssetPack_datapack__file110,2264,32x32,local
REF04-home-crew,/Canvas/PanelHomeBottomLeft/GroupChat/HotChat/BoxHotChat/GroupMessage/CellMsg,1526,UIMask,002_UnityDataAssetPack_datapack__file110,6287,probable_m_sprite,UIMask,002_UnityDataAssetPack_datapack__file110,654,32x32,local
REF04-home-crew,/Canvas/PanelHomeBottomRight/ButtonWorld/IconBlockWorld,1527,icon_lock_2,002_UnityDataAssetPack_datapack__file110,6812,probable_m_sprite,icon_lock_2,002_UnityDataAssetPack_datapack__file110,1247,32x40,local
REF04-home-crew,/Canvas/PanelHomeBottomRight/ButtonAltar,1533,menu_home2_altar,002_UnityDataAssetPack_datapack__file110,8455,probable_m_sprite,menu_home2_altar,002_UnityDataAssetPack_datapack__file110,3111,100x100,local
REF04-home-crew,/Canvas/PanelHomeBottom/GroupContent/GroupButton/ButtonSummon/BoxSelect/ButtonOrb,1539,home2_button_bgr,002_UnityDataAssetPack_datapack__file110,8510,probable_m_sprite,home2_button_bgr,002_UnityDataAssetPack_datapack__file110,3174,100x100,local
REF04-home-crew,/Canvas/PanelHomeBottom/GroupContent/GroupButton/ButtonBag/TagName,1549,tag_button,002_UnityDataAssetPack_datapack__file110,9155,probable_m_sprite,tag_button,002_UnityDataAssetPack_datapack__file110,3897,87x23,local
REF04-home-crew,/Canvas/PanelHomeBottom/GroupContent/GroupButton/ButtonSummon,1554,home2_summon,002_UnityDataAssetPack_datapack__file110,8846,probable_m_sprite,home2_summon,002_UnityDataAssetPack_datapack__file110,3559,84x92,local
REF04-home-crew,/Canvas/BarTop,1557,bar_home2_top,002_UnityDataAssetPack_datapack__file110,9308,probable_m_sprite,bar_home2_top,002_UnityDataAssetPack_datapack__file110,4072,762x33,local
REF04-home-crew,/Canvas/Background/Layer2,1558,bgr_layer_2,002_UnityDataAssetPack_datapack__file110,9103,probable_m_sprite,bgr_layer_2,002_UnityDataAssetPack_datapack__file110,3843,1408x552,local
REF04-home-crew,/Canvas/TopResource/TextFieldGem/IconGem,1564,icon_gem,002_UnityDataAssetPack_datapack__file110,9473,probable_m_sprite,icon_gem,002_UnityDataAssetPack_datapack__file110,4252,50x50,local
REF04-home-crew,/Canvas/TopResource/TextFieldGem,1565,field_res_home,002_UnityDataAssetPack_datapack__file110,7503,probable_m_sprite,field_res_home,002_UnityDataAssetPack_datapack__file110,2026,189x48,local
REF04-home-crew,/Canvas/PaneHomeCenter/GroupButtons/ButtonFirstPurchase,1572,icon_nap_dau,002_UnityDataAssetPack_datapack__file110,9008,probable_m_sprite,icon_nap_dau,002_UnityDataAssetPack_datapack__file110,3738,76x80,local
REF04-home-crew,/Canvas/PanelHomeBottomRight/ButtonFuse/ImageTag,1575,tag_button,002_UnityDataAssetPack_datapack__file110,9155,probable_m_sprite,tag_button,002_UnityDataAssetPack_datapack__file110,3897,87x23,local
REF04-home-crew,/Canvas/PanelHomeTopRight/ButtonFb,1577,home2_fb,002_UnityDataAssetPack_datapack__file110,9577,probable_m_sprite,home2_fb,002_UnityDataAssetPack_datapack__file110,4367,62x62,local
REF04-home-crew,/Canvas/PanelHomeBottom/GroupContent/GroupButton/ButtonBag,1584,home2_bag,002_UnityDataAssetPack_datapack__file110,9345,probable_m_sprite,home2_bag,002_UnityDataAssetPack_datapack__file110,4111,84x92,local
REF04-home-crew,/Canvas/PanelHomeBottom/GroupContent/GroupButton/ButtonSummon/BoxSelect/ButtonOrb/IconButton,1601,icon_prophet_orb,002_UnityDataAssetPack_datapack__file110,7011,probable_m_sprite,icon_prophet_orb,002_UnityDataAssetPack_datapack__file110,1468,52x52,local
REF04-home-crew,/Canvas/PaneHomeCenter/GroupButtons/ButtonRollcall,1612,home2_rollcall,002_UnityDataAssetPack_datapack__file110,6793,probable_m_sprite,home2_rollcall,002_UnityDataAssetPack_datapack__file110,1227,74x78,local
REF04-home-crew,/Canvas/PanelHomeBottomLeft/ButtonAchievement,1620,home2_achievement,002_UnityDataAssetPack_datapack__file110,9352,probable_m_sprite,home2_achievement,002_UnityDataAssetPack_datapack__file110,4119,62x62,local
REF04-home-crew,/Canvas/PanelHomeTopLeft/PlayerInfo/GroupAvatar/FrameVip,1622,frame_vip,002_UnityDataAssetPack_datapack__file110,9730,probable_m_sprite,frame_vip,002_UnityDataAssetPack_datapack__file110,4543,129x95,local
REF04-home-crew,/Canvas/PanelHomeBottomLeft/18Plus/Image,1625,icon_18_plus,002_UnityDataAssetPack_datapack__file110,9823,probable_m_sprite,icon_18_plus,002_UnityDataAssetPack_datapack__file110,4652,52x52,local
REF04-home-crew,/Canvas/PanelHomeBottom/GroupContent/GroupButton/ButtonSummon/BoxSelect/ButtonScroll/IconButton,1626,icon_scroll_heroic,002_UnityDataAssetPack_datapack__file110,9456,probable_m_sprite,icon_scroll_heroic,002_UnityDataAssetPack_datapack__file110,4230,52x52,local
REF04-home-crew,/Canvas/PanelHomeBottomLeft/ButtonSkins,1628,home2_skin,002_UnityDataAssetPack_datapack__file110,6903,probable_m_sprite,home2_skin,002_UnityDataAssetPack_datapack__file110,1346,62x62,local
REF04-home-crew,/Canvas/PanelHomeBottom/GroupContent/GroupButton/ButtonShip/IconBlockPet,1629,icon_lock_2,002_UnityDataAssetPack_datapack__file110,6812,probable_m_sprite,icon_lock_2,002_UnityDataAssetPack_datapack__file110,1247,32x40,local
REF04-home-crew,/Canvas/PanelHomeBottomLeft/GroupChat/ButtonChat/NotifyChatAdmin/Bgr,1632,round_rect_3,002_UnityDataAssetPack_datapack__file110,9834,probable_m_sprite,round_rect_3,002_UnityDataAssetPack_datapack__file110,4663,44x44,local
REF04-home-crew,/Canvas/PanelHomeBottomRight/ButtonFuse/ImageIcon,1635,menu_home2_fuse,002_UnityDataAssetPack_datapack__file110,7961,probable_m_sprite,menu_home2_fuse,002_UnityDataAssetPack_datapack__file110,2552,100x100,local
REF04-home-crew,/Canvas/PanelHomeTopLeft/Warning18Plus,1636,18_plus,002_UnityDataAssetPack_datapack__file110,6336,probable_m_sprite,18_plus,002_UnityDataAssetPack_datapack__file110,712,222x72,local
REF04-home-crew,/Canvas/PanelHomeBottom/GroupContent/ButtonCampaign,1638,home2_world,002_UnityDataAssetPack_datapack__file110,7338,probable_m_sprite,home2_world,002_UnityDataAssetPack_datapack__file110,1835,137x136,local
REF04-home-crew,/Canvas/PanelHomeBottomRight/ButtonAltar/ImageIcon,1643,menu_home2_altar,002_UnityDataAssetPack_datapack__file110,8455,probable_m_sprite,menu_home2_altar,002_UnityDataAssetPack_datapack__file110,3111,100x100,local
REF04-home-crew,/Canvas/PanelHomeBottomLeft/GroupChat/HotChat/BoxHotChat,1658,rectangle,002_UnityDataAssetPack_datapack__file110,8082,probable_m_sprite,rectangle,002_UnityDataAssetPack_datapack__file110,2691,88x57,local
REF04-home-crew,/Canvas/PanelMenu/ArchBgr,1659,arch_menu,002_UnityDataAssetPack_datapack__file110,7463,probable_m_sprite,arch_menu,002_UnityDataAssetPack_datapack__file110,1980,216x327,local
REF04-home-crew,/Canvas/TopResource/TextFieldGold/NotifyHandMidas,1660,notify_dot,002_UnityDataAssetPack_datapack__file110,7710,probable_m_sprite,notify_dot,002_UnityDataAssetPack_datapack__file110,2264,32x32,local
REF04-home-crew,/Canvas/PanelHomeBottom/GroupContent/GroupButton/ButtonSummon/TagName,1661,tag_button,002_UnityDataAssetPack_datapack__file110,9155,probable_m_sprite,tag_button,002_UnityDataAssetPack_datapack__file110,3897,87x23,local
REF04-home-crew,/Canvas/PanelHomeTopLeft/PlayerInfo/GroupAvatar/ImageFrame,1663,home2_frame_avatar,002_UnityDataAssetPack_datapack__file110,9249,probable_m_sprite,home2_frame_avatar,002_UnityDataAssetPack_datapack__file110,4002,100x100,local
REF04-home-crew,/Canvas/Background/ImageRock,1668,bgr_rock,002_UnityDataAssetPack_datapack__file110,8073,probable_m_sprite,bgr_rock,002_UnityDataAssetPack_datapack__file110,2682,455x189,local
REF04-home-crew,/Canvas/TopResource/TextFieldGold/ButtonAddGold,1687,btn_Action,002_UnityDataAssetPack_datapack__file110,8499,probable_m_sprite,btn_Action,002_UnityDataAssetPack_datapack__file110,3159,172x48,local
REF04-home-crew,/Canvas/PanelHomeBottomLeft/GroupChat/ButtonChat,1689,home2_chat,002_UnityDataAssetPack_datapack__file110,7030,probable_m_sprite,home2_chat,002_UnityDataAssetPack_datapack__file110,1489,62x62,local
REF04-home-crew,/Canvas/PanelHomeTopRight/ButtonFriend/NotifyFriend,1693,notify_dot,002_UnityDataAssetPack_datapack__file110,7710,probable_m_sprite,notify_dot,002_UnityDataAssetPack_datapack__file110,2264,32x32,local
REF04-home-crew,/Canvas/TopResource/TextFieldGem/ButtonAddGem/Image,1694,button_add_home,002_UnityDataAssetPack_datapack__file110,9447,probable_m_sprite,button_add_home,002_UnityDataAssetPack_datapack__file110,4220,36x36,local
REF04-home-crew,/Canvas/PanelHomeBottomRight/ButtonWorld/ImageTag,1695,tag_button,002_UnityDataAssetPack_datapack__file110,9155,probable_m_sprite,tag_button,002_UnityDataAssetPack_datapack__file110,3897,87x23,local
REF04-home-crew,/Canvas/PaneHomeCenter/GroupButtons/ButtonEvents/NotifyEvent,1696,notify_dot,002_UnityDataAssetPack_datapack__file110,7710,probable_m_sprite,notify_dot,002_UnityDataAssetPack_datapack__file110,2264,32x32,local
REF04-home-crew,/Canvas/PanelHomeBottomRight/ButtonAltar/IconBlockAltar,1697,icon_lock_2,002_UnityDataAssetPack_datapack__file110,6812,probable_m_sprite,icon_lock_2,002_UnityDataAssetPack_datapack__file110,1247,32x40,local
REF04-home-crew,/Canvas/PanelHomeBottom/GroupContent/GroupButton/ButtonHeroes,1698,home2_hero,002_UnityDataAssetPack_datapack__file110,8147,probable_m_sprite,home2_hero,002_UnityDataAssetPack_datapack__file110,2764,84x92,local
REF04-home-crew,/Canvas/Background/Layer1,1700,bgr_layer_1,002_UnityDataAssetPack_datapack__file110,6813,probable_m_sprite,bgr_layer_1,002_UnityDataAssetPack_datapack__file110,1248,1408x312,local
REF04-home-crew,/Canvas/PanelHomeTopLeft/PlayerInfo/GroupAvatar/Mask,1708,mask_item,002_UnityDataAssetPack_datapack__file110,8540,probable_m_sprite,mask_item,002_UnityDataAssetPack_datapack__file110,3204,100x100,local
REF04-home-crew,/Canvas/PanelHomeBottomLeft/GroupChat/ButtonChat/NotifyChatAdmin/ImagePointer,1709,pointer_chat,002_UnityDataAssetPack_datapack__file110,8216,probable_m_sprite,pointer_chat,002_UnityDataAssetPack_datapack__file110,2842,31x29,local
REF04-home-crew,/Canvas/PanelHomeBottomRight/ButtonForge/ImageTag,1710,tag_button,002_UnityDataAssetPack_datapack__file110,9155,probable_m_sprite,tag_button,002_UnityDataAssetPack_datapack__file110,3897,87x23,local
REF04-home-crew,/Canvas/PanelHomeBottom/GroupContent/GroupButton/ButtonSummon/NotifySummon,1716,notify_dot,002_UnityDataAssetPack_datapack__file110,7710,probable_m_sprite,notify_dot,002_UnityDataAssetPack_datapack__file110,2264,32x32,local
REF04-home-crew,/Canvas/PanelHomeBottomRight/ButtonFuse,1718,menu_home2_fuse,002_UnityDataAssetPack_datapack__file110,7961,probable_m_sprite,menu_home2_fuse,002_UnityDataAssetPack_datapack__file110,2552,100x100,local
REF04-home-crew,/Canvas/PanelHomeBottom/GroupContent/GroupButton/ButtonShop/TagName,1725,tag_button,002_UnityDataAssetPack_datapack__file110,9155,probable_m_sprite,tag_button,002_UnityDataAssetPack_datapack__file110,3897,87x23,local
REF04-home-crew,/Canvas/PanelHomeBottomRight/ButtonForge/ImageIcon,1730,menu_home2_forge,002_UnityDataAssetPack_datapack__file110,9121,probable_m_sprite,menu_home2_forge,002_UnityDataAssetPack_datapack__file110,3861,100x100,local
REF04-home-crew,/Canvas/PanelHomeBottom/GroupContent/GroupButton/ButtonHeroes/TagName,1737,tag_button,002_UnityDataAssetPack_datapack__file110,9155,probable_m_sprite,tag_button,002_UnityDataAssetPack_datapack__file110,3897,87x23,local
REF04-home-crew,/Canvas/TopResource/TextFieldGold/ButtonAddGold/Image,1738,button_add_home,002_UnityDataAssetPack_datapack__file110,9447,probable_m_sprite,button_add_home,002_UnityDataAssetPack_datapack__file110,4220,36x36,local
REF04-home-crew,/Canvas/PanelHomeTopRight/ButtonMail,1744,home2_mail,002_UnityDataAssetPack_datapack__file110,7220,probable_m_sprite,home2_mail,002_UnityDataAssetPack_datapack__file110,1705,62x62,local
REF04-home-crew,/Canvas/PanelHomeBottom/GroupContent/GroupButton/ButtonSummon/BoxSelect/ImageBox,1750,box_select,002_UnityDataAssetPack_datapack__file110,8809,probable_m_sprite,box_select,002_UnityDataAssetPack_datapack__file110,3514,264x142,local
REF04-home-crew,/Canvas/PanelHomeTopLeft/PanelHomeQuest/Content/ItemWrapper/GameItem/ActionClick,1753,UISprite,002_UnityDataAssetPack_datapack__file110,6282,probable_m_sprite,UISprite,002_UnityDataAssetPack_datapack__file110,649,32x32,local
REF04-home-crew,/Canvas/PanelHomeTopLeft/PanelHomeQuest/Content/ItemWrapper/GameItem/HeroHeadClickable/HeroHeadUI/HeroStar/GroupStarE/BgrStarE,1757,star_e_bgr,002_UnityDataAssetPack_datapack__file110,7415,probable_m_sprite,star_e_bgr,002_UnityDataAssetPack_datapack__file110,1922,158x59,local
REF04-home-crew,/Canvas/PanelHomeTopLeft/PanelHomeQuest/Content/ItemWrapper/GameItem/HeroHeadClickable/HeroHeadUI/ImageBorder,1759,hero_head_border,002_UnityDataAssetPack_datapack__file110,8061,probable_m_sprite,hero_head_border,002_UnityDataAssetPack_datapack__file110,2668,100x100,local
REF04-home-crew,/Canvas/PanelHomeTopLeft/PanelHomeQuest/Content/ItemWrapper/GameItem/HeroHeadClickable/HeroHeadUI/Mask/ImageBgr,1760,bgr_item_consumable,002_UnityDataAssetPack_datapack__file110,7432,probable_m_sprite,bgr_item_consumable,002_UnityDataAssetPack_datapack__file110,1945,100x100,local
REF04-home-crew,/Canvas/PanelHomeTopLeft/PanelHomeQuest/Content/ItemWrapper/GameItem/HeroHeadClickable/HeroHeadUI/Mask/ImageHead,1763,hero_5_star,002_UnityDataAssetPack_datapack__file110,7949,probable_m_sprite,hero_5_star,002_UnityDataAssetPack_datapack__file110,2539,100x100,local
REF04-home-crew,/Canvas/PanelHomeTopLeft/PanelHomeQuest/Content/ItemWrapper/GameItem/HeroHeadClickable/HeroHeadUI/ImageFrame,1766,frame_item,002_UnityDataAssetPack_datapack__file110,8152,probable_m_sprite,frame_item,002_UnityDataAssetPack_datapack__file110,2770,100x100,local
REF04-home-crew,/Canvas/PanelHomeTopLeft/PanelHomeQuest/Content/ItemWrapper/GameItem/HeroHeadClickable/HeroHeadUI/HeroStar/GroupStar1/Star1,1768,hero_star_1,002_UnityDataAssetPack_datapack__file110,7732,probable_m_sprite,hero_star_1,002_UnityDataAssetPack_datapack__file110,2294,28x28,local
REF04-home-crew,/Canvas/PanelHomeTopLeft/PanelHomeQuest/Content/ItemWrapper/GameItem/HeroHeadClickable/HeroHeadUI/HeroStar/GroupStar6/Star6,1769,hero_star_2,002_UnityDataAssetPack_datapack__file110,6507,probable_m_sprite,hero_star_2,002_UnityDataAssetPack_datapack__file110,903,36x36,local
REF04-home-crew,/Canvas/PanelHomeTopLeft/PanelHomeQuest/Content/ItemWrapper/GameItem/HeroHeadClickable/HeroHeadUI/Mask/Death/Tick,1770,mark_death,002_UnityDataAssetPack_datapack__file110,9077,probable_m_sprite,mark_death,002_UnityDataAssetPack_datapack__file110,3813,104x112,local
REF04-home-crew,/Canvas/PanelHomeTopLeft/PanelHomeQuest/Content/ItemWrapper/GameItem/HeroHeadClickable/HeroHeadUI/HeroStar/GroupStar1/Star1,1773,hero_star_1,002_UnityDataAssetPack_datapack__file110,7732,probable_m_sprite,hero_star_1,002_UnityDataAssetPack_datapack__file110,2294,28x28,local
REF04-home-crew,/Canvas/PanelHomeTopLeft/PanelHomeQuest/Content/ItemWrapper/GameItem/HeroHeadClickable/HeroHeadUI/SliderHp/Background,1774,progress_bgr,002_UnityDataAssetPack_datapack__file110,8952,probable_m_sprite,progress_bgr,002_UnityDataAssetPack_datapack__file110,3676,86x19,local
REF04-home-crew,/Canvas/PanelHomeTopLeft/PanelHomeQuest/Content/ItemWrapper/GameItem/HeroHeadClickable/HeroHeadUI/Mask,1776,mask_item,002_UnityDataAssetPack_datapack__file110,8540,probable_m_sprite,mask_item,002_UnityDataAssetPack_datapack__file110,3204,100x100,local
REF04-home-crew,/Canvas/PanelHomeTopLeft/PanelHomeQuest/Content/ItemWrapper/GameItem/HeroHeadClickable/HeroHeadUI/Mask/Check/Tick,1777,tick_green,002_UnityDataAssetPack_datapack__file110,7134,probable_m_sprite,tick_green,002_UnityDataAssetPack_datapack__file110,1606,44x40,local
REF04-home-crew,/Canvas/PanelHomeTopLeft/PanelHomeQuest/Content/ItemWrapper/GameItem/HeroHeadClickable/HeroHeadUI/HeroStar/GroupStar6/Star6,1779,hero_star_2,002_UnityDataAssetPack_datapack__file110,6507,probable_m_sprite,hero_star_2,002_UnityDataAssetPack_datapack__file110,903,36x36,local
REF04-home-crew,/Canvas/PanelHomeTopLeft/PanelHomeQuest/Content/ItemWrapper/GameItem/HeroHeadClickable/HeroHeadUI/HeroStar/GroupStar1/Star1,1780,hero_star_1,002_UnityDataAssetPack_datapack__file110,7732,probable_m_sprite,hero_star_1,002_UnityDataAssetPack_datapack__file110,2294,28x28,local
REF04-home-crew,/Canvas/PanelHomeTopLeft/PanelHomeQuest/Content/ItemWrapper/GameItem/HeroHeadClickable/HeroHeadUI/HeroStar/GroupStar10/Star10,1781,hero_star_3,002_UnityDataAssetPack_datapack__file110,9425,probable_m_sprite,hero_star_3,002_UnityDataAssetPack_datapack__file110,4195,40x40,local
REF04-home-crew,/Canvas/PanelHomeTopLeft/PanelHomeQuest/Content/ItemWrapper/GameItem/HeroHeadClickable/HeroHeadUI/HeroStar/GroupStar1/Star1,1782,hero_star_1,002_UnityDataAssetPack_datapack__file110,7732,probable_m_sprite,hero_star_1,002_UnityDataAssetPack_datapack__file110,2294,28x28,local
REF04-home-crew,/Canvas/PanelHomeTopLeft/PanelHomeQuest/Content/ItemWrapper/GameItem/HeroHeadClickable/HeroHeadUI/SliderHp/Fill Area/Fill,1783,progress_top_2,002_UnityDataAssetPack_datapack__file110,8607,probable_m_sprite,progress_top_2,002_UnityDataAssetPack_datapack__file110,3280,84x19,local
REF04-home-crew,/Canvas/PanelHomeTopLeft/PanelHomeQuest/Content/ItemWrapper/GameItem/HeroHeadClickable/HeroHeadUI/ImageNotify,1784,notify_dot,002_UnityDataAssetPack_datapack__file110,7710,probable_m_sprite,notify_dot,002_UnityDataAssetPack_datapack__file110,2264,32x32,local
REF04-home-crew,/Canvas/PanelHomeTopLeft/PanelHomeQuest/Content/ItemWrapper/GameItem/HeroHeadClickable/HeroHeadUI/HeroStar/GroupStar6/Star6,1786,hero_star_2,002_UnityDataAssetPack_datapack__file110,6507,probable_m_sprite,hero_star_2,002_UnityDataAssetPack_datapack__file110,903,36x36,local
REF04-home-crew,/Canvas/PanelHomeTopLeft/PanelHomeQuest/Content/ItemWrapper/GameItem/HeroHeadClickable/HeroHeadUI/Mask/Lock/Lock,1787,icon_lock,002_UnityDataAssetPack_datapack__file110,6957,probable_m_sprite,icon_lock,002_UnityDataAssetPack_datapack__file110,1406,48x48,local
REF04-home-crew,/Canvas/PanelHomeTopLeft/PanelHomeQuest/Content/ItemWrapper/GameItem/HeroHeadClickable/HeroHeadUI/HeroStar/GroupStar1/Star1,1788,hero_star_1,002_UnityDataAssetPack_datapack__file110,7732,probable_m_sprite,hero_star_1,002_UnityDataAssetPack_datapack__file110,2294,28x28,local
REF04-home-crew,/Canvas/PanelHomeTopLeft/PanelHomeQuest/Content/ItemWrapper/GameItem/HeroHeadClickable/HeroHeadUI/ImageFaction,1789,faction_light,002_UnityDataAssetPack_datapack__file110,9153,probable_m_sprite,faction_light,002_UnityDataAssetPack_datapack__file110,3895,80x80,local
REF04-home-crew,/Canvas/PanelHomeTopLeft/PanelHomeQuest/Content/ItemWrapper/GameItem/HeroHeadClickable/HeroHeadUI/HeroStar/GroupStar6/Star6,1790,hero_star_2,002_UnityDataAssetPack_datapack__file110,6507,probable_m_sprite,hero_star_2,002_UnityDataAssetPack_datapack__file110,903,36x36,local
REF04-home-crew,/Canvas/PanelHomeTopLeft/PanelHomeQuest/Content/ItemWrapper/GameItem/ItemEquipmentUI/ItemStar/Star1,1799,item_star,002_UnityDataAssetPack_datapack__file110,8535,probable_m_sprite,item_star,002_UnityDataAssetPack_datapack__file110,3199,32x32,local
REF04-home-crew,/Canvas/PanelHomeTopLeft/PanelHomeQuest/Content/ItemWrapper/GameItem/ItemEquipmentUI/ImageBorder,1800,border_equipment_2,002_UnityDataAssetPack_datapack__file110,6735,probable_m_sprite,border_equipment_2,002_UnityDataAssetPack_datapack__file110,1162,100x100,local
REF04-home-crew,/Canvas/PanelHomeTopLeft/PanelHomeQuest/Content/ItemWrapper/GameItem/ItemEquipmentUI/Mask/ImageItem,1801,item_placeholder,002_UnityDataAssetPack_datapack__file110,6616,probable_m_sprite,item_placeholder,002_UnityDataAssetPack_datapack__file110,1026,100x100,local
REF04-home-crew,/Canvas/PanelHomeTopLeft/PanelHomeQuest/Content/ItemWrapper/GameItem/ItemEquipmentUI/ItemStar/Star1,1806,item_star,002_UnityDataAssetPack_datapack__file110,8535,probable_m_sprite,item_star,002_UnityDataAssetPack_datapack__file110,3199,32x32,local
REF04-home-crew,/Canvas/PanelHomeTopLeft/PanelHomeQuest/Content/ItemWrapper/GameItem/ItemEquipmentUI/ItemStar/Star1,1808,item_star,002_UnityDataAssetPack_datapack__file110,8535,probable_m_sprite,item_star,002_UnityDataAssetPack_datapack__file110,3199,32x32,local
REF04-home-crew,/Canvas/PanelHomeTopLeft/PanelHomeQuest/Content/ItemWrapper/GameItem/ItemEquipmentUI/Mask/ImageBgr,1809,bgr_equipment_1,002_UnityDataAssetPack_datapack__file110,7854,probable_m_sprite,bgr_equipment_1,002_UnityDataAssetPack_datapack__file110,2432,100x100,local
REF04-home-crew,/Canvas/PanelHomeTopLeft/PanelHomeQuest/Content/ItemWrapper/GameItem/ItemEquipmentUI/ImageFrame,1811,frame_item,002_UnityDataAssetPack_datapack__file110,8152,probable_m_sprite,frame_item,002_UnityDataAssetPack_datapack__file110,2770,100x100,local
REF04-home-crew,/Canvas/PanelHomeTopLeft/PanelHomeQuest/Content/ItemWrapper/GameItem/ItemEquipmentUI/ItemStar/Star1,1812,item_star,002_UnityDataAssetPack_datapack__file110,8535,probable_m_sprite,item_star,002_UnityDataAssetPack_datapack__file110,3199,32x32,local
REF04-home-crew,/Canvas/PanelHomeTopLeft/PanelHomeQuest/Content/ItemWrapper/GameItem/ItemEquipmentUI/Mask/Check/Image,1814,tick_green,002_UnityDataAssetPack_datapack__file110,7134,probable_m_sprite,tick_green,002_UnityDataAssetPack_datapack__file110,1606,44x40,local
REF04-home-crew,/Canvas/PanelHomeTopLeft/PanelHomeQuest/Content/ItemWrapper/GameItem/ItemEquipmentUI/ItemStar/Star1,1815,item_star,002_UnityDataAssetPack_datapack__file110,8535,probable_m_sprite,item_star,002_UnityDataAssetPack_datapack__file110,3199,32x32,local
REF04-home-crew,/Canvas/PanelHomeTopLeft/PanelHomeQuest/Content/ItemWrapper/GameItem/ItemEquipmentUI/Mask,1816,mask_item,002_UnityDataAssetPack_datapack__file110,8540,probable_m_sprite,mask_item,002_UnityDataAssetPack_datapack__file110,3204,100x100,local
REF04-home-crew,/Canvas/PanelHomeTopLeft/PanelHomeQuest/Content/ItemWrapper/GameItem/ItemEquipmentUI/ItemStar/Star1,1818,item_star,002_UnityDataAssetPack_datapack__file110,8535,probable_m_sprite,item_star,002_UnityDataAssetPack_datapack__file110,3199,32x32,local
REF04-home-crew,/Canvas/PlayerHeroes/HeroHome2 (5)/GroupHero/CanvasHero/Mesh/Shadow/Image,1823,hero_shadow,002_UnityDataAssetPack_datapack__file110,7996,probable_m_sprite,hero_shadow,002_UnityDataAssetPack_datapack__file110,2595,164x65,local
REF04-home-crew,/Canvas/PlayerHeroes/HeroHome2 (1)/GroupHero/CanvasHero/Mesh/Shadow/Image,1824,hero_shadow,002_UnityDataAssetPack_datapack__file110,7996,probable_m_sprite,hero_shadow,002_UnityDataAssetPack_datapack__file110,2595,164x65,local
REF04-home-crew,/Canvas/PlayerHeroes/HeroHome2 (3)/GroupHero/CanvasHero/Mesh/Shadow/Image,1825,hero_shadow,002_UnityDataAssetPack_datapack__file110,7996,probable_m_sprite,hero_shadow,002_UnityDataAssetPack_datapack__file110,2595,164x65,local
REF04-home-crew,/Canvas/PlayerHeroes/HeroHome2 (0)/GroupHero/CanvasHero/Mesh/Shadow/Image,1826,hero_shadow,002_UnityDataAssetPack_datapack__file110,7996,probable_m_sprite,hero_shadow,002_UnityDataAssetPack_datapack__file110,2595,164x65,local
REF04-home-crew,/Canvas/PlayerHeroes/HeroHome2 (2)/GroupHero/CanvasHero/Mesh/Shadow/Image,1827,hero_shadow,002_UnityDataAssetPack_datapack__file110,7996,probable_m_sprite,hero_shadow,002_UnityDataAssetPack_datapack__file110,2595,164x65,local
REF04-home-crew,/Canvas/PlayerHeroes/HeroHome2 (4)/GroupHero/CanvasHero/Mesh/Shadow/Image,1828,hero_shadow,002_UnityDataAssetPack_datapack__file110,7996,probable_m_sprite,hero_shadow,002_UnityDataAssetPack_datapack__file110,2595,164x65,local
REF04-home-crew,/Canvas/PanelHomeTopLeft/PanelHomeQuest/Content/ItemWrapper/GameItem/HeroHeadClickable/HeroHeadUI/HeroStar/GroupStarE/StarE,1829,hero_star_e,002_UnityDataAssetPack_datapack__file110,9706,probable_m_sprite,hero_star_e,002_UnityDataAssetPack_datapack__file110,4515,41x39,local
REF04-home-crew,/Canvas/PanelHomeTopLeft/PanelHomeQuest/Content/ItemWrapper/GameItem/ItemArtifactUI/ItemStar/Star5,1833,item_star,002_UnityDataAssetPack_datapack__file110,8535,probable_m_sprite,item_star,002_UnityDataAssetPack_datapack__file110,3199,32x32,local
REF04-home-crew,/Canvas/PanelHomeTopLeft/PanelHomeQuest/Content/ItemWrapper/GameItem/ItemArtifactUI/ItemStar/Star2,1834,item_star,002_UnityDataAssetPack_datapack__file110,8535,probable_m_sprite,item_star,002_UnityDataAssetPack_datapack__file110,3199,32x32,local
REF04-home-crew,/Canvas/PanelHomeTopLeft/PanelHomeQuest/Content/ItemWrapper/GameItem/ItemArtifactUI/ImageBorder,1836,border_equipment_2,002_UnityDataAssetPack_datapack__file110,6735,probable_m_sprite,border_equipment_2,002_UnityDataAssetPack_datapack__file110,1162,100x100,local
REF04-home-crew,/Canvas/PanelHomeTopLeft/PanelHomeQuest/Content/ItemWrapper/GameItem/ItemArtifactUI/ImageFrame,1838,frame_item,002_UnityDataAssetPack_datapack__file110,8152,probable_m_sprite,frame_item,002_UnityDataAssetPack_datapack__file110,2770,100x100,local
REF04-home-crew,/Canvas/PanelHomeTopLeft/PanelHomeQuest/Content/ItemWrapper/GameItem/ItemArtifactUI/ItemStar/Star4,1841,item_star,002_UnityDataAssetPack_datapack__file110,8535,probable_m_sprite,item_star,002_UnityDataAssetPack_datapack__file110,3199,32x32,local
REF04-home-crew,/Canvas/PanelHomeTopLeft/PanelHomeQuest/Content/ItemWrapper/GameItem/ItemArtifactUI/ItemStar/Star3,1842,item_star,002_UnityDataAssetPack_datapack__file110,8535,probable_m_sprite,item_star,002_UnityDataAssetPack_datapack__file110,3199,32x32,local
REF04-home-crew,/Canvas/PanelHomeTopLeft/PanelHomeQuest/Content/ItemWrapper/GameItem/ItemArtifactUI/Mask,1843,mask_item,002_UnityDataAssetPack_datapack__file110,8540,probable_m_sprite,mask_item,002_UnityDataAssetPack_datapack__file110,3204,100x100,local
REF04-home-crew,/Canvas/PanelHomeTopLeft/PanelHomeQuest/Content/ItemWrapper/GameItem/ItemArtifactUI/Mask/ImageBgr,1845,bgr_equipment_2,002_UnityDataAssetPack_datapack__file110,9769,probable_m_sprite,bgr_equipment_2,002_UnityDataAssetPack_datapack__file110,4588,100x100,local
REF04-home-crew,/Canvas/PanelHomeTopLeft/PanelHomeQuest/Content/ItemWrapper/GameItem/ItemArtifactUI/ItemStar/Star1,1846,item_star,002_UnityDataAssetPack_datapack__file110,8535,probable_m_sprite,item_star,002_UnityDataAssetPack_datapack__file110,3199,32x32,local
REF04-home-crew,/Canvas/PanelHomeTopLeft/PanelHomeQuest/Content/ItemWrapper/GameItem/ItemArtifactUI/ItemStar/Star6,1847,item_star,002_UnityDataAssetPack_datapack__file110,8535,probable_m_sprite,item_star,002_UnityDataAssetPack_datapack__file110,3199,32x32,local
REF04-home-crew,/Canvas/PanelHomeTopLeft/PanelHomeQuest/Content/ItemWrapper/GameItem/ItemArtifactUI/Mask/Check/Image,1849,tick_green,002_UnityDataAssetPack_datapack__file110,7134,probable_m_sprite,tick_green,002_UnityDataAssetPack_datapack__file110,1606,44x40,local
REF04-home-crew,/Canvas/PanelHomeTopLeft/PanelHomeQuest/Content/ItemWrapper/GameItem/ItemArtifactUI/Mask/ImageItem,1850,item_transparent,002_UnityDataAssetPack_datapack__file110,9311,probable_m_sprite,item_transparent,002_UnityDataAssetPack_datapack__file110,4075,100x100,local
REF04-home-crew,/Canvas/PlayerHeroes/HeroHome2 (4)/GroupHero/GroupStars/HeroStars/GroupStarE/IconE,1857,star_e_bgr,002_UnityDataAssetPack_datapack__file110,7415,probable_m_sprite,star_e_bgr,002_UnityDataAssetPack_datapack__file110,1922,158x59,local
REF04-home-crew,/Canvas/PlayerHeroes/HeroHome2 (2)/GroupHero/GroupStars/HeroStars/GroupStarE/IconE,1858,star_e_bgr,002_UnityDataAssetPack_datapack__file110,7415,probable_m_sprite,star_e_bgr,002_UnityDataAssetPack_datapack__file110,1922,158x59,local
REF04-home-crew,/Canvas/PlayerHeroes/HeroHome2 (3)/GroupHero/GroupStars/HeroStars/GroupStarE/IconE,1859,star_e_bgr,002_UnityDataAssetPack_datapack__file110,7415,probable_m_sprite,star_e_bgr,002_UnityDataAssetPack_datapack__file110,1922,158x59,local
REF04-home-crew,/Canvas/PlayerHeroes/HeroHome2 (1)/GroupHero/GroupStars/HeroStars/GroupStarE/IconE,1860,star_e_bgr,002_UnityDataAssetPack_datapack__file110,7415,probable_m_sprite,star_e_bgr,002_UnityDataAssetPack_datapack__file110,1922,158x59,local
REF04-home-crew,/Canvas/PlayerHeroes/HeroHome2 (0)/GroupHero/GroupStars/HeroStars/GroupStarE/IconE,1861,star_e_bgr,002_UnityDataAssetPack_datapack__file110,7415,probable_m_sprite,star_e_bgr,002_UnityDataAssetPack_datapack__file110,1922,158x59,local
REF04-home-crew,/Canvas/PlayerHeroes/HeroHome2 (5)/GroupHero/GroupStars/HeroStars/GroupStarE/IconE,1862,star_e_bgr,002_UnityDataAssetPack_datapack__file110,7415,probable_m_sprite,star_e_bgr,002_UnityDataAssetPack_datapack__file110,1922,158x59,local
REF04-home-crew,/Canvas/PlayerHeroes/HeroHome2 (4)/GroupHero/GroupStars/HeroStars/GroupStarE/StarE,1863,hero_star_e,002_UnityDataAssetPack_datapack__file110,9706,probable_m_sprite,hero_star_e,002_UnityDataAssetPack_datapack__file110,4515,41x39,local
REF04-home-crew,/Canvas/PlayerHeroes/HeroHome2 (2)/GroupHero/GroupStars/HeroStars/GroupStarE/StarE,1864,hero_star_e,002_UnityDataAssetPack_datapack__file110,9706,probable_m_sprite,hero_star_e,002_UnityDataAssetPack_datapack__file110,4515,41x39,local
REF04-home-crew,/Canvas/PlayerHeroes/HeroHome2 (0)/GroupHero/GroupStars/HeroStars/GroupStarE/StarE,1865,hero_star_e,002_UnityDataAssetPack_datapack__file110,9706,probable_m_sprite,hero_star_e,002_UnityDataAssetPack_datapack__file110,4515,41x39,local
REF04-home-crew,/Canvas/PlayerHeroes/HeroHome2 (1)/GroupHero/GroupStars/HeroStars/GroupStarE/StarE,1866,hero_star_e,002_UnityDataAssetPack_datapack__file110,9706,probable_m_sprite,hero_star_e,002_UnityDataAssetPack_datapack__file110,4515,41x39,local
REF04-home-crew,/Canvas/PlayerHeroes/HeroHome2 (3)/GroupHero/GroupStars/HeroStars/GroupStarE/StarE,1867,hero_star_e,002_UnityDataAssetPack_datapack__file110,9706,probable_m_sprite,hero_star_e,002_UnityDataAssetPack_datapack__file110,4515,41x39,local
REF04-home-crew,/Canvas/PlayerHeroes/HeroHome2 (5)/GroupHero/GroupStars/HeroStars/GroupStarE/StarE,1868,hero_star_e,002_UnityDataAssetPack_datapack__file110,9706,probable_m_sprite,hero_star_e,002_UnityDataAssetPack_datapack__file110,4515,41x39,local
REF04-home-crew,/Canvas/PanelHomeTopLeft/PanelHomeQuest/Content/ItemWrapper/GameItem/ItemArtifactUI/IconHeroFaction,1878,faction_shadow,002_UnityDataAssetPack_datapack__file110,9133,probable_m_sprite,faction_shadow,002_UnityDataAssetPack_datapack__file110,3875,80x80,local
REF04-home-crew,/Canvas/PlayerHeroes/HeroHome2 (1)/GroupHero/GroupFactionLv/ImageFaction,1879,faction_abyss,002_UnityDataAssetPack_datapack__file110,9681,probable_m_sprite,faction_abyss,002_UnityDataAssetPack_datapack__file110,4488,80x80,local
REF04-home-crew,/Canvas/PlayerHeroes/HeroHome2 (3)/GroupHero/GroupFactionLv/ImageFaction,1880,faction_abyss,002_UnityDataAssetPack_datapack__file110,9681,probable_m_sprite,faction_abyss,002_UnityDataAssetPack_datapack__file110,4488,80x80,local
REF04-home-crew,/Canvas/PlayerHeroes/HeroHome2 (0)/GroupHero/GroupFactionLv/ImageFaction,1885,faction_abyss,002_UnityDataAssetPack_datapack__file110,9681,probable_m_sprite,faction_abyss,002_UnityDataAssetPack_datapack__file110,4488,80x80,local
REF04-home-crew,/Canvas/PlayerHeroes/HeroHome2 (5)/GroupHero/GroupFactionLv/ImageFaction,1893,faction_abyss,002_UnityDataAssetPack_datapack__file110,9681,probable_m_sprite,faction_abyss,002_UnityDataAssetPack_datapack__file110,4488,80x80,local
REF04-home-crew,/Canvas/PlayerHeroes/HeroHome2 (4)/GroupHero/GroupFactionLv/ImageFaction,1901,faction_abyss,002_UnityDataAssetPack_datapack__file110,9681,probable_m_sprite,faction_abyss,002_UnityDataAssetPack_datapack__file110,4488,80x80,local
REF04-home-crew,/Canvas/PlayerHeroes/HeroHome2 (2)/GroupHero/GroupFactionLv/ImageFaction,1906,faction_abyss,002_UnityDataAssetPack_datapack__file110,9681,probable_m_sprite,faction_abyss,002_UnityDataAssetPack_datapack__file110,4488,80x80,local
REF04-home-crew,/Canvas/PlayerHeroes/HeroHome2 (4)/GroupHero/CanvasHero/SliderHp/Background,1909,progress_buff_bgr,002_UnityDataAssetPack_datapack__file110,7976,probable_m_sprite,progress_buff_bgr,002_UnityDataAssetPack_datapack__file110,2571,149x34,local
REF04-home-crew,/Canvas/PlayerHeroes/HeroHome2 (2)/GroupHero/CanvasHero/SliderHp/Background,1910,progress_buff_bgr,002_UnityDataAssetPack_datapack__file110,7976,probable_m_sprite,progress_buff_bgr,002_UnityDataAssetPack_datapack__file110,2571,149x34,local
REF04-home-crew,/Canvas/PlayerHeroes/HeroHome2 (3)/GroupHero/CanvasHero/SliderHp/Background,1911,progress_buff_bgr,002_UnityDataAssetPack_datapack__file110,7976,probable_m_sprite,progress_buff_bgr,002_UnityDataAssetPack_datapack__file110,2571,149x34,local
REF04-home-crew,/Canvas/PlayerHeroes/HeroHome2 (1)/GroupHero/CanvasHero/SliderHp/Background,1912,progress_buff_bgr,002_UnityDataAssetPack_datapack__file110,7976,probable_m_sprite,progress_buff_bgr,002_UnityDataAssetPack_datapack__file110,2571,149x34,local
REF04-home-crew,/Canvas/PlayerHeroes/HeroHome2 (0)/GroupHero/CanvasHero/SliderHp/Background,1913,progress_buff_bgr,002_UnityDataAssetPack_datapack__file110,7976,probable_m_sprite,progress_buff_bgr,002_UnityDataAssetPack_datapack__file110,2571,149x34,local
REF04-home-crew,/Canvas/PlayerHeroes/HeroHome2 (5)/GroupHero/CanvasHero/SliderHp/Background,1914,progress_buff_bgr,002_UnityDataAssetPack_datapack__file110,7976,probable_m_sprite,progress_buff_bgr,002_UnityDataAssetPack_datapack__file110,2571,149x34,local
REF04-home-crew,/Canvas/PlayerHeroes/HeroHome2 (3)/GroupHero/CanvasHero/SliderHp/Fill Area/Fill,1945,progress_hp,002_UnityDataAssetPack_datapack__file110,9448,probable_m_sprite,progress_hp,002_UnityDataAssetPack_datapack__file110,4222,144x28,local
REF04-home-crew,/Canvas/PlayerHeroes/HeroHome2 (1)/GroupHero/CanvasHero/SliderHp/Fill Area/Fill,1946,progress_hp,002_UnityDataAssetPack_datapack__file110,9448,probable_m_sprite,progress_hp,002_UnityDataAssetPack_datapack__file110,4222,144x28,local
REF04-home-crew,/Canvas/PlayerHeroes/HeroHome2 (0)/GroupHero/CanvasHero/SliderHp/Fill Area/Fill,1947,progress_hp,002_UnityDataAssetPack_datapack__file110,9448,probable_m_sprite,progress_hp,002_UnityDataAssetPack_datapack__file110,4222,144x28,local
REF04-home-crew,/Canvas/PlayerHeroes/HeroHome2 (5)/GroupHero/CanvasHero/SliderHp/Fill Area/Fill,1948,progress_hp,002_UnityDataAssetPack_datapack__file110,9448,probable_m_sprite,progress_hp,002_UnityDataAssetPack_datapack__file110,4222,144x28,local
REF04-home-crew,/Canvas/PlayerHeroes/HeroHome2 (4)/GroupHero/CanvasHero/SliderHp/Fill Area/Fill,1949,progress_hp,002_UnityDataAssetPack_datapack__file110,9448,probable_m_sprite,progress_hp,002_UnityDataAssetPack_datapack__file110,4222,144x28,local
REF04-home-crew,/Canvas/PlayerHeroes/HeroHome2 (2)/GroupHero/CanvasHero/SliderHp/Fill Area/Fill,1950,progress_hp,002_UnityDataAssetPack_datapack__file110,9448,probable_m_sprite,progress_hp,002_UnityDataAssetPack_datapack__file110,4222,144x28,local
REF04-home-crew,/Canvas/PanelHomeTopLeft/PanelHomeQuest/Content/ItemWrapper/GameItem/ItemVipExpUI/Mask/ImageItem,1961,icon_exp_vip,002_UnityDataAssetPack_datapack__file110,9651,probable_m_sprite,icon_exp_vip,002_UnityDataAssetPack_datapack__file110,4454,100x100,local
REF04-home-crew,/Canvas/PanelHomeTopLeft/PanelHomeQuest/Content/ItemWrapper/GameItem/ItemVipExpUI/Mask/ImageBgr,1963,bgr_item_consumable,002_UnityDataAssetPack_datapack__file110,7432,probable_m_sprite,bgr_item_consumable,002_UnityDataAssetPack_datapack__file110,1945,100x100,local
REF04-home-crew,/Canvas/PanelHomeTopLeft/PanelHomeQuest/Content/ItemWrapper/GameItem/ItemVipExpUI/Mask,1965,mask_item,002_UnityDataAssetPack_datapack__file110,8540,probable_m_sprite,mask_item,002_UnityDataAssetPack_datapack__file110,3204,100x100,local
REF04-home-crew,/Canvas/PanelHomeTopLeft/PanelHomeQuest/Content/ItemWrapper/GameItem/ItemVipExpUI/ImageBorder,1967,border_item,002_UnityDataAssetPack_datapack__file110,8426,probable_m_sprite,border_item,002_UnityDataAssetPack_datapack__file110,3081,100x100,local
REF04-home-crew,/Canvas/PanelHomeTopLeft/PanelHomeQuest/Content/ItemWrapper/GameItem/ItemAvatarUI/Mask/ImageAvatar,1969,item_transparent,002_UnityDataAssetPack_datapack__file110,9311,probable_m_sprite,item_transparent,002_UnityDataAssetPack_datapack__file110,4075,100x100,local
REF04-home-crew,/Canvas/PanelHomeTopLeft/PanelHomeQuest/Content/ItemWrapper/GameItem/ItemAvatarUI/Mask,1970,mask_item,002_UnityDataAssetPack_datapack__file110,8540,probable_m_sprite,mask_item,002_UnityDataAssetPack_datapack__file110,3204,100x100,local
REF04-home-crew,/Canvas/PanelHomeTopLeft/PanelHomeQuest/Content/ItemWrapper/GameItem/ItemAvatarUI/ImageBorder,1972,border_item,002_UnityDataAssetPack_datapack__file110,8426,probable_m_sprite,border_item,002_UnityDataAssetPack_datapack__file110,3081,100x100,local
REF04-home-crew,/Canvas/PanelHomeTopLeft/PanelHomeQuest/Content/ItemWrapper/GameItem/ItemAvatarUI/Mask/ImageBgr,1976,bgr_item_consumable,002_UnityDataAssetPack_datapack__file110,7432,probable_m_sprite,bgr_item_consumable,002_UnityDataAssetPack_datapack__file110,1945,100x100,local
REF04-home-crew,/Canvas/PanelHomeTopLeft/PanelHomeQuest/Content/ItemWrapper/GameItem/ItemArtifactUI/MaskSpineBorder,1983,UIMask,002_UnityDataAssetPack_datapack__file110,6287,probable_m_sprite,UIMask,002_UnityDataAssetPack_datapack__file110,654,32x32,local
REF04-home-crew,/Canvas/PlayerHeroes/HeroHome2 (4)/GroupHero/GroupStars/HeroStars/GroupStar1/Star4,1984,hero_star_1,002_UnityDataAssetPack_datapack__file110,7732,probable_m_sprite,hero_star_1,002_UnityDataAssetPack_datapack__file110,2294,28x28,local
REF04-home-crew,/Canvas/PlayerHeroes/HeroHome2 (2)/GroupHero/GroupStars/HeroStars/GroupStar1/Star4,1985,hero_star_1,002_UnityDataAssetPack_datapack__file110,7732,probable_m_sprite,hero_star_1,002_UnityDataAssetPack_datapack__file110,2294,28x28,local
REF04-home-crew,/Canvas/PlayerHeroes/HeroHome2 (1)/GroupHero/GroupStars/HeroStars/GroupStar1/Star4,1986,hero_star_1,002_UnityDataAssetPack_datapack__file110,7732,probable_m_sprite,hero_star_1,002_UnityDataAssetPack_datapack__file110,2294,28x28,local
REF04-home-crew,/Canvas/PlayerHeroes/HeroHome2 (3)/GroupHero/GroupStars/HeroStars/GroupStar1/Star4,1987,hero_star_1,002_UnityDataAssetPack_datapack__file110,7732,probable_m_sprite,hero_star_1,002_UnityDataAssetPack_datapack__file110,2294,28x28,local
REF04-home-crew,/Canvas/PlayerHeroes/HeroHome2 (0)/GroupHero/GroupStars/HeroStars/GroupStar1/Star4,1988,hero_star_1,002_UnityDataAssetPack_datapack__file110,7732,probable_m_sprite,hero_star_1,002_UnityDataAssetPack_datapack__file110,2294,28x28,local
REF04-home-crew,/Canvas/PlayerHeroes/HeroHome2 (5)/GroupHero/GroupStars/HeroStars/GroupStar1/Star4,1989,hero_star_1,002_UnityDataAssetPack_datapack__file110,7732,probable_m_sprite,hero_star_1,002_UnityDataAssetPack_datapack__file110,2294,28x28,local
REF04-home-crew,/Canvas/PlayerHeroes/HeroHome2 (4)/GroupHero/GroupStars/HeroStars/GroupStar6/Star7,1996,hero_star_2,002_UnityDataAssetPack_datapack__file110,6507,probable_m_sprite,hero_star_2,002_UnityDataAssetPack_datapack__file110,903,36x36,local
REF04-home-crew,/Canvas/PlayerHeroes/HeroHome2 (2)/GroupHero/GroupStars/HeroStars/GroupStar6/Star7,1997,hero_star_2,002_UnityDataAssetPack_datapack__file110,6507,probable_m_sprite,hero_star_2,002_UnityDataAssetPack_datapack__file110,903,36x36,local
REF04-home-crew,/Canvas/PlayerHeroes/HeroHome2 (1)/GroupHero/GroupStars/HeroStars/GroupStar6/Star7,1998,hero_star_2,002_UnityDataAssetPack_datapack__file110,6507,probable_m_sprite,hero_star_2,002_UnityDataAssetPack_datapack__file110,903,36x36,local
REF04-home-crew,/Canvas/PlayerHeroes/HeroHome2 (3)/GroupHero/GroupStars/HeroStars/GroupStar6/Star7,1999,hero_star_2,002_UnityDataAssetPack_datapack__file110,6507,probable_m_sprite,hero_star_2,002_UnityDataAssetPack_datapack__file110,903,36x36,local
REF04-home-crew,/Canvas/PlayerHeroes/HeroHome2 (0)/GroupHero/GroupStars/HeroStars/GroupStar6/Star7,2000,hero_star_2,002_UnityDataAssetPack_datapack__file110,6507,probable_m_sprite,hero_star_2,002_UnityDataAssetPack_datapack__file110,903,36x36,local
REF04-home-crew,/Canvas/PlayerHeroes/HeroHome2 (5)/GroupHero/GroupStars/HeroStars/GroupStar6/Star7,2001,hero_star_2,002_UnityDataAssetPack_datapack__file110,6507,probable_m_sprite,hero_star_2,002_UnityDataAssetPack_datapack__file110,903,36x36,local
REF04-home-crew,/Canvas/PlayerHeroes/HeroHome2 (2)/GroupHero/GroupStars/HeroStars/GroupStar1/Star1,2002,hero_star_1,002_UnityDataAssetPack_datapack__file110,7732,probable_m_sprite,hero_star_1,002_UnityDataAssetPack_datapack__file110,2294,28x28,local
REF04-home-crew,/Canvas/PlayerHeroes/HeroHome2 (4)/GroupHero/GroupStars/HeroStars/GroupStar1/Star1,2003,hero_star_1,002_UnityDataAssetPack_datapack__file110,7732,probable_m_sprite,hero_star_1,002_UnityDataAssetPack_datapack__file110,2294,28x28,local
REF04-home-crew,/Canvas/PlayerHeroes/HeroHome2 (5)/GroupHero/GroupStars/HeroStars/GroupStar1/Star1,2004,hero_star_1,002_UnityDataAssetPack_datapack__file110,7732,probable_m_sprite,hero_star_1,002_UnityDataAssetPack_datapack__file110,2294,28x28,local
REF04-home-crew,/Canvas/PlayerHeroes/HeroHome2 (1)/GroupHero/GroupStars/HeroStars/GroupStar1/Star1,2005,hero_star_1,002_UnityDataAssetPack_datapack__file110,7732,probable_m_sprite,hero_star_1,002_UnityDataAssetPack_datapack__file110,2294,28x28,local
REF04-home-crew,/Canvas/PlayerHeroes/HeroHome2 (3)/GroupHero/GroupStars/HeroStars/GroupStar1/Star1,2006,hero_star_1,002_UnityDataAssetPack_datapack__file110,7732,probable_m_sprite,hero_star_1,002_UnityDataAssetPack_datapack__file110,2294,28x28,local
REF04-home-crew,/Canvas/PlayerHeroes/HeroHome2 (0)/GroupHero/GroupStars/HeroStars/GroupStar1/Star1,2007,hero_star_1,002_UnityDataAssetPack_datapack__file110,7732,probable_m_sprite,hero_star_1,002_UnityDataAssetPack_datapack__file110,2294,28x28,local
REF04-home-crew,/Canvas/PlayerHeroes/HeroHome2 (4)/GroupHero/GroupStars/HeroStars/GroupStar1/Star5,2008,hero_star_1,002_UnityDataAssetPack_datapack__file110,7732,probable_m_sprite,hero_star_1,002_UnityDataAssetPack_datapack__file110,2294,28x28,local
REF04-home-crew,/Canvas/PlayerHeroes/HeroHome2 (2)/GroupHero/GroupStars/HeroStars/GroupStar1/Star5,2009,hero_star_1,002_UnityDataAssetPack_datapack__file110,7732,probable_m_sprite,hero_star_1,002_UnityDataAssetPack_datapack__file110,2294,28x28,local
REF04-home-crew,/Canvas/PlayerHeroes/HeroHome2 (0)/GroupHero/GroupStars/HeroStars/GroupStar1/Star5,2010,hero_star_1,002_UnityDataAssetPack_datapack__file110,7732,probable_m_sprite,hero_star_1,002_UnityDataAssetPack_datapack__file110,2294,28x28,local
REF04-home-crew,/Canvas/PlayerHeroes/HeroHome2 (1)/GroupHero/GroupStars/HeroStars/GroupStar1/Star5,2011,hero_star_1,002_UnityDataAssetPack_datapack__file110,7732,probable_m_sprite,hero_star_1,002_UnityDataAssetPack_datapack__file110,2294,28x28,local
REF04-home-crew,/Canvas/PlayerHeroes/HeroHome2 (3)/GroupHero/GroupStars/HeroStars/GroupStar1/Star5,2012,hero_star_1,002_UnityDataAssetPack_datapack__file110,7732,probable_m_sprite,hero_star_1,002_UnityDataAssetPack_datapack__file110,2294,28x28,local
REF04-home-crew,/Canvas/PlayerHeroes/HeroHome2 (5)/GroupHero/GroupStars/HeroStars/GroupStar1/Star5,2013,hero_star_1,002_UnityDataAssetPack_datapack__file110,7732,probable_m_sprite,hero_star_1,002_UnityDataAssetPack_datapack__file110,2294,28x28,local
REF04-home-crew,/Canvas/PlayerHeroes/HeroHome2 (4)/GroupHero/GroupStars/HeroStars/GroupStar1/Star2,2020,hero_star_1,002_UnityDataAssetPack_datapack__file110,7732,probable_m_sprite,hero_star_1,002_UnityDataAssetPack_datapack__file110,2294,28x28,local
REF04-home-crew,/Canvas/PlayerHeroes/HeroHome2 (2)/GroupHero/GroupStars/HeroStars/GroupStar1/Star2,2021,hero_star_1,002_UnityDataAssetPack_datapack__file110,7732,probable_m_sprite,hero_star_1,002_UnityDataAssetPack_datapack__file110,2294,28x28,local
REF04-home-crew,/Canvas/PlayerHeroes/HeroHome2 (1)/GroupHero/GroupStars/HeroStars/GroupStar1/Star2,2022,hero_star_1,002_UnityDataAssetPack_datapack__file110,7732,probable_m_sprite,hero_star_1,002_UnityDataAssetPack_datapack__file110,2294,28x28,local
REF04-home-crew,/Canvas/PlayerHeroes/HeroHome2 (3)/GroupHero/GroupStars/HeroStars/GroupStar1/Star2,2023,hero_star_1,002_UnityDataAssetPack_datapack__file110,7732,probable_m_sprite,hero_star_1,002_UnityDataAssetPack_datapack__file110,2294,28x28,local
REF04-home-crew,/Canvas/PlayerHeroes/HeroHome2 (0)/GroupHero/GroupStars/HeroStars/GroupStar1/Star2,2024,hero_star_1,002_UnityDataAssetPack_datapack__file110,7732,probable_m_sprite,hero_star_1,002_UnityDataAssetPack_datapack__file110,2294,28x28,local
REF04-home-crew,/Canvas/PlayerHeroes/HeroHome2 (5)/GroupHero/GroupStars/HeroStars/GroupStar1/Star2,2025,hero_star_1,002_UnityDataAssetPack_datapack__file110,7732,probable_m_sprite,hero_star_1,002_UnityDataAssetPack_datapack__file110,2294,28x28,local
REF04-home-crew,/Canvas/PlayerHeroes/HeroHome2 (3)/GroupHero/GroupStars/HeroStars/GroupStar6/Star6,2026,hero_star_2,002_UnityDataAssetPack_datapack__file110,6507,probable_m_sprite,hero_star_2,002_UnityDataAssetPack_datapack__file110,903,36x36,local
REF04-home-crew,/Canvas/PlayerHeroes/HeroHome2 (1)/GroupHero/GroupStars/HeroStars/GroupStar6/Star6,2027,hero_star_2,002_UnityDataAssetPack_datapack__file110,6507,probable_m_sprite,hero_star_2,002_UnityDataAssetPack_datapack__file110,903,36x36,local
REF04-home-crew,/Canvas/PlayerHeroes/HeroHome2 (0)/GroupHero/GroupStars/HeroStars/GroupStar6/Star6,2028,hero_star_2,002_UnityDataAssetPack_datapack__file110,6507,probable_m_sprite,hero_star_2,002_UnityDataAssetPack_datapack__file110,903,36x36,local
REF04-home-crew,/Canvas/PlayerHeroes/HeroHome2 (5)/GroupHero/GroupStars/HeroStars/GroupStar6/Star6,2029,hero_star_2,002_UnityDataAssetPack_datapack__file110,6507,probable_m_sprite,hero_star_2,002_UnityDataAssetPack_datapack__file110,903,36x36,local
REF04-home-crew,/Canvas/PlayerHeroes/HeroHome2 (4)/GroupHero/GroupStars/HeroStars/GroupStar6/Star6,2030,hero_star_2,002_UnityDataAssetPack_datapack__file110,6507,probable_m_sprite,hero_star_2,002_UnityDataAssetPack_datapack__file110,903,36x36,local
REF04-home-crew,/Canvas/PlayerHeroes/HeroHome2 (2)/GroupHero/GroupStars/HeroStars/GroupStar6/Star6,2031,hero_star_2,002_UnityDataAssetPack_datapack__file110,6507,probable_m_sprite,hero_star_2,002_UnityDataAssetPack_datapack__file110,903,36x36,local
REF04-home-crew,/Canvas/PlayerHeroes/HeroHome2 (4)/GroupHero/GroupStars/HeroStars/GroupStar1/Star3,2032,hero_star_1,002_UnityDataAssetPack_datapack__file110,7732,probable_m_sprite,hero_star_1,002_UnityDataAssetPack_datapack__file110,2294,28x28,local
REF04-home-crew,/Canvas/PlayerHeroes/HeroHome2 (2)/GroupHero/GroupStars/HeroStars/GroupStar1/Star3,2033,hero_star_1,002_UnityDataAssetPack_datapack__file110,7732,probable_m_sprite,hero_star_1,002_UnityDataAssetPack_datapack__file110,2294,28x28,local
REF04-home-crew,/Canvas/PlayerHeroes/HeroHome2 (0)/GroupHero/GroupStars/HeroStars/GroupStar1/Star3,2034,hero_star_1,002_UnityDataAssetPack_datapack__file110,7732,probable_m_sprite,hero_star_1,002_UnityDataAssetPack_datapack__file110,2294,28x28,local
REF04-home-crew,/Canvas/PlayerHeroes/HeroHome2 (1)/GroupHero/GroupStars/HeroStars/GroupStar1/Star3,2035,hero_star_1,002_UnityDataAssetPack_datapack__file110,7732,probable_m_sprite,hero_star_1,002_UnityDataAssetPack_datapack__file110,2294,28x28,local
REF04-home-crew,/Canvas/PlayerHeroes/HeroHome2 (3)/GroupHero/GroupStars/HeroStars/GroupStar1/Star3,2036,hero_star_1,002_UnityDataAssetPack_datapack__file110,7732,probable_m_sprite,hero_star_1,002_UnityDataAssetPack_datapack__file110,2294,28x28,local
REF04-home-crew,/Canvas/PlayerHeroes/HeroHome2 (5)/GroupHero/GroupStars/HeroStars/GroupStar1/Star3,2037,hero_star_1,002_UnityDataAssetPack_datapack__file110,7732,probable_m_sprite,hero_star_1,002_UnityDataAssetPack_datapack__file110,2294,28x28,local
REF04-home-crew,/Canvas/PlayerHeroes/HeroHome2 (0)/GroupHero/GroupStars/HeroStars/GroupStar10/Star10,2038,hero_star_3,002_UnityDataAssetPack_datapack__file110,9425,probable_m_sprite,hero_star_3,002_UnityDataAssetPack_datapack__file110,4195,40x40,local
REF04-home-crew,/Canvas/PlayerHeroes/HeroHome2 (3)/GroupHero/GroupStars/HeroStars/GroupStar10/Star10,2039,hero_star_3,002_UnityDataAssetPack_datapack__file110,9425,probable_m_sprite,hero_star_3,002_UnityDataAssetPack_datapack__file110,4195,40x40,local
REF04-home-crew,/Canvas/PlayerHeroes/HeroHome2 (1)/GroupHero/GroupStars/HeroStars/GroupStar10/Star10,2040,hero_star_3,002_UnityDataAssetPack_datapack__file110,9425,probable_m_sprite,hero_star_3,002_UnityDataAssetPack_datapack__file110,4195,40x40,local
REF04-home-crew,/Canvas/PlayerHeroes/HeroHome2 (5)/GroupHero/GroupStars/HeroStars/GroupStar10/Star10,2041,hero_star_3,002_UnityDataAssetPack_datapack__file110,9425,probable_m_sprite,hero_star_3,002_UnityDataAssetPack_datapack__file110,4195,40x40,local
REF04-home-crew,/Canvas/PlayerHeroes/HeroHome2 (4)/GroupHero/GroupStars/HeroStars/GroupStar10/Star10,2042,hero_star_3,002_UnityDataAssetPack_datapack__file110,9425,probable_m_sprite,hero_star_3,002_UnityDataAssetPack_datapack__file110,4195,40x40,local
REF04-home-crew,/Canvas/PlayerHeroes/HeroHome2 (2)/GroupHero/GroupStars/HeroStars/GroupStar10/Star10,2043,hero_star_3,002_UnityDataAssetPack_datapack__file110,9425,probable_m_sprite,hero_star_3,002_UnityDataAssetPack_datapack__file110,4195,40x40,local
REF04-home-crew,/Canvas/PlayerHeroes/HeroHome2 (2)/GroupHero/GroupStars/HeroStars/GroupStar6/Star9,2044,hero_star_2,002_UnityDataAssetPack_datapack__file110,6507,probable_m_sprite,hero_star_2,002_UnityDataAssetPack_datapack__file110,903,36x36,local
REF04-home-crew,/Canvas/PlayerHeroes/HeroHome2 (4)/GroupHero/GroupStars/HeroStars/GroupStar6/Star9,2045,hero_star_2,002_UnityDataAssetPack_datapack__file110,6507,probable_m_sprite,hero_star_2,002_UnityDataAssetPack_datapack__file110,903,36x36,local
REF04-home-crew,/Canvas/PlayerHeroes/HeroHome2 (5)/GroupHero/GroupStars/HeroStars/GroupStar6/Star9,2046,hero_star_2,002_UnityDataAssetPack_datapack__file110,6507,probable_m_sprite,hero_star_2,002_UnityDataAssetPack_datapack__file110,903,36x36,local
REF04-home-crew,/Canvas/PlayerHeroes/HeroHome2 (1)/GroupHero/GroupStars/HeroStars/GroupStar6/Star9,2047,hero_star_2,002_UnityDataAssetPack_datapack__file110,6507,probable_m_sprite,hero_star_2,002_UnityDataAssetPack_datapack__file110,903,36x36,local
REF04-home-crew,/Canvas/PlayerHeroes/HeroHome2 (3)/GroupHero/GroupStars/HeroStars/GroupStar6/Star9,2048,hero_star_2,002_UnityDataAssetPack_datapack__file110,6507,probable_m_sprite,hero_star_2,002_UnityDataAssetPack_datapack__file110,903,36x36,local
REF04-home-crew,/Canvas/PlayerHeroes/HeroHome2 (0)/GroupHero/GroupStars/HeroStars/GroupStar6/Star9,2049,hero_star_2,002_UnityDataAssetPack_datapack__file110,6507,probable_m_sprite,hero_star_2,002_UnityDataAssetPack_datapack__file110,903,36x36,local
REF04-home-crew,/Canvas/PlayerHeroes/HeroHome2 (2)/GroupHero/GroupStars/HeroStars/GroupStar6/Star8,2050,hero_star_2,002_UnityDataAssetPack_datapack__file110,6507,probable_m_sprite,hero_star_2,002_UnityDataAssetPack_datapack__file110,903,36x36,local
REF04-home-crew,/Canvas/PlayerHeroes/HeroHome2 (4)/GroupHero/GroupStars/HeroStars/GroupStar6/Star8,2051,hero_star_2,002_UnityDataAssetPack_datapack__file110,6507,probable_m_sprite,hero_star_2,002_UnityDataAssetPack_datapack__file110,903,36x36,local
REF04-home-crew,/Canvas/PlayerHeroes/HeroHome2 (5)/GroupHero/GroupStars/HeroStars/GroupStar6/Star8,2052,hero_star_2,002_UnityDataAssetPack_datapack__file110,6507,probable_m_sprite,hero_star_2,002_UnityDataAssetPack_datapack__file110,903,36x36,local
REF04-home-crew,/Canvas/PlayerHeroes/HeroHome2 (0)/GroupHero/GroupStars/HeroStars/GroupStar6/Star8,2053,hero_star_2,002_UnityDataAssetPack_datapack__file110,6507,probable_m_sprite,hero_star_2,002_UnityDataAssetPack_datapack__file110,903,36x36,local
REF04-home-crew,/Canvas/PlayerHeroes/HeroHome2 (3)/GroupHero/GroupStars/HeroStars/GroupStar6/Star8,2054,hero_star_2,002_UnityDataAssetPack_datapack__file110,6507,probable_m_sprite,hero_star_2,002_UnityDataAssetPack_datapack__file110,903,36x36,local
REF04-home-crew,/Canvas/PlayerHeroes/HeroHome2 (1)/GroupHero/GroupStars/HeroStars/GroupStar6/Star8,2055,hero_star_2,002_UnityDataAssetPack_datapack__file110,6507,probable_m_sprite,hero_star_2,002_UnityDataAssetPack_datapack__file110,903,36x36,local
REF04-home-crew,/Canvas/PanelHomeTopLeft/PanelHomeQuest/Content/ItemWrapper/GameItem/ItemEquipmentUI/MaskSpineBorder,2062,UIMask,002_UnityDataAssetPack_datapack__file110,6287,probable_m_sprite,UIMask,002_UnityDataAssetPack_datapack__file110,654,32x32,local
REF04-home-crew,/Canvas/PanelHomeTopLeft/PanelHomeQuest/Content/ItemWrapper/GameItem/GroupDone/tick,2063,tick_green,002_UnityDataAssetPack_datapack__file110,7134,probable_m_sprite,tick_green,002_UnityDataAssetPack_datapack__file110,1606,44x40,local
REF04-home-crew,/Canvas/PanelHomeTopLeft/PanelHomeQuest/Content/ItemWrapper/GameItem/GroupDone/ImageCover,2070,bgr_light,002_UnityDataAssetPack_datapack__file110,8451,probable_m_sprite,bgr_light,002_UnityDataAssetPack_datapack__file110,3106,52x52,local
REF04-home-crew,/Canvas/PanelHomeTopLeft/PanelHomeQuest/Content/ItemWrapper/GameItem/HeroHeadClickable/HeroHeadUI/Mask/ImageHidden,2073,hero_head_hidden,002_UnityDataAssetPack_datapack__file110,6856,probable_m_sprite,hero_head_hidden,002_UnityDataAssetPack_datapack__file110,1294,100x100,local
REF04-home-crew,/Canvas/PanelHomeTopLeft/PanelHomeQuest/Content/ItemWrapper/GameItem/ItemConsumableUI/Mask/ImageBgr,2078,bgr_item_consumable,002_UnityDataAssetPack_datapack__file110,7432,probable_m_sprite,bgr_item_consumable,002_UnityDataAssetPack_datapack__file110,1945,100x100,local
REF04-home-crew,/Canvas/PanelHomeTopLeft/PanelHomeQuest/Content/ItemWrapper/GameItem/ItemConsumableUI/Mask,2080,bgr_light,002_UnityDataAssetPack_datapack__file110,8451,probable_m_sprite,bgr_light,002_UnityDataAssetPack_datapack__file110,3106,52x52,local
REF04-home-crew,/Canvas/PanelHomeTopLeft/PanelHomeQuest/Content/ItemWrapper/GameItem/ItemConsumableUI/ImageBorder,2082,border_item,002_UnityDataAssetPack_datapack__file110,8426,probable_m_sprite,border_item,002_UnityDataAssetPack_datapack__file110,3081,100x100,local
REF04-home-crew,/Canvas/PanelHomeTopLeft/PanelHomeQuest/Content/ItemWrapper/GameItem/ItemConsumableUI/Mask/ImageItem,2083,item_transparent,002_UnityDataAssetPack_datapack__file110,9311,probable_m_sprite,item_transparent,002_UnityDataAssetPack_datapack__file110,4075,100x100,local
REF04-home-crew,/Canvas/PanelHomeTopLeft/PanelHomeQuest/Content/ItemWrapper/GameItem/ItemConsumableUI/Mask/Check/Image,2085,tick_green,002_UnityDataAssetPack_datapack__file110,7134,probable_m_sprite,tick_green,002_UnityDataAssetPack_datapack__file110,1606,44x40,local
REF04-home-crew,/Canvas/PanelHomeTopLeft/PanelHomeQuest/Content/ItemWrapper/GameItem/ItemShardUI/ShardStar/Star1,2095,hero_star_1,002_UnityDataAssetPack_datapack__file110,7732,probable_m_sprite,hero_star_1,002_UnityDataAssetPack_datapack__file110,2294,28x28,local
REF04-home-crew,/Canvas/PanelHomeTopLeft/PanelHomeQuest/Content/ItemWrapper/GameItem/ItemShardUI/ShardStar/Star1,2096,hero_star_1,002_UnityDataAssetPack_datapack__file110,7732,probable_m_sprite,hero_star_1,002_UnityDataAssetPack_datapack__file110,2294,28x28,local
REF04-home-crew,/Canvas/PanelHomeTopLeft/PanelHomeQuest/Content/ItemWrapper/GameItem/ItemShardUI/IconShard,2098,icon_shard,002_UnityDataAssetPack_datapack__file110,8079,probable_m_sprite,icon_shard,002_UnityDataAssetPack_datapack__file110,2688,32x32,local
REF04-home-crew,/Canvas/PanelHomeTopLeft/PanelHomeQuest/Content/ItemWrapper/GameItem/ItemShardUI/ShardStar/Star1,2100,hero_star_1,002_UnityDataAssetPack_datapack__file110,7732,probable_m_sprite,hero_star_1,002_UnityDataAssetPack_datapack__file110,2294,28x28,local
REF04-home-crew,/Canvas/PanelHomeTopLeft/PanelHomeQuest/Content/ItemWrapper/GameItem/ItemShardUI/Mask/Check/Image,2101,tick_green,002_UnityDataAssetPack_datapack__file110,7134,probable_m_sprite,tick_green,002_UnityDataAssetPack_datapack__file110,1606,44x40,local
REF04-home-crew,/Canvas/PanelHomeTopLeft/PanelHomeQuest/Content/ItemWrapper/GameItem/ItemShardUI/Slider/Background,2102,Background,002_UnityDataAssetPack_datapack__file110,6283,probable_m_sprite,Background,002_UnityDataAssetPack_datapack__file110,650,32x32,local
REF04-home-crew,/Canvas/PanelHomeTopLeft/PanelHomeQuest/Content/ItemWrapper/GameItem/ItemShardUI/Mask/ImageItem,2107,item_transparent,002_UnityDataAssetPack_datapack__file110,9311,probable_m_sprite,item_transparent,002_UnityDataAssetPack_datapack__file110,4075,100x100,local
REF04-home-crew,/Canvas/PanelHomeTopLeft/PanelHomeQuest/Content/ItemWrapper/GameItem/ItemShardUI/Mask/ImageBgr,2109,bgr_item_consumable,002_UnityDataAssetPack_datapack__file110,7432,probable_m_sprite,bgr_item_consumable,002_UnityDataAssetPack_datapack__file110,1945,100x100,local
REF04-home-crew,/Canvas/PanelHomeTopLeft/PanelHomeQuest/Content/ItemWrapper/GameItem/ItemShardUI/ImageBorder,2110,border_item,002_UnityDataAssetPack_datapack__file110,8426,probable_m_sprite,border_item,002_UnityDataAssetPack_datapack__file110,3081,100x100,local
REF04-home-crew,/Canvas/PanelHomeTopLeft/PanelHomeQuest/Content/ItemWrapper/GameItem/ItemShardUI/Slider/Fill Area/Fill,2111,UISprite,002_UnityDataAssetPack_datapack__file110,6282,probable_m_sprite,UISprite,002_UnityDataAssetPack_datapack__file110,649,32x32,local
REF04-home-crew,/Canvas/PanelHomeTopLeft/PanelHomeQuest/Content/ItemWrapper/GameItem/ItemShardUI/ShardStar/Star1,2112,hero_star_1,002_UnityDataAssetPack_datapack__file110,7732,probable_m_sprite,hero_star_1,002_UnityDataAssetPack_datapack__file110,2294,28x28,local
REF04-home-crew,/Canvas/PanelHomeTopLeft/PanelHomeQuest/Content/ItemWrapper/GameItem/ItemShardUI/ShardStar/Star1,2113,hero_star_1,002_UnityDataAssetPack_datapack__file110,7732,probable_m_sprite,hero_star_1,002_UnityDataAssetPack_datapack__file110,2294,28x28,local
REF04-home-crew,/Canvas/PanelHomeTopLeft/PanelHomeQuest/Content/ItemWrapper/GameItem/ItemShardUI/IconHeroFaction,2117,faction_abyss,002_UnityDataAssetPack_datapack__file110,9681,probable_m_sprite,faction_abyss,002_UnityDataAssetPack_datapack__file110,4488,80x80,local
REF04-home-crew,/Canvas/PanelHomeTopLeft/PanelHomeQuest/Content/ItemWrapper/GameItem/ItemShardUI/Mask,2118,bgr_light,002_UnityDataAssetPack_datapack__file110,8451,probable_m_sprite,bgr_light,002_UnityDataAssetPack_datapack__file110,3106,52x52,local
