sprite_serialized_file,sprite_id,sprite_name,texture_serialized_file,texture_id,texture_name,texture_size,sprite_rect,texture_resolution,shared_texture_sprite_count
000_com.mobi389.murom_data__file002,1900,,000_com.mobi389.murom_data__file002,3,Splash Screen Unity Logo,2048x1024,2048.0x1024.0,local,1
000_com.mobi389.murom_data__file003,9,ace_title,000_com.mobi389.murom_data__file003,2,ace_title,322x216,322.0x216.0,local,1
000_com.mobi389.murom_data__file003,10,logo_global,000_com.mobi389.murom_data__file003,3,logo_global,634x456,634.0x456.0,local,1
000_com.mobi389.murom_data__file003,11,logo_small,000_com.mobi389.murom_data__file003,4,logo_small,220x129,220.0x129.0,local,1
000_com.mobi389.murom_data__file003,12,logo_4_legends,000_com.mobi389.murom_data__file003,5,logo_4_legends,520x300,520.0x300.0,local,1
000_com.mobi389.murom_data__file003,13,ace_logo,000_com.mobi389.murom_data__file003,6,ace_logo,756x576,756.0x576.0,local,1
000_com.mobi389.murom_data__file003,14,bgr_splash2,000_com.mobi389.murom_data__file003,7,bgr_splash2,1408x860,1408.0x860.0,local,1
000_com.mobi389.murom_data__file003,15,ace_bgr,000_com.mobi389.murom_data__file003,8,ace_bgr,1136x640,1136.0x640.0,local,1
002_UnityDataAssetPack_datapack__file110,6268,fire_4,002_UnityDataAssetPack_datapack__file110,1648,fire,544x312,63.0x63.0,local,6
002_UnityDataAssetPack_datapack__file110,6269,fire_2,002_UnityDataAssetPack_datapack__file110,1648,fire,544x312,79.0x143.0,local,6
002_UnityDataAssetPack_datapack__file110,6270,bgr_0,002_UnityDataAssetPack_datapack__file110,4201,bgr,186x167,135.0x167.0,local,2
002_UnityDataAssetPack_datapack__file110,6271,coin_spin_4,002_UnityDataAssetPack_datapack__file110,3328,coin_spin,1120x154,160.0x154.0,local,7
002_UnityDataAssetPack_datapack__file110,6272,gold_0,002_UnityDataAssetPack_datapack__file110,3524,gold,268x37,37.0x37.0,local,7
002_UnityDataAssetPack_datapack__file110,6273,gold_1,002_UnityDataAssetPack_datapack__file110,3524,gold,268x37,32.0x37.0,local,7
002_UnityDataAssetPack_datapack__file110,6274,gold_4,002_UnityDataAssetPack_datapack__file110,3524,gold,268x37,20.0x37.0,local,7
002_UnityDataAssetPack_datapack__file110,6275,coin_spin_2,002_UnityDataAssetPack_datapack__file110,3328,coin_spin,1120x154,160.0x154.0,local,7
002_UnityDataAssetPack_datapack__file110,6276,gold_2,002_UnityDataAssetPack_datapack__file110,3524,gold,268x37,20.0x37.0,local,7
002_UnityDataAssetPack_datapack__file110,6277,bgr_1,002_UnityDataAssetPack_datapack__file110,4201,bgr,186x167,51.0x167.0,local,2
002_UnityDataAssetPack_datapack__file110,6278,coin_spin_0,002_UnityDataAssetPack_datapack__file110,3328,coin_spin,1120x154,160.0x154.0,local,7
002_UnityDataAssetPack_datapack__file110,6279,coin_spin_3,002_UnityDataAssetPack_datapack__file110,3328,coin_spin,1120x154,160.0x154.0,local,7
002_UnityDataAssetPack_datapack__file110,6280,gold_6,002_UnityDataAssetPack_datapack__file110,3524,gold,268x37,37.0x37.0,local,7
002_UnityDataAssetPack_datapack__file110,6281,Checkmark,002_UnityDataAssetPack_datapack__file110,648,Checkmark,64x64,40.0x40.0,local,1
002_UnityDataAssetPack_datapack__file110,6282,UISprite,002_UnityDataAssetPack_datapack__file110,649,UISprite,32x32,32.0x32.0,local,1
002_UnityDataAssetPack_datapack__file110,6283,Background,002_UnityDataAssetPack_datapack__file110,650,Background,32x32,32.0x32.0,local,1
002_UnityDataAssetPack_datapack__file110,6284,InputFieldBackground,002_UnityDataAssetPack_datapack__file110,651,InputFieldBackground,32x32,32.0x32.0,local,1
002_UnityDataAssetPack_datapack__file110,6285,Knob,002_UnityDataAssetPack_datapack__file110,652,Knob,64x64,40.0x40.0,local,1
002_UnityDataAssetPack_datapack__file110,6286,DropdownArrow,002_UnityDataAssetPack_datapack__file110,653,DropdownArrow,64x64,40.0x40.0,local,1
002_UnityDataAssetPack_datapack__file110,6287,UIMask,002_UnityDataAssetPack_datapack__file110,654,UIMask,32x32,32.0x32.0,local,1
002_UnityDataAssetPack_datapack__file110,6288,tab_star_up,002_UnityDataAssetPack_datapack__file110,656,tab_star_up,78x90,78.0x90.0,local,1
002_UnityDataAssetPack_datapack__file110,6289,skill_669,002_UnityDataAssetPack_datapack__file110,657,skill_669,100x100,100.0x100.0,local,1
002_UnityDataAssetPack_datapack__file110,6290,42,002_UnityDataAssetPack_datapack__file110,658,42,88x88,88.0x88.0,local,1
002_UnityDataAssetPack_datapack__file110,6291,230,002_UnityDataAssetPack_datapack__file110,659,230,640x512,640.0x512.0,local,1
002_UnityDataAssetPack_datapack__file110,6292,b_2,002_UnityDataAssetPack_datapack__file110,661,b_2,476x476,476.0x476.0,local,1
002_UnityDataAssetPack_datapack__file110,6293,Octopus,002_UnityDataAssetPack_datapack__file110,662,Octopus,1024x1024,1024.0x1024.0,local,1
002_UnityDataAssetPack_datapack__file110,6294,line_bs_inactive,002_UnityDataAssetPack_datapack__file110,663,line_bs_inactive,100x20,100.0x20.0,local,1
002_UnityDataAssetPack_datapack__file110,6295,52,002_UnityDataAssetPack_datapack__file110,664,52,144x144,144.0x144.0,local,1
002_UnityDataAssetPack_datapack__file110,6296,board_enable,002_UnityDataAssetPack_datapack__file110,665,board_enable,258x80,258.0x80.0,local,1
002_UnityDataAssetPack_datapack__file110,6297,209,002_UnityDataAssetPack_datapack__file110,666,209,100x100,100.0x100.0,local,1
002_UnityDataAssetPack_datapack__file110,6298,robin_logo,002_UnityDataAssetPack_datapack__file110,667,robin_logo,656x568,656.0x568.0,local,1
002_UnityDataAssetPack_datapack__file110,6299,skill_713,002_UnityDataAssetPack_datapack__file110,668,skill_713,100x100,100.0x100.0,local,1
002_UnityDataAssetPack_datapack__file110,6300,circlestretchy,002_UnityDataAssetPack_datapack__file110,669,circlestretchy,256x256,256.0x256.0,local,1
002_UnityDataAssetPack_datapack__file110,6301,gem_10,002_UnityDataAssetPack_datapack__file110,671,gem_10,144x136,144.0x136.0,local,1
002_UnityDataAssetPack_datapack__file110,6302,Skill_1293,002_UnityDataAssetPack_datapack__file110,672,Skill_1293,868x792,868.0x792.0,local,1
002_UnityDataAssetPack_datapack__file110,6303,95,002_UnityDataAssetPack_datapack__file110,673,95,84x84,84.0x84.0,local,1
002_UnityDataAssetPack_datapack__file110,6304,72,002_UnityDataAssetPack_datapack__file110,675,72,640x512,640.0x512.0,local,1
002_UnityDataAssetPack_datapack__file110,6305,nami_title,002_UnityDataAssetPack_datapack__file110,676,nami_title,463x256,463.0x256.0,local,1
002_UnityDataAssetPack_datapack__file110,6306,155,002_UnityDataAssetPack_datapack__file110,677,155,640x512,640.0x512.0,local,1
002_UnityDataAssetPack_datapack__file110,6307,box_gold_event,002_UnityDataAssetPack_datapack__file110,679,box_gold_event,168x40,168.0x40.0,local,1
002_UnityDataAssetPack_datapack__file110,6308,ability_6,002_UnityDataAssetPack_datapack__file110,680,ability_6,116x116,116.0x116.0,local,1
002_UnityDataAssetPack_datapack__file110,6309,board_crystal_crown,002_UnityDataAssetPack_datapack__file110,681,board_crystal_crown,596x144,596.0x144.0,local,1
002_UnityDataAssetPack_datapack__file110,6310,Hero_174,002_UnityDataAssetPack_datapack__file110,684,Hero_174,916x772,916.0x772.0,local,1
002_UnityDataAssetPack_datapack__file110,6311,70,002_UnityDataAssetPack_datapack__file110,685,70,100x100,100.0x100.0,local,1
002_UnityDataAssetPack_datapack__file110,6312,button_mail,002_UnityDataAssetPack_datapack__file110,686,button_mail,80x80,80.0x80.0,local,1
002_UnityDataAssetPack_datapack__file110,6313,bar_vertical,002_UnityDataAssetPack_datapack__file110,687,bar_vertical,8x80,8.0x80.0,local,1
002_UnityDataAssetPack_datapack__file110,6314,daNangDo,002_UnityDataAssetPack_datapack__file110,688,daNangDo,100x100,100.0x100.0,local,1
002_UnityDataAssetPack_datapack__file110,6315,147,002_UnityDataAssetPack_datapack__file110,689,147,180x248,180.0x248.0,local,1
002_UnityDataAssetPack_datapack__file110,6316,share_battle,002_UnityDataAssetPack_datapack__file110,690,share_battle,56x57,56.0x57.0,local,1
002_UnityDataAssetPack_datapack__file110,6317,war_map_edge,002_UnityDataAssetPack_datapack__file110,691,war_map_edge,150x36,150.0x36.0,local,1
002_UnityDataAssetPack_datapack__file110,6318,ship_member_3_2,002_UnityDataAssetPack_datapack__file110,692,ship_member_3_2,180x148,180.0x148.0,local,1
002_UnityDataAssetPack_datapack__file110,6319,round_rect2,002_UnityDataAssetPack_datapack__file110,694,round_rect2,64x64,64.0x64.0,local,1
002_UnityDataAssetPack_datapack__file110,6320,91,002_UnityDataAssetPack_datapack__file110,695,91,84x84,84.0x84.0,local,1
002_UnityDataAssetPack_datapack__file110,6321,skill_127,002_UnityDataAssetPack_datapack__file110,696,skill_127,100x100,100.0x100.0,local,1
002_UnityDataAssetPack_datapack__file110,6322,button_skin,002_UnityDataAssetPack_datapack__file110,697,button_skin,60x60,60.0x60.0,local,1
002_UnityDataAssetPack_datapack__file110,6323,84,002_UnityDataAssetPack_datapack__file110,698,84,84x84,84.0x84.0,local,1
002_UnityDataAssetPack_datapack__file110,6324,icon_buff_crit,002_UnityDataAssetPack_datapack__file110,699,icon_buff_crit,32x32,32.0x32.0,local,1
002_UnityDataAssetPack_datapack__file110,6325,spin_border,002_UnityDataAssetPack_datapack__file110,700,spin_border,432x432,432.0x432.0,local,1
002_UnityDataAssetPack_datapack__file110,6326,bgr_arena,002_UnityDataAssetPack_datapack__file110,701,bgr_arena,1136x640,1136.0x640.0,local,1
002_UnityDataAssetPack_datapack__file110,6327,75,002_UnityDataAssetPack_datapack__file110,702,75,100x100,100.0x100.0,local,1
002_UnityDataAssetPack_datapack__file110,6328,182,002_UnityDataAssetPack_datapack__file110,703,182,180x248,180.0x248.0,local,1
002_UnityDataAssetPack_datapack__file110,6329,skill_733,002_UnityDataAssetPack_datapack__file110,704,skill_733,100x100,100.0x100.0,local,1
002_UnityDataAssetPack_datapack__file110,6330,e_tab2,002_UnityDataAssetPack_datapack__file110,705,e_tab2,679x449,679.0x449.0,local,1
002_UnityDataAssetPack_datapack__file110,6331,219,002_UnityDataAssetPack_datapack__file110,706,219,640x512,640.0x512.0,local,1
002_UnityDataAssetPack_datapack__file110,6332,base_brave_head,002_UnityDataAssetPack_datapack__file110,707,base_brave_head,42x33,42.0x33.0,local,1
002_UnityDataAssetPack_datapack__file110,6333,mf_slot_active,002_UnityDataAssetPack_datapack__file110,709,mf_slot_active,156x56,156.0x56.0,local,1
002_UnityDataAssetPack_datapack__file110,6334,36,002_UnityDataAssetPack_datapack__file110,710,36,100x100,100.0x100.0,local,1
002_UnityDataAssetPack_datapack__file110,6335,shelves1,002_UnityDataAssetPack_datapack__file110,711,shelves1,292x52,292.0x52.0,local,1
002_UnityDataAssetPack_datapack__file110,6336,18_plus,002_UnityDataAssetPack_datapack__file110,712,18_plus,222x72,222.0x72.0,local,1
002_UnityDataAssetPack_datapack__file110,6337,ship_member_5_1,002_UnityDataAssetPack_datapack__file110,713,ship_member_5_1,180x148,180.0x148.0,local,1
002_UnityDataAssetPack_datapack__file110,6338,card_hard,002_UnityDataAssetPack_datapack__file110,714,card_hard,300x388,300.0x388.0,local,1
002_UnityDataAssetPack_datapack__file110,6339,round_rect_17,002_UnityDataAssetPack_datapack__file110,715,round_rect_17,44x44,44.0x44.0,local,1
002_UnityDataAssetPack_datapack__file110,6340,240,002_UnityDataAssetPack_datapack__file110,716,240,640x512,640.0x512.0,local,1
002_UnityDataAssetPack_datapack__file110,6341,15,002_UnityDataAssetPack_datapack__file110,717,15,109x38,109.0x38.0,local,1
002_UnityDataAssetPack_datapack__file110,6342,icon_3_2,002_UnityDataAssetPack_datapack__file110,718,icon_3_2,96x96,96.0x96.0,local,1
002_UnityDataAssetPack_datapack__file110,6343,event_nap_don,002_UnityDataAssetPack_datapack__file110,719,event_nap_don,700x132,700.0x132.0,local,1
002_UnityDataAssetPack_datapack__file110,6344,skill_pet_passive_3,002_UnityDataAssetPack_datapack__file110,720,skill_pet_passive_3,100x100,100.0x100.0,local,1
002_UnityDataAssetPack_datapack__file110,6345,title_checkin,002_UnityDataAssetPack_datapack__file110,721,title_checkin,178x51,178.0x51.0,local,1
002_UnityDataAssetPack_datapack__file110,6346,8,002_UnityDataAssetPack_datapack__file110,722,8,231x122,231.0x122.0,local,1
002_UnityDataAssetPack_datapack__file110,6347,tab_ranger_2,002_UnityDataAssetPack_datapack__file110,723,tab_ranger_2,78x90,78.0x90.0,local,1
002_UnityDataAssetPack_datapack__file110,6348,skill_183,002_UnityDataAssetPack_datapack__file110,724,skill_183,100x100,100.0x100.0,local,1
002_UnityDataAssetPack_datapack__file110,6349,tab1,002_UnityDataAssetPack_datapack__file110,725,tab1,196x64,196.0x64.0,local,1
002_UnityDataAssetPack_datapack__file110,6350,mage_freeze_immune,002_UnityDataAssetPack_datapack__file110,726,mage_freeze_immune,100x100,100.0x100.0,local,1
002_UnityDataAssetPack_datapack__file110,6351,icon_skill_next,002_UnityDataAssetPack_datapack__file110,727,icon_skill_next,36x28,36.0x28.0,local,1
002_UnityDataAssetPack_datapack__file110,6352,priest_twine_immune,002_UnityDataAssetPack_datapack__file110,729,priest_twine_immune,100x100,100.0x100.0,local,1
002_UnityDataAssetPack_datapack__file110,6353,loot_spirit,002_UnityDataAssetPack_datapack__file110,730,loot_spirit,50x50,50.0x50.0,local,1
002_UnityDataAssetPack_datapack__file110,6354,home_button_monster,002_UnityDataAssetPack_datapack__file110,731,home_button_monster,80x80,80.0x80.0,local,1
002_UnityDataAssetPack_datapack__file110,6355,assassin_skill_dmg,002_UnityDataAssetPack_datapack__file110,732,assassin_skill_dmg,100x100,100.0x100.0,local,1
002_UnityDataAssetPack_datapack__file110,6356,50002,002_UnityDataAssetPack_datapack__file110,733,50002,100x100,100.0x100.0,local,1
002_UnityDataAssetPack_datapack__file110,6357,skill_26,002_UnityDataAssetPack_datapack__file110,734,skill_26,100x100,100.0x100.0,local,1
002_UnityDataAssetPack_datapack__file110,6358,4_off,002_UnityDataAssetPack_datapack__file110,735,4_off,140x72,140.0x72.0,local,1
002_UnityDataAssetPack_datapack__file110,6359,spin_roulette_frame_1,002_UnityDataAssetPack_datapack__file110,736,spin_roulette_frame_1,520x520,520.0x520.0,local,1
002_UnityDataAssetPack_datapack__file110,6360,skill_720,002_UnityDataAssetPack_datapack__file110,737,skill_720,100x100,100.0x100.0,local,1
002_UnityDataAssetPack_datapack__file110,6361,icon_26,002_UnityDataAssetPack_datapack__file110,738,icon_26,88x88,88.0x88.0,local,1
002_UnityDataAssetPack_datapack__file110,6362,button_plus,002_UnityDataAssetPack_datapack__file110,742,button_plus,47x47,47.0x47.0,local,1
002_UnityDataAssetPack_datapack__file110,6363,tech_atk,002_UnityDataAssetPack_datapack__file110,744,tech_atk,100x100,100.0x100.0,local,1
002_UnityDataAssetPack_datapack__file110,6364,skill_114,002_UnityDataAssetPack_datapack__file110,745,skill_114,100x100,100.0x100.0,local,1
002_UnityDataAssetPack_datapack__file110,6365,Hit_87,002_UnityDataAssetPack_datapack__file110,746,Hit_87,507x526,507.0x526.0,local,1
002_UnityDataAssetPack_datapack__file110,6366,skill_40,002_UnityDataAssetPack_datapack__file110,747,skill_40,100x100,100.0x100.0,local,1
002_UnityDataAssetPack_datapack__file110,6367,bgr_0002_anhsang,002_UnityDataAssetPack_datapack__file110,748,bgr_0002_anhsang,1136x640,1136.0x640.0,local,1
002_UnityDataAssetPack_datapack__file110,6368,187,002_UnityDataAssetPack_datapack__file110,749,187,100x100,100.0x100.0,local,1
002_UnityDataAssetPack_datapack__file110,6369,skill_9,002_UnityDataAssetPack_datapack__file110,750,skill_9,100x100,100.0x100.0,local,1
002_UnityDataAssetPack_datapack__file110,6370,tab_weapon,002_UnityDataAssetPack_datapack__file110,751,tab_weapon,78x90,78.0x90.0,local,1
002_UnityDataAssetPack_datapack__file110,6371,sk_burgess,002_UnityDataAssetPack_datapack__file110,752,sk_burgess,74x78,74.0x78.0,local,1
002_UnityDataAssetPack_datapack__file110,6372,skill_726,002_UnityDataAssetPack_datapack__file110,753,skill_726,100x100,100.0x100.0,local,1
002_UnityDataAssetPack_datapack__file110,6373,attack_win,002_UnityDataAssetPack_datapack__file110,754,attack_win,40x40,40.0x40.0,local,1
002_UnityDataAssetPack_datapack__file110,6374,scroll_bg,002_UnityDataAssetPack_datapack__file110,755,scroll_bg,16x16,16.0x16.0,local,1
002_UnityDataAssetPack_datapack__file110,6375,3,002_UnityDataAssetPack_datapack__file110,756,3,100x100,100.0x100.0,local,1
002_UnityDataAssetPack_datapack__file110,6376,button_close_4,002_UnityDataAssetPack_datapack__file110,757,button_close_4,92x52,92.0x52.0,local,1
002_UnityDataAssetPack_datapack__file110,6377,decor_3,002_UnityDataAssetPack_datapack__file110,758,decor_3,168x168,168.0x168.0,local,1
002_UnityDataAssetPack_datapack__file110,6378,40010,002_UnityDataAssetPack_datapack__file110,760,40010,100x100,100.0x100.0,local,1
002_UnityDataAssetPack_datapack__file110,6379,icon_buff_attack,002_UnityDataAssetPack_datapack__file110,761,icon_buff_attack,32x32,32.0x32.0,local,1
002_UnityDataAssetPack_datapack__file110,6380,fame_1,002_UnityDataAssetPack_datapack__file110,762,fame_1,95x257,95.0x257.0,local,1
002_UnityDataAssetPack_datapack__file110,6381,icon_19,002_UnityDataAssetPack_datapack__file110,763,icon_19,88x88,88.0x88.0,local,1
002_UnityDataAssetPack_datapack__file110,6382,skill_194,002_UnityDataAssetPack_datapack__file110,764,skill_194,100x100,100.0x100.0,local,1
002_UnityDataAssetPack_datapack__file110,6383,tab_level_ia,002_UnityDataAssetPack_datapack__file110,765,tab_level_ia,78x90,78.0x90.0,local,1
002_UnityDataAssetPack_datapack__file110,6384,event_nap_lien_tiep,002_UnityDataAssetPack_datapack__file110,766,event_nap_lien_tiep,700x132,700.0x132.0,local,1
002_UnityDataAssetPack_datapack__file110,6385,7,002_UnityDataAssetPack_datapack__file110,767,7,144x144,144.0x144.0,local,1
002_UnityDataAssetPack_datapack__file110,6386,btn_25,002_UnityDataAssetPack_datapack__file110,769,btn_25,320x80,320.0x80.0,local,1
002_UnityDataAssetPack_datapack__file110,6387,tab_armor,002_UnityDataAssetPack_datapack__file110,770,tab_armor,78x90,78.0x90.0,local,1
002_UnityDataAssetPack_datapack__file110,6388,44,002_UnityDataAssetPack_datapack__file110,771,44,100x100,100.0x100.0,local,1
002_UnityDataAssetPack_datapack__file110,6389,itemuse_1,002_UnityDataAssetPack_datapack__file110,772,itemuse_1,100x100,100.0x100.0,local,1
002_UnityDataAssetPack_datapack__file110,6390,skill_130,002_UnityDataAssetPack_datapack__file110,773,skill_130,100x100,100.0x100.0,local,1
002_UnityDataAssetPack_datapack__file110,6391,tech_daffodil,002_UnityDataAssetPack_datapack__file110,774,tech_daffodil,92x92,92.0x92.0,local,1
002_UnityDataAssetPack_datapack__file110,6392,skill_711,002_UnityDataAssetPack_datapack__file110,775,skill_711,100x100,100.0x100.0,local,1
002_UnityDataAssetPack_datapack__file110,6393,b_boss,002_UnityDataAssetPack_datapack__file110,776,b_boss,381x254,381.0x254.0,local,1
002_UnityDataAssetPack_datapack__file110,6394,skill_143,002_UnityDataAssetPack_datapack__file110,777,skill_143,100x100,100.0x100.0,local,1
002_UnityDataAssetPack_datapack__file110,6395,60,002_UnityDataAssetPack_datapack__file110,778,60,80x80,80.0x80.0,local,1
002_UnityDataAssetPack_datapack__file110,6396,105,002_UnityDataAssetPack_datapack__file110,779,105,180x248,180.0x248.0,local,1
002_UnityDataAssetPack_datapack__file110,6397,Hero_752,002_UnityDataAssetPack_datapack__file110,780,Hero_752,956x768,956.0x768.0,local,1
002_UnityDataAssetPack_datapack__file110,6398,progress_mastering_quest,002_UnityDataAssetPack_datapack__file110,781,progress_mastering_quest,256x16,256.0x16.0,local,1
002_UnityDataAssetPack_datapack__file110,6399,mage_anti_warrior,002_UnityDataAssetPack_datapack__file110,782,mage_anti_warrior,100x100,100.0x100.0,local,1
002_UnityDataAssetPack_datapack__file110,6400,mage_skill_dmg,002_UnityDataAssetPack_datapack__file110,783,mage_skill_dmg,100x100,100.0x100.0,local,1
002_UnityDataAssetPack_datapack__file110,6401,medition_man,002_UnityDataAssetPack_datapack__file110,784,medition_man,346x317,346.0x317.0,local,1
002_UnityDataAssetPack_datapack__file110,6402,331,002_UnityDataAssetPack_datapack__file110,785,331,180x248,180.0x248.0,local,1
002_UnityDataAssetPack_datapack__file110,6403,icon_hand,002_UnityDataAssetPack_datapack__file110,786,icon_hand,107x107,107.0x107.0,local,1
002_UnityDataAssetPack_datapack__file110,6404,item_potion_5,002_UnityDataAssetPack_datapack__file110,787,item_potion_5,100x100,100.0x100.0,local,1
002_UnityDataAssetPack_datapack__file110,6405,arena_frame,002_UnityDataAssetPack_datapack__file110,788,arena_frame,292x68,292.0x68.0,local,1
002_UnityDataAssetPack_datapack__file110,6406,tab_event_off,002_UnityDataAssetPack_datapack__file110,790,tab_event_off,288x86,288.0x86.0,local,1
002_UnityDataAssetPack_datapack__file110,6407,popup_close 1,002_UnityDataAssetPack_datapack__file110,791,popup_close 1,59x41,59.0x41.0,local,1
002_UnityDataAssetPack_datapack__file110,6408,building_enemy,002_UnityDataAssetPack_datapack__file110,792,building_enemy,182x112,182.0x112.0,local,1
002_UnityDataAssetPack_datapack__file110,6409,234,002_UnityDataAssetPack_datapack__file110,793,234,640x512,640.0x512.0,local,1
002_UnityDataAssetPack_datapack__file110,6410,143,002_UnityDataAssetPack_datapack__file110,794,143,640x512,640.0x512.0,local,1
002_UnityDataAssetPack_datapack__file110,6411,icon_2,002_UnityDataAssetPack_datapack__file110,795,icon_2,114x114,114.0x114.0,local,1
002_UnityDataAssetPack_datapack__file110,6412,pet_thumb_6,002_UnityDataAssetPack_datapack__file110,796,pet_thumb_6,240x300,240.0x300.0,local,1
002_UnityDataAssetPack_datapack__file110,6413,skill_102,002_UnityDataAssetPack_datapack__file110,797,skill_102,100x100,100.0x100.0,local,1
002_UnityDataAssetPack_datapack__file110,6414,tarven_star_3,002_UnityDataAssetPack_datapack__file110,798,tarven_star_3,44x44,44.0x44.0,local,1
002_UnityDataAssetPack_datapack__file110,6415,dungeon_battle,002_UnityDataAssetPack_datapack__file110,799,dungeon_battle,116x118,116.0x118.0,local,1
002_UnityDataAssetPack_datapack__file110,6416,hero_quality_5,002_UnityDataAssetPack_datapack__file110,801,hero_quality_5,110x86,110.0x86.0,local,1
002_UnityDataAssetPack_datapack__file110,6417,le,002_UnityDataAssetPack_datapack__file110,802,le,149x69,149.0x69.0,local,1
002_UnityDataAssetPack_datapack__file110,6418,39,002_UnityDataAssetPack_datapack__file110,803,39,100x100,100.0x100.0,local,1
002_UnityDataAssetPack_datapack__file110,6419,banner_quytruongthanh,002_UnityDataAssetPack_datapack__file110,804,banner_quytruongthanh,700x132,700.0x132.0,local,1
002_UnityDataAssetPack_datapack__file110,6420,130,002_UnityDataAssetPack_datapack__file110,805,130,180x248,180.0x248.0,local,1
002_UnityDataAssetPack_datapack__file110,6421,icon_monster_soul,002_UnityDataAssetPack_datapack__file110,806,icon_monster_soul,52x52,52.0x52.0,local,1
002_UnityDataAssetPack_datapack__file110,6422,Hero_1235,002_UnityDataAssetPack_datapack__file110,807,Hero_1235,596x256,596.0x256.0,local,1
002_UnityDataAssetPack_datapack__file110,6423,rect_17,002_UnityDataAssetPack_datapack__file110,808,rect_17,68x68,68.0x68.0,local,1
002_UnityDataAssetPack_datapack__file110,6424,tag_boss_1,002_UnityDataAssetPack_datapack__file110,809,tag_boss_1,34x31,34.0x31.0,local,1
002_UnityDataAssetPack_datapack__file110,6425,icon_5sao,002_UnityDataAssetPack_datapack__file110,810,icon_5sao,88x88,88.0x88.0,local,1
002_UnityDataAssetPack_datapack__file110,6426,rect_cell_mastering_2,002_UnityDataAssetPack_datapack__file110,811,rect_cell_mastering_2,124x104,124.0x104.0,local,1
002_UnityDataAssetPack_datapack__file110,6427,Hit_91,002_UnityDataAssetPack_datapack__file110,812,Hit_91,487x314,487.0x314.0,local,1
002_UnityDataAssetPack_datapack__file110,6428,232,002_UnityDataAssetPack_datapack__file110,813,232,640x512,640.0x512.0,local,1
002_UnityDataAssetPack_datapack__file110,6429,bgr_popup_event_special,002_UnityDataAssetPack_datapack__file110,814,bgr_popup_event_special,43x43,43.0x43.0,local,1
002_UnityDataAssetPack_datapack__file110,6430,button_red,002_UnityDataAssetPack_datapack__file110,815,button_red,142x68,142.0x68.0,local,1
002_UnityDataAssetPack_datapack__file110,6431,skill_159,002_UnityDataAssetPack_datapack__file110,816,skill_159,100x100,100.0x100.0,local,1
002_UnityDataAssetPack_datapack__file110,6432,gem_1,002_UnityDataAssetPack_datapack__file110,817,gem_1,144x136,144.0x136.0,local,1
002_UnityDataAssetPack_datapack__file110,6433,rect,002_UnityDataAssetPack_datapack__file110,818,rect,52x52,52.0x52.0,local,1
002_UnityDataAssetPack_datapack__file110,6434,icon_tap_atk,002_UnityDataAssetPack_datapack__file110,819,icon_tap_atk,86x86,86.0x86.0,local,1
002_UnityDataAssetPack_datapack__file110,6435,wave3,002_UnityDataAssetPack_datapack__file110,820,wave3,128x512,128.0x512.0,local,1
002_UnityDataAssetPack_datapack__file110,6436,hero_locked,002_UnityDataAssetPack_datapack__file110,821,hero_locked,60x60,60.0x60.0,local,1
002_UnityDataAssetPack_datapack__file110,6437,40006,002_UnityDataAssetPack_datapack__file110,822,40006,100x100,100.0x100.0,local,1
002_UnityDataAssetPack_datapack__file110,6438,11,002_UnityDataAssetPack_datapack__file110,823,11,166x99,166.0x99.0,local,1
002_UnityDataAssetPack_datapack__file110,6439,131,002_UnityDataAssetPack_datapack__file110,824,131,640x512,640.0x512.0,local,1
002_UnityDataAssetPack_datapack__file110,6440,tick_green_3,002_UnityDataAssetPack_datapack__file110,825,tick_green_3,48x40,48.0x40.0,local,1
002_UnityDataAssetPack_datapack__file110,6441,skill_184,002_UnityDataAssetPack_datapack__file110,826,skill_184,100x100,100.0x100.0,local,1
002_UnityDataAssetPack_datapack__file110,6442,skill_12,002_UnityDataAssetPack_datapack__file110,827,skill_12,100x100,100.0x100.0,local,1
002_UnityDataAssetPack_datapack__file110,6443,skill_688,002_UnityDataAssetPack_datapack__file110,828,skill_688,100x100,100.0x100.0,local,1
002_UnityDataAssetPack_datapack__file110,6444,skill_719,002_UnityDataAssetPack_datapack__file110,829,skill_719,100x100,100.0x100.0,local,1
002_UnityDataAssetPack_datapack__file110,6445,character_0526_c1,002_UnityDataAssetPack_datapack__file110,831,character_0526_c1,640x512,640.0x512.0,local,1
002_UnityDataAssetPack_datapack__file110,6446,mask_e4,002_UnityDataAssetPack_datapack__file110,832,mask_e4,100x100,100.0x100.0,local,1
002_UnityDataAssetPack_datapack__file110,6447,98,002_UnityDataAssetPack_datapack__file110,833,98,84x84,84.0x84.0,local,1
002_UnityDataAssetPack_datapack__file110,6448,MagicHit_1,002_UnityDataAssetPack_datapack__file110,834,MagicHit_1,542x144,542.0x144.0,local,1
002_UnityDataAssetPack_datapack__file110,6449,Hero_1001,002_UnityDataAssetPack_datapack__file110,835,Hero_1001,630x520,630.0x520.0,local,1
002_UnityDataAssetPack_datapack__file110,6450,ability_7,002_UnityDataAssetPack_datapack__file110,836,ability_7,112x108,112.0x108.0,local,1
002_UnityDataAssetPack_datapack__file110,6451,icon_debuff_block,002_UnityDataAssetPack_datapack__file110,837,icon_debuff_block,32x32,32.0x32.0,local,1
002_UnityDataAssetPack_datapack__file110,6452,tab_regress,002_UnityDataAssetPack_datapack__file110,838,tab_regress,92x92,92.0x92.0,local,1
002_UnityDataAssetPack_datapack__file110,6453,assassin_hp_skill_dmg,002_UnityDataAssetPack_datapack__file110,839,assassin_hp_skill_dmg,100x100,100.0x100.0,local,1
002_UnityDataAssetPack_datapack__file110,6454,32,002_UnityDataAssetPack_datapack__file110,840,32,84x84,84.0x84.0,local,1
002_UnityDataAssetPack_datapack__file110,6455,159,002_UnityDataAssetPack_datapack__file110,841,159,640x512,640.0x512.0,local,1
002_UnityDataAssetPack_datapack__file110,6456,skill_737,002_UnityDataAssetPack_datapack__file110,843,skill_737,100x100,100.0x100.0,local,1
002_UnityDataAssetPack_datapack__file110,6457,158,002_UnityDataAssetPack_datapack__file110,844,158,640x512,640.0x512.0,local,1
002_UnityDataAssetPack_datapack__file110,6458,Group 1,002_UnityDataAssetPack_datapack__file110,845,Group 1,353x111,353.0x111.0,local,1
002_UnityDataAssetPack_datapack__file110,6459,tab_change,002_UnityDataAssetPack_datapack__file110,846,tab_change,92x92,92.0x92.0,local,1
002_UnityDataAssetPack_datapack__file110,6460,icon_warrior,002_UnityDataAssetPack_datapack__file110,847,icon_warrior,64x64,64.0x64.0,local,1
002_UnityDataAssetPack_datapack__file110,6461,warrior_atk,002_UnityDataAssetPack_datapack__file110,848,warrior_atk,100x100,100.0x100.0,local,1
002_UnityDataAssetPack_datapack__file110,6462,66,002_UnityDataAssetPack_datapack__file110,850,66,640x512,640.0x512.0,local,1
002_UnityDataAssetPack_datapack__file110,6463,icon_debuff_armor_break,002_UnityDataAssetPack_datapack__file110,851,icon_debuff_armor_break,32x32,32.0x32.0,local,1
002_UnityDataAssetPack_datapack__file110,6464,char_dv,002_UnityDataAssetPack_datapack__file110,852,char_dv,524x456,524.0x456.0,local,1
002_UnityDataAssetPack_datapack__file110,6465,166,002_UnityDataAssetPack_datapack__file110,853,166,180x248,180.0x248.0,local,1
002_UnityDataAssetPack_datapack__file110,6466,inform_lichsukien,002_UnityDataAssetPack_datapack__file110,854,inform_lichsukien,524x160,524.0x160.0,local,1
002_UnityDataAssetPack_datapack__file110,6467,25,002_UnityDataAssetPack_datapack__file110,857,25,144x144,144.0x144.0,local,1
002_UnityDataAssetPack_datapack__file110,6468,bgr_auto,002_UnityDataAssetPack_datapack__file110,858,bgr_auto,1280x640,1280.0x640.0,local,1
002_UnityDataAssetPack_datapack__file110,6469,icon_hoatdong,002_UnityDataAssetPack_datapack__file110,859,icon_hoatdong,100x100,100.0x100.0,local,1
002_UnityDataAssetPack_datapack__file110,6470,ability_11,002_UnityDataAssetPack_datapack__file110,860,ability_11,112x108,112.0x108.0,local,1
002_UnityDataAssetPack_datapack__file110,6471,button_edit,002_UnityDataAssetPack_datapack__file110,861,button_edit,72x72,72.0x72.0,local,1
002_UnityDataAssetPack_datapack__file110,6472,43,002_UnityDataAssetPack_datapack__file110,862,43,84x84,84.0x84.0,local,1
002_UnityDataAssetPack_datapack__file110,6473,button_received_disable,002_UnityDataAssetPack_datapack__file110,865,button_received_disable,73x67,73.0x67.0,local,1
002_UnityDataAssetPack_datapack__file110,6474,icon_buff_reduce_dmg,002_UnityDataAssetPack_datapack__file110,866,icon_buff_reduce_dmg,32x32,32.0x32.0,local,1
002_UnityDataAssetPack_datapack__file110,6475,item_potion_1,002_UnityDataAssetPack_datapack__file110,867,item_potion_1,100x100,100.0x100.0,local,1
002_UnityDataAssetPack_datapack__file110,6476,ability_13,002_UnityDataAssetPack_datapack__file110,868,ability_13,116x116,116.0x116.0,local,1
002_UnityDataAssetPack_datapack__file110,6477,bar_rage,002_UnityDataAssetPack_datapack__file110,869,bar_rage,80x8,80.0x8.0,local,1
002_UnityDataAssetPack_datapack__file110,6478,guild_flag_27,002_UnityDataAssetPack_datapack__file110,870,guild_flag_27,88x92,88.0x92.0,local,1
002_UnityDataAssetPack_datapack__file110,6479,226,002_UnityDataAssetPack_datapack__file110,871,226,180x248,180.0x248.0,local,1
002_UnityDataAssetPack_datapack__file110,6480,hero_stone_2,002_UnityDataAssetPack_datapack__file110,872,hero_stone_2,90x90,90.0x90.0,local,1
002_UnityDataAssetPack_datapack__file110,6481,icon_mail_gift,002_UnityDataAssetPack_datapack__file110,873,icon_mail_gift,72x72,72.0x72.0,local,1
002_UnityDataAssetPack_datapack__file110,6482,bgr_shop2,002_UnityDataAssetPack_datapack__file110,874,bgr_shop2,1136x640,1136.0x640.0,local,1
002_UnityDataAssetPack_datapack__file110,6483,dumb_island_3,002_UnityDataAssetPack_datapack__file110,875,dumb_island_3,365x215,365.0x215.0,local,1
002_UnityDataAssetPack_datapack__file110,6484,home2_bar_info,002_UnityDataAssetPack_datapack__file110,876,home2_bar_info,290x82,290.0x82.0,local,1
002_UnityDataAssetPack_datapack__file110,6485,bar_event_4,002_UnityDataAssetPack_datapack__file110,877,bar_event_4,124x60,124.0x60.0,local,1
002_UnityDataAssetPack_datapack__file110,6486,mf_potion_heal,002_UnityDataAssetPack_datapack__file110,878,mf_potion_heal,97x75,97.0x75.0,local,1
002_UnityDataAssetPack_datapack__file110,6487,bar_bottom,002_UnityDataAssetPack_datapack__file110,879,bar_bottom,1138x198,1138.0x198.0,local,1
002_UnityDataAssetPack_datapack__file110,6488,skill_pet7_active,002_UnityDataAssetPack_datapack__file110,880,skill_pet7_active,100x100,100.0x100.0,local,1
002_UnityDataAssetPack_datapack__file110,6489,arrow,002_UnityDataAssetPack_datapack__file110,881,arrow,31x31,31.0x31.0,local,1
002_UnityDataAssetPack_datapack__file110,6490,tab_active_1,002_UnityDataAssetPack_datapack__file110,882,tab_active_1,156x56,156.0x56.0,local,1
002_UnityDataAssetPack_datapack__file110,6491,guild_flag_28,002_UnityDataAssetPack_datapack__file110,883,guild_flag_28,88x92,88.0x92.0,local,1
002_UnityDataAssetPack_datapack__file110,6492,bgr_market_event,002_UnityDataAssetPack_datapack__file110,885,bgr_market_event,681x281,681.0x281.0,local,1
002_UnityDataAssetPack_datapack__file110,6493,dice_map_tile_red,002_UnityDataAssetPack_datapack__file110,886,dice_map_tile_red,100x100,100.0x100.0,local,1
002_UnityDataAssetPack_datapack__file110,6494,skill_729,002_UnityDataAssetPack_datapack__file110,887,skill_729,100x100,100.0x100.0,local,1
002_UnityDataAssetPack_datapack__file110,6495,icon_horn,002_UnityDataAssetPack_datapack__file110,888,icon_horn,100x100,100.0x100.0,local,1
002_UnityDataAssetPack_datapack__file110,6496,Hero_185,002_UnityDataAssetPack_datapack__file110,889,Hero_185,1020x952,1020.0x952.0,local,1
002_UnityDataAssetPack_datapack__file110,6497,icon_dotpha,002_UnityDataAssetPack_datapack__file110,892,icon_dotpha,100x100,100.0x100.0,local,1
002_UnityDataAssetPack_datapack__file110,6498,bgr_point,002_UnityDataAssetPack_datapack__file110,893,bgr_point,131x43,131.0x43.0,local,1
002_UnityDataAssetPack_datapack__file110,6499,icon_5,002_UnityDataAssetPack_datapack__file110,894,icon_5,114x114,114.0x114.0,local,1
002_UnityDataAssetPack_datapack__file110,6500,104,002_UnityDataAssetPack_datapack__file110,896,104,640x512,640.0x512.0,local,1
002_UnityDataAssetPack_datapack__file110,6501,ability_8,002_UnityDataAssetPack_datapack__file110,897,ability_8,104x104,104.0x104.0,local,1
002_UnityDataAssetPack_datapack__file110,6502,midas_popup,002_UnityDataAssetPack_datapack__file110,898,midas_popup,1040x472,1040.0x472.0,local,1
002_UnityDataAssetPack_datapack__file110,6503,ship_member_4_3,002_UnityDataAssetPack_datapack__file110,899,ship_member_4_3,180x148,180.0x148.0,local,1
002_UnityDataAssetPack_datapack__file110,6504,71,002_UnityDataAssetPack_datapack__file110,900,71,80x80,80.0x80.0,local,1
002_UnityDataAssetPack_datapack__file110,6505,101,002_UnityDataAssetPack_datapack__file110,901,101,100x100,100.0x100.0,local,1
002_UnityDataAssetPack_datapack__file110,6506,border_equipment_6,002_UnityDataAssetPack_datapack__file110,902,border_equipment_6,100x100,100.0x100.0,local,1
002_UnityDataAssetPack_datapack__file110,6507,hero_star_2,002_UnityDataAssetPack_datapack__file110,903,hero_star_2,36x36,36.0x36.0,local,1
002_UnityDataAssetPack_datapack__file110,6508,dumb_island_7,002_UnityDataAssetPack_datapack__file110,904,dumb_island_7,135x151,135.0x151.0,local,1
002_UnityDataAssetPack_datapack__file110,6509,pet_thumb_5,002_UnityDataAssetPack_datapack__file110,905,pet_thumb_5,240x300,240.0x300.0,local,1
002_UnityDataAssetPack_datapack__file110,6510,skill_50,002_UnityDataAssetPack_datapack__file110,906,skill_50,100x100,100.0x100.0,local,1
002_UnityDataAssetPack_datapack__file110,6511,dice_shadow,002_UnityDataAssetPack_datapack__file110,907,dice_shadow,182x182,182.0x182.0,local,1
002_UnityDataAssetPack_datapack__file110,6512,title_battle_detail,002_UnityDataAssetPack_datapack__file110,908,title_battle_detail,48x42,48.0x42.0,local,1
002_UnityDataAssetPack_datapack__file110,6513,bgr_back,002_UnityDataAssetPack_datapack__file110,909,bgr_back,448x104,448.0x104.0,local,1
002_UnityDataAssetPack_datapack__file110,6514,84,002_UnityDataAssetPack_datapack__file110,910,84,100x100,100.0x100.0,local,1
002_UnityDataAssetPack_datapack__file110,6515,L_ES,002_UnityDataAssetPack_datapack__file110,911,L_ES,78x83,78.0x83.0,local,1
002_UnityDataAssetPack_datapack__file110,6516,event_vong_quay,002_UnityDataAssetPack_datapack__file110,914,event_vong_quay,536x176,536.0x176.0,local,1
002_UnityDataAssetPack_datapack__file110,6517,button_friend,002_UnityDataAssetPack_datapack__file110,915,button_friend,80x80,80.0x80.0,local,1
002_UnityDataAssetPack_datapack__file110,6518,notify_dot_2,002_UnityDataAssetPack_datapack__file110,916,notify_dot_2,32x32,32.0x32.0,local,1
002_UnityDataAssetPack_datapack__file110,6519,spin_center,002_UnityDataAssetPack_datapack__file110,917,spin_center,444x444,444.0x444.0,local,1
002_UnityDataAssetPack_datapack__file110,6520,ability_22,002_UnityDataAssetPack_datapack__file110,918,ability_22,112x108,112.0x108.0,local,1
002_UnityDataAssetPack_datapack__file110,6521,192,002_UnityDataAssetPack_datapack__file110,919,192,100x100,100.0x100.0,local,1
002_UnityDataAssetPack_datapack__file110,6522,125,002_UnityDataAssetPack_datapack__file110,920,125,640x512,640.0x512.0,local,1
002_UnityDataAssetPack_datapack__file110,6523,stack_gold_2,002_UnityDataAssetPack_datapack__file110,921,stack_gold_2,211x254,211.0x254.0,local,1
002_UnityDataAssetPack_datapack__file110,6524,title_4,002_UnityDataAssetPack_datapack__file110,923,title_4,179x44,179.0x44.0,local,1
002_UnityDataAssetPack_datapack__file110,6525,FramesCircle,002_UnityDataAssetPack_datapack__file110,925,FramesCircle,163x163,163.0x163.0,local,1
002_UnityDataAssetPack_datapack__file110,6526,skill_166,002_UnityDataAssetPack_datapack__file110,926,skill_166,100x100,100.0x100.0,local,1
002_UnityDataAssetPack_datapack__file110,6527,building_tower,002_UnityDataAssetPack_datapack__file110,927,building_tower,231x263,231.0x263.0,local,1
002_UnityDataAssetPack_datapack__file110,6528,skill_167,002_UnityDataAssetPack_datapack__file110,928,skill_167,100x100,100.0x100.0,local,1
002_UnityDataAssetPack_datapack__file110,6529,button_violet,002_UnityDataAssetPack_datapack__file110,929,button_violet,80x80,80.0x80.0,local,1
002_UnityDataAssetPack_datapack__file110,6530,tag_elite,002_UnityDataAssetPack_datapack__file110,930,tag_elite,190x25,190.0x25.0,local,1
002_UnityDataAssetPack_datapack__file110,6531,icon_15,002_UnityDataAssetPack_datapack__file110,931,icon_15,88x88,88.0x88.0,local,1
002_UnityDataAssetPack_datapack__file110,6532,img_merchant_3,002_UnityDataAssetPack_datapack__file110,932,img_merchant_3,174x233,174.0x233.0,local,1
002_UnityDataAssetPack_datapack__file110,6533,tab_consumable,002_UnityDataAssetPack_datapack__file110,933,tab_consumable,78x90,78.0x90.0,local,1
002_UnityDataAssetPack_datapack__file110,6534,68,002_UnityDataAssetPack_datapack__file110,934,68,80x80,80.0x80.0,local,1
002_UnityDataAssetPack_datapack__file110,6535,tab_accessory,002_UnityDataAssetPack_datapack__file110,935,tab_accessory,80x88,80.0x88.0,local,1
002_UnityDataAssetPack_datapack__file110,6536,ruin_decor_1,002_UnityDataAssetPack_datapack__file110,936,ruin_decor_1,104x104,104.0x104.0,local,1
002_UnityDataAssetPack_datapack__file110,6537,card_brave_trial,002_UnityDataAssetPack_datapack__file110,937,card_brave_trial,336x440,336.0x440.0,local,1
002_UnityDataAssetPack_datapack__file110,6538,title_lvl,002_UnityDataAssetPack_datapack__file110,938,title_lvl,70x25,70.0x25.0,local,1
002_UnityDataAssetPack_datapack__file110,6539,building_summoning,002_UnityDataAssetPack_datapack__file110,939,building_summoning,251x214,251.0x214.0,local,1
002_UnityDataAssetPack_datapack__file110,6540,44,002_UnityDataAssetPack_datapack__file110,940,44,100x100,100.0x100.0,local,1
002_UnityDataAssetPack_datapack__file110,6541,14,002_UnityDataAssetPack_datapack__file110,941,14,100x100,100.0x100.0,local,1
002_UnityDataAssetPack_datapack__file110,6542,button_raid_spirit,002_UnityDataAssetPack_datapack__file110,942,button_raid_spirit,199x304,199.0x304.0,local,1
002_UnityDataAssetPack_datapack__file110,6543,bgr_text_1,002_UnityDataAssetPack_datapack__file110,943,bgr_text_1,252x44,252.0x44.0,local,1
002_UnityDataAssetPack_datapack__file110,6544,161,002_UnityDataAssetPack_datapack__file110,944,161,100x100,100.0x100.0,local,1
002_UnityDataAssetPack_datapack__file110,6545,mid_autumn_14,002_UnityDataAssetPack_datapack__file110,945,mid_autumn_14,88x106,88.0x106.0,local,1
002_UnityDataAssetPack_datapack__file110,6546,46,002_UnityDataAssetPack_datapack__file110,946,46,84x84,84.0x84.0,local,1
002_UnityDataAssetPack_datapack__file110,6547,88,002_UnityDataAssetPack_datapack__file110,947,88,640x512,640.0x512.0,local,1
002_UnityDataAssetPack_datapack__file110,6548,character_0047_c1,002_UnityDataAssetPack_datapack__file110,948,character_0047_c1,640x512,640.0x512.0,local,1
002_UnityDataAssetPack_datapack__file110,6549,mage_armor_break,002_UnityDataAssetPack_datapack__file110,949,mage_armor_break,100x100,100.0x100.0,local,1
002_UnityDataAssetPack_datapack__file110,6550,Hit_150,002_UnityDataAssetPack_datapack__file110,951,Hit_150,1009x597,1009.0x597.0,local,1
002_UnityDataAssetPack_datapack__file110,6551,69,002_UnityDataAssetPack_datapack__file110,952,69,640x512,640.0x512.0,local,1
002_UnityDataAssetPack_datapack__file110,6552,33,002_UnityDataAssetPack_datapack__file110,953,33,84x84,84.0x84.0,local,1
002_UnityDataAssetPack_datapack__file110,6553,210,002_UnityDataAssetPack_datapack__file110,954,210,180x248,180.0x248.0,local,1
002_UnityDataAssetPack_datapack__file110,6554,button_benefit,002_UnityDataAssetPack_datapack__file110,955,button_benefit,189x74,189.0x74.0,local,1
002_UnityDataAssetPack_datapack__file110,6555,icon_12,002_UnityDataAssetPack_datapack__file110,956,icon_12,155x158,155.0x158.0,local,1
002_UnityDataAssetPack_datapack__file110,6556,202,002_UnityDataAssetPack_datapack__file110,959,202,640x512,640.0x512.0,local,1
002_UnityDataAssetPack_datapack__file110,6557,Fame_text,002_UnityDataAssetPack_datapack__file110,961,Fame_text,150x33,150.0x33.0,local,1
002_UnityDataAssetPack_datapack__file110,6558,mage_precision,002_UnityDataAssetPack_datapack__file110,962,mage_precision,100x100,100.0x100.0,local,1
002_UnityDataAssetPack_datapack__file110,6559,event_thang,002_UnityDataAssetPack_datapack__file110,963,event_thang,536x176,536.0x176.0,local,1
002_UnityDataAssetPack_datapack__file110,6560,dummy_island_2_1,002_UnityDataAssetPack_datapack__file110,965,dummy_island_2_1,250x198,250.0x198.0,local,1
002_UnityDataAssetPack_datapack__file110,6561,237,002_UnityDataAssetPack_datapack__file110,966,237,100x100,100.0x100.0,local,1
002_UnityDataAssetPack_datapack__file110,6562,tarven_star_2,002_UnityDataAssetPack_datapack__file110,967,tarven_star_2,44x44,44.0x44.0,local,1
002_UnityDataAssetPack_datapack__file110,6563,skill_selected,002_UnityDataAssetPack_datapack__file110,968,skill_selected,100x100,100.0x100.0,local,1
002_UnityDataAssetPack_datapack__file110,6564,gem_7,002_UnityDataAssetPack_datapack__file110,969,gem_7,144x136,144.0x136.0,local,1
002_UnityDataAssetPack_datapack__file110,6565,88,002_UnityDataAssetPack_datapack__file110,971,88,100x100,100.0x100.0,local,1
002_UnityDataAssetPack_datapack__file110,6566,line_connect_dark,002_UnityDataAssetPack_datapack__file110,972,line_connect_dark,31x8,31.0x8.0,local,1
002_UnityDataAssetPack_datapack__file110,6567,bgr_aura_new,002_UnityDataAssetPack_datapack__file110,973,bgr_aura_new,303x265,303.0x265.0,local,1
002_UnityDataAssetPack_datapack__file110,6568,157,002_UnityDataAssetPack_datapack__file110,974,157,100x100,100.0x100.0,local,1
002_UnityDataAssetPack_datapack__file110,6569,45,002_UnityDataAssetPack_datapack__file110,975,45,84x84,84.0x84.0,local,1
002_UnityDataAssetPack_datapack__file110,6570,307,002_UnityDataAssetPack_datapack__file110,976,307,100x100,100.0x100.0,local,1
002_UnityDataAssetPack_datapack__file110,6571,bgr_shop,002_UnityDataAssetPack_datapack__file110,977,bgr_shop,652x488,652.0x488.0,local,1
002_UnityDataAssetPack_datapack__file110,6572,40004,002_UnityDataAssetPack_datapack__file110,978,40004,100x100,100.0x100.0,local,1
002_UnityDataAssetPack_datapack__file110,6573,38,002_UnityDataAssetPack_datapack__file110,979,38,100x100,100.0x100.0,local,1
002_UnityDataAssetPack_datapack__file110,6574,icon_21,002_UnityDataAssetPack_datapack__file110,980,icon_21,100x100,100.0x100.0,local,1
002_UnityDataAssetPack_datapack__file110,6575,title_7,002_UnityDataAssetPack_datapack__file110,981,title_7,179x44,179.0x44.0,local,1
002_UnityDataAssetPack_datapack__file110,6576,179,002_UnityDataAssetPack_datapack__file110,982,179,100x100,100.0x100.0,local,1
002_UnityDataAssetPack_datapack__file110,6577,36,002_UnityDataAssetPack_datapack__file110,984,36,100x100,100.0x100.0,local,1
002_UnityDataAssetPack_datapack__file110,6578,37,002_UnityDataAssetPack_datapack__file110,985,37,100x100,100.0x100.0,local,1
002_UnityDataAssetPack_datapack__file110,6579,no_hero,002_UnityDataAssetPack_datapack__file110,986,no_hero,277x208,277.0x208.0,local,1
002_UnityDataAssetPack_datapack__file110,6580,bgr_hero_thumb,002_UnityDataAssetPack_datapack__file110,987,bgr_hero_thumb,179x246,179.0x246.0,local,1
002_UnityDataAssetPack_datapack__file110,6581,Hit_108,002_UnityDataAssetPack_datapack__file110,988,Hit_108,389x526,389.0x526.0,local,1
002_UnityDataAssetPack_datapack__file110,6582,button_war_reward,002_UnityDataAssetPack_datapack__file110,989,button_war_reward,100x100,100.0x100.0,local,1
002_UnityDataAssetPack_datapack__file110,6583,pet_7,002_UnityDataAssetPack_datapack__file110,990,pet_7,100x100,100.0x100.0,local,1
002_UnityDataAssetPack_datapack__file110,6584,icon_attack,002_UnityDataAssetPack_datapack__file110,991,icon_attack,61x59,61.0x59.0,local,1
002_UnityDataAssetPack_datapack__file110,6585,event_giftcode,002_UnityDataAssetPack_datapack__file110,993,event_giftcode,88x88,88.0x88.0,local,1
002_UnityDataAssetPack_datapack__file110,6586,luffy_logo,002_UnityDataAssetPack_datapack__file110,994,luffy_logo,748x568,748.0x568.0,local,1
002_UnityDataAssetPack_datapack__file110,6587,40014,002_UnityDataAssetPack_datapack__file110,995,40014,100x100,100.0x100.0,local,1
002_UnityDataAssetPack_datapack__file110,6588,319,002_UnityDataAssetPack_datapack__file110,996,319,640x512,640.0x512.0,local,1
002_UnityDataAssetPack_datapack__file110,6589,bgr_text_alpha,002_UnityDataAssetPack_datapack__file110,997,bgr_text_alpha,175x43,175.0x43.0,local,1
002_UnityDataAssetPack_datapack__file110,6590,Hero_234,002_UnityDataAssetPack_datapack__file110,998,Hero_234,740x396,740.0x396.0,local,1
002_UnityDataAssetPack_datapack__file110,6591,skill_200,002_UnityDataAssetPack_datapack__file110,999,skill_200,100x100,100.0x100.0,local,1
002_UnityDataAssetPack_datapack__file110,6592,Island_casino,002_UnityDataAssetPack_datapack__file110,1000,Island_casino,524x328,524.0x328.0,local,1
002_UnityDataAssetPack_datapack__file110,6593,tab_mill_order_2,002_UnityDataAssetPack_datapack__file110,1001,tab_mill_order_2,78x90,78.0x90.0,local,1
002_UnityDataAssetPack_datapack__file110,6594,40002,002_UnityDataAssetPack_datapack__file110,1002,40002,100x100,100.0x100.0,local,1
002_UnityDataAssetPack_datapack__file110,6595,17,002_UnityDataAssetPack_datapack__file110,1003,17,100x100,100.0x100.0,local,1
002_UnityDataAssetPack_datapack__file110,6596,85,002_UnityDataAssetPack_datapack__file110,1004,85,180x248,180.0x248.0,local,1
002_UnityDataAssetPack_datapack__file110,6597,skill_216,002_UnityDataAssetPack_datapack__file110,1005,skill_216,100x100,100.0x100.0,local,1
002_UnityDataAssetPack_datapack__file110,6598,skill_11,002_UnityDataAssetPack_datapack__file110,1006,skill_11,100x100,100.0x100.0,local,1
002_UnityDataAssetPack_datapack__file110,6599,190,002_UnityDataAssetPack_datapack__file110,1007,190,100x100,100.0x100.0,local,1
002_UnityDataAssetPack_datapack__file110,6600,inform_goiuudai,002_UnityDataAssetPack_datapack__file110,1008,inform_goiuudai,525x160,525.0x160.0,local,1
002_UnityDataAssetPack_datapack__file110,6601,event_the_qua_nho,002_UnityDataAssetPack_datapack__file110,1009,event_the_qua_nho,536x436,536.0x436.0,local,1
002_UnityDataAssetPack_datapack__file110,6602,23,002_UnityDataAssetPack_datapack__file110,1012,23,100x100,100.0x100.0,local,1
002_UnityDataAssetPack_datapack__file110,6603,robin_title_en,002_UnityDataAssetPack_datapack__file110,1013,robin_title_en,513x256,513.0x256.0,local,1
002_UnityDataAssetPack_datapack__file110,6604,board_title,002_UnityDataAssetPack_datapack__file110,1014,board_title,252x60,252.0x60.0,local,1
002_UnityDataAssetPack_datapack__file110,6605,icon_candy,002_UnityDataAssetPack_datapack__file110,1015,icon_candy,52x52,52.0x52.0,local,1
002_UnityDataAssetPack_datapack__file110,6606,guild_flag_4,002_UnityDataAssetPack_datapack__file110,1016,guild_flag_4,88x92,88.0x92.0,local,1
002_UnityDataAssetPack_datapack__file110,6607,tech_assassin,002_UnityDataAssetPack_datapack__file110,1017,tech_assassin,100x100,100.0x100.0,local,1
002_UnityDataAssetPack_datapack__file110,6608,icon_10,002_UnityDataAssetPack_datapack__file110,1018,icon_10,88x88,88.0x88.0,local,1
002_UnityDataAssetPack_datapack__file110,6609,5_on,002_UnityDataAssetPack_datapack__file110,1019,5_on,140x72,140.0x72.0,local,1
002_UnityDataAssetPack_datapack__file110,6610,mage_stun_immune,002_UnityDataAssetPack_datapack__file110,1020,mage_stun_immune,100x100,100.0x100.0,local,1
002_UnityDataAssetPack_datapack__file110,6611,flag_info,002_UnityDataAssetPack_datapack__file110,1021,flag_info,217x177,217.0x177.0,local,1
002_UnityDataAssetPack_datapack__file110,6612,guild_flag_22,002_UnityDataAssetPack_datapack__file110,1022,guild_flag_22,88x92,88.0x92.0,local,1
002_UnityDataAssetPack_datapack__file110,6613,tab_shoes,002_UnityDataAssetPack_datapack__file110,1023,tab_shoes,78x90,78.0x90.0,local,1
002_UnityDataAssetPack_datapack__file110,6614,72.,002_UnityDataAssetPack_datapack__file110,1024,72.,144x144,144.0x144.0,local,1
002_UnityDataAssetPack_datapack__file110,6615,ship_member_1_3,002_UnityDataAssetPack_datapack__file110,1025,ship_member_1_3,180x148,180.0x148.0,local,1
002_UnityDataAssetPack_datapack__file110,6616,item_placeholder,002_UnityDataAssetPack_datapack__file110,1026,item_placeholder,100x100,100.0x100.0,local,1
002_UnityDataAssetPack_datapack__file110,6617,icon_home_t22_1,002_UnityDataAssetPack_datapack__file110,1027,icon_home_t22_1,95x100,95.0x100.0,local,1
002_UnityDataAssetPack_datapack__file110,6618,warrior_block,002_UnityDataAssetPack_datapack__file110,1028,warrior_block,100x100,100.0x100.0,local,1
002_UnityDataAssetPack_datapack__file110,6619,68,002_UnityDataAssetPack_datapack__file110,1029,68,640x512,640.0x512.0,local,1
002_UnityDataAssetPack_datapack__file110,6620,188,002_UnityDataAssetPack_datapack__file110,1030,188,640x512,640.0x512.0,local,1
002_UnityDataAssetPack_datapack__file110,6621,skill_beyon_max_1,002_UnityDataAssetPack_datapack__file110,1031,skill_beyon_max_1,87x87,87.0x87.0,local,1
002_UnityDataAssetPack_datapack__file110,6622,skill_49,002_UnityDataAssetPack_datapack__file110,1032,skill_49,100x100,100.0x100.0,local,1
002_UnityDataAssetPack_datapack__file110,6623,title_5,002_UnityDataAssetPack_datapack__file110,1033,title_5,179x44,179.0x44.0,local,1
002_UnityDataAssetPack_datapack__file110,6624,event_qtt_toan_sever,002_UnityDataAssetPack_datapack__file110,1034,event_qtt_toan_sever,700x132,700.0x132.0,local,1
002_UnityDataAssetPack_datapack__file110,6625,icon_quit,002_UnityDataAssetPack_datapack__file110,1036,icon_quit,36x36,36.0x36.0,local,1
002_UnityDataAssetPack_datapack__file110,6626,199,002_UnityDataAssetPack_datapack__file110,1037,199,180x248,180.0x248.0,local,1
002_UnityDataAssetPack_datapack__file110,6627,96,002_UnityDataAssetPack_datapack__file110,1038,96,84x84,84.0x84.0,local,1
002_UnityDataAssetPack_datapack__file110,6628,base_foot,002_UnityDataAssetPack_datapack__file110,1039,base_foot,216x124,216.0x124.0,local,1
002_UnityDataAssetPack_datapack__file110,6629,icon_t22_1,002_UnityDataAssetPack_datapack__file110,1040,icon_t22_1,100x100,100.0x100.0,local,1
002_UnityDataAssetPack_datapack__file110,6630,board_title_2,002_UnityDataAssetPack_datapack__file110,1042,board_title_2,323x145,323.0x145.0,local,1
002_UnityDataAssetPack_datapack__file110,6631,tab_mill_order,002_UnityDataAssetPack_datapack__file110,1043,tab_mill_order,78x90,78.0x90.0,local,1
002_UnityDataAssetPack_datapack__file110,6632,100,002_UnityDataAssetPack_datapack__file110,1044,100,100x100,100.0x100.0,local,1
002_UnityDataAssetPack_datapack__file110,6633,bgr_Bet,002_UnityDataAssetPack_datapack__file110,1045,bgr_Bet,107x53,107.0x53.0,local,1
002_UnityDataAssetPack_datapack__file110,6634,star_1,002_UnityDataAssetPack_datapack__file110,1046,star_1,16x16,16.0x16.0,local,1
002_UnityDataAssetPack_datapack__file110,6635,11,002_UnityDataAssetPack_datapack__file110,1047,11,100x100,100.0x100.0,local,1
002_UnityDataAssetPack_datapack__file110,6636,bgr_tarven,002_UnityDataAssetPack_datapack__file110,1048,bgr_tarven,1136x640,1136.0x640.0,local,1
002_UnityDataAssetPack_datapack__file110,6637,gate_3,002_UnityDataAssetPack_datapack__file110,1049,gate_3,286x240,286.0x240.0,local,1
002_UnityDataAssetPack_datapack__file110,6638,frame_affect_relic,002_UnityDataAssetPack_datapack__file110,1050,frame_affect_relic,80x79,80.0x79.0,local,1
002_UnityDataAssetPack_datapack__file110,6639,bar_rage_3,002_UnityDataAssetPack_datapack__file110,1052,bar_rage_3,84x6,84.0x6.0,local,1
002_UnityDataAssetPack_datapack__file110,6640,bgr_0003_nuoc,002_UnityDataAssetPack_datapack__file110,1054,bgr_0003_nuoc,1136x640,1136.0x640.0,local,1
002_UnityDataAssetPack_datapack__file110,6641,dungeon_battle 1,002_UnityDataAssetPack_datapack__file110,1055,dungeon_battle 1,136x144,136.0x144.0,local,1
002_UnityDataAssetPack_datapack__file110,6642,fame_4,002_UnityDataAssetPack_datapack__file110,1056,fame_4,95x257,95.0x257.0,local,1
002_UnityDataAssetPack_datapack__file110,6643,arrow_right,002_UnityDataAssetPack_datapack__file110,1057,arrow_right,32x76,32.0x76.0,local,1
002_UnityDataAssetPack_datapack__file110,6644,icon_3,002_UnityDataAssetPack_datapack__file110,1058,icon_3,88x88,88.0x88.0,local,1
002_UnityDataAssetPack_datapack__file110,6645,42,002_UnityDataAssetPack_datapack__file110,1059,42,144x144,144.0x144.0,local,1
002_UnityDataAssetPack_datapack__file110,6646,ship_member_3_3,002_UnityDataAssetPack_datapack__file110,1063,ship_member_3_3,180x148,180.0x148.0,local,1
002_UnityDataAssetPack_datapack__file110,6647,mage_anti_ranger,002_UnityDataAssetPack_datapack__file110,1064,mage_anti_ranger,100x100,100.0x100.0,local,1
002_UnityDataAssetPack_datapack__file110,6648,gem_2_en,002_UnityDataAssetPack_datapack__file110,1065,gem_2_en,144x136,144.0x136.0,local,1
002_UnityDataAssetPack_datapack__file110,6649,tag_1,002_UnityDataAssetPack_datapack__file110,1066,tag_1,45x49,45.0x49.0,local,1
002_UnityDataAssetPack_datapack__file110,6650,faction_fortress,002_UnityDataAssetPack_datapack__file110,1068,faction_fortress,80x80,80.0x80.0,local,1
002_UnityDataAssetPack_datapack__file110,6651,tab_shoes_ia,002_UnityDataAssetPack_datapack__file110,1069,tab_shoes_ia,78x90,78.0x90.0,local,1
002_UnityDataAssetPack_datapack__file110,6652,character_0229_c1,002_UnityDataAssetPack_datapack__file110,1071,character_0229_c1,640x512,640.0x512.0,local,1
002_UnityDataAssetPack_datapack__file110,6653,icon_wine_pot,002_UnityDataAssetPack_datapack__file110,1072,icon_wine_pot,52x52,52.0x52.0,local,1
002_UnityDataAssetPack_datapack__file110,6654,12,002_UnityDataAssetPack_datapack__file110,1073,12,84x84,84.0x84.0,local,1
002_UnityDataAssetPack_datapack__file110,6655,event_the_qua_lon,002_UnityDataAssetPack_datapack__file110,1074,event_the_qua_lon,700x460,700.0x460.0,local,1
002_UnityDataAssetPack_datapack__file110,6656,bgr_brown,002_UnityDataAssetPack_datapack__file110,1075,bgr_brown,104x44,104.0x44.0,local,1
002_UnityDataAssetPack_datapack__file110,6657,chain,002_UnityDataAssetPack_datapack__file110,1077,chain,19x60,19.0x60.0,local,1
002_UnityDataAssetPack_datapack__file110,6658,tab_star_up2,002_UnityDataAssetPack_datapack__file110,1078,tab_star_up2,78x90,78.0x90.0,local,1
002_UnityDataAssetPack_datapack__file110,6659,button_raid_gold,002_UnityDataAssetPack_datapack__file110,1079,button_raid_gold,200x304,200.0x304.0,local,1
002_UnityDataAssetPack_datapack__file110,6660,event_tuan,002_UnityDataAssetPack_datapack__file110,1080,event_tuan,536x176,536.0x176.0,local,1
002_UnityDataAssetPack_datapack__file110,6661,rank_down,002_UnityDataAssetPack_datapack__file110,1081,rank_down,24x17,24.0x17.0,local,1
002_UnityDataAssetPack_datapack__file110,6662,Hero_1042,002_UnityDataAssetPack_datapack__file110,1082,Hero_1042,1012x996,1012.0x996.0,local,1
002_UnityDataAssetPack_datapack__file110,6663,ship_member_4_3,002_UnityDataAssetPack_datapack__file110,1083,ship_member_4_3,180x148,180.0x148.0,local,1
002_UnityDataAssetPack_datapack__file110,6664,skill_248,002_UnityDataAssetPack_datapack__file110,1084,skill_248,100x100,100.0x100.0,local,1
002_UnityDataAssetPack_datapack__file110,6665,skill_708,002_UnityDataAssetPack_datapack__file110,1085,skill_708,100x100,100.0x100.0,local,1
002_UnityDataAssetPack_datapack__file110,6666,icon_armor,002_UnityDataAssetPack_datapack__file110,1086,icon_armor,40x40,40.0x40.0,local,1
002_UnityDataAssetPack_datapack__file110,6667,13,002_UnityDataAssetPack_datapack__file110,1087,13,84x84,84.0x84.0,local,1
002_UnityDataAssetPack_datapack__file110,6668,ship_leader_3,002_UnityDataAssetPack_datapack__file110,1088,ship_leader_3,180x148,180.0x148.0,local,1
002_UnityDataAssetPack_datapack__file110,6669,luffy_bgr,002_UnityDataAssetPack_datapack__file110,1089,luffy_bgr,1136x640,1136.0x640.0,local,1
002_UnityDataAssetPack_datapack__file110,6670,help_girl,002_UnityDataAssetPack_datapack__file110,1090,help_girl,188x292,188.0x292.0,local,1
002_UnityDataAssetPack_datapack__file110,6671,skill_699,002_UnityDataAssetPack_datapack__file110,1091,skill_699,100x100,100.0x100.0,local,1
002_UnityDataAssetPack_datapack__file110,6672,trang_phao,002_UnityDataAssetPack_datapack__file110,1092,trang_phao,100x100,100.0x100.0,local,1
002_UnityDataAssetPack_datapack__file110,6673,328,002_UnityDataAssetPack_datapack__file110,1094,328,180x248,180.0x248.0,local,1
002_UnityDataAssetPack_datapack__file110,6674,207,002_UnityDataAssetPack_datapack__file110,1095,207,180x248,180.0x248.0,local,1
002_UnityDataAssetPack_datapack__file110,6675,30,002_UnityDataAssetPack_datapack__file110,1096,30,100x100,100.0x100.0,local,1
002_UnityDataAssetPack_datapack__file110,6676,bgr_market_event,002_UnityDataAssetPack_datapack__file110,1097,bgr_market_event,708x292,708.0x292.0,local,1
002_UnityDataAssetPack_datapack__file110,6677,sum_forest,002_UnityDataAssetPack_datapack__file110,1098,sum_forest,196x361,196.0x361.0,local,1
002_UnityDataAssetPack_datapack__file110,6678,spin_center,002_UnityDataAssetPack_datapack__file110,1099,spin_center,138x136,138.0x136.0,local,1
002_UnityDataAssetPack_datapack__file110,6679,skill_253,002_UnityDataAssetPack_datapack__file110,1100,skill_253,100x100,100.0x100.0,local,1
002_UnityDataAssetPack_datapack__file110,6680,tech_priest,002_UnityDataAssetPack_datapack__file110,1101,tech_priest,100x100,100.0x100.0,local,1
002_UnityDataAssetPack_datapack__file110,6681,ability_25,002_UnityDataAssetPack_datapack__file110,1102,ability_25,112x108,112.0x108.0,local,1
002_UnityDataAssetPack_datapack__file110,6682,skill_692,002_UnityDataAssetPack_datapack__file110,1103,skill_692,100x100,100.0x100.0,local,1
002_UnityDataAssetPack_datapack__file110,6683,new_pt_02,002_UnityDataAssetPack_datapack__file110,1104,new_pt_02,960x640,960.0x640.0,local,1
002_UnityDataAssetPack_datapack__file110,6684,icon_notifi,002_UnityDataAssetPack_datapack__file110,1105,icon_notifi,48x48,48.0x48.0,local,1
002_UnityDataAssetPack_datapack__file110,6685,mage_speed_atk,002_UnityDataAssetPack_datapack__file110,1107,mage_speed_atk,100x100,100.0x100.0,local,1
002_UnityDataAssetPack_datapack__file110,6686,10015,002_UnityDataAssetPack_datapack__file110,1108,10015,32x32,32.0x32.0,local,1
002_UnityDataAssetPack_datapack__file110,6687,local_building,002_UnityDataAssetPack_datapack__file110,1109,local_building,72x78,72.0x78.0,local,1
002_UnityDataAssetPack_datapack__file110,6688,202,002_UnityDataAssetPack_datapack__file110,1110,202,180x248,180.0x248.0,local,1
002_UnityDataAssetPack_datapack__file110,6689,button_scout,002_UnityDataAssetPack_datapack__file110,1111,button_scout,78x90,78.0x90.0,local,1
002_UnityDataAssetPack_datapack__file110,6690,tab_tower_2,002_UnityDataAssetPack_datapack__file110,1112,tab_tower_2,84x84,84.0x84.0,local,1
002_UnityDataAssetPack_datapack__file110,6691,30,002_UnityDataAssetPack_datapack__file110,1113,30,100x100,100.0x100.0,local,1
002_UnityDataAssetPack_datapack__file110,6692,10008,002_UnityDataAssetPack_datapack__file110,1114,10008,32x32,32.0x32.0,local,1
002_UnityDataAssetPack_datapack__file110,6693,ranger_hp,002_UnityDataAssetPack_datapack__file110,1115,ranger_hp,100x100,100.0x100.0,local,1
002_UnityDataAssetPack_datapack__file110,6694,dice_green_4,002_UnityDataAssetPack_datapack__file110,1116,dice_green_4,116x116,116.0x116.0,local,1
002_UnityDataAssetPack_datapack__file110,6695,Hit_148,002_UnityDataAssetPack_datapack__file110,1117,Hit_148,868x664,868.0x664.0,local,1
002_UnityDataAssetPack_datapack__file110,6696,tech_hp,002_UnityDataAssetPack_datapack__file110,1119,tech_hp,100x100,100.0x100.0,local,1
002_UnityDataAssetPack_datapack__file110,6697,Layer-156,002_UnityDataAssetPack_datapack__file110,1120,Layer-156,52x52,52.0x52.0,local,1
002_UnityDataAssetPack_datapack__file110,6698,tab_skin_off,002_UnityDataAssetPack_datapack__file110,1121,tab_skin_off,78x90,78.0x90.0,local,1
002_UnityDataAssetPack_datapack__file110,6699,gem_icon_en,002_UnityDataAssetPack_datapack__file110,1122,gem_icon_en,44x32,44.0x32.0,local,1
002_UnityDataAssetPack_datapack__file110,6700,help_on,002_UnityDataAssetPack_datapack__file110,1125,help_on,78x90,78.0x90.0,local,1
002_UnityDataAssetPack_datapack__file110,6701,btnBack,002_UnityDataAssetPack_datapack__file110,1126,btnBack,84x76,84.0x76.0,local,1
002_UnityDataAssetPack_datapack__file110,6702,mill_2,002_UnityDataAssetPack_datapack__file110,1127,mill_2,173x142,173.0x142.0,local,1
002_UnityDataAssetPack_datapack__file110,6703,skill_163,002_UnityDataAssetPack_datapack__file110,1128,skill_163,100x100,100.0x100.0,local,1
002_UnityDataAssetPack_datapack__file110,6704,tab_all_heroes2,002_UnityDataAssetPack_datapack__file110,1129,tab_all_heroes2,78x90,78.0x90.0,local,1
002_UnityDataAssetPack_datapack__file110,6705,button_skip_merchant,002_UnityDataAssetPack_datapack__file110,1130,button_skip_merchant,143x143,143.0x143.0,local,1
002_UnityDataAssetPack_datapack__file110,6706,hero_quality_4,002_UnityDataAssetPack_datapack__file110,1131,hero_quality_4,110x86,110.0x86.0,local,1
002_UnityDataAssetPack_datapack__file110,6707,icon_soul_coin,002_UnityDataAssetPack_datapack__file110,1132,icon_soul_coin,52x52,52.0x52.0,local,1
002_UnityDataAssetPack_datapack__file110,6708,assassin_hp,002_UnityDataAssetPack_datapack__file110,1133,assassin_hp,100x100,100.0x100.0,local,1
002_UnityDataAssetPack_datapack__file110,6709,skill_723,002_UnityDataAssetPack_datapack__file110,1134,skill_723,100x100,100.0x100.0,local,1
002_UnityDataAssetPack_datapack__file110,6710,tab_mill_top,002_UnityDataAssetPack_datapack__file110,1135,tab_mill_top,78x90,78.0x90.0,local,1
002_UnityDataAssetPack_datapack__file110,6711,hero_item_slot,002_UnityDataAssetPack_datapack__file110,1136,hero_item_slot,88x88,88.0x88.0,local,1
002_UnityDataAssetPack_datapack__file110,6712,event_chien_truong,002_UnityDataAssetPack_datapack__file110,1137,event_chien_truong,700x132,700.0x132.0,local,1
002_UnityDataAssetPack_datapack__file110,6713,236,002_UnityDataAssetPack_datapack__file110,1138,236,640x512,640.0x512.0,local,1
002_UnityDataAssetPack_datapack__file110,6714,10009,002_UnityDataAssetPack_datapack__file110,1139,10009,32x32,32.0x32.0,local,1
002_UnityDataAssetPack_datapack__file110,6715,building_fusing,002_UnityDataAssetPack_datapack__file110,1140,building_fusing,325x218,325.0x218.0,local,1
002_UnityDataAssetPack_datapack__file110,6716,111,002_UnityDataAssetPack_datapack__file110,1141,111,100x100,100.0x100.0,local,1
002_UnityDataAssetPack_datapack__file110,6717,bgr_iap_1,002_UnityDataAssetPack_datapack__file110,1142,bgr_iap_1,46x48,46.0x48.0,local,1
002_UnityDataAssetPack_datapack__file110,6718,skill_110,002_UnityDataAssetPack_datapack__file110,1143,skill_110,100x100,100.0x100.0,local,1
002_UnityDataAssetPack_datapack__file110,6719,ability_7,002_UnityDataAssetPack_datapack__file110,1144,ability_7,104x104,104.0x104.0,local,1
002_UnityDataAssetPack_datapack__file110,6720,316,002_UnityDataAssetPack_datapack__file110,1145,316,100x100,100.0x100.0,local,1
002_UnityDataAssetPack_datapack__file110,6721,button_fk_shop,002_UnityDataAssetPack_datapack__file110,1146,button_fk_shop,73x74,73.0x74.0,local,1
002_UnityDataAssetPack_datapack__file110,6722,ranger_hp_atk,002_UnityDataAssetPack_datapack__file110,1147,ranger_hp_atk,100x100,100.0x100.0,local,1
002_UnityDataAssetPack_datapack__file110,6723,mine_dust,002_UnityDataAssetPack_datapack__file110,1148,mine_dust,147x151,147.0x151.0,local,1
002_UnityDataAssetPack_datapack__file110,6724,boss_4,002_UnityDataAssetPack_datapack__file110,1149,boss_4,32x32,32.0x32.0,local,1
002_UnityDataAssetPack_datapack__file110,6725,169,002_UnityDataAssetPack_datapack__file110,1151,169,640x512,640.0x512.0,local,1
002_UnityDataAssetPack_datapack__file110,6726,E_4,002_UnityDataAssetPack_datapack__file110,1153,E_4,112x112,112.0x112.0,local,1
002_UnityDataAssetPack_datapack__file110,6727,208,002_UnityDataAssetPack_datapack__file110,1154,208,640x512,640.0x512.0,local,1
002_UnityDataAssetPack_datapack__file110,6728,154,002_UnityDataAssetPack_datapack__file110,1155,154,640x512,640.0x512.0,local,1
002_UnityDataAssetPack_datapack__file110,6729,box_text_2,002_UnityDataAssetPack_datapack__file110,1156,box_text_2,156x44,156.0x44.0,local,1
002_UnityDataAssetPack_datapack__file110,6730,gem_6,002_UnityDataAssetPack_datapack__file110,1157,gem_6,144x136,144.0x136.0,local,1
002_UnityDataAssetPack_datapack__file110,6731,icon_buff_speed,002_UnityDataAssetPack_datapack__file110,1158,icon_buff_speed,32x32,32.0x32.0,local,1
002_UnityDataAssetPack_datapack__file110,6732,bgr_progress,002_UnityDataAssetPack_datapack__file110,1159,bgr_progress,200x36,200.0x36.0,local,1
002_UnityDataAssetPack_datapack__file110,6733,indicator_knob,002_UnityDataAssetPack_datapack__file110,1160,indicator_knob,24x24,24.0x24.0,local,1
002_UnityDataAssetPack_datapack__file110,6734,bgr_login_new,002_UnityDataAssetPack_datapack__file110,1161,bgr_login_new,1136x640,1136.0x640.0,local,1
002_UnityDataAssetPack_datapack__file110,6735,border_equipment_2,002_UnityDataAssetPack_datapack__file110,1162,border_equipment_2,100x100,100.0x100.0,local,1
002_UnityDataAssetPack_datapack__file110,6736,bgr_prepare1,002_UnityDataAssetPack_datapack__file110,1163,bgr_prepare1,1920x1080,1920.0x1080.0,local,1
002_UnityDataAssetPack_datapack__file110,6737,Hit_18,002_UnityDataAssetPack_datapack__file110,1164,Hit_18,396x364,396.0x364.0,local,1
002_UnityDataAssetPack_datapack__file110,6738,Hero_1002,002_UnityDataAssetPack_datapack__file110,1165,Hero_1002,377x520,377.0x520.0,local,1
002_UnityDataAssetPack_datapack__file110,6739,tab_tower_1,002_UnityDataAssetPack_datapack__file110,1166,tab_tower_1,84x84,84.0x84.0,local,1
002_UnityDataAssetPack_datapack__file110,6740,ability_9,002_UnityDataAssetPack_datapack__file110,1168,ability_9,112x108,112.0x108.0,local,1
002_UnityDataAssetPack_datapack__file110,6741,border_skill,002_UnityDataAssetPack_datapack__file110,1169,border_skill,88x88,88.0x88.0,local,1
002_UnityDataAssetPack_datapack__file110,6742,skill_20,002_UnityDataAssetPack_datapack__file110,1170,skill_20,100x100,100.0x100.0,local,1
002_UnityDataAssetPack_datapack__file110,6743,tab_event_active,002_UnityDataAssetPack_datapack__file110,1171,tab_event_active,120x106,120.0x106.0,local,1
002_UnityDataAssetPack_datapack__file110,6744,button_group_fb,002_UnityDataAssetPack_datapack__file110,1172,button_group_fb,86x86,86.0x86.0,local,1
002_UnityDataAssetPack_datapack__file110,6745,skill_41,002_UnityDataAssetPack_datapack__file110,1173,skill_41,100x100,100.0x100.0,local,1
002_UnityDataAssetPack_datapack__file110,6746,11,002_UnityDataAssetPack_datapack__file110,1174,11,32x32,32.0x32.0,local,1
002_UnityDataAssetPack_datapack__file110,6747,tab_sk_on,002_UnityDataAssetPack_datapack__file110,1176,tab_sk_on,98x86,98.0x86.0,local,1
002_UnityDataAssetPack_datapack__file110,6748,tag_level,002_UnityDataAssetPack_datapack__file110,1177,tag_level,53x53,53.0x53.0,local,1
002_UnityDataAssetPack_datapack__file110,6749,gold_1,002_UnityDataAssetPack_datapack__file110,1178,gold_1,128x128,128.0x128.0,local,1
002_UnityDataAssetPack_datapack__file110,6750,gem_5,002_UnityDataAssetPack_datapack__file110,1179,gem_5,96x96,96.0x96.0,local,1
002_UnityDataAssetPack_datapack__file110,6751,arena_hanger_shop,002_UnityDataAssetPack_datapack__file110,1180,arena_hanger_shop,216x60,216.0x60.0,local,1
002_UnityDataAssetPack_datapack__file110,6752,123,002_UnityDataAssetPack_datapack__file110,1181,123,180x248,180.0x248.0,local,1
002_UnityDataAssetPack_datapack__file110,6753,icon_hoadao,002_UnityDataAssetPack_datapack__file110,1182,icon_hoadao,88x88,88.0x88.0,local,1
002_UnityDataAssetPack_datapack__file110,6754,Hero_693,002_UnityDataAssetPack_datapack__file110,1183,Hero_693,1008x932,1008.0x932.0,local,1
002_UnityDataAssetPack_datapack__file110,6755,sum_fortress,002_UnityDataAssetPack_datapack__file110,1184,sum_fortress,196x361,196.0x361.0,local,1
002_UnityDataAssetPack_datapack__file110,6756,66,002_UnityDataAssetPack_datapack__file110,1186,66,100x100,100.0x100.0,local,1
002_UnityDataAssetPack_datapack__file110,6757,16,002_UnityDataAssetPack_datapack__file110,1187,16,146x45,146.0x45.0,local,1
002_UnityDataAssetPack_datapack__file110,6758,banner_co4la,002_UnityDataAssetPack_datapack__file110,1188,banner_co4la,700x132,700.0x132.0,local,1
002_UnityDataAssetPack_datapack__file110,6759,icon_skill_next_disable,002_UnityDataAssetPack_datapack__file110,1189,icon_skill_next_disable,36x28,36.0x28.0,local,1
002_UnityDataAssetPack_datapack__file110,6760,233,002_UnityDataAssetPack_datapack__file110,1190,233,640x512,640.0x512.0,local,1
002_UnityDataAssetPack_datapack__file110,6761,99,002_UnityDataAssetPack_datapack__file110,1192,99,100x100,100.0x100.0,local,1
002_UnityDataAssetPack_datapack__file110,6762,66,002_UnityDataAssetPack_datapack__file110,1193,66,144x144,144.0x144.0,local,1
002_UnityDataAssetPack_datapack__file110,6763,tab_skill,002_UnityDataAssetPack_datapack__file110,1194,tab_skill,78x90,78.0x90.0,local,1
002_UnityDataAssetPack_datapack__file110,6764,1,002_UnityDataAssetPack_datapack__file110,1196,1,100x100,100.0x100.0,local,1
002_UnityDataAssetPack_datapack__file110,6765,icon_nguoirom,002_UnityDataAssetPack_datapack__file110,1197,icon_nguoirom,52x52,52.0x52.0,local,1
002_UnityDataAssetPack_datapack__file110,6766,box_text_4,002_UnityDataAssetPack_datapack__file110,1198,box_text_4,120x40,120.0x40.0,local,1
002_UnityDataAssetPack_datapack__file110,6767,move_night_bottom,002_UnityDataAssetPack_datapack__file110,1199,move_night_bottom,768x75,768.0x75.0,local,1
002_UnityDataAssetPack_datapack__file110,6768,54,002_UnityDataAssetPack_datapack__file110,1200,54,100x100,100.0x100.0,local,1
002_UnityDataAssetPack_datapack__file110,6769,icon_menu_upgrade,002_UnityDataAssetPack_datapack__file110,1201,icon_menu_upgrade,58x64,58.0x64.0,local,1
002_UnityDataAssetPack_datapack__file110,6770,icon_12,002_UnityDataAssetPack_datapack__file110,1202,icon_12,88x88,88.0x88.0,local,1
002_UnityDataAssetPack_datapack__file110,6771,16,002_UnityDataAssetPack_datapack__file110,1203,16,84x84,84.0x84.0,local,1
002_UnityDataAssetPack_datapack__file110,6772,button_music_off,002_UnityDataAssetPack_datapack__file110,1204,button_music_off,88x88,88.0x88.0,local,1
002_UnityDataAssetPack_datapack__file110,6773,bgr_iap_2,002_UnityDataAssetPack_datapack__file110,1205,bgr_iap_2,46x48,46.0x48.0,local,1
002_UnityDataAssetPack_datapack__file110,6774,icon_debuff_armor,002_UnityDataAssetPack_datapack__file110,1206,icon_debuff_armor,32x32,32.0x32.0,local,1
002_UnityDataAssetPack_datapack__file110,6775,93,002_UnityDataAssetPack_datapack__file110,1207,93,180x248,180.0x248.0,local,1
002_UnityDataAssetPack_datapack__file110,6776,mage_anti_assassin,002_UnityDataAssetPack_datapack__file110,1208,mage_anti_assassin,100x100,100.0x100.0,local,1
002_UnityDataAssetPack_datapack__file110,6777,box_level,002_UnityDataAssetPack_datapack__file110,1209,box_level,95x96,95.0x96.0,local,1
002_UnityDataAssetPack_datapack__file110,6778,86,002_UnityDataAssetPack_datapack__file110,1210,86,100x100,100.0x100.0,local,1
002_UnityDataAssetPack_datapack__file110,6779,event_luyen_tuong,002_UnityDataAssetPack_datapack__file110,1211,event_luyen_tuong,536x176,536.0x176.0,local,1
002_UnityDataAssetPack_datapack__file110,6780,51,002_UnityDataAssetPack_datapack__file110,1212,51,100x100,100.0x100.0,local,1
002_UnityDataAssetPack_datapack__file110,6781,Img_x2,002_UnityDataAssetPack_datapack__file110,1213,Img_x2,50x41,50.0x41.0,local,1
002_UnityDataAssetPack_datapack__file110,6782,mf_floor_bgr,002_UnityDataAssetPack_datapack__file110,1214,mf_floor_bgr,164x36,164.0x36.0,local,1
002_UnityDataAssetPack_datapack__file110,6783,weapon_10,002_UnityDataAssetPack_datapack__file110,1215,weapon_10,116x116,116.0x116.0,local,1
002_UnityDataAssetPack_datapack__file110,6784,46,002_UnityDataAssetPack_datapack__file110,1216,46,100x100,100.0x100.0,local,1
002_UnityDataAssetPack_datapack__file110,6785,winner_badge,002_UnityDataAssetPack_datapack__file110,1217,winner_badge,56x80,56.0x80.0,local,1
002_UnityDataAssetPack_datapack__file110,6786,character_0250_c1,002_UnityDataAssetPack_datapack__file110,1218,character_0250_c1,640x512,640.0x512.0,local,1
002_UnityDataAssetPack_datapack__file110,6787,rect_25,002_UnityDataAssetPack_datapack__file110,1219,rect_25,48x48,48.0x48.0,local,1
002_UnityDataAssetPack_datapack__file110,6788,hero_quality_6,002_UnityDataAssetPack_datapack__file110,1221,hero_quality_6,110x86,110.0x86.0,local,1
002_UnityDataAssetPack_datapack__file110,6789,122,002_UnityDataAssetPack_datapack__file110,1222,122,100x100,100.0x100.0,local,1
002_UnityDataAssetPack_datapack__file110,6790,skill_selected,002_UnityDataAssetPack_datapack__file110,1223,skill_selected,94x94,94.0x94.0,local,1
002_UnityDataAssetPack_datapack__file110,6791,ranger_perify_immune,002_UnityDataAssetPack_datapack__file110,1225,ranger_perify_immune,100x100,100.0x100.0,local,1
002_UnityDataAssetPack_datapack__file110,6792,bgr_pier,002_UnityDataAssetPack_datapack__file110,1226,bgr_pier,266x98,266.0x98.0,local,1
002_UnityDataAssetPack_datapack__file110,6793,home2_rollcall,002_UnityDataAssetPack_datapack__file110,1227,home2_rollcall,74x78,74.0x78.0,local,1
002_UnityDataAssetPack_datapack__file110,6794,bar_points,002_UnityDataAssetPack_datapack__file110,1228,bar_points,218x25,218.0x25.0,local,1
002_UnityDataAssetPack_datapack__file110,6795,147,002_UnityDataAssetPack_datapack__file110,1229,147,100x100,100.0x100.0,local,1
002_UnityDataAssetPack_datapack__file110,6796,mage_crit_dmg,002_UnityDataAssetPack_datapack__file110,1230,mage_crit_dmg,100x100,100.0x100.0,local,1
002_UnityDataAssetPack_datapack__file110,6797,tab32,002_UnityDataAssetPack_datapack__file110,1231,tab32,78x90,78.0x90.0,local,1
002_UnityDataAssetPack_datapack__file110,6798,character_0159_c1,002_UnityDataAssetPack_datapack__file110,1232,character_0159_c1,640x512,640.0x512.0,local,1
002_UnityDataAssetPack_datapack__file110,6799,skill_192,002_UnityDataAssetPack_datapack__file110,1233,skill_192,100x100,100.0x100.0,local,1
002_UnityDataAssetPack_datapack__file110,6800,87,002_UnityDataAssetPack_datapack__file110,1234,87,640x512,640.0x512.0,local,1
002_UnityDataAssetPack_datapack__file110,6801,10,002_UnityDataAssetPack_datapack__file110,1236,10,84x84,84.0x84.0,local,1
002_UnityDataAssetPack_datapack__file110,6802,boss_frame_1,002_UnityDataAssetPack_datapack__file110,1237,boss_frame_1,288x412,288.0x412.0,local,1
002_UnityDataAssetPack_datapack__file110,6803,58,002_UnityDataAssetPack_datapack__file110,1238,58,84x84,84.0x84.0,local,1
002_UnityDataAssetPack_datapack__file110,6804,gate_6,002_UnityDataAssetPack_datapack__file110,1239,gate_6,300x225,300.0x225.0,local,1
002_UnityDataAssetPack_datapack__file110,6805,star_6,002_UnityDataAssetPack_datapack__file110,1240,star_6,16x16,16.0x16.0,local,1
002_UnityDataAssetPack_datapack__file110,6806,building_brave_trial,002_UnityDataAssetPack_datapack__file110,1241,building_brave_trial,215x171,215.0x171.0,local,1
002_UnityDataAssetPack_datapack__file110,6807,board_name_mercant,002_UnityDataAssetPack_datapack__file110,1242,board_name_mercant,178x40,178.0x40.0,local,1
002_UnityDataAssetPack_datapack__file110,6808,war_star_slot,002_UnityDataAssetPack_datapack__file110,1243,war_star_slot,48x44,48.0x44.0,local,1
002_UnityDataAssetPack_datapack__file110,6809,skill_234,002_UnityDataAssetPack_datapack__file110,1244,skill_234,100x100,100.0x100.0,local,1
002_UnityDataAssetPack_datapack__file110,6810,icon_power,002_UnityDataAssetPack_datapack__file110,1245,icon_power,38x39,38.0x39.0,local,1
002_UnityDataAssetPack_datapack__file110,6811,button_green,002_UnityDataAssetPack_datapack__file110,1246,button_green,142x68,142.0x68.0,local,1
002_UnityDataAssetPack_datapack__file110,6812,icon_lock_2,002_UnityDataAssetPack_datapack__file110,1247,icon_lock_2,32x40,32.0x40.0,local,1
002_UnityDataAssetPack_datapack__file110,6813,bgr_layer_1,002_UnityDataAssetPack_datapack__file110,1248,bgr_layer_1,1408x312,1408.0x312.0,local,1
002_UnityDataAssetPack_datapack__file110,6814,icon_event_7_days,002_UnityDataAssetPack_datapack__file110,1249,icon_event_7_days,88x88,88.0x88.0,local,1
002_UnityDataAssetPack_datapack__file110,6815,flag_english,002_UnityDataAssetPack_datapack__file110,1250,flag_english,72x44,72.0x44.0,local,1
002_UnityDataAssetPack_datapack__file110,6816,172,002_UnityDataAssetPack_datapack__file110,1251,172,180x248,180.0x248.0,local,1
002_UnityDataAssetPack_datapack__file110,6817,trunk_2,002_UnityDataAssetPack_datapack__file110,1253,trunk_2,466x309,466.0x309.0,local,1
002_UnityDataAssetPack_datapack__file110,6818,nami_title_en,002_UnityDataAssetPack_datapack__file110,1254,nami_title_en,463x245,463.0x245.0,local,1
002_UnityDataAssetPack_datapack__file110,6819,assassin_freeze_immune,002_UnityDataAssetPack_datapack__file110,1255,assassin_freeze_immune,100x100,100.0x100.0,local,1
002_UnityDataAssetPack_datapack__file110,6820,69,002_UnityDataAssetPack_datapack__file110,1256,69,84x84,84.0x84.0,local,1
002_UnityDataAssetPack_datapack__file110,6821,mid_autumn_0,002_UnityDataAssetPack_datapack__file110,1257,mid_autumn_0,574x161,574.0x161.0,local,1
002_UnityDataAssetPack_datapack__file110,6822,196,002_UnityDataAssetPack_datapack__file110,1258,196,640x512,640.0x512.0,local,1
002_UnityDataAssetPack_datapack__file110,6823,bgr_event_off,002_UnityDataAssetPack_datapack__file110,1259,bgr_event_off,100x100,100.0x100.0,local,1
002_UnityDataAssetPack_datapack__file110,6824,icon_boss1,002_UnityDataAssetPack_datapack__file110,1260,icon_boss1,88x88,88.0x88.0,local,1
002_UnityDataAssetPack_datapack__file110,6825,button_send_disable,002_UnityDataAssetPack_datapack__file110,1261,button_send_disable,73x67,73.0x67.0,local,1
002_UnityDataAssetPack_datapack__file110,6826,tech_speed_atk,002_UnityDataAssetPack_datapack__file110,1262,tech_speed_atk,100x100,100.0x100.0,local,1
002_UnityDataAssetPack_datapack__file110,6827,round_rect_7,002_UnityDataAssetPack_datapack__file110,1264,round_rect_7,48x48,48.0x48.0,local,1
002_UnityDataAssetPack_datapack__file110,6828,ship_member_2_1,002_UnityDataAssetPack_datapack__file110,1265,ship_member_2_1,180x148,180.0x148.0,local,1
002_UnityDataAssetPack_datapack__file110,6829,gem_8_en,002_UnityDataAssetPack_datapack__file110,1266,gem_8_en,144x136,144.0x136.0,local,1
002_UnityDataAssetPack_datapack__file110,6830,52,002_UnityDataAssetPack_datapack__file110,1267,52,100x100,100.0x100.0,local,1
002_UnityDataAssetPack_datapack__file110,6831,95,002_UnityDataAssetPack_datapack__file110,1268,95,100x100,100.0x100.0,local,1
002_UnityDataAssetPack_datapack__file110,6832,icon_round,002_UnityDataAssetPack_datapack__file110,1269,icon_round,1024x1024,1024.0x1024.0,local,1
002_UnityDataAssetPack_datapack__file110,6833,1002,002_UnityDataAssetPack_datapack__file110,1270,1002,100x100,100.0x100.0,local,1
002_UnityDataAssetPack_datapack__file110,6834,icon_speed,002_UnityDataAssetPack_datapack__file110,1271,icon_speed,36x36,36.0x36.0,local,1
002_UnityDataAssetPack_datapack__file110,6835,Hero_672,002_UnityDataAssetPack_datapack__file110,1272,Hero_672,724x576,724.0x576.0,local,1
002_UnityDataAssetPack_datapack__file110,6836,skill_706,002_UnityDataAssetPack_datapack__file110,1273,skill_706,100x100,100.0x100.0,local,1
002_UnityDataAssetPack_datapack__file110,6837,108,002_UnityDataAssetPack_datapack__file110,1274,108,640x512,640.0x512.0,local,1
002_UnityDataAssetPack_datapack__file110,6838,round_rect_10,002_UnityDataAssetPack_datapack__file110,1276,round_rect_10,108x72,108.0x72.0,local,1
002_UnityDataAssetPack_datapack__file110,6839,196,002_UnityDataAssetPack_datapack__file110,1277,196,100x100,100.0x100.0,local,1
002_UnityDataAssetPack_datapack__file110,6840,progress_top_4,002_UnityDataAssetPack_datapack__file110,1278,progress_top_4,84x19,84.0x19.0,local,1
002_UnityDataAssetPack_datapack__file110,6841,Slot_Avatar_New,002_UnityDataAssetPack_datapack__file110,1279,Slot_Avatar_New,88x88,88.0x88.0,local,1
002_UnityDataAssetPack_datapack__file110,6842,arrow_restrain_6,002_UnityDataAssetPack_datapack__file110,1280,arrow_restrain_6,37x50,37.0x50.0,local,1
002_UnityDataAssetPack_datapack__file110,6843,bg,002_UnityDataAssetPack_datapack__file110,1281,bg,1136x640,1136.0x640.0,local,1
002_UnityDataAssetPack_datapack__file110,6844,63,002_UnityDataAssetPack_datapack__file110,1282,63,80x80,80.0x80.0,local,1
002_UnityDataAssetPack_datapack__file110,6845,tech_mage,002_UnityDataAssetPack_datapack__file110,1283,tech_mage,100x100,100.0x100.0,local,1
002_UnityDataAssetPack_datapack__file110,6846,75,002_UnityDataAssetPack_datapack__file110,1284,75,84x84,84.0x84.0,local,1
002_UnityDataAssetPack_datapack__file110,6847,bgr_joystick,002_UnityDataAssetPack_datapack__file110,1285,bgr_joystick,347x347,347.0x347.0,local,1
002_UnityDataAssetPack_datapack__file110,6848,Hit_167,002_UnityDataAssetPack_datapack__file110,1286,Hit_167,974x172,974.0x172.0,local,1
002_UnityDataAssetPack_datapack__file110,6849,event_dau_danh_trang,002_UnityDataAssetPack_datapack__file110,1287,event_dau_danh_trang,536x176,536.0x176.0,local,1
002_UnityDataAssetPack_datapack__file110,6850,skill_2,002_UnityDataAssetPack_datapack__file110,1288,skill_2,100x100,100.0x100.0,local,1
002_UnityDataAssetPack_datapack__file110,6851,dice_trigger_tarot,002_UnityDataAssetPack_datapack__file110,1289,dice_trigger_tarot,100x100,100.0x100.0,local,1
002_UnityDataAssetPack_datapack__file110,6852,tab_helmet_ia,002_UnityDataAssetPack_datapack__file110,1290,tab_helmet_ia,78x90,78.0x90.0,local,1
002_UnityDataAssetPack_datapack__file110,6853,187,002_UnityDataAssetPack_datapack__file110,1291,187,180x248,180.0x248.0,local,1
002_UnityDataAssetPack_datapack__file110,6854,skill_671,002_UnityDataAssetPack_datapack__file110,1292,skill_671,100x100,100.0x100.0,local,1
002_UnityDataAssetPack_datapack__file110,6855,skill_189,002_UnityDataAssetPack_datapack__file110,1293,skill_189,100x100,100.0x100.0,local,1
002_UnityDataAssetPack_datapack__file110,6856,hero_head_hidden,002_UnityDataAssetPack_datapack__file110,1294,hero_head_hidden,100x100,100.0x100.0,local,1
002_UnityDataAssetPack_datapack__file110,6857,rect_shop,002_UnityDataAssetPack_datapack__file110,1295,rect_shop,80x80,80.0x80.0,local,1
002_UnityDataAssetPack_datapack__file110,6858,72,002_UnityDataAssetPack_datapack__file110,1296,72,144x144,144.0x144.0,local,1
002_UnityDataAssetPack_datapack__file110,6859,icon_global,002_UnityDataAssetPack_datapack__file110,1297,icon_global,1024x1024,1024.0x1024.0,local,1
002_UnityDataAssetPack_datapack__file110,6860,luffy_title,002_UnityDataAssetPack_datapack__file110,1298,luffy_title,450x252,450.0x252.0,local,1
002_UnityDataAssetPack_datapack__file110,6861,bgr_equipment,002_UnityDataAssetPack_datapack__file110,1299,bgr_equipment,305x304,305.0x304.0,local,1
002_UnityDataAssetPack_datapack__file110,6862,148,002_UnityDataAssetPack_datapack__file110,1300,148,180x248,180.0x248.0,local,1
002_UnityDataAssetPack_datapack__file110,6863,button_red,002_UnityDataAssetPack_datapack__file110,1301,button_red,80x80,80.0x80.0,local,1
002_UnityDataAssetPack_datapack__file110,6864,bgr_tower_new,002_UnityDataAssetPack_datapack__file110,1302,bgr_tower_new,640x360,640.0x360.0,local,1
002_UnityDataAssetPack_datapack__file110,6865,Hero_161,002_UnityDataAssetPack_datapack__file110,1303,Hero_161,1012x648,1012.0x648.0,local,1
002_UnityDataAssetPack_datapack__file110,6866,c_abyss,002_UnityDataAssetPack_datapack__file110,1304,c_abyss,113x113,113.0x113.0,local,1
002_UnityDataAssetPack_datapack__file110,6867,bgr1,002_UnityDataAssetPack_datapack__file110,1305,bgr1,224x224,224.0x224.0,local,1
002_UnityDataAssetPack_datapack__file110,6868,event_than_tuong,002_UnityDataAssetPack_datapack__file110,1306,event_than_tuong,536x176,536.0x176.0,local,1
002_UnityDataAssetPack_datapack__file110,6869,base_ruin,002_UnityDataAssetPack_datapack__file110,1307,base_ruin,164x156,164.0x156.0,local,1
002_UnityDataAssetPack_datapack__file110,6870,tab_helmet,002_UnityDataAssetPack_datapack__file110,1308,tab_helmet,78x90,78.0x90.0,local,1
002_UnityDataAssetPack_datapack__file110,6871,force_bgr_progress,002_UnityDataAssetPack_datapack__file110,1309,force_bgr_progress,204x36,204.0x36.0,local,1
002_UnityDataAssetPack_datapack__file110,6872,tech_assassin,002_UnityDataAssetPack_datapack__file110,1310,tech_assassin,100x100,100.0x100.0,local,1
002_UnityDataAssetPack_datapack__file110,6873,spin_roulette_1,002_UnityDataAssetPack_datapack__file110,1311,spin_roulette_1,555x555,555.0x555.0,local,1
002_UnityDataAssetPack_datapack__file110,6874,20,002_UnityDataAssetPack_datapack__file110,1312,20,100x100,100.0x100.0,local,1
002_UnityDataAssetPack_datapack__file110,6875,205,002_UnityDataAssetPack_datapack__file110,1314,205,100x100,100.0x100.0,local,1
002_UnityDataAssetPack_datapack__file110,6876,Hero_1312,002_UnityDataAssetPack_datapack__file110,1315,Hero_1312,932x624,932.0x624.0,local,1
002_UnityDataAssetPack_datapack__file110,6877,Hero_1842,002_UnityDataAssetPack_datapack__file110,1316,Hero_1842,516x584,516.0x584.0,local,1
002_UnityDataAssetPack_datapack__file110,6878,dummy_island_2_4,002_UnityDataAssetPack_datapack__file110,1317,dummy_island_2_4,250x215,250.0x215.0,local,1
002_UnityDataAssetPack_datapack__file110,6879,3,002_UnityDataAssetPack_datapack__file110,1319,3,100x100,100.0x100.0,local,1
002_UnityDataAssetPack_datapack__file110,6880,icon_mail_gift_2,002_UnityDataAssetPack_datapack__file110,1320,icon_mail_gift_2,72x72,72.0x72.0,local,1
002_UnityDataAssetPack_datapack__file110,6881,skill_160,002_UnityDataAssetPack_datapack__file110,1321,skill_160,100x100,100.0x100.0,local,1
002_UnityDataAssetPack_datapack__file110,6882,gate_4,002_UnityDataAssetPack_datapack__file110,1322,gate_4,300x255,300.0x255.0,local,1
002_UnityDataAssetPack_datapack__file110,6883,popup_body,002_UnityDataAssetPack_datapack__file110,1323,popup_body,145x334,145.0x334.0,local,1
002_UnityDataAssetPack_datapack__file110,6884,bgr_boss_pray,002_UnityDataAssetPack_datapack__file110,1324,bgr_boss_pray,231x284,231.0x284.0,local,1
002_UnityDataAssetPack_datapack__file110,6885,title_help,002_UnityDataAssetPack_datapack__file110,1325,title_help,318x45,318.0x45.0,local,1
002_UnityDataAssetPack_datapack__file110,6886,bgr_monster,002_UnityDataAssetPack_datapack__file110,1326,bgr_monster,1136x640,1136.0x640.0,local,1
002_UnityDataAssetPack_datapack__file110,6887,edit_on,002_UnityDataAssetPack_datapack__file110,1327,edit_on,78x90,78.0x90.0,local,1
002_UnityDataAssetPack_datapack__file110,6888,197,002_UnityDataAssetPack_datapack__file110,1328,197,640x512,640.0x512.0,local,1
002_UnityDataAssetPack_datapack__file110,6889,pattern,002_UnityDataAssetPack_datapack__file110,1330,pattern,193x384,193.0x384.0,local,1
002_UnityDataAssetPack_datapack__file110,6890,62,002_UnityDataAssetPack_datapack__file110,1331,62,144x144,144.0x144.0,local,1
002_UnityDataAssetPack_datapack__file110,6891,rect_21,002_UnityDataAssetPack_datapack__file110,1332,rect_21,88x88,88.0x88.0,local,1
002_UnityDataAssetPack_datapack__file110,6892,1,002_UnityDataAssetPack_datapack__file110,1333,1,84x84,84.0x84.0,local,1
002_UnityDataAssetPack_datapack__file110,6893,tab_shop_on,002_UnityDataAssetPack_datapack__file110,1334,tab_shop_on,89x99,89.0x99.0,local,1
002_UnityDataAssetPack_datapack__file110,6894,vs_icon,002_UnityDataAssetPack_datapack__file110,1335,vs_icon,104x108,104.0x108.0,local,1
002_UnityDataAssetPack_datapack__file110,6895,ship_coleader_2,002_UnityDataAssetPack_datapack__file110,1338,ship_coleader_2,180x148,180.0x148.0,local,1
002_UnityDataAssetPack_datapack__file110,6896,Skill_1232,002_UnityDataAssetPack_datapack__file110,1339,Skill_1232,948x552,948.0x552.0,local,1
002_UnityDataAssetPack_datapack__file110,6897,Hero_932,002_UnityDataAssetPack_datapack__file110,1340,Hero_932,1008x592,1008.0x592.0,local,1
002_UnityDataAssetPack_datapack__file110,6898,icon_tmy,002_UnityDataAssetPack_datapack__file110,1341,icon_tmy,88x88,88.0x88.0,local,1
002_UnityDataAssetPack_datapack__file110,6899,icon_hp,002_UnityDataAssetPack_datapack__file110,1342,icon_hp,38x39,38.0x39.0,local,1
002_UnityDataAssetPack_datapack__file110,6900,skill_112,002_UnityDataAssetPack_datapack__file110,1343,skill_112,100x100,100.0x100.0,local,1
002_UnityDataAssetPack_datapack__file110,6901,129,002_UnityDataAssetPack_datapack__file110,1344,129,640x512,640.0x512.0,local,1
002_UnityDataAssetPack_datapack__file110,6902,attack_lose,002_UnityDataAssetPack_datapack__file110,1345,attack_lose,40x40,40.0x40.0,local,1
002_UnityDataAssetPack_datapack__file110,6903,home2_skin,002_UnityDataAssetPack_datapack__file110,1346,home2_skin,62x62,62.0x62.0,local,1
002_UnityDataAssetPack_datapack__file110,6904,flag_clan,002_UnityDataAssetPack_datapack__file110,1348,flag_clan,76x236,76.0x236.0,local,1
002_UnityDataAssetPack_datapack__file110,6905,90,002_UnityDataAssetPack_datapack__file110,1349,90,84x84,84.0x84.0,local,1
002_UnityDataAssetPack_datapack__file110,6906,skill_236,002_UnityDataAssetPack_datapack__file110,1350,skill_236,100x100,100.0x100.0,local,1
002_UnityDataAssetPack_datapack__file110,6907,icon_tanchuong,002_UnityDataAssetPack_datapack__file110,1351,icon_tanchuong,100x100,100.0x100.0,local,1
002_UnityDataAssetPack_datapack__file110,6908,71,002_UnityDataAssetPack_datapack__file110,1352,71,100x100,100.0x100.0,local,1
002_UnityDataAssetPack_datapack__file110,6909,Rounded_Rectangle_1,002_UnityDataAssetPack_datapack__file110,1353,Rounded_Rectangle_1,58x28,58.0x28.0,local,1
002_UnityDataAssetPack_datapack__file110,6910,icon_promotion_stone,002_UnityDataAssetPack_datapack__file110,1354,icon_promotion_stone,52x52,52.0x52.0,local,1
002_UnityDataAssetPack_datapack__file110,6911,tile_dvmn,002_UnityDataAssetPack_datapack__file110,1355,tile_dvmn,448x80,448.0x80.0,local,1
002_UnityDataAssetPack_datapack__file110,6912,skill_3,002_UnityDataAssetPack_datapack__file110,1356,skill_3,100x100,100.0x100.0,local,1
002_UnityDataAssetPack_datapack__file110,6913,110,002_UnityDataAssetPack_datapack__file110,1357,110,640x512,640.0x512.0,local,1
002_UnityDataAssetPack_datapack__file110,6914,skill_256,002_UnityDataAssetPack_datapack__file110,1358,skill_256,100x100,100.0x100.0,local,1
002_UnityDataAssetPack_datapack__file110,6915,220,002_UnityDataAssetPack_datapack__file110,1359,220,640x512,640.0x512.0,local,1
002_UnityDataAssetPack_datapack__file110,6916,236,002_UnityDataAssetPack_datapack__file110,1360,236,100x100,100.0x100.0,local,1
002_UnityDataAssetPack_datapack__file110,6917,319,002_UnityDataAssetPack_datapack__file110,1361,319,180x248,180.0x248.0,local,1
002_UnityDataAssetPack_datapack__file110,6918,Hero_1843,002_UnityDataAssetPack_datapack__file110,1362,Hero_1843,516x584,516.0x584.0,local,1
002_UnityDataAssetPack_datapack__file110,6919,225,002_UnityDataAssetPack_datapack__file110,1363,225,640x512,640.0x512.0,local,1
002_UnityDataAssetPack_datapack__file110,6920,tech_mage,002_UnityDataAssetPack_datapack__file110,1364,tech_mage,100x100,100.0x100.0,local,1
002_UnityDataAssetPack_datapack__file110,6921,8,002_UnityDataAssetPack_datapack__file110,1366,8,100x100,100.0x100.0,local,1
002_UnityDataAssetPack_datapack__file110,6922,227,002_UnityDataAssetPack_datapack__file110,1367,227,180x248,180.0x248.0,local,1
002_UnityDataAssetPack_datapack__file110,6923,star_beyond_max,002_UnityDataAssetPack_datapack__file110,1369,star_beyond_max,271x271,271.0x271.0,local,1
002_UnityDataAssetPack_datapack__file110,6924,229,002_UnityDataAssetPack_datapack__file110,1370,229,180x248,180.0x248.0,local,1
002_UnityDataAssetPack_datapack__file110,6925,arrow,002_UnityDataAssetPack_datapack__file110,1371,arrow,104x12,104.0x12.0,local,1
002_UnityDataAssetPack_datapack__file110,6926,character_0019_c1,002_UnityDataAssetPack_datapack__file110,1373,character_0019_c1,640x512,640.0x512.0,local,1
002_UnityDataAssetPack_datapack__file110,6927,icon_add,002_UnityDataAssetPack_datapack__file110,1374,icon_add,48x48,48.0x48.0,local,1
002_UnityDataAssetPack_datapack__file110,6928,Hero_1812,002_UnityDataAssetPack_datapack__file110,1376,Hero_1812,904x216,904.0x216.0,local,1
002_UnityDataAssetPack_datapack__file110,6929,tag_rank_2,002_UnityDataAssetPack_datapack__file110,1377,tag_rank_2,52x52,52.0x52.0,local,1
002_UnityDataAssetPack_datapack__file110,6930,skill_18,002_UnityDataAssetPack_datapack__file110,1378,skill_18,100x100,100.0x100.0,local,1
002_UnityDataAssetPack_datapack__file110,6931,Hero_732,002_UnityDataAssetPack_datapack__file110,1379,Hero_732,500x180,500.0x180.0,local,1
002_UnityDataAssetPack_datapack__file110,6932,ZoneAlert,002_UnityDataAssetPack_datapack__file110,1380,ZoneAlert,100x100,100.0x100.0,local,1
002_UnityDataAssetPack_datapack__file110,6933,186,002_UnityDataAssetPack_datapack__file110,1381,186,100x100,100.0x100.0,local,1
002_UnityDataAssetPack_datapack__file110,6934,pet_head_hidden,002_UnityDataAssetPack_datapack__file110,1382,pet_head_hidden,100x100,100.0x100.0,local,1
002_UnityDataAssetPack_datapack__file110,6935,input_giftcode,002_UnityDataAssetPack_datapack__file110,1383,input_giftcode,354x50,354.0x50.0,local,1
002_UnityDataAssetPack_datapack__file110,6936,gem_7,002_UnityDataAssetPack_datapack__file110,1384,gem_7,100x100,100.0x100.0,local,1
002_UnityDataAssetPack_datapack__file110,6937,21,002_UnityDataAssetPack_datapack__file110,1385,21,100x100,100.0x100.0,local,1
002_UnityDataAssetPack_datapack__file110,6938,roun_rect6,002_UnityDataAssetPack_datapack__file110,1386,roun_rect6,64x64,64.0x64.0,local,1
002_UnityDataAssetPack_datapack__file110,6939,skill_150,002_UnityDataAssetPack_datapack__file110,1387,skill_150,100x100,100.0x100.0,local,1
002_UnityDataAssetPack_datapack__file110,6940,skill_739,002_UnityDataAssetPack_datapack__file110,1388,skill_739,100x100,100.0x100.0,local,1
002_UnityDataAssetPack_datapack__file110,6941,35,002_UnityDataAssetPack_datapack__file110,1389,35,144x144,144.0x144.0,local,1
002_UnityDataAssetPack_datapack__file110,6942,bgr_fusing,002_UnityDataAssetPack_datapack__file110,1390,bgr_fusing,1136x640,1136.0x640.0,local,1
002_UnityDataAssetPack_datapack__file110,6943,brook_title,002_UnityDataAssetPack_datapack__file110,1391,brook_title,506x215,506.0x215.0,local,1
002_UnityDataAssetPack_datapack__file110,6944,pet_thumb_4_ia,002_UnityDataAssetPack_datapack__file110,1392,pet_thumb_4_ia,240x300,240.0x300.0,local,1
002_UnityDataAssetPack_datapack__file110,6945,tab_star_on,002_UnityDataAssetPack_datapack__file110,1393,tab_star_on,52x52,52.0x52.0,local,1
002_UnityDataAssetPack_datapack__file110,6946,bar_bgr,002_UnityDataAssetPack_datapack__file110,1394,bar_bgr,80x8,80.0x8.0,local,1
002_UnityDataAssetPack_datapack__file110,6947,40012,002_UnityDataAssetPack_datapack__file110,1395,40012,100x100,100.0x100.0,local,1
002_UnityDataAssetPack_datapack__file110,6948,198,002_UnityDataAssetPack_datapack__file110,1396,198,100x100,100.0x100.0,local,1
002_UnityDataAssetPack_datapack__file110,6949,bg_e4,002_UnityDataAssetPack_datapack__file110,1397,bg_e4,100x100,100.0x100.0,local,1
002_UnityDataAssetPack_datapack__file110,6950,BGfake1,002_UnityDataAssetPack_datapack__file110,1398,BGfake1,1472x880,1472.0x880.0,local,1
002_UnityDataAssetPack_datapack__file110,6951,143,002_UnityDataAssetPack_datapack__file110,1399,143,180x248,180.0x248.0,local,1
002_UnityDataAssetPack_datapack__file110,6952,building_arena,002_UnityDataAssetPack_datapack__file110,1400,building_arena,266x229,266.0x229.0,local,1
002_UnityDataAssetPack_datapack__file110,6953,4,002_UnityDataAssetPack_datapack__file110,1402,4,32x32,32.0x32.0,local,1
002_UnityDataAssetPack_datapack__file110,6954,button_friend_disable,002_UnityDataAssetPack_datapack__file110,1403,button_friend_disable,78x90,78.0x90.0,local,1
002_UnityDataAssetPack_datapack__file110,6955,icon_8,002_UnityDataAssetPack_datapack__file110,1404,icon_8,88x88,88.0x88.0,local,1
002_UnityDataAssetPack_datapack__file110,6956,tab2,002_UnityDataAssetPack_datapack__file110,1405,tab2,196x64,196.0x64.0,local,1
002_UnityDataAssetPack_datapack__file110,6957,icon_lock,002_UnityDataAssetPack_datapack__file110,1406,icon_lock,48x48,48.0x48.0,local,1
002_UnityDataAssetPack_datapack__file110,6958,50,002_UnityDataAssetPack_datapack__file110,1407,50,144x144,144.0x144.0,local,1
002_UnityDataAssetPack_datapack__file110,6959,icon_thuctinh,002_UnityDataAssetPack_datapack__file110,1408,icon_thuctinh,100x100,100.0x100.0,local,1
002_UnityDataAssetPack_datapack__file110,6960,rect_final_4,002_UnityDataAssetPack_datapack__file110,1409,rect_final_4,96x84,96.0x84.0,local,1
002_UnityDataAssetPack_datapack__file110,6961,progress_mastering_quest_2,002_UnityDataAssetPack_datapack__file110,1410,progress_mastering_quest_2,256x16,256.0x16.0,local,1
002_UnityDataAssetPack_datapack__file110,6962,54,002_UnityDataAssetPack_datapack__file110,1411,54,100x100,100.0x100.0,local,1
002_UnityDataAssetPack_datapack__file110,6963,16,002_UnityDataAssetPack_datapack__file110,1413,16,144x144,144.0x144.0,local,1
002_UnityDataAssetPack_datapack__file110,6964,bgr_special_event,002_UnityDataAssetPack_datapack__file110,1414,bgr_special_event,574x161,574.0x161.0,local,1
002_UnityDataAssetPack_datapack__file110,6965,62,002_UnityDataAssetPack_datapack__file110,1415,62,84x84,84.0x84.0,local,1
002_UnityDataAssetPack_datapack__file110,6966,inform_lichmaychu,002_UnityDataAssetPack_datapack__file110,1416,inform_lichmaychu,524x160,524.0x160.0,local,1
002_UnityDataAssetPack_datapack__file110,6967,hero_purple,002_UnityDataAssetPack_datapack__file110,1417,hero_purple,100x100,100.0x100.0,local,1
002_UnityDataAssetPack_datapack__file110,6968,Hit_2,002_UnityDataAssetPack_datapack__file110,1418,Hit_2,1016x956,1016.0x956.0,local,1
002_UnityDataAssetPack_datapack__file110,6969,warrior_anti_mage,002_UnityDataAssetPack_datapack__file110,1420,warrior_anti_mage,100x100,100.0x100.0,local,1
002_UnityDataAssetPack_datapack__file110,6970,text_lose,002_UnityDataAssetPack_datapack__file110,1421,text_lose,296x84,296.0x84.0,local,1
002_UnityDataAssetPack_datapack__file110,6971,tech_info,002_UnityDataAssetPack_datapack__file110,1423,tech_info,80x80,80.0x80.0,local,1
002_UnityDataAssetPack_datapack__file110,6972,108,002_UnityDataAssetPack_datapack__file110,1424,108,180x248,180.0x248.0,local,1
002_UnityDataAssetPack_datapack__file110,6973,explosion_spritesheet_3x3,002_UnityDataAssetPack_datapack__file110,1425,explosion_spritesheet_3x3,1024x1024,1024.0x1024.0,local,1
002_UnityDataAssetPack_datapack__file110,6974,13,002_UnityDataAssetPack_datapack__file110,1426,13,100x100,100.0x100.0,local,1
002_UnityDataAssetPack_datapack__file110,6975,126,002_UnityDataAssetPack_datapack__file110,1427,126,100x100,100.0x100.0,local,1
002_UnityDataAssetPack_datapack__file110,6976,arrow_chat1,002_UnityDataAssetPack_datapack__file110,1428,arrow_chat1,36x137,36.0x137.0,local,1
002_UnityDataAssetPack_datapack__file110,6977,icon_nhanpham,002_UnityDataAssetPack_datapack__file110,1429,icon_nhanpham,100x100,100.0x100.0,local,1
002_UnityDataAssetPack_datapack__file110,6978,mage_crit,002_UnityDataAssetPack_datapack__file110,1430,mage_crit,100x100,100.0x100.0,local,1
002_UnityDataAssetPack_datapack__file110,6979,ability_27,002_UnityDataAssetPack_datapack__file110,1431,ability_27,112x108,112.0x108.0,local,1
002_UnityDataAssetPack_datapack__file110,6980,74,002_UnityDataAssetPack_datapack__file110,1432,74,180x248,180.0x248.0,local,1
002_UnityDataAssetPack_datapack__file110,6981,home2_market,002_UnityDataAssetPack_datapack__file110,1433,home2_market,84x92,84.0x92.0,local,1
002_UnityDataAssetPack_datapack__file110,6982,ship_leader_3,002_UnityDataAssetPack_datapack__file110,1434,ship_leader_3,180x148,180.0x148.0,local,1
002_UnityDataAssetPack_datapack__file110,6983,icon_lotion_5,002_UnityDataAssetPack_datapack__file110,1436,icon_lotion_5,100x100,100.0x100.0,local,1
002_UnityDataAssetPack_datapack__file110,6984,tab_sk_off,002_UnityDataAssetPack_datapack__file110,1437,tab_sk_off,85x85,85.0x85.0,local,1
002_UnityDataAssetPack_datapack__file110,6985,icon_search_scout,002_UnityDataAssetPack_datapack__file110,1438,icon_search_scout,120x140,120.0x140.0,local,1
002_UnityDataAssetPack_datapack__file110,6986,hero_stone_5,002_UnityDataAssetPack_datapack__file110,1439,hero_stone_5,90x90,90.0x90.0,local,1
002_UnityDataAssetPack_datapack__file110,6987,328,002_UnityDataAssetPack_datapack__file110,1440,328,100x100,100.0x100.0,local,1
002_UnityDataAssetPack_datapack__file110,6988,item_null,002_UnityDataAssetPack_datapack__file110,1441,item_null,100x96,100.0x96.0,local,1
002_UnityDataAssetPack_datapack__file110,6989,skill_244,002_UnityDataAssetPack_datapack__file110,1442,skill_244,100x100,100.0x100.0,local,1
002_UnityDataAssetPack_datapack__file110,6990,summon_curtain,002_UnityDataAssetPack_datapack__file110,1443,summon_curtain,544x508,544.0x508.0,local,1
002_UnityDataAssetPack_datapack__file110,6991,skill_129,002_UnityDataAssetPack_datapack__file110,1444,skill_129,100x100,100.0x100.0,local,1
002_UnityDataAssetPack_datapack__file110,6992,brook_title_en,002_UnityDataAssetPack_datapack__file110,1446,brook_title_en,570x236,570.0x236.0,local,1
002_UnityDataAssetPack_datapack__file110,6993,guild_flag_2,002_UnityDataAssetPack_datapack__file110,1447,guild_flag_2,88x92,88.0x92.0,local,1
002_UnityDataAssetPack_datapack__file110,6994,line_edge_war_map,002_UnityDataAssetPack_datapack__file110,1448,line_edge_war_map,18x127,18.0x127.0,local,1
002_UnityDataAssetPack_datapack__file110,6995,star_grey,002_UnityDataAssetPack_datapack__file110,1449,star_grey,31x31,31.0x31.0,local,1
002_UnityDataAssetPack_datapack__file110,6996,9,002_UnityDataAssetPack_datapack__file110,1450,9,100x100,100.0x100.0,local,1
002_UnityDataAssetPack_datapack__file110,6997,button_fk_boss,002_UnityDataAssetPack_datapack__file110,1451,button_fk_boss,80x68,80.0x68.0,local,1
002_UnityDataAssetPack_datapack__file110,6998,icon_debuff_reduce_dmg,002_UnityDataAssetPack_datapack__file110,1452,icon_debuff_reduce_dmg,32x32,32.0x32.0,local,1
002_UnityDataAssetPack_datapack__file110,6999,skill_170,002_UnityDataAssetPack_datapack__file110,1453,skill_170,100x100,100.0x100.0,local,1
002_UnityDataAssetPack_datapack__file110,7000,8,002_UnityDataAssetPack_datapack__file110,1454,8,84x84,84.0x84.0,local,1
002_UnityDataAssetPack_datapack__file110,7001,red_circle,002_UnityDataAssetPack_datapack__file110,1455,red_circle,130x130,130.0x130.0,local,1
002_UnityDataAssetPack_datapack__file110,7002,73,002_UnityDataAssetPack_datapack__file110,1456,73,180x248,180.0x248.0,local,1
002_UnityDataAssetPack_datapack__file110,7003,le_win,002_UnityDataAssetPack_datapack__file110,1458,le_win,82x61,82.0x61.0,local,1
002_UnityDataAssetPack_datapack__file110,7004,mill_9,002_UnityDataAssetPack_datapack__file110,1459,mill_9,173x142,173.0x142.0,local,1
002_UnityDataAssetPack_datapack__file110,7005,gate_2,002_UnityDataAssetPack_datapack__file110,1460,gate_2,308x240,308.0x240.0,local,1
002_UnityDataAssetPack_datapack__file110,7006,175,002_UnityDataAssetPack_datapack__file110,1461,175,180x248,180.0x248.0,local,1
002_UnityDataAssetPack_datapack__file110,7007,Hit_162,002_UnityDataAssetPack_datapack__file110,1463,Hit_162,1002x260,1002.0x260.0,local,1
002_UnityDataAssetPack_datapack__file110,7008,bgr_item_drop_box,002_UnityDataAssetPack_datapack__file110,1464,bgr_item_drop_box,50x50,50.0x50.0,local,1
002_UnityDataAssetPack_datapack__file110,7009,skill_687,002_UnityDataAssetPack_datapack__file110,1466,skill_687,100x100,100.0x100.0,local,1
002_UnityDataAssetPack_datapack__file110,7010,31,002_UnityDataAssetPack_datapack__file110,1467,31,144x144,144.0x144.0,local,1
002_UnityDataAssetPack_datapack__file110,7011,icon_prophet_orb,002_UnityDataAssetPack_datapack__file110,1468,icon_prophet_orb,52x52,52.0x52.0,local,1
002_UnityDataAssetPack_datapack__file110,7012,coin_spin2,002_UnityDataAssetPack_datapack__file110,1469,coin_spin2,100x100,100.0x100.0,local,1
002_UnityDataAssetPack_datapack__file110,7013,10,002_UnityDataAssetPack_datapack__file110,1470,10,144x144,144.0x144.0,local,1
002_UnityDataAssetPack_datapack__file110,7014,home_button_achievement,002_UnityDataAssetPack_datapack__file110,1471,home_button_achievement,90x90,90.0x90.0,local,1
002_UnityDataAssetPack_datapack__file110,7015,icon_monster_chaos,002_UnityDataAssetPack_datapack__file110,1472,icon_monster_chaos,52x52,52.0x52.0,local,1
002_UnityDataAssetPack_datapack__file110,7016,decor_e,002_UnityDataAssetPack_datapack__file110,1473,decor_e,97x27,97.0x27.0,local,1
002_UnityDataAssetPack_datapack__file110,7017,event_3,002_UnityDataAssetPack_datapack__file110,1474,event_3,536x436,536.0x436.0,local,1
002_UnityDataAssetPack_datapack__file110,7018,161,002_UnityDataAssetPack_datapack__file110,1475,161,180x248,180.0x248.0,local,1
002_UnityDataAssetPack_datapack__file110,7019,tab_hero_ia,002_UnityDataAssetPack_datapack__file110,1476,tab_hero_ia,206x69,206.0x69.0,local,1
002_UnityDataAssetPack_datapack__file110,7020,icon_dabossvannang,002_UnityDataAssetPack_datapack__file110,1478,icon_dabossvannang,100x100,100.0x100.0,local,1
002_UnityDataAssetPack_datapack__file110,7021,round_rect_16,002_UnityDataAssetPack_datapack__file110,1480,round_rect_16,44x44,44.0x44.0,local,1
002_UnityDataAssetPack_datapack__file110,7022,54,002_UnityDataAssetPack_datapack__file110,1481,54,144x144,144.0x144.0,local,1
002_UnityDataAssetPack_datapack__file110,7023,12,002_UnityDataAssetPack_datapack__file110,1482,12,32x32,32.0x32.0,local,1
002_UnityDataAssetPack_datapack__file110,7024,50,002_UnityDataAssetPack_datapack__file110,1483,50,100x100,100.0x100.0,local,1
002_UnityDataAssetPack_datapack__file110,7025,rect_23,002_UnityDataAssetPack_datapack__file110,1484,rect_23,40x40,40.0x40.0,local,1
002_UnityDataAssetPack_datapack__file110,7026,63,002_UnityDataAssetPack_datapack__file110,1485,63,100x100,100.0x100.0,local,1
002_UnityDataAssetPack_datapack__file110,7027,icon_21,002_UnityDataAssetPack_datapack__file110,1486,icon_21,100x100,100.0x100.0,local,1
002_UnityDataAssetPack_datapack__file110,7028,56,002_UnityDataAssetPack_datapack__file110,1487,56,84x84,84.0x84.0,local,1
002_UnityDataAssetPack_datapack__file110,7029,knob_joystick,002_UnityDataAssetPack_datapack__file110,1488,knob_joystick,154x154,154.0x154.0,local,1
002_UnityDataAssetPack_datapack__file110,7030,home2_chat,002_UnityDataAssetPack_datapack__file110,1489,home2_chat,62x62,62.0x62.0,local,1
002_UnityDataAssetPack_datapack__file110,7031,icon_hp_heal,002_UnityDataAssetPack_datapack__file110,1490,icon_hp_heal,40x36,40.0x36.0,local,1
002_UnityDataAssetPack_datapack__file110,7032,bgr_brave_trial,002_UnityDataAssetPack_datapack__file110,1491,bgr_brave_trial,1408x860,1408.0x860.0,local,1
002_UnityDataAssetPack_datapack__file110,7033,icon_head,002_UnityDataAssetPack_datapack__file110,1492,icon_head,24x24,24.0x24.0,local,1
002_UnityDataAssetPack_datapack__file110,7034,223,002_UnityDataAssetPack_datapack__file110,1493,223,180x248,180.0x248.0,local,1
002_UnityDataAssetPack_datapack__file110,7035,battle_pos_2_hl,002_UnityDataAssetPack_datapack__file110,1494,battle_pos_2_hl,240x64,240.0x64.0,local,1
002_UnityDataAssetPack_datapack__file110,7036,left_bar,002_UnityDataAssetPack_datapack__file110,1495,left_bar,326x640,326.0x640.0,local,1
002_UnityDataAssetPack_datapack__file110,7037,mage_speed,002_UnityDataAssetPack_datapack__file110,1496,mage_speed,100x100,100.0x100.0,local,1
002_UnityDataAssetPack_datapack__file110,7038,guild_flag_6,002_UnityDataAssetPack_datapack__file110,1497,guild_flag_6,88x92,88.0x92.0,local,1
002_UnityDataAssetPack_datapack__file110,7039,hero_blue,002_UnityDataAssetPack_datapack__file110,1498,hero_blue,100x100,100.0x100.0,local,1
002_UnityDataAssetPack_datapack__file110,7040,popup_23,002_UnityDataAssetPack_datapack__file110,1499,popup_23,466x512,466.0x512.0,local,1
002_UnityDataAssetPack_datapack__file110,7041,icon_16,002_UnityDataAssetPack_datapack__file110,1500,icon_16,88x88,88.0x88.0,local,1
002_UnityDataAssetPack_datapack__file110,7042,button_send_enable,002_UnityDataAssetPack_datapack__file110,1501,button_send_enable,73x67,73.0x67.0,local,1
002_UnityDataAssetPack_datapack__file110,7043,mill_order_2,002_UnityDataAssetPack_datapack__file110,1502,mill_order_2,100x100,100.0x100.0,local,1
002_UnityDataAssetPack_datapack__file110,7044,icon_clock,002_UnityDataAssetPack_datapack__file110,1503,icon_clock,32x32,32.0x32.0,local,1
002_UnityDataAssetPack_datapack__file110,7045,bgr_lv,002_UnityDataAssetPack_datapack__file110,1504,bgr_lv,70x70,70.0x70.0,local,1
002_UnityDataAssetPack_datapack__file110,7046,bgr_splash3,002_UnityDataAssetPack_datapack__file110,1505,bgr_splash3,1400x640,1400.0x640.0,local,1
002_UnityDataAssetPack_datapack__file110,7047,skill_232,002_UnityDataAssetPack_datapack__file110,1506,skill_232,100x100,100.0x100.0,local,1
002_UnityDataAssetPack_datapack__file110,7048,home_button_check_in,002_UnityDataAssetPack_datapack__file110,1507,home_button_check_in,90x90,90.0x90.0,local,1
002_UnityDataAssetPack_datapack__file110,7049,gate_9,002_UnityDataAssetPack_datapack__file110,1508,gate_9,300x225,300.0x225.0,local,1
002_UnityDataAssetPack_datapack__file110,7050,skill_199,002_UnityDataAssetPack_datapack__file110,1509,skill_199,100x100,100.0x100.0,local,1
002_UnityDataAssetPack_datapack__file110,7051,assassin_atk,002_UnityDataAssetPack_datapack__file110,1510,assassin_atk,100x100,100.0x100.0,local,1
002_UnityDataAssetPack_datapack__file110,7052,Hit_86,002_UnityDataAssetPack_datapack__file110,1511,Hit_86,970x437,970.0x437.0,local,1
002_UnityDataAssetPack_datapack__file110,7053,button_scout_disable,002_UnityDataAssetPack_datapack__file110,1512,button_scout_disable,78x90,78.0x90.0,local,1
002_UnityDataAssetPack_datapack__file110,7054,224,002_UnityDataAssetPack_datapack__file110,1513,224,100x100,100.0x100.0,local,1
002_UnityDataAssetPack_datapack__file110,7055,slot_hero,002_UnityDataAssetPack_datapack__file110,1514,slot_hero,92x92,92.0x92.0,local,1
002_UnityDataAssetPack_datapack__file110,7056,6,002_UnityDataAssetPack_datapack__file110,1515,6,100x100,100.0x100.0,local,1
002_UnityDataAssetPack_datapack__file110,7057,tarven_star,002_UnityDataAssetPack_datapack__file110,1516,tarven_star,28x28,28.0x28.0,local,1
002_UnityDataAssetPack_datapack__file110,7058,bgr_hero_list,002_UnityDataAssetPack_datapack__file110,1518,bgr_hero_list,1136x640,1136.0x640.0,local,1
002_UnityDataAssetPack_datapack__file110,7059,111,002_UnityDataAssetPack_datapack__file110,1519,111,640x512,640.0x512.0,local,1
002_UnityDataAssetPack_datapack__file110,7060,192,002_UnityDataAssetPack_datapack__file110,1520,192,640x512,640.0x512.0,local,1
002_UnityDataAssetPack_datapack__file110,7061,b_3,002_UnityDataAssetPack_datapack__file110,1522,b_3,476x476,476.0x476.0,local,1
002_UnityDataAssetPack_datapack__file110,7062,gem_3,002_UnityDataAssetPack_datapack__file110,1523,gem_3,80x56,80.0x56.0,local,1
002_UnityDataAssetPack_datapack__file110,7063,10007,002_UnityDataAssetPack_datapack__file110,1524,10007,32x32,32.0x32.0,local,1
002_UnityDataAssetPack_datapack__file110,7064,Hit_52,002_UnityDataAssetPack_datapack__file110,1525,Hit_52,900x432,900.0x432.0,local,1
002_UnityDataAssetPack_datapack__file110,7065,39,002_UnityDataAssetPack_datapack__file110,1526,39,100x100,100.0x100.0,local,1
002_UnityDataAssetPack_datapack__file110,7066,gem_tap2,002_UnityDataAssetPack_datapack__file110,1527,gem_tap2,50x50,50.0x50.0,local,1
002_UnityDataAssetPack_datapack__file110,7067,86,002_UnityDataAssetPack_datapack__file110,1528,86,100x100,100.0x100.0,local,1
002_UnityDataAssetPack_datapack__file110,7068,icon_kinhnghiem,002_UnityDataAssetPack_datapack__file110,1530,icon_kinhnghiem,100x100,100.0x100.0,local,1
002_UnityDataAssetPack_datapack__file110,7069,13,002_UnityDataAssetPack_datapack__file110,1531,13,276x204,276.0x204.0,local,1
002_UnityDataAssetPack_datapack__file110,7070,icon_debuff_skill_dmg,002_UnityDataAssetPack_datapack__file110,1532,icon_debuff_skill_dmg,32x32,32.0x32.0,local,1
002_UnityDataAssetPack_datapack__file110,7071,ruin_select,002_UnityDataAssetPack_datapack__file110,1533,ruin_select,104x104,104.0x104.0,local,1
002_UnityDataAssetPack_datapack__file110,7072,gem_4_en,002_UnityDataAssetPack_datapack__file110,1534,gem_4_en,144x136,144.0x136.0,local,1
002_UnityDataAssetPack_datapack__file110,7073,53,002_UnityDataAssetPack_datapack__file110,1535,53,84x84,84.0x84.0,local,1
002_UnityDataAssetPack_datapack__file110,7074,assassin_anti_ranger,002_UnityDataAssetPack_datapack__file110,1536,assassin_anti_ranger,100x100,100.0x100.0,local,1
002_UnityDataAssetPack_datapack__file110,7075,tab_point2,002_UnityDataAssetPack_datapack__file110,1538,tab_point2,78x90,78.0x90.0,local,1
002_UnityDataAssetPack_datapack__file110,7076,1,002_UnityDataAssetPack_datapack__file110,1539,1,32x32,32.0x32.0,local,1
002_UnityDataAssetPack_datapack__file110,7077,48,002_UnityDataAssetPack_datapack__file110,1540,48,144x144,144.0x144.0,local,1
002_UnityDataAssetPack_datapack__file110,7078,icon_all_stars_coin,002_UnityDataAssetPack_datapack__file110,1541,icon_all_stars_coin,50x50,50.0x50.0,local,1
002_UnityDataAssetPack_datapack__file110,7079,icon_18,002_UnityDataAssetPack_datapack__file110,1542,icon_18,88x88,88.0x88.0,local,1
002_UnityDataAssetPack_datapack__file110,7080,2,002_UnityDataAssetPack_datapack__file110,1543,2,100x100,100.0x100.0,local,1
002_UnityDataAssetPack_datapack__file110,7081,event_ruong_bau,002_UnityDataAssetPack_datapack__file110,1544,event_ruong_bau,536x176,536.0x176.0,local,1
002_UnityDataAssetPack_datapack__file110,7082,tech_anti_assassin,002_UnityDataAssetPack_datapack__file110,1545,tech_anti_assassin,100x100,100.0x100.0,local,1
002_UnityDataAssetPack_datapack__file110,7083,icon_assassin,002_UnityDataAssetPack_datapack__file110,1546,icon_assassin,64x64,64.0x64.0,local,1
002_UnityDataAssetPack_datapack__file110,7084,ranger_anti_assassin,002_UnityDataAssetPack_datapack__file110,1548,ranger_anti_assassin,100x100,100.0x100.0,local,1
002_UnityDataAssetPack_datapack__file110,7085,gem_8,002_UnityDataAssetPack_datapack__file110,1549,gem_8,100x100,100.0x100.0,local,1
002_UnityDataAssetPack_datapack__file110,7086,78,002_UnityDataAssetPack_datapack__file110,1550,78,84x84,84.0x84.0,local,1
002_UnityDataAssetPack_datapack__file110,7087,92,002_UnityDataAssetPack_datapack__file110,1551,92,640x512,640.0x512.0,local,1
002_UnityDataAssetPack_datapack__file110,7088,tab_sum_off,002_UnityDataAssetPack_datapack__file110,1552,tab_sum_off,84x84,84.0x84.0,local,1
002_UnityDataAssetPack_datapack__file110,7089,skill_125,002_UnityDataAssetPack_datapack__file110,1553,skill_125,100x100,100.0x100.0,local,1
002_UnityDataAssetPack_datapack__file110,7090,173,002_UnityDataAssetPack_datapack__file110,1554,173,180x248,180.0x248.0,local,1
002_UnityDataAssetPack_datapack__file110,7091,46,002_UnityDataAssetPack_datapack__file110,1555,46,100x100,100.0x100.0,local,1
002_UnityDataAssetPack_datapack__file110,7092,43,002_UnityDataAssetPack_datapack__file110,1556,43,100x100,100.0x100.0,local,1
002_UnityDataAssetPack_datapack__file110,7093,Hit_15,002_UnityDataAssetPack_datapack__file110,1557,Hit_15,593x177,593.0x177.0,local,1
002_UnityDataAssetPack_datapack__file110,7094,defend_lose,002_UnityDataAssetPack_datapack__file110,1558,defend_lose,40x40,40.0x40.0,local,1
002_UnityDataAssetPack_datapack__file110,7095,battle_pos_5_hl,002_UnityDataAssetPack_datapack__file110,1559,battle_pos_5_hl,260x64,260.0x64.0,local,1
002_UnityDataAssetPack_datapack__file110,7096,skill_732,002_UnityDataAssetPack_datapack__file110,1561,skill_732,100x100,100.0x100.0,local,1
002_UnityDataAssetPack_datapack__file110,7097,event_chieu_mo_dac_biet,002_UnityDataAssetPack_datapack__file110,1563,event_chieu_mo_dac_biet,536x176,536.0x176.0,local,1
002_UnityDataAssetPack_datapack__file110,7098,23,002_UnityDataAssetPack_datapack__file110,1564,23,144x144,144.0x144.0,local,1
002_UnityDataAssetPack_datapack__file110,7099,228,002_UnityDataAssetPack_datapack__file110,1567,228,100x100,100.0x100.0,local,1
002_UnityDataAssetPack_datapack__file110,7100,mf_potion_revine,002_UnityDataAssetPack_datapack__file110,1568,mf_potion_revine,65x78,65.0x78.0,local,1
002_UnityDataAssetPack_datapack__file110,7101,event_18,002_UnityDataAssetPack_datapack__file110,1569,event_18,632x492,632.0x492.0,local,1
002_UnityDataAssetPack_datapack__file110,7102,35,002_UnityDataAssetPack_datapack__file110,1570,35,84x84,84.0x84.0,local,1
002_UnityDataAssetPack_datapack__file110,7103,icon_nganhoa,002_UnityDataAssetPack_datapack__file110,1571,icon_nganhoa,84x84,84.0x84.0,local,1
002_UnityDataAssetPack_datapack__file110,7104,banner_giftcode,002_UnityDataAssetPack_datapack__file110,1572,banner_giftcode,534x435,534.0x435.0,local,1
002_UnityDataAssetPack_datapack__file110,7105,b_fores,002_UnityDataAssetPack_datapack__file110,1573,b_fores,476x476,476.0x476.0,local,1
002_UnityDataAssetPack_datapack__file110,7106,icon_sukien_t23,002_UnityDataAssetPack_datapack__file110,1574,icon_sukien_t23,100x100,100.0x100.0,local,1
002_UnityDataAssetPack_datapack__file110,7107,182,002_UnityDataAssetPack_datapack__file110,1575,182,100x100,100.0x100.0,local,1
002_UnityDataAssetPack_datapack__file110,7108,front_2,002_UnityDataAssetPack_datapack__file110,1576,front_2,820x320,820.0x320.0,local,1
002_UnityDataAssetPack_datapack__file110,7109,176,002_UnityDataAssetPack_datapack__file110,1577,176,100x100,100.0x100.0,local,1
002_UnityDataAssetPack_datapack__file110,7110,icon_tap_healing,002_UnityDataAssetPack_datapack__file110,1579,icon_tap_healing,86x86,86.0x86.0,local,1
002_UnityDataAssetPack_datapack__file110,7111,event_vong_quay,002_UnityDataAssetPack_datapack__file110,1580,event_vong_quay,700x132,700.0x132.0,local,1
002_UnityDataAssetPack_datapack__file110,7112,bgr_chat,002_UnityDataAssetPack_datapack__file110,1581,bgr_chat,80x80,80.0x80.0,local,1
002_UnityDataAssetPack_datapack__file110,7113,skill_684,002_UnityDataAssetPack_datapack__file110,1583,skill_684,100x100,100.0x100.0,local,1
002_UnityDataAssetPack_datapack__file110,7114,building_vienchinh,002_UnityDataAssetPack_datapack__file110,1584,building_vienchinh,270x258,270.0x258.0,local,1
002_UnityDataAssetPack_datapack__file110,7115,home_button_shop,002_UnityDataAssetPack_datapack__file110,1586,home_button_shop,80x80,80.0x80.0,local,1
002_UnityDataAssetPack_datapack__file110,7116,skill_724,002_UnityDataAssetPack_datapack__file110,1587,skill_724,100x100,100.0x100.0,local,1
002_UnityDataAssetPack_datapack__file110,7117,73,002_UnityDataAssetPack_datapack__file110,1588,73,100x100,100.0x100.0,local,1
002_UnityDataAssetPack_datapack__file110,7118,focus,002_UnityDataAssetPack_datapack__file110,1589,focus,100x100,100.0x100.0,local,1
002_UnityDataAssetPack_datapack__file110,7119,tab_notify_on,002_UnityDataAssetPack_datapack__file110,1590,tab_notify_on,216x86,216.0x86.0,local,1
002_UnityDataAssetPack_datapack__file110,7120,2_on,002_UnityDataAssetPack_datapack__file110,1591,2_on,140x72,140.0x72.0,local,1
002_UnityDataAssetPack_datapack__file110,7121,tab_active,002_UnityDataAssetPack_datapack__file110,1592,tab_active,180x72,180.0x72.0,local,1
002_UnityDataAssetPack_datapack__file110,7122,guild_flag_25,002_UnityDataAssetPack_datapack__file110,1593,guild_flag_25,88x92,88.0x92.0,local,1
002_UnityDataAssetPack_datapack__file110,7123,Island_sabaody,002_UnityDataAssetPack_datapack__file110,1594,Island_sabaody,470x270,470.0x270.0,local,1
002_UnityDataAssetPack_datapack__file110,7124,128,002_UnityDataAssetPack_datapack__file110,1595,128,180x248,180.0x248.0,local,1
002_UnityDataAssetPack_datapack__file110,7125,skill_177,002_UnityDataAssetPack_datapack__file110,1596,skill_177,100x100,100.0x100.0,local,1
002_UnityDataAssetPack_datapack__file110,7126,27,002_UnityDataAssetPack_datapack__file110,1597,27,100x100,100.0x100.0,local,1
002_UnityDataAssetPack_datapack__file110,7127,227,002_UnityDataAssetPack_datapack__file110,1598,227,100x100,100.0x100.0,local,1
002_UnityDataAssetPack_datapack__file110,7128,icon_tmy,002_UnityDataAssetPack_datapack__file110,1599,icon_tmy,88x88,88.0x88.0,local,1
002_UnityDataAssetPack_datapack__file110,7129,189,002_UnityDataAssetPack_datapack__file110,1600,189,100x100,100.0x100.0,local,1
002_UnityDataAssetPack_datapack__file110,7130,40003,002_UnityDataAssetPack_datapack__file110,1601,40003,100x100,100.0x100.0,local,1
002_UnityDataAssetPack_datapack__file110,7131,Hero_1102,002_UnityDataAssetPack_datapack__file110,1602,Hero_1102,1024x972,1024.0x972.0,local,1
002_UnityDataAssetPack_datapack__file110,7132,tech_freeze_immune,002_UnityDataAssetPack_datapack__file110,1603,tech_freeze_immune,100x100,100.0x100.0,local,1
002_UnityDataAssetPack_datapack__file110,7133,bgr_boss_1,002_UnityDataAssetPack_datapack__file110,1605,bgr_boss_1,266x346,266.0x346.0,local,1
002_UnityDataAssetPack_datapack__file110,7134,tick_green,002_UnityDataAssetPack_datapack__file110,1606,tick_green,44x40,44.0x40.0,local,1
002_UnityDataAssetPack_datapack__file110,7135,trash_bin,002_UnityDataAssetPack_datapack__file110,1607,trash_bin,36x40,36.0x40.0,local,1
002_UnityDataAssetPack_datapack__file110,7136,tab_assassin_2,002_UnityDataAssetPack_datapack__file110,1608,tab_assassin_2,78x90,78.0x90.0,local,1
002_UnityDataAssetPack_datapack__file110,7137,tag_received,002_UnityDataAssetPack_datapack__file110,1609,tag_received,144x52,144.0x52.0,local,1
002_UnityDataAssetPack_datapack__file110,7138,brook_bgr,002_UnityDataAssetPack_datapack__file110,1610,brook_bgr,1136x640,1136.0x640.0,local,1
002_UnityDataAssetPack_datapack__file110,7139,Hero_1563,002_UnityDataAssetPack_datapack__file110,1611,Hero_1563,676x204,676.0x204.0,local,1
002_UnityDataAssetPack_datapack__file110,7140,icon_dauthan,002_UnityDataAssetPack_datapack__file110,1612,icon_dauthan,100x100,100.0x100.0,local,1
002_UnityDataAssetPack_datapack__file110,7141,40007,002_UnityDataAssetPack_datapack__file110,1613,40007,100x100,100.0x100.0,local,1
002_UnityDataAssetPack_datapack__file110,7142,tarven_star_7,002_UnityDataAssetPack_datapack__file110,1615,tarven_star_7,44x44,44.0x44.0,local,1
002_UnityDataAssetPack_datapack__file110,7143,glow1,002_UnityDataAssetPack_datapack__file110,1618,glow1,512x512,512.0x512.0,local,1
002_UnityDataAssetPack_datapack__file110,7144,icon_kinhnghiem,002_UnityDataAssetPack_datapack__file110,1619,icon_kinhnghiem,100x100,100.0x100.0,local,1
002_UnityDataAssetPack_datapack__file110,7145,gold_icon_en,002_UnityDataAssetPack_datapack__file110,1620,gold_icon_en,600x567,600.0x567.0,local,1
002_UnityDataAssetPack_datapack__file110,7146,142,002_UnityDataAssetPack_datapack__file110,1621,142,180x248,180.0x248.0,local,1
002_UnityDataAssetPack_datapack__file110,7147,right_bgr,002_UnityDataAssetPack_datapack__file110,1622,right_bgr,466x529,466.0x529.0,local,1
002_UnityDataAssetPack_datapack__file110,7148,Hero_1272,002_UnityDataAssetPack_datapack__file110,1624,Hero_1272,904x256,904.0x256.0,local,1
002_UnityDataAssetPack_datapack__file110,7149,!,002_UnityDataAssetPack_datapack__file110,1625,!,40x40,40.0x40.0,local,1
002_UnityDataAssetPack_datapack__file110,7150,guild_flag_14,002_UnityDataAssetPack_datapack__file110,1626,guild_flag_14,88x92,88.0x92.0,local,1
002_UnityDataAssetPack_datapack__file110,7151,122,002_UnityDataAssetPack_datapack__file110,1627,122,180x248,180.0x248.0,local,1
002_UnityDataAssetPack_datapack__file110,7152,popup_enable,002_UnityDataAssetPack_datapack__file110,1628,popup_enable,1072x630,1072.0x630.0,local,1
002_UnityDataAssetPack_datapack__file110,7153,rect_12,002_UnityDataAssetPack_datapack__file110,1629,rect_12,48x48,48.0x48.0,local,1
002_UnityDataAssetPack_datapack__file110,7154,popup_notitle,002_UnityDataAssetPack_datapack__file110,1630,popup_notitle,104x104,104.0x104.0,local,1
002_UnityDataAssetPack_datapack__file110,7155,icon_gear,002_UnityDataAssetPack_datapack__file110,1631,icon_gear,100x100,100.0x100.0,local,1
002_UnityDataAssetPack_datapack__file110,7156,skill_175,002_UnityDataAssetPack_datapack__file110,1633,skill_175,100x100,100.0x100.0,local,1
002_UnityDataAssetPack_datapack__file110,7157,skill_154,002_UnityDataAssetPack_datapack__file110,1634,skill_154,100x100,100.0x100.0,local,1
002_UnityDataAssetPack_datapack__file110,7158,143,002_UnityDataAssetPack_datapack__file110,1635,143,100x100,100.0x100.0,local,1
002_UnityDataAssetPack_datapack__file110,7159,chest_level_3,002_UnityDataAssetPack_datapack__file110,1636,chest_level_3,132x148,132.0x148.0,local,1
002_UnityDataAssetPack_datapack__file110,7160,star_hl2,002_UnityDataAssetPack_datapack__file110,1637,star_hl2,31x31,31.0x31.0,local,1
002_UnityDataAssetPack_datapack__file110,7161,Img_Return_On,002_UnityDataAssetPack_datapack__file110,1638,Img_Return_On,100x100,100.0x100.0,local,1
002_UnityDataAssetPack_datapack__file110,7162,gate_5,002_UnityDataAssetPack_datapack__file110,1639,gate_5,282x258,282.0x258.0,local,1
002_UnityDataAssetPack_datapack__file110,7163,bar_health,002_UnityDataAssetPack_datapack__file110,1640,bar_health,84x8,84.0x8.0,local,1
002_UnityDataAssetPack_datapack__file110,7164,skill_46,002_UnityDataAssetPack_datapack__file110,1641,skill_46,100x100,100.0x100.0,local,1
002_UnityDataAssetPack_datapack__file110,7165,warrior_crit,002_UnityDataAssetPack_datapack__file110,1642,warrior_crit,100x100,100.0x100.0,local,1
002_UnityDataAssetPack_datapack__file110,7166,c_forest,002_UnityDataAssetPack_datapack__file110,1643,c_forest,113x113,113.0x113.0,local,1
002_UnityDataAssetPack_datapack__file110,7167,221,002_UnityDataAssetPack_datapack__file110,1644,221,640x512,640.0x512.0,local,1
002_UnityDataAssetPack_datapack__file110,7168,icon_lotion_1,002_UnityDataAssetPack_datapack__file110,1645,icon_lotion_1,100x100,100.0x100.0,local,1
002_UnityDataAssetPack_datapack__file110,7169,BattleArena9,002_UnityDataAssetPack_datapack__file110,1646,BattleArena9,1476x880,1476.0x880.0,local,1
002_UnityDataAssetPack_datapack__file110,7170,13_off,002_UnityDataAssetPack_datapack__file110,1647,13_off,140x72,140.0x72.0,local,1
002_UnityDataAssetPack_datapack__file110,7171,skill_225,002_UnityDataAssetPack_datapack__file110,1649,skill_225,100x100,100.0x100.0,local,1
002_UnityDataAssetPack_datapack__file110,7172,skill_219,002_UnityDataAssetPack_datapack__file110,1650,skill_219,100x100,100.0x100.0,local,1
002_UnityDataAssetPack_datapack__file110,7173,76,002_UnityDataAssetPack_datapack__file110,1651,76,100x100,100.0x100.0,local,1
002_UnityDataAssetPack_datapack__file110,7174,Hit_17,002_UnityDataAssetPack_datapack__file110,1652,Hit_17,992x538,992.0x538.0,local,1
002_UnityDataAssetPack_datapack__file110,7175,68,002_UnityDataAssetPack_datapack__file110,1654,68,100x100,100.0x100.0,local,1
002_UnityDataAssetPack_datapack__file110,7176,f2,002_UnityDataAssetPack_datapack__file110,1655,f2,112x112,112.0x112.0,local,1
002_UnityDataAssetPack_datapack__file110,7177,BattleArena1,002_UnityDataAssetPack_datapack__file110,1656,BattleArena1,1476x880,1476.0x880.0,local,1
002_UnityDataAssetPack_datapack__file110,7178,61,002_UnityDataAssetPack_datapack__file110,1657,61,84x84,84.0x84.0,local,1
002_UnityDataAssetPack_datapack__file110,7179,icon_tech_atk,002_UnityDataAssetPack_datapack__file110,1658,icon_tech_atk,92x92,92.0x92.0,local,1
002_UnityDataAssetPack_datapack__file110,7180,milestone_mastering_2,002_UnityDataAssetPack_datapack__file110,1660,milestone_mastering_2,64x64,64.0x64.0,local,1
002_UnityDataAssetPack_datapack__file110,7181,img_merchant_1,002_UnityDataAssetPack_datapack__file110,1661,img_merchant_1,174x233,174.0x233.0,local,1
002_UnityDataAssetPack_datapack__file110,7182,icon_battle,002_UnityDataAssetPack_datapack__file110,1662,icon_battle,74x64,74.0x64.0,local,1
002_UnityDataAssetPack_datapack__file110,7183,79,002_UnityDataAssetPack_datapack__file110,1664,79,84x84,84.0x84.0,local,1
002_UnityDataAssetPack_datapack__file110,7184,skill_104,002_UnityDataAssetPack_datapack__file110,1665,skill_104,100x100,100.0x100.0,local,1
002_UnityDataAssetPack_datapack__file110,7185,Hero_1112,002_UnityDataAssetPack_datapack__file110,1666,Hero_1112,1012x956,1012.0x956.0,local,1
002_UnityDataAssetPack_datapack__file110,7186,gold_icon,002_UnityDataAssetPack_datapack__file110,1667,gold_icon,56x55,56.0x55.0,local,1
002_UnityDataAssetPack_datapack__file110,7187,item_potion_2,002_UnityDataAssetPack_datapack__file110,1668,item_potion_2,100x100,100.0x100.0,local,1
002_UnityDataAssetPack_datapack__file110,7188,tab_notify_off,002_UnityDataAssetPack_datapack__file110,1669,tab_notify_off,216x87,216.0x87.0,local,1
002_UnityDataAssetPack_datapack__file110,7189,238,002_UnityDataAssetPack_datapack__file110,1670,238,180x248,180.0x248.0,local,1
002_UnityDataAssetPack_datapack__file110,7190,182,002_UnityDataAssetPack_datapack__file110,1671,182,640x512,640.0x512.0,local,1
002_UnityDataAssetPack_datapack__file110,7191,battle_pos_3,002_UnityDataAssetPack_datapack__file110,1672,battle_pos_3,220x64,220.0x64.0,local,1
002_UnityDataAssetPack_datapack__file110,7192,70,002_UnityDataAssetPack_datapack__file110,1673,70,180x248,180.0x248.0,local,1
002_UnityDataAssetPack_datapack__file110,7193,map1c,002_UnityDataAssetPack_datapack__file110,1675,map1c,1068x564,1068.0x564.0,local,1
002_UnityDataAssetPack_datapack__file110,7194,tech_hp_atk,002_UnityDataAssetPack_datapack__file110,1676,tech_hp_atk,100x100,100.0x100.0,local,1
002_UnityDataAssetPack_datapack__file110,7195,74,002_UnityDataAssetPack_datapack__file110,1677,74,100x100,100.0x100.0,local,1
002_UnityDataAssetPack_datapack__file110,7196,skill_1,002_UnityDataAssetPack_datapack__file110,1678,skill_1,100x100,100.0x100.0,local,1
002_UnityDataAssetPack_datapack__file110,7197,button_blue,002_UnityDataAssetPack_datapack__file110,1679,button_blue,142x68,142.0x68.0,local,1
002_UnityDataAssetPack_datapack__file110,7198,round_mask,002_UnityDataAssetPack_datapack__file110,1680,round_mask,80x80,80.0x80.0,local,1
002_UnityDataAssetPack_datapack__file110,7199,assassin_speed,002_UnityDataAssetPack_datapack__file110,1682,assassin_speed,100x100,100.0x100.0,local,1
002_UnityDataAssetPack_datapack__file110,7200,island_loot,002_UnityDataAssetPack_datapack__file110,1683,island_loot,142x145,142.0x145.0,local,1
002_UnityDataAssetPack_datapack__file110,7201,icon_win_2,002_UnityDataAssetPack_datapack__file110,1684,icon_win_2,48x48,48.0x48.0,local,1
002_UnityDataAssetPack_datapack__file110,7202,title_bgr,002_UnityDataAssetPack_datapack__file110,1685,title_bgr,258x106,258.0x106.0,local,1
002_UnityDataAssetPack_datapack__file110,7203,2,002_UnityDataAssetPack_datapack__file110,1686,2,100x100,100.0x100.0,local,1
002_UnityDataAssetPack_datapack__file110,7204,skill_117,002_UnityDataAssetPack_datapack__file110,1687,skill_117,100x100,100.0x100.0,local,1
002_UnityDataAssetPack_datapack__file110,7205,93,002_UnityDataAssetPack_datapack__file110,1688,93,100x100,100.0x100.0,local,1
002_UnityDataAssetPack_datapack__file110,7206,Skill_1802,002_UnityDataAssetPack_datapack__file110,1689,Skill_1802,848x852,848.0x852.0,local,1
002_UnityDataAssetPack_datapack__file110,7207,Hero_1682,002_UnityDataAssetPack_datapack__file110,1690,Hero_1682,972x576,972.0x576.0,local,1
002_UnityDataAssetPack_datapack__file110,7208,cell_arena_3,002_UnityDataAssetPack_datapack__file110,1691,cell_arena_3,96x96,96.0x96.0,local,1
002_UnityDataAssetPack_datapack__file110,7209,button_gray,002_UnityDataAssetPack_datapack__file110,1692,button_gray,142x68,142.0x68.0,local,1
002_UnityDataAssetPack_datapack__file110,7210,106,002_UnityDataAssetPack_datapack__file110,1693,106,180x248,180.0x248.0,local,1
002_UnityDataAssetPack_datapack__file110,7211,button_plus_2,002_UnityDataAssetPack_datapack__file110,1694,button_plus_2,36x36,36.0x36.0,local,1
002_UnityDataAssetPack_datapack__file110,7212,assassin_crit,002_UnityDataAssetPack_datapack__file110,1696,assassin_crit,100x100,100.0x100.0,local,1
002_UnityDataAssetPack_datapack__file110,7213,bgr_shop,002_UnityDataAssetPack_datapack__file110,1697,bgr_shop,1136x640,1136.0x640.0,local,1
002_UnityDataAssetPack_datapack__file110,7214,mill_3,002_UnityDataAssetPack_datapack__file110,1698,mill_3,173x142,173.0x142.0,local,1
002_UnityDataAssetPack_datapack__file110,7215,thanh_chien2,002_UnityDataAssetPack_datapack__file110,1700,thanh_chien2,316x96,316.0x96.0,local,1
002_UnityDataAssetPack_datapack__file110,7216,bgr_tap_1,002_UnityDataAssetPack_datapack__file110,1701,bgr_tap_1,1476x880,1476.0x880.0,local,1
002_UnityDataAssetPack_datapack__file110,7217,16,002_UnityDataAssetPack_datapack__file110,1702,16,100x100,100.0x100.0,local,1
002_UnityDataAssetPack_datapack__file110,7218,tab_e_skill,002_UnityDataAssetPack_datapack__file110,1703,tab_e_skill,78x90,78.0x90.0,local,1
002_UnityDataAssetPack_datapack__file110,7219,dice_red_4,002_UnityDataAssetPack_datapack__file110,1704,dice_red_4,116x116,116.0x116.0,local,1
002_UnityDataAssetPack_datapack__file110,7220,home2_mail,002_UnityDataAssetPack_datapack__file110,1705,home2_mail,62x62,62.0x62.0,local,1
002_UnityDataAssetPack_datapack__file110,7221,40011,002_UnityDataAssetPack_datapack__file110,1706,40011,100x100,100.0x100.0,local,1
002_UnityDataAssetPack_datapack__file110,7222,button_close_3,002_UnityDataAssetPack_datapack__file110,1707,button_close_3,50x46,50.0x46.0,local,1
002_UnityDataAssetPack_datapack__file110,7223,ability_8,002_UnityDataAssetPack_datapack__file110,1708,ability_8,112x108,112.0x108.0,local,1
002_UnityDataAssetPack_datapack__file110,7224,Hero_67,002_UnityDataAssetPack_datapack__file110,1709,Hero_67,1020x1020,1020.0x1020.0,local,1
002_UnityDataAssetPack_datapack__file110,7225,191,002_UnityDataAssetPack_datapack__file110,1711,191,640x512,640.0x512.0,local,1
002_UnityDataAssetPack_datapack__file110,7226,trunk_3_hard,002_UnityDataAssetPack_datapack__file110,1712,trunk_3_hard,466x309,466.0x309.0,local,1
002_UnityDataAssetPack_datapack__file110,7227,600742,002_UnityDataAssetPack_datapack__file110,1713,600742,100x100,100.0x100.0,local,1
002_UnityDataAssetPack_datapack__file110,7228,box_1,002_UnityDataAssetPack_datapack__file110,1714,box_1,444x104,444.0x104.0,local,1
002_UnityDataAssetPack_datapack__file110,7229,240,002_UnityDataAssetPack_datapack__file110,1715,240,180x248,180.0x248.0,local,1
002_UnityDataAssetPack_datapack__file110,7230,193,002_UnityDataAssetPack_datapack__file110,1716,193,180x248,180.0x248.0,local,1
002_UnityDataAssetPack_datapack__file110,7231,skill_106,002_UnityDataAssetPack_datapack__file110,1717,skill_106,100x100,100.0x100.0,local,1
002_UnityDataAssetPack_datapack__file110,7232,122,002_UnityDataAssetPack_datapack__file110,1718,122,640x512,640.0x512.0,local,1
002_UnityDataAssetPack_datapack__file110,7233,skill_727,002_UnityDataAssetPack_datapack__file110,1719,skill_727,100x100,100.0x100.0,local,1
002_UnityDataAssetPack_datapack__file110,7234,star_hl,002_UnityDataAssetPack_datapack__file110,1720,star_hl,200x200,200.0x200.0,local,1
002_UnityDataAssetPack_datapack__file110,7235,222,002_UnityDataAssetPack_datapack__file110,1721,222,180x248,180.0x248.0,local,1
002_UnityDataAssetPack_datapack__file110,7236,141,002_UnityDataAssetPack_datapack__file110,1723,141,100x100,100.0x100.0,local,1
002_UnityDataAssetPack_datapack__file110,7237,icon_6,002_UnityDataAssetPack_datapack__file110,1724,icon_6,114x114,114.0x114.0,local,1
002_UnityDataAssetPack_datapack__file110,7238,skill_139,002_UnityDataAssetPack_datapack__file110,1726,skill_139,100x100,100.0x100.0,local,1
002_UnityDataAssetPack_datapack__file110,7239,skill_690,002_UnityDataAssetPack_datapack__file110,1727,skill_690,100x100,100.0x100.0,local,1
002_UnityDataAssetPack_datapack__file110,7240,bar_2,002_UnityDataAssetPack_datapack__file110,1728,bar_2,36x40,36.0x40.0,local,1
002_UnityDataAssetPack_datapack__file110,7241,4,002_UnityDataAssetPack_datapack__file110,1729,4,265x159,265.0x159.0,local,1
002_UnityDataAssetPack_datapack__file110,7242,tab_spin_on,002_UnityDataAssetPack_datapack__file110,1731,tab_spin_on,90x89,90.0x89.0,local,1
002_UnityDataAssetPack_datapack__file110,7243,bgr_win_lose,002_UnityDataAssetPack_datapack__file110,1732,bgr_win_lose,142x142,142.0x142.0,local,1
002_UnityDataAssetPack_datapack__file110,7244,18,002_UnityDataAssetPack_datapack__file110,1734,18,144x144,144.0x144.0,local,1
002_UnityDataAssetPack_datapack__file110,7245,195,002_UnityDataAssetPack_datapack__file110,1735,195,640x512,640.0x512.0,local,1
002_UnityDataAssetPack_datapack__file110,7246,rect_22,002_UnityDataAssetPack_datapack__file110,1736,rect_22,124x124,124.0x124.0,local,1
002_UnityDataAssetPack_datapack__file110,7247,decor_rollcall_1,002_UnityDataAssetPack_datapack__file110,1737,decor_rollcall_1,245x89,245.0x89.0,local,1
002_UnityDataAssetPack_datapack__file110,7248,175,002_UnityDataAssetPack_datapack__file110,1738,175,640x512,640.0x512.0,local,1
002_UnityDataAssetPack_datapack__file110,7249,icon_debuff_speed,002_UnityDataAssetPack_datapack__file110,1739,icon_debuff_speed,32x32,32.0x32.0,local,1
002_UnityDataAssetPack_datapack__file110,7250,icon_2_9_2,002_UnityDataAssetPack_datapack__file110,1740,icon_2_9_2,94x94,94.0x94.0,local,1
002_UnityDataAssetPack_datapack__file110,7251,20004,002_UnityDataAssetPack_datapack__file110,1741,20004,100x100,100.0x100.0,local,1
002_UnityDataAssetPack_datapack__file110,7252,fk_lose,002_UnityDataAssetPack_datapack__file110,1742,fk_lose,500x173,500.0x173.0,local,1
002_UnityDataAssetPack_datapack__file110,7253,event_chien_truong,002_UnityDataAssetPack_datapack__file110,1743,event_chien_truong,536x176,536.0x176.0,local,1
002_UnityDataAssetPack_datapack__file110,7254,19,002_UnityDataAssetPack_datapack__file110,1744,19,144x144,144.0x144.0,local,1
002_UnityDataAssetPack_datapack__file110,7255,235,002_UnityDataAssetPack_datapack__file110,1745,235,640x512,640.0x512.0,local,1
002_UnityDataAssetPack_datapack__file110,7256,207,002_UnityDataAssetPack_datapack__file110,1746,207,640x512,640.0x512.0,local,1
002_UnityDataAssetPack_datapack__file110,7257,skill_157,002_UnityDataAssetPack_datapack__file110,1747,skill_157,100x100,100.0x100.0,local,1
002_UnityDataAssetPack_datapack__file110,7258,209,002_UnityDataAssetPack_datapack__file110,1748,209,180x248,180.0x248.0,local,1
002_UnityDataAssetPack_datapack__file110,7259,80,002_UnityDataAssetPack_datapack__file110,1749,80,100x100,100.0x100.0,local,1
002_UnityDataAssetPack_datapack__file110,7260,icon_event_placeholder,002_UnityDataAssetPack_datapack__file110,1750,icon_event_placeholder,88x88,88.0x88.0,local,1
002_UnityDataAssetPack_datapack__file110,7261,loicamon,002_UnityDataAssetPack_datapack__file110,1751,loicamon,524x160,524.0x160.0,local,1
002_UnityDataAssetPack_datapack__file110,7262,91,002_UnityDataAssetPack_datapack__file110,1752,91,180x248,180.0x248.0,local,1
002_UnityDataAssetPack_datapack__file110,7263,icon_stone_of_void,002_UnityDataAssetPack_datapack__file110,1753,icon_stone_of_void,100x100,100.0x100.0,local,1
002_UnityDataAssetPack_datapack__file110,7264,skill_704,002_UnityDataAssetPack_datapack__file110,1754,skill_704,100x100,100.0x100.0,local,1
002_UnityDataAssetPack_datapack__file110,7265,tag_blue,002_UnityDataAssetPack_datapack__file110,1755,tag_blue,60x50,60.0x50.0,local,1
002_UnityDataAssetPack_datapack__file110,7266,rect_final_3_3,002_UnityDataAssetPack_datapack__file110,1756,rect_final_3_3,56x48,56.0x48.0,local,1
002_UnityDataAssetPack_datapack__file110,7267,decor_1,002_UnityDataAssetPack_datapack__file110,1757,decor_1,294x167,294.0x167.0,local,1
002_UnityDataAssetPack_datapack__file110,7268,event_tuan,002_UnityDataAssetPack_datapack__file110,1758,event_tuan,700x132,700.0x132.0,local,1
002_UnityDataAssetPack_datapack__file110,7269,icon_lotion_6,002_UnityDataAssetPack_datapack__file110,1759,icon_lotion_6,100x100,100.0x100.0,local,1
002_UnityDataAssetPack_datapack__file110,7270,stone_lock_1,002_UnityDataAssetPack_datapack__file110,1760,stone_lock_1,40x48,40.0x48.0,local,1
002_UnityDataAssetPack_datapack__file110,7271,icon_attacker,002_UnityDataAssetPack_datapack__file110,1761,icon_attacker,40x40,40.0x40.0,local,1
002_UnityDataAssetPack_datapack__file110,7272,Hero_2092,002_UnityDataAssetPack_datapack__file110,1762,Hero_2092,488x560,488.0x560.0,local,1
002_UnityDataAssetPack_datapack__file110,7273,ability_27,002_UnityDataAssetPack_datapack__file110,1763,ability_27,116x116,116.0x116.0,local,1
002_UnityDataAssetPack_datapack__file110,7274,20005,002_UnityDataAssetPack_datapack__file110,1764,20005,100x100,100.0x100.0,local,1
002_UnityDataAssetPack_datapack__file110,7275,skill_pet_passive_2,002_UnityDataAssetPack_datapack__file110,1765,skill_pet_passive_2,100x100,100.0x100.0,local,1
002_UnityDataAssetPack_datapack__file110,7276,Image_question,002_UnityDataAssetPack_datapack__file110,1766,Image_question,120x43,120.0x43.0,local,1
002_UnityDataAssetPack_datapack__file110,7277,ranger_skill_dmg,002_UnityDataAssetPack_datapack__file110,1767,ranger_skill_dmg,100x100,100.0x100.0,local,1
002_UnityDataAssetPack_datapack__file110,7278,42,002_UnityDataAssetPack_datapack__file110,1768,42,84x84,84.0x84.0,local,1
002_UnityDataAssetPack_datapack__file110,7279,35,002_UnityDataAssetPack_datapack__file110,1769,35,100x100,100.0x100.0,local,1
002_UnityDataAssetPack_datapack__file110,7280,skill_124,002_UnityDataAssetPack_datapack__file110,1770,skill_124,100x100,100.0x100.0,local,1
002_UnityDataAssetPack_datapack__file110,7281,191,002_UnityDataAssetPack_datapack__file110,1771,191,180x248,180.0x248.0,local,1
002_UnityDataAssetPack_datapack__file110,7282,98,002_UnityDataAssetPack_datapack__file110,1773,98,100x100,100.0x100.0,local,1
002_UnityDataAssetPack_datapack__file110,7283,gem_6,002_UnityDataAssetPack_datapack__file110,1774,gem_6,80x80,80.0x80.0,local,1
002_UnityDataAssetPack_datapack__file110,7284,character_0145_c1,002_UnityDataAssetPack_datapack__file110,1776,character_0145_c1,640x512,640.0x512.0,local,1
002_UnityDataAssetPack_datapack__file110,7285,priest_hp_atk,002_UnityDataAssetPack_datapack__file110,1777,priest_hp_atk,100x100,100.0x100.0,local,1
002_UnityDataAssetPack_datapack__file110,7286,bgr_11,002_UnityDataAssetPack_datapack__file110,1778,bgr_11,60x60,60.0x60.0,local,1
002_UnityDataAssetPack_datapack__file110,7287,skill_738,002_UnityDataAssetPack_datapack__file110,1780,skill_738,100x100,100.0x100.0,local,1
002_UnityDataAssetPack_datapack__file110,7288,building_market,002_UnityDataAssetPack_datapack__file110,1781,building_market,287x205,287.0x205.0,local,1
002_UnityDataAssetPack_datapack__file110,7289,tag_rare,002_UnityDataAssetPack_datapack__file110,1782,tag_rare,190x25,190.0x25.0,local,1
002_UnityDataAssetPack_datapack__file110,7290,13,002_UnityDataAssetPack_datapack__file110,1783,13,144x144,144.0x144.0,local,1
002_UnityDataAssetPack_datapack__file110,7291,button_swap,002_UnityDataAssetPack_datapack__file110,1784,button_swap,48x52,48.0x52.0,local,1
002_UnityDataAssetPack_datapack__file110,7292,guild_flag_10,002_UnityDataAssetPack_datapack__file110,1785,guild_flag_10,88x92,88.0x92.0,local,1
002_UnityDataAssetPack_datapack__file110,7293,arrow_restrain_4,002_UnityDataAssetPack_datapack__file110,1786,arrow_restrain_4,37x50,37.0x50.0,local,1
002_UnityDataAssetPack_datapack__file110,7294,button_grey,002_UnityDataAssetPack_datapack__file110,1787,button_grey,80x80,80.0x80.0,local,1
002_UnityDataAssetPack_datapack__file110,7295,27,002_UnityDataAssetPack_datapack__file110,1788,27,84x84,84.0x84.0,local,1
002_UnityDataAssetPack_datapack__file110,7296,faction_dark,002_UnityDataAssetPack_datapack__file110,1790,faction_dark,80x80,80.0x80.0,local,1
002_UnityDataAssetPack_datapack__file110,7297,circle_on,002_UnityDataAssetPack_datapack__file110,1791,circle_on,104x104,104.0x104.0,local,1
002_UnityDataAssetPack_datapack__file110,7298,55,002_UnityDataAssetPack_datapack__file110,1792,55,100x100,100.0x100.0,local,1
002_UnityDataAssetPack_datapack__file110,7299,206,002_UnityDataAssetPack_datapack__file110,1793,206,640x512,640.0x512.0,local,1
002_UnityDataAssetPack_datapack__file110,7300,character_0153_c1,002_UnityDataAssetPack_datapack__file110,1794,character_0153_c1,640x512,640.0x512.0,local,1
002_UnityDataAssetPack_datapack__file110,7301,arrow_225,002_UnityDataAssetPack_datapack__file110,1795,arrow_225,49x29,49.0x29.0,local,1
002_UnityDataAssetPack_datapack__file110,7302,event_42,002_UnityDataAssetPack_datapack__file110,1796,event_42,536x436,536.0x436.0,local,1
002_UnityDataAssetPack_datapack__file110,7303,event_4,002_UnityDataAssetPack_datapack__file110,1797,event_4,536x436,536.0x436.0,local,1
002_UnityDataAssetPack_datapack__file110,7304,177,002_UnityDataAssetPack_datapack__file110,1798,177,100x100,100.0x100.0,local,1
002_UnityDataAssetPack_datapack__file110,7305,5,002_UnityDataAssetPack_datapack__file110,1799,5,100x100,100.0x100.0,local,1
002_UnityDataAssetPack_datapack__file110,7306,168,002_UnityDataAssetPack_datapack__file110,1800,168,100x100,100.0x100.0,local,1
002_UnityDataAssetPack_datapack__file110,7307,127,002_UnityDataAssetPack_datapack__file110,1801,127,640x512,640.0x512.0,local,1
002_UnityDataAssetPack_datapack__file110,7308,icon_13,002_UnityDataAssetPack_datapack__file110,1802,icon_13,88x88,88.0x88.0,local,1
002_UnityDataAssetPack_datapack__file110,7309,item_potion_4,002_UnityDataAssetPack_datapack__file110,1803,item_potion_4,100x100,100.0x100.0,local,1
002_UnityDataAssetPack_datapack__file110,7310,52,002_UnityDataAssetPack_datapack__file110,1804,52,100x100,100.0x100.0,local,1
002_UnityDataAssetPack_datapack__file110,7311,L_EN,002_UnityDataAssetPack_datapack__file110,1805,L_EN,80x83,80.0x83.0,local,1
002_UnityDataAssetPack_datapack__file110,7312,tag_3,002_UnityDataAssetPack_datapack__file110,1806,tag_3,45x49,45.0x49.0,local,1
002_UnityDataAssetPack_datapack__file110,7313,defend_win,002_UnityDataAssetPack_datapack__file110,1807,defend_win,40x40,40.0x40.0,local,1
002_UnityDataAssetPack_datapack__file110,7314,bgr_equipment_5,002_UnityDataAssetPack_datapack__file110,1809,bgr_equipment_5,100x100,100.0x100.0,local,1
002_UnityDataAssetPack_datapack__file110,7315,quest_any,002_UnityDataAssetPack_datapack__file110,1810,quest_any,60x60,60.0x60.0,local,1
002_UnityDataAssetPack_datapack__file110,7316,12,002_UnityDataAssetPack_datapack__file110,1811,12,100x100,100.0x100.0,local,1
002_UnityDataAssetPack_datapack__file110,7317,chest1,002_UnityDataAssetPack_datapack__file110,1812,chest1,80x80,80.0x80.0,local,1
002_UnityDataAssetPack_datapack__file110,7318,63,002_UnityDataAssetPack_datapack__file110,1813,63,144x144,144.0x144.0,local,1
002_UnityDataAssetPack_datapack__file110,7319,181,002_UnityDataAssetPack_datapack__file110,1814,181,180x248,180.0x248.0,local,1
002_UnityDataAssetPack_datapack__file110,7320,ability_28,002_UnityDataAssetPack_datapack__file110,1815,ability_28,116x116,116.0x116.0,local,1
002_UnityDataAssetPack_datapack__file110,7321,icon_11,002_UnityDataAssetPack_datapack__file110,1816,icon_11,155x158,155.0x158.0,local,1
002_UnityDataAssetPack_datapack__file110,7322,warrior_skill_dmg,002_UnityDataAssetPack_datapack__file110,1817,warrior_skill_dmg,100x100,100.0x100.0,local,1
002_UnityDataAssetPack_datapack__file110,7323,icon_25,002_UnityDataAssetPack_datapack__file110,1818,icon_25,88x88,88.0x88.0,local,1
002_UnityDataAssetPack_datapack__file110,7324,box_left,002_UnityDataAssetPack_datapack__file110,1819,box_left,388x568,388.0x568.0,local,1
002_UnityDataAssetPack_datapack__file110,7325,skill_178,002_UnityDataAssetPack_datapack__file110,1820,skill_178,100x100,100.0x100.0,local,1
002_UnityDataAssetPack_datapack__file110,7326,skill_210,002_UnityDataAssetPack_datapack__file110,1821,skill_210,100x100,100.0x100.0,local,1
002_UnityDataAssetPack_datapack__file110,7327,tab_boost_off,002_UnityDataAssetPack_datapack__file110,1823,tab_boost_off,85x85,85.0x85.0,local,1
002_UnityDataAssetPack_datapack__file110,7328,10,002_UnityDataAssetPack_datapack__file110,1824,10,100x100,100.0x100.0,local,1
002_UnityDataAssetPack_datapack__file110,7329,Hit_149,002_UnityDataAssetPack_datapack__file110,1825,Hit_149,260x312,260.0x312.0,local,1
002_UnityDataAssetPack_datapack__file110,7330,110,002_UnityDataAssetPack_datapack__file110,1826,110,100x100,100.0x100.0,local,1
002_UnityDataAssetPack_datapack__file110,7331,skill_141,002_UnityDataAssetPack_datapack__file110,1828,skill_141,100x100,100.0x100.0,local,1
002_UnityDataAssetPack_datapack__file110,7332,225,002_UnityDataAssetPack_datapack__file110,1829,225,180x248,180.0x248.0,local,1
002_UnityDataAssetPack_datapack__file110,7333,Hit_104,002_UnityDataAssetPack_datapack__file110,1830,Hit_104,964x808,964.0x808.0,local,1
002_UnityDataAssetPack_datapack__file110,7334,hero_unlock,002_UnityDataAssetPack_datapack__file110,1831,hero_unlock,60x60,60.0x60.0,local,1
002_UnityDataAssetPack_datapack__file110,7335,ability_24,002_UnityDataAssetPack_datapack__file110,1832,ability_24,112x108,112.0x108.0,local,1
002_UnityDataAssetPack_datapack__file110,7336,skill_105,002_UnityDataAssetPack_datapack__file110,1833,skill_105,100x100,100.0x100.0,local,1
002_UnityDataAssetPack_datapack__file110,7337,icon_10,002_UnityDataAssetPack_datapack__file110,1834,icon_10,88x88,88.0x88.0,local,1
002_UnityDataAssetPack_datapack__file110,7338,home2_world,002_UnityDataAssetPack_datapack__file110,1835,home2_world,137x136,137.0x136.0,local,1
002_UnityDataAssetPack_datapack__file110,7339,cell_arena_2,002_UnityDataAssetPack_datapack__file110,1836,cell_arena_2,96x96,96.0x96.0,local,1
002_UnityDataAssetPack_datapack__file110,7340,building_tarven,002_UnityDataAssetPack_datapack__file110,1837,building_tarven,413x354,413.0x354.0,local,1
002_UnityDataAssetPack_datapack__file110,7341,forge_highlightpng,002_UnityDataAssetPack_datapack__file110,1838,forge_highlightpng,118x118,118.0x118.0,local,1
002_UnityDataAssetPack_datapack__file110,7342,Hit_93,002_UnityDataAssetPack_datapack__file110,1839,Hit_93,973x864,973.0x864.0,local,1
002_UnityDataAssetPack_datapack__file110,7343,skill_beyond_max_2,002_UnityDataAssetPack_datapack__file110,1841,skill_beyond_max_2,87x87,87.0x87.0,local,1
002_UnityDataAssetPack_datapack__file110,7344,hoa_dao,002_UnityDataAssetPack_datapack__file110,1842,hoa_dao,100x100,100.0x100.0,local,1
002_UnityDataAssetPack_datapack__file110,7345,d1,002_UnityDataAssetPack_datapack__file110,1843,d1,84x84,84.0x84.0,local,1
002_UnityDataAssetPack_datapack__file110,7346,shop_close,002_UnityDataAssetPack_datapack__file110,1845,shop_close,100x112,100.0x112.0,local,1
002_UnityDataAssetPack_datapack__file110,7347,172,002_UnityDataAssetPack_datapack__file110,1846,172,640x512,640.0x512.0,local,1
002_UnityDataAssetPack_datapack__file110,7348,81,002_UnityDataAssetPack_datapack__file110,1848,81,100x100,100.0x100.0,local,1
002_UnityDataAssetPack_datapack__file110,7349,guild_flag_13,002_UnityDataAssetPack_datapack__file110,1849,guild_flag_13,88x92,88.0x92.0,local,1
002_UnityDataAssetPack_datapack__file110,7350,rank_same,002_UnityDataAssetPack_datapack__file110,1850,rank_same,24x17,24.0x17.0,local,1
002_UnityDataAssetPack_datapack__file110,7351,skill_250,002_UnityDataAssetPack_datapack__file110,1852,skill_250,100x100,100.0x100.0,local,1
002_UnityDataAssetPack_datapack__file110,7352,skill_747,002_UnityDataAssetPack_datapack__file110,1853,skill_747,100x100,100.0x100.0,local,1
002_UnityDataAssetPack_datapack__file110,7353,211,002_UnityDataAssetPack_datapack__file110,1854,211,640x512,640.0x512.0,local,1
002_UnityDataAssetPack_datapack__file110,7354,100,002_UnityDataAssetPack_datapack__file110,1855,100,100x100,100.0x100.0,local,1
002_UnityDataAssetPack_datapack__file110,7355,priest_anti_ranger,002_UnityDataAssetPack_datapack__file110,1856,priest_anti_ranger,100x100,100.0x100.0,local,1
002_UnityDataAssetPack_datapack__file110,7356,tab_warrior,002_UnityDataAssetPack_datapack__file110,1857,tab_warrior,78x90,78.0x90.0,local,1
002_UnityDataAssetPack_datapack__file110,7357,bgr_team,002_UnityDataAssetPack_datapack__file110,1858,bgr_team,1136x640,1136.0x640.0,local,1
002_UnityDataAssetPack_datapack__file110,7358,336,002_UnityDataAssetPack_datapack__file110,1859,336,100x100,100.0x100.0,local,1
002_UnityDataAssetPack_datapack__file110,7359,tab_skill_ia,002_UnityDataAssetPack_datapack__file110,1860,tab_skill_ia,78x90,78.0x90.0,local,1
002_UnityDataAssetPack_datapack__file110,7360,ship_member_1_1,002_UnityDataAssetPack_datapack__file110,1861,ship_member_1_1,180x148,180.0x148.0,local,1
002_UnityDataAssetPack_datapack__file110,7361,mill_order_1,002_UnityDataAssetPack_datapack__file110,1862,mill_order_1,100x100,100.0x100.0,local,1
002_UnityDataAssetPack_datapack__file110,7362,icon_buff_armor_break,002_UnityDataAssetPack_datapack__file110,1864,icon_buff_armor_break,32x32,32.0x32.0,local,1
002_UnityDataAssetPack_datapack__file110,7363,box_hero_list,002_UnityDataAssetPack_datapack__file110,1865,box_hero_list,115x112,115.0x112.0,local,1
002_UnityDataAssetPack_datapack__file110,7364,222,002_UnityDataAssetPack_datapack__file110,1866,222,640x512,640.0x512.0,local,1
002_UnityDataAssetPack_datapack__file110,7365,bgr_fake_android,002_UnityDataAssetPack_datapack__file110,1867,bgr_fake_android,1136x640,1136.0x640.0,local,1
002_UnityDataAssetPack_datapack__file110,7366,B_8,002_UnityDataAssetPack_datapack__file110,1868,B_8,332x194,332.0x194.0,local,1
002_UnityDataAssetPack_datapack__file110,7367,button_war_history,002_UnityDataAssetPack_datapack__file110,1869,button_war_history,100x100,100.0x100.0,local,1
002_UnityDataAssetPack_datapack__file110,7368,skill_666,002_UnityDataAssetPack_datapack__file110,1870,skill_666,100x100,100.0x100.0,local,1
002_UnityDataAssetPack_datapack__file110,7369,4,002_UnityDataAssetPack_datapack__file110,1871,4,100x100,100.0x100.0,local,1
002_UnityDataAssetPack_datapack__file110,7370,icon_7,002_UnityDataAssetPack_datapack__file110,1872,icon_7,88x88,88.0x88.0,local,1
002_UnityDataAssetPack_datapack__file110,7371,59,002_UnityDataAssetPack_datapack__file110,1874,59,100x100,100.0x100.0,local,1
002_UnityDataAssetPack_datapack__file110,7372,streak_frame,002_UnityDataAssetPack_datapack__file110,1875,streak_frame,142x142,142.0x142.0,local,1
002_UnityDataAssetPack_datapack__file110,7373,198,002_UnityDataAssetPack_datapack__file110,1876,198,180x248,180.0x248.0,local,1
002_UnityDataAssetPack_datapack__file110,7374,board_war_vs,002_UnityDataAssetPack_datapack__file110,1877,board_war_vs,400x164,400.0x164.0,local,1
002_UnityDataAssetPack_datapack__file110,7375,zoro_title,002_UnityDataAssetPack_datapack__file110,1878,zoro_title,414x257,414.0x257.0,local,1
002_UnityDataAssetPack_datapack__file110,7376,Hero_1052,002_UnityDataAssetPack_datapack__file110,1879,Hero_1052,732x208,732.0x208.0,local,1
002_UnityDataAssetPack_datapack__file110,7377,rect_final_1,002_UnityDataAssetPack_datapack__file110,1880,rect_final_1,96x84,96.0x84.0,local,1
002_UnityDataAssetPack_datapack__file110,7378,trunk_4_hard,002_UnityDataAssetPack_datapack__file110,1881,trunk_4_hard,466x309,466.0x309.0,local,1
002_UnityDataAssetPack_datapack__file110,7379,Skill_1803,002_UnityDataAssetPack_datapack__file110,1882,Skill_1803,912x888,912.0x888.0,local,1
002_UnityDataAssetPack_datapack__file110,7380,tab_assassin,002_UnityDataAssetPack_datapack__file110,1883,tab_assassin,78x90,78.0x90.0,local,1
002_UnityDataAssetPack_datapack__file110,7381,event_15,002_UnityDataAssetPack_datapack__file110,1884,event_15,176x352,176.0x352.0,local,1
002_UnityDataAssetPack_datapack__file110,7382,progress_fgr,002_UnityDataAssetPack_datapack__file110,1885,progress_fgr,12x72,12.0x72.0,local,1
002_UnityDataAssetPack_datapack__file110,7383,decor,002_UnityDataAssetPack_datapack__file110,1886,decor,114x53,114.0x53.0,local,1
002_UnityDataAssetPack_datapack__file110,7384,60,002_UnityDataAssetPack_datapack__file110,1887,60,100x100,100.0x100.0,local,1
002_UnityDataAssetPack_datapack__file110,7385,icon_brave_badge,002_UnityDataAssetPack_datapack__file110,1888,icon_brave_badge,50x50,50.0x50.0,local,1
002_UnityDataAssetPack_datapack__file110,7386,104,002_UnityDataAssetPack_datapack__file110,1889,104,100x100,100.0x100.0,local,1
002_UnityDataAssetPack_datapack__file110,7387,7,002_UnityDataAssetPack_datapack__file110,1890,7,100x100,100.0x100.0,local,1
002_UnityDataAssetPack_datapack__file110,7388,rect,002_UnityDataAssetPack_datapack__file110,1891,rect,50x50,50.0x50.0,local,1
002_UnityDataAssetPack_datapack__file110,7389,character_1578_c1,002_UnityDataAssetPack_datapack__file110,1892,character_1578_c1,640x512,640.0x512.0,local,1
002_UnityDataAssetPack_datapack__file110,7390,105,002_UnityDataAssetPack_datapack__file110,1893,105,100x100,100.0x100.0,local,1
002_UnityDataAssetPack_datapack__file110,7391,Arrow_150,002_UnityDataAssetPack_datapack__file110,1894,Arrow_150,284x80,284.0x80.0,local,1
002_UnityDataAssetPack_datapack__file110,7392,mill_5,002_UnityDataAssetPack_datapack__file110,1895,mill_5,173x142,173.0x142.0,local,1
002_UnityDataAssetPack_datapack__file110,7393,arrow_left,002_UnityDataAssetPack_datapack__file110,1896,arrow_left,44x72,44.0x72.0,local,1
002_UnityDataAssetPack_datapack__file110,7394,card_xx,002_UnityDataAssetPack_datapack__file110,1898,card_xx,336x440,336.0x440.0,local,1
002_UnityDataAssetPack_datapack__file110,7395,event_chieu_mo_dung_tuong,002_UnityDataAssetPack_datapack__file110,1900,event_chieu_mo_dung_tuong,536x176,536.0x176.0,local,1
002_UnityDataAssetPack_datapack__file110,7396,rect_26,002_UnityDataAssetPack_datapack__file110,1902,rect_26,60x60,60.0x60.0,local,1
002_UnityDataAssetPack_datapack__file110,7397,dice_green_2,002_UnityDataAssetPack_datapack__file110,1903,dice_green_2,116x116,116.0x116.0,local,1
002_UnityDataAssetPack_datapack__file110,7398,skill_249,002_UnityDataAssetPack_datapack__file110,1904,skill_249,100x100,100.0x100.0,local,1
002_UnityDataAssetPack_datapack__file110,7399,4_on,002_UnityDataAssetPack_datapack__file110,1905,4_on,140x72,140.0x72.0,local,1
002_UnityDataAssetPack_datapack__file110,7400,map1,002_UnityDataAssetPack_datapack__file110,1906,map1,1068x564,1068.0x564.0,local,1
002_UnityDataAssetPack_datapack__file110,7401,skill_691,002_UnityDataAssetPack_datapack__file110,1907,skill_691,100x100,100.0x100.0,local,1
002_UnityDataAssetPack_datapack__file110,7402,B_3,002_UnityDataAssetPack_datapack__file110,1908,B_3,464x348,464.0x348.0,local,1
002_UnityDataAssetPack_datapack__file110,7403,Sealed-Land,002_UnityDataAssetPack_datapack__file110,1909,Sealed-Land,1136x640,1136.0x640.0,local,1
002_UnityDataAssetPack_datapack__file110,7404,banner1,002_UnityDataAssetPack_datapack__file110,1910,banner1,919x413,919.0x413.0,local,1
002_UnityDataAssetPack_datapack__file110,7405,frame_boss,002_UnityDataAssetPack_datapack__file110,1911,frame_boss,280x405,280.0x405.0,local,1
002_UnityDataAssetPack_datapack__file110,7406,bg_12,002_UnityDataAssetPack_datapack__file110,1912,bg_12,123x27,123.0x27.0,local,1
002_UnityDataAssetPack_datapack__file110,7407,tab_tower_1_ia,002_UnityDataAssetPack_datapack__file110,1913,tab_tower_1_ia,84x84,84.0x84.0,local,1
002_UnityDataAssetPack_datapack__file110,7408,egg,002_UnityDataAssetPack_datapack__file110,1914,egg,72x86,72.0x86.0,local,1
002_UnityDataAssetPack_datapack__file110,7409,tab_arena_2,002_UnityDataAssetPack_datapack__file110,1915,tab_arena_2,128x80,128.0x80.0,local,1
002_UnityDataAssetPack_datapack__file110,7410,172,002_UnityDataAssetPack_datapack__file110,1916,172,100x100,100.0x100.0,local,1
002_UnityDataAssetPack_datapack__file110,7411,warrior_armor_break,002_UnityDataAssetPack_datapack__file110,1917,warrior_armor_break,100x100,100.0x100.0,local,1
002_UnityDataAssetPack_datapack__file110,7412,icon_debuff_controll_immune_new,002_UnityDataAssetPack_datapack__file110,1918,icon_debuff_controll_immune_new,32x32,32.0x32.0,local,1
002_UnityDataAssetPack_datapack__file110,7413,guild_flag_11,002_UnityDataAssetPack_datapack__file110,1919,guild_flag_11,88x92,88.0x92.0,local,1
002_UnityDataAssetPack_datapack__file110,7414,assassin_stun_immune,002_UnityDataAssetPack_datapack__file110,1921,assassin_stun_immune,100x100,100.0x100.0,local,1
002_UnityDataAssetPack_datapack__file110,7415,star_e_bgr,002_UnityDataAssetPack_datapack__file110,1922,star_e_bgr,158x59,158.0x59.0,local,1
002_UnityDataAssetPack_datapack__file110,7416,round_rect_5,002_UnityDataAssetPack_datapack__file110,1923,round_rect_5,44x44,44.0x44.0,local,1
002_UnityDataAssetPack_datapack__file110,7417,106,002_UnityDataAssetPack_datapack__file110,1924,106,100x100,100.0x100.0,local,1
002_UnityDataAssetPack_datapack__file110,7418,ace_title_en,002_UnityDataAssetPack_datapack__file110,1925,ace_title_en,328x221,328.0x221.0,local,1
002_UnityDataAssetPack_datapack__file110,7419,brook_logo,002_UnityDataAssetPack_datapack__file110,1926,brook_logo,752x568,752.0x568.0,local,1
002_UnityDataAssetPack_datapack__file110,7420,Hero_722,002_UnityDataAssetPack_datapack__file110,1928,Hero_722,1012x1000,1012.0x1000.0,local,1
002_UnityDataAssetPack_datapack__file110,7421,213,002_UnityDataAssetPack_datapack__file110,1929,213,100x100,100.0x100.0,local,1
002_UnityDataAssetPack_datapack__file110,7422,20006,002_UnityDataAssetPack_datapack__file110,1930,20006,100x100,100.0x100.0,local,1
002_UnityDataAssetPack_datapack__file110,7423,icon_log,002_UnityDataAssetPack_datapack__file110,1931,icon_log,100x100,100.0x100.0,local,1
002_UnityDataAssetPack_datapack__file110,7424,tab_equipment,002_UnityDataAssetPack_datapack__file110,1932,tab_equipment,78x90,78.0x90.0,local,1
002_UnityDataAssetPack_datapack__file110,7425,217,002_UnityDataAssetPack_datapack__file110,1934,217,100x100,100.0x100.0,local,1
002_UnityDataAssetPack_datapack__file110,7426,14,002_UnityDataAssetPack_datapack__file110,1935,14,100x100,100.0x100.0,local,1
002_UnityDataAssetPack_datapack__file110,7427,219,002_UnityDataAssetPack_datapack__file110,1936,219,180x248,180.0x248.0,local,1
002_UnityDataAssetPack_datapack__file110,7428,86,002_UnityDataAssetPack_datapack__file110,1937,86,84x84,84.0x84.0,local,1
002_UnityDataAssetPack_datapack__file110,7429,icon_1,002_UnityDataAssetPack_datapack__file110,1942,icon_1,88x88,88.0x88.0,local,1
002_UnityDataAssetPack_datapack__file110,7430,home_button_campaign,002_UnityDataAssetPack_datapack__file110,1943,home_button_campaign,114x117,114.0x117.0,local,1
002_UnityDataAssetPack_datapack__file110,7431,skill_185,002_UnityDataAssetPack_datapack__file110,1944,skill_185,100x100,100.0x100.0,local,1
002_UnityDataAssetPack_datapack__file110,7432,bgr_item_consumable,002_UnityDataAssetPack_datapack__file110,1945,bgr_item_consumable,100x100,100.0x100.0,local,1
002_UnityDataAssetPack_datapack__file110,7433,skill_191,002_UnityDataAssetPack_datapack__file110,1946,skill_191,100x100,100.0x100.0,local,1
002_UnityDataAssetPack_datapack__file110,7434,skill_735,002_UnityDataAssetPack_datapack__file110,1947,skill_735,100x100,100.0x100.0,local,1
002_UnityDataAssetPack_datapack__file110,7435,icon_magic_dust,002_UnityDataAssetPack_datapack__file110,1948,icon_magic_dust,52x52,52.0x52.0,local,1
002_UnityDataAssetPack_datapack__file110,7436,tab_on,002_UnityDataAssetPack_datapack__file110,1949,tab_on,156x57,156.0x57.0,local,1
002_UnityDataAssetPack_datapack__file110,7437,chi_point,002_UnityDataAssetPack_datapack__file110,1950,chi_point,33x33,33.0x33.0,local,1
002_UnityDataAssetPack_datapack__file110,7438,box_field_1,002_UnityDataAssetPack_datapack__file110,1951,box_field_1,210x44,210.0x44.0,local,1
002_UnityDataAssetPack_datapack__file110,7439,card_marineford,002_UnityDataAssetPack_datapack__file110,1952,card_marineford,336x440,336.0x440.0,local,1
002_UnityDataAssetPack_datapack__file110,7440,icon_hoadao,002_UnityDataAssetPack_datapack__file110,1953,icon_hoadao,88x88,88.0x88.0,local,1
002_UnityDataAssetPack_datapack__file110,7441,ability_20,002_UnityDataAssetPack_datapack__file110,1954,ability_20,112x108,112.0x108.0,local,1
002_UnityDataAssetPack_datapack__file110,7442,icon_event_login_tick,002_UnityDataAssetPack_datapack__file110,1955,icon_event_login_tick,92x92,92.0x92.0,local,1
002_UnityDataAssetPack_datapack__file110,7443,building_agi,002_UnityDataAssetPack_datapack__file110,1956,building_agi,147x159,147.0x159.0,local,1
002_UnityDataAssetPack_datapack__file110,7444,button_gray2,002_UnityDataAssetPack_datapack__file110,1957,button_gray2,216x76,216.0x76.0,local,1
002_UnityDataAssetPack_datapack__file110,7445,skill_118,002_UnityDataAssetPack_datapack__file110,1959,skill_118,100x100,100.0x100.0,local,1
002_UnityDataAssetPack_datapack__file110,7446,11,002_UnityDataAssetPack_datapack__file110,1960,11,100x100,100.0x100.0,local,1
002_UnityDataAssetPack_datapack__file110,7447,239,002_UnityDataAssetPack_datapack__file110,1961,239,180x248,180.0x248.0,local,1
002_UnityDataAssetPack_datapack__file110,7448,round_rect_14,002_UnityDataAssetPack_datapack__file110,1962,round_rect_14,80x83,80.0x83.0,local,1
002_UnityDataAssetPack_datapack__file110,7449,bgr_label_1,002_UnityDataAssetPack_datapack__file110,1963,bgr_label_1,233x70,233.0x70.0,local,1
002_UnityDataAssetPack_datapack__file110,7450,ship_leader_2,002_UnityDataAssetPack_datapack__file110,1964,ship_leader_2,180x148,180.0x148.0,local,1
002_UnityDataAssetPack_datapack__file110,7451,55,002_UnityDataAssetPack_datapack__file110,1965,55,100x100,100.0x100.0,local,1
002_UnityDataAssetPack_datapack__file110,7452,boss_2,002_UnityDataAssetPack_datapack__file110,1966,boss_2,32x32,32.0x32.0,local,1
002_UnityDataAssetPack_datapack__file110,7453,112,002_UnityDataAssetPack_datapack__file110,1967,112,180x248,180.0x248.0,local,1
002_UnityDataAssetPack_datapack__file110,7454,skill_101,002_UnityDataAssetPack_datapack__file110,1968,skill_101,100x100,100.0x100.0,local,1
002_UnityDataAssetPack_datapack__file110,7455,9,002_UnityDataAssetPack_datapack__file110,1969,9,100x100,100.0x100.0,local,1
002_UnityDataAssetPack_datapack__file110,7456,ship_leader_1,002_UnityDataAssetPack_datapack__file110,1971,ship_leader_1,180x148,180.0x148.0,local,1
002_UnityDataAssetPack_datapack__file110,7457,chest_level_2,002_UnityDataAssetPack_datapack__file110,1972,chest_level_2,137x141,137.0x141.0,local,1
002_UnityDataAssetPack_datapack__file110,7458,board_enable_2,002_UnityDataAssetPack_datapack__file110,1974,board_enable_2,138x39,138.0x39.0,local,1
002_UnityDataAssetPack_datapack__file110,7459,dice_green_6,002_UnityDataAssetPack_datapack__file110,1975,dice_green_6,116x116,116.0x116.0,local,1
002_UnityDataAssetPack_datapack__file110,7460,warrior_hp_atk,002_UnityDataAssetPack_datapack__file110,1977,warrior_hp_atk,100x100,100.0x100.0,local,1
002_UnityDataAssetPack_datapack__file110,7461,tag_name_island,002_UnityDataAssetPack_datapack__file110,1978,tag_name_island,276x32,276.0x32.0,local,1
002_UnityDataAssetPack_datapack__file110,7462,74,002_UnityDataAssetPack_datapack__file110,1979,74,84x84,84.0x84.0,local,1
002_UnityDataAssetPack_datapack__file110,7463,arch_menu,002_UnityDataAssetPack_datapack__file110,1980,arch_menu,216x327,216.0x327.0,local,1
002_UnityDataAssetPack_datapack__file110,7464,fk_lose2,002_UnityDataAssetPack_datapack__file110,1981,fk_lose2,564x118,564.0x118.0,local,1
002_UnityDataAssetPack_datapack__file110,7465,Fly_akainu_beat,002_UnityDataAssetPack_datapack__file110,1982,Fly_akainu_beat,207x83,207.0x83.0,local,1
002_UnityDataAssetPack_datapack__file110,7466,173,002_UnityDataAssetPack_datapack__file110,1984,173,100x100,100.0x100.0,local,1
002_UnityDataAssetPack_datapack__file110,7467,skill_140,002_UnityDataAssetPack_datapack__file110,1985,skill_140,100x100,100.0x100.0,local,1
002_UnityDataAssetPack_datapack__file110,7468,ability_20,002_UnityDataAssetPack_datapack__file110,1986,ability_20,116x116,116.0x116.0,local,1
002_UnityDataAssetPack_datapack__file110,7469,star_10,002_UnityDataAssetPack_datapack__file110,1988,star_10,16x16,16.0x16.0,local,1
002_UnityDataAssetPack_datapack__file110,7470,mid_autumn_5,002_UnityDataAssetPack_datapack__file110,1989,mid_autumn_5,800x488,800.0x488.0,local,1
002_UnityDataAssetPack_datapack__file110,7471,29,002_UnityDataAssetPack_datapack__file110,1990,29,84x84,84.0x84.0,local,1
002_UnityDataAssetPack_datapack__file110,7472,tag_easy,002_UnityDataAssetPack_datapack__file110,1991,tag_easy,200x104,200.0x104.0,local,1
002_UnityDataAssetPack_datapack__file110,7473,skill_715,002_UnityDataAssetPack_datapack__file110,1992,skill_715,100x100,100.0x100.0,local,1
002_UnityDataAssetPack_datapack__file110,7474,183,002_UnityDataAssetPack_datapack__file110,1993,183,180x248,180.0x248.0,local,1
002_UnityDataAssetPack_datapack__file110,7475,23,002_UnityDataAssetPack_datapack__file110,1994,23,84x84,84.0x84.0,local,1
002_UnityDataAssetPack_datapack__file110,7476,skill_29,002_UnityDataAssetPack_datapack__file110,1995,skill_29,100x100,100.0x100.0,local,1
002_UnityDataAssetPack_datapack__file110,7477,skill_228,002_UnityDataAssetPack_datapack__file110,1996,skill_228,100x100,100.0x100.0,local,1
002_UnityDataAssetPack_datapack__file110,7478,icon_1,002_UnityDataAssetPack_datapack__file110,1997,icon_1,114x114,114.0x114.0,local,1
002_UnityDataAssetPack_datapack__file110,7479,tab_chat3a,002_UnityDataAssetPack_datapack__file110,1998,tab_chat3a,164x40,164.0x40.0,local,1
002_UnityDataAssetPack_datapack__file110,7480,shape2,002_UnityDataAssetPack_datapack__file110,1999,shape2,84x87,84.0x87.0,local,1
002_UnityDataAssetPack_datapack__file110,7481,tutorial_keyhole,002_UnityDataAssetPack_datapack__file110,2000,tutorial_keyhole,568x320,568.0x320.0,local,1
002_UnityDataAssetPack_datapack__file110,7482,tab_mage_2,002_UnityDataAssetPack_datapack__file110,2001,tab_mage_2,78x90,78.0x90.0,local,1
002_UnityDataAssetPack_datapack__file110,7483,tab_inactive_1,002_UnityDataAssetPack_datapack__file110,2002,tab_inactive_1,156x56,156.0x56.0,local,1
002_UnityDataAssetPack_datapack__file110,7484,skill_728,002_UnityDataAssetPack_datapack__file110,2003,skill_728,100x100,100.0x100.0,local,1
002_UnityDataAssetPack_datapack__file110,7485,ability_23,002_UnityDataAssetPack_datapack__file110,2004,ability_23,112x108,112.0x108.0,local,1
002_UnityDataAssetPack_datapack__file110,7486,tab_sum_on,002_UnityDataAssetPack_datapack__file110,2006,tab_sum_on,84x84,84.0x84.0,local,1
002_UnityDataAssetPack_datapack__file110,7487,Hero_1642,002_UnityDataAssetPack_datapack__file110,2007,Hero_1642,832x724,832.0x724.0,local,1
002_UnityDataAssetPack_datapack__file110,7488,icon_dado,002_UnityDataAssetPack_datapack__file110,2009,icon_dado,100x100,100.0x100.0,local,1
002_UnityDataAssetPack_datapack__file110,7489,70,002_UnityDataAssetPack_datapack__file110,2010,70,144x144,144.0x144.0,local,1
002_UnityDataAssetPack_datapack__file110,7490,bgr_0005_dat,002_UnityDataAssetPack_datapack__file110,2011,bgr_0005_dat,1136x640,1136.0x640.0,local,1
002_UnityDataAssetPack_datapack__file110,7491,Hit_22,002_UnityDataAssetPack_datapack__file110,2013,Hit_22,476x420,476.0x420.0,local,1
002_UnityDataAssetPack_datapack__file110,7492,pole_1,002_UnityDataAssetPack_datapack__file110,2014,pole_1,212x760,212.0x760.0,local,1
002_UnityDataAssetPack_datapack__file110,7493,border_equipment_5,002_UnityDataAssetPack_datapack__file110,2015,border_equipment_5,100x100,100.0x100.0,local,1
002_UnityDataAssetPack_datapack__file110,7494,progress_head_1,002_UnityDataAssetPack_datapack__file110,2017,progress_head_1,32x56,32.0x56.0,local,1
002_UnityDataAssetPack_datapack__file110,7495,bgr_scout,002_UnityDataAssetPack_datapack__file110,2018,bgr_scout,808x244,808.0x244.0,local,1
002_UnityDataAssetPack_datapack__file110,7496,37,002_UnityDataAssetPack_datapack__file110,2019,37,144x144,144.0x144.0,local,1
002_UnityDataAssetPack_datapack__file110,7497,e_tab3,002_UnityDataAssetPack_datapack__file110,2020,e_tab3,363x473,363.0x473.0,local,1
002_UnityDataAssetPack_datapack__file110,7498,faction_forest_ia,002_UnityDataAssetPack_datapack__file110,2021,faction_forest_ia,80x80,80.0x80.0,local,1
002_UnityDataAssetPack_datapack__file110,7499,Skill_157,002_UnityDataAssetPack_datapack__file110,2022,Skill_157,792x416,792.0x416.0,local,1
002_UnityDataAssetPack_datapack__file110,7500,ranger_speed_atk,002_UnityDataAssetPack_datapack__file110,2023,ranger_speed_atk,100x100,100.0x100.0,local,1
002_UnityDataAssetPack_datapack__file110,7501,86,002_UnityDataAssetPack_datapack__file110,2024,86,640x512,640.0x512.0,local,1
002_UnityDataAssetPack_datapack__file110,7502,skill_28,002_UnityDataAssetPack_datapack__file110,2025,skill_28,100x100,100.0x100.0,local,1
002_UnityDataAssetPack_datapack__file110,7503,field_res_home,002_UnityDataAssetPack_datapack__file110,2026,field_res_home,189x48,189.0x48.0,local,1
002_UnityDataAssetPack_datapack__file110,7504,50004,002_UnityDataAssetPack_datapack__file110,2027,50004,100x100,100.0x100.0,local,1
002_UnityDataAssetPack_datapack__file110,7505,124,002_UnityDataAssetPack_datapack__file110,2028,124,100x100,100.0x100.0,local,1
002_UnityDataAssetPack_datapack__file110,7506,56,002_UnityDataAssetPack_datapack__file110,2029,56,100x100,100.0x100.0,local,1
002_UnityDataAssetPack_datapack__file110,7507,icon_stamina,002_UnityDataAssetPack_datapack__file110,2030,icon_stamina,52x52,52.0x52.0,local,1
002_UnityDataAssetPack_datapack__file110,7508,Island_battle,002_UnityDataAssetPack_datapack__file110,2031,Island_battle,292x341,292.0x341.0,local,1
002_UnityDataAssetPack_datapack__file110,7509,tech_twine_immune,002_UnityDataAssetPack_datapack__file110,2034,tech_twine_immune,100x100,100.0x100.0,local,1
002_UnityDataAssetPack_datapack__file110,7510,mill_10,002_UnityDataAssetPack_datapack__file110,2036,mill_10,173x142,173.0x142.0,local,1
002_UnityDataAssetPack_datapack__file110,7511,210,002_UnityDataAssetPack_datapack__file110,2037,210,100x100,100.0x100.0,local,1
002_UnityDataAssetPack_datapack__file110,7512,bgr_star_2,002_UnityDataAssetPack_datapack__file110,2038,bgr_star_2,168x44,168.0x44.0,local,1
002_UnityDataAssetPack_datapack__file110,7513,shadow_shop,002_UnityDataAssetPack_datapack__file110,2039,shadow_shop,104x16,104.0x16.0,local,1
002_UnityDataAssetPack_datapack__file110,7514,world_bgr_1,002_UnityDataAssetPack_datapack__file110,2040,world_bgr_1,868x640,868.0x640.0,local,1
002_UnityDataAssetPack_datapack__file110,7515,128,002_UnityDataAssetPack_datapack__file110,2041,128,100x100,100.0x100.0,local,1
002_UnityDataAssetPack_datapack__file110,7516,icon_chip_fake3,002_UnityDataAssetPack_datapack__file110,2042,icon_chip_fake3,52x52,52.0x52.0,local,1
002_UnityDataAssetPack_datapack__file110,7517,173,002_UnityDataAssetPack_datapack__file110,2043,173,640x512,640.0x512.0,local,1
002_UnityDataAssetPack_datapack__file110,7518,decor_arena,002_UnityDataAssetPack_datapack__file110,2044,decor_arena,376x40,376.0x40.0,local,1
002_UnityDataAssetPack_datapack__file110,7519,event_the_qua_nho,002_UnityDataAssetPack_datapack__file110,2046,event_the_qua_nho,700x460,700.0x460.0,local,1
002_UnityDataAssetPack_datapack__file110,7520,200,002_UnityDataAssetPack_datapack__file110,2047,200,180x248,180.0x248.0,local,1
002_UnityDataAssetPack_datapack__file110,7521,200,002_UnityDataAssetPack_datapack__file110,2048,200,640x512,640.0x512.0,local,1
002_UnityDataAssetPack_datapack__file110,7522,banner_rollcal_test,002_UnityDataAssetPack_datapack__file110,2049,banner_rollcal_test,684x164,684.0x164.0,local,1
002_UnityDataAssetPack_datapack__file110,7523,building_mili,002_UnityDataAssetPack_datapack__file110,2050,building_mili,137x144,137.0x144.0,local,1
002_UnityDataAssetPack_datapack__file110,7524,skill_667,002_UnityDataAssetPack_datapack__file110,2051,skill_667,100x100,100.0x100.0,local,1
002_UnityDataAssetPack_datapack__file110,7525,skill_265,002_UnityDataAssetPack_datapack__file110,2052,skill_265,100x100,100.0x100.0,local,1
002_UnityDataAssetPack_datapack__file110,7526,bar_1,002_UnityDataAssetPack_datapack__file110,2053,bar_1,795x45,795.0x45.0,local,1
002_UnityDataAssetPack_datapack__file110,7527,ship_member_5_2,002_UnityDataAssetPack_datapack__file110,2054,ship_member_5_2,180x148,180.0x148.0,local,1
002_UnityDataAssetPack_datapack__file110,7528,line_decor,002_UnityDataAssetPack_datapack__file110,2055,line_decor,364x12,364.0x12.0,local,1
002_UnityDataAssetPack_datapack__file110,7529,166,002_UnityDataAssetPack_datapack__file110,2056,166,100x100,100.0x100.0,local,1
002_UnityDataAssetPack_datapack__file110,7530,button_info,002_UnityDataAssetPack_datapack__file110,2057,button_info,66x65,66.0x65.0,local,1
002_UnityDataAssetPack_datapack__file110,7531,gem_tap3,002_UnityDataAssetPack_datapack__file110,2058,gem_tap3,50x50,50.0x50.0,local,1
002_UnityDataAssetPack_datapack__file110,7532,12,002_UnityDataAssetPack_datapack__file110,2059,12,144x144,144.0x144.0,local,1
002_UnityDataAssetPack_datapack__file110,7533,gold_tap2,002_UnityDataAssetPack_datapack__file110,2060,gold_tap2,50x50,50.0x50.0,local,1
002_UnityDataAssetPack_datapack__file110,7534,trunk_1_hard,002_UnityDataAssetPack_datapack__file110,2061,trunk_1_hard,466x309,466.0x309.0,local,1
002_UnityDataAssetPack_datapack__file110,7535,assassin_block,002_UnityDataAssetPack_datapack__file110,2062,assassin_block,100x100,100.0x100.0,local,1
002_UnityDataAssetPack_datapack__file110,7536,skill_164,002_UnityDataAssetPack_datapack__file110,2063,skill_164,100x100,100.0x100.0,local,1
002_UnityDataAssetPack_datapack__file110,7537,9,002_UnityDataAssetPack_datapack__file110,2064,9,84x84,84.0x84.0,local,1
002_UnityDataAssetPack_datapack__file110,7538,event_dau_danh_trang,002_UnityDataAssetPack_datapack__file110,2065,event_dau_danh_trang,700x132,700.0x132.0,local,1
002_UnityDataAssetPack_datapack__file110,7539,skill_30,002_UnityDataAssetPack_datapack__file110,2066,skill_30,100x100,100.0x100.0,local,1
002_UnityDataAssetPack_datapack__file110,7540,force,002_UnityDataAssetPack_datapack__file110,2067,force,100x100,100.0x100.0,local,1
002_UnityDataAssetPack_datapack__file110,7541,faction_shadow_ia,002_UnityDataAssetPack_datapack__file110,2070,faction_shadow_ia,80x80,80.0x80.0,local,1
002_UnityDataAssetPack_datapack__file110,7542,hero_stone_6,002_UnityDataAssetPack_datapack__file110,2071,hero_stone_6,90x90,90.0x90.0,local,1
002_UnityDataAssetPack_datapack__file110,7543,7,002_UnityDataAssetPack_datapack__file110,2072,7,84x84,84.0x84.0,local,1
002_UnityDataAssetPack_datapack__file110,7544,mill_order_3,002_UnityDataAssetPack_datapack__file110,2073,mill_order_3,100x100,100.0x100.0,local,1
002_UnityDataAssetPack_datapack__file110,7545,ranger_crit_dmg,002_UnityDataAssetPack_datapack__file110,2074,ranger_crit_dmg,100x100,100.0x100.0,local,1
002_UnityDataAssetPack_datapack__file110,7546,mage_hp_skill_dmg,002_UnityDataAssetPack_datapack__file110,2075,mage_hp_skill_dmg,100x100,100.0x100.0,local,1
002_UnityDataAssetPack_datapack__file110,7547,ability_16,002_UnityDataAssetPack_datapack__file110,2076,ability_16,116x116,116.0x116.0,local,1
002_UnityDataAssetPack_datapack__file110,7548,skill_113,002_UnityDataAssetPack_datapack__file110,2077,skill_113,100x100,100.0x100.0,local,1
002_UnityDataAssetPack_datapack__file110,7549,dumb_island_9,002_UnityDataAssetPack_datapack__file110,2078,dumb_island_9,237x163,237.0x163.0,local,1
002_UnityDataAssetPack_datapack__file110,7550,sum_dark_light,002_UnityDataAssetPack_datapack__file110,2079,sum_dark_light,196x361,196.0x361.0,local,1
002_UnityDataAssetPack_datapack__file110,7551,bgr_lable,002_UnityDataAssetPack_datapack__file110,2082,bgr_lable,115x32,115.0x32.0,local,1
002_UnityDataAssetPack_datapack__file110,7552,skill_673,002_UnityDataAssetPack_datapack__file110,2083,skill_673,100x100,100.0x100.0,local,1
002_UnityDataAssetPack_datapack__file110,7553,40009,002_UnityDataAssetPack_datapack__file110,2084,40009,100x100,100.0x100.0,local,1
002_UnityDataAssetPack_datapack__file110,7554,61,002_UnityDataAssetPack_datapack__file110,2085,61,144x144,144.0x144.0,local,1
002_UnityDataAssetPack_datapack__file110,7555,92,002_UnityDataAssetPack_datapack__file110,2086,92,84x84,84.0x84.0,local,1
002_UnityDataAssetPack_datapack__file110,7556,ability_1,002_UnityDataAssetPack_datapack__file110,2087,ability_1,116x116,116.0x116.0,local,1
002_UnityDataAssetPack_datapack__file110,7557,guild_flag_24,002_UnityDataAssetPack_datapack__file110,2088,guild_flag_24,88x92,88.0x92.0,local,1
002_UnityDataAssetPack_datapack__file110,7558,skill_151,002_UnityDataAssetPack_datapack__file110,2089,skill_151,100x100,100.0x100.0,local,1
002_UnityDataAssetPack_datapack__file110,7559,arrow_restrain_5,002_UnityDataAssetPack_datapack__file110,2091,arrow_restrain_5,37x50,37.0x50.0,local,1
002_UnityDataAssetPack_datapack__file110,7560,assassin_anti_assassin,002_UnityDataAssetPack_datapack__file110,2092,assassin_anti_assassin,100x100,100.0x100.0,local,1
002_UnityDataAssetPack_datapack__file110,7561,221,002_UnityDataAssetPack_datapack__file110,2093,221,180x248,180.0x248.0,local,1
002_UnityDataAssetPack_datapack__file110,7562,round_rect_content,002_UnityDataAssetPack_datapack__file110,2094,round_rect_content,50x50,50.0x50.0,local,1
002_UnityDataAssetPack_datapack__file110,7563,icon_full,002_UnityDataAssetPack_datapack__file110,2095,icon_full,1024x1024,1024.0x1024.0,local,1
002_UnityDataAssetPack_datapack__file110,7564,skill_36,002_UnityDataAssetPack_datapack__file110,2096,skill_36,100x100,100.0x100.0,local,1
002_UnityDataAssetPack_datapack__file110,7565,186,002_UnityDataAssetPack_datapack__file110,2097,186,180x248,180.0x248.0,local,1
002_UnityDataAssetPack_datapack__file110,7566,warrior_perify_immune,002_UnityDataAssetPack_datapack__file110,2098,warrior_perify_immune,100x100,100.0x100.0,local,1
002_UnityDataAssetPack_datapack__file110,7567,text_box2,002_UnityDataAssetPack_datapack__file110,2099,text_box2,24x7,24.0x7.0,local,1
002_UnityDataAssetPack_datapack__file110,7568,bgr_text_3,002_UnityDataAssetPack_datapack__file110,2100,bgr_text_3,224x56,224.0x56.0,local,1
002_UnityDataAssetPack_datapack__file110,7569,tab_pet_ruin_2,002_UnityDataAssetPack_datapack__file110,2101,tab_pet_ruin_2,78x90,78.0x90.0,local,1
002_UnityDataAssetPack_datapack__file110,7570,dungeon_skip_shop,002_UnityDataAssetPack_datapack__file110,2102,dungeon_skip_shop,116x118,116.0x118.0,local,1
002_UnityDataAssetPack_datapack__file110,7571,button_history,002_UnityDataAssetPack_datapack__file110,2103,button_history,66x65,66.0x65.0,local,1
002_UnityDataAssetPack_datapack__file110,7572,185,002_UnityDataAssetPack_datapack__file110,2104,185,100x100,100.0x100.0,local,1
002_UnityDataAssetPack_datapack__file110,7573,220,002_UnityDataAssetPack_datapack__file110,2105,220,180x248,180.0x248.0,local,1
002_UnityDataAssetPack_datapack__file110,7574,banner_dauthan,002_UnityDataAssetPack_datapack__file110,2107,banner_dauthan,700x132,700.0x132.0,local,1
002_UnityDataAssetPack_datapack__file110,7575,1005,002_UnityDataAssetPack_datapack__file110,2108,1005,100x100,100.0x100.0,local,1
002_UnityDataAssetPack_datapack__file110,7576,45,002_UnityDataAssetPack_datapack__file110,2110,45,100x100,100.0x100.0,local,1
002_UnityDataAssetPack_datapack__file110,7577,icon_25,002_UnityDataAssetPack_datapack__file110,2111,icon_25,88x88,88.0x88.0,local,1
002_UnityDataAssetPack_datapack__file110,7578,icon_seal_book_normal,002_UnityDataAssetPack_datapack__file110,2112,icon_seal_book_normal,100x100,100.0x100.0,local,1
002_UnityDataAssetPack_datapack__file110,7579,skill_155,002_UnityDataAssetPack_datapack__file110,2113,skill_155,100x100,100.0x100.0,local,1
002_UnityDataAssetPack_datapack__file110,7580,Hit_14,002_UnityDataAssetPack_datapack__file110,2114,Hit_14,700x459,700.0x459.0,local,1
002_UnityDataAssetPack_datapack__file110,7581,mage_atk,002_UnityDataAssetPack_datapack__file110,2115,mage_atk,100x100,100.0x100.0,local,1
002_UnityDataAssetPack_datapack__file110,7582,box_text_1,002_UnityDataAssetPack_datapack__file110,2116,box_text_1,208x56,208.0x56.0,local,1
002_UnityDataAssetPack_datapack__file110,7583,Img_Altar_Off,002_UnityDataAssetPack_datapack__file110,2117,Img_Altar_Off,100x100,100.0x100.0,local,1
002_UnityDataAssetPack_datapack__file110,7584,chakra,002_UnityDataAssetPack_datapack__file110,2119,chakra,84x6,84.0x6.0,local,1
002_UnityDataAssetPack_datapack__file110,7585,61,002_UnityDataAssetPack_datapack__file110,2120,61,100x100,100.0x100.0,local,1
002_UnityDataAssetPack_datapack__file110,7586,icon_davang,002_UnityDataAssetPack_datapack__file110,2121,icon_davang,100x100,100.0x100.0,local,1
002_UnityDataAssetPack_datapack__file110,7587,banner_placehoder,002_UnityDataAssetPack_datapack__file110,2122,banner_placehoder,700x132,700.0x132.0,local,1
002_UnityDataAssetPack_datapack__file110,7588,loading_fgr,002_UnityDataAssetPack_datapack__file110,2123,loading_fgr,76x13,76.0x13.0,local,1
002_UnityDataAssetPack_datapack__file110,7589,72,002_UnityDataAssetPack_datapack__file110,2124,72,180x248,180.0x248.0,local,1
002_UnityDataAssetPack_datapack__file110,7590,222,002_UnityDataAssetPack_datapack__file110,2125,222,100x100,100.0x100.0,local,1
002_UnityDataAssetPack_datapack__file110,7591,skill_226,002_UnityDataAssetPack_datapack__file110,2126,skill_226,100x100,100.0x100.0,local,1
002_UnityDataAssetPack_datapack__file110,7592,tag_rank_3,002_UnityDataAssetPack_datapack__file110,2127,tag_rank_3,52x52,52.0x52.0,local,1
002_UnityDataAssetPack_datapack__file110,7593,upgrade,002_UnityDataAssetPack_datapack__file110,2128,upgrade,80x80,80.0x80.0,local,1
002_UnityDataAssetPack_datapack__file110,7594,bullet,002_UnityDataAssetPack_datapack__file110,2129,bullet,24x24,24.0x24.0,local,1
002_UnityDataAssetPack_datapack__file110,7595,dice_trigger_more_dice_1,002_UnityDataAssetPack_datapack__file110,2130,dice_trigger_more_dice_1,100x100,100.0x100.0,local,1
002_UnityDataAssetPack_datapack__file110,7596,skill_242,002_UnityDataAssetPack_datapack__file110,2131,skill_242,100x100,100.0x100.0,local,1
002_UnityDataAssetPack_datapack__file110,7597,ruin_decor_2,002_UnityDataAssetPack_datapack__file110,2132,ruin_decor_2,30x26,30.0x26.0,local,1
002_UnityDataAssetPack_datapack__file110,7598,5,002_UnityDataAssetPack_datapack__file110,2133,5,100x100,100.0x100.0,local,1
002_UnityDataAssetPack_datapack__file110,7599,skill_37,002_UnityDataAssetPack_datapack__file110,2134,skill_37,100x100,100.0x100.0,local,1
002_UnityDataAssetPack_datapack__file110,7600,button_share,002_UnityDataAssetPack_datapack__file110,2135,button_share,60x60,60.0x60.0,local,1
002_UnityDataAssetPack_datapack__file110,7601,10002,002_UnityDataAssetPack_datapack__file110,2136,10002,32x32,32.0x32.0,local,1
002_UnityDataAssetPack_datapack__file110,7602,icon_gold,002_UnityDataAssetPack_datapack__file110,2139,icon_gold,50x50,50.0x50.0,local,1
002_UnityDataAssetPack_datapack__file110,7603,43,002_UnityDataAssetPack_datapack__file110,2140,43,88x88,88.0x88.0,local,1
002_UnityDataAssetPack_datapack__file110,7604,event_34,002_UnityDataAssetPack_datapack__file110,2141,event_34,540x464,540.0x464.0,local,1
002_UnityDataAssetPack_datapack__file110,7605,200,002_UnityDataAssetPack_datapack__file110,2142,200,100x100,100.0x100.0,local,1
002_UnityDataAssetPack_datapack__file110,7606,box_home_quest,002_UnityDataAssetPack_datapack__file110,2143,box_home_quest,262x93,262.0x93.0,local,1
002_UnityDataAssetPack_datapack__file110,7607,tag_boss_2,002_UnityDataAssetPack_datapack__file110,2144,tag_boss_2,36x36,36.0x36.0,local,1
002_UnityDataAssetPack_datapack__file110,7608,88,002_UnityDataAssetPack_datapack__file110,2145,88,84x84,84.0x84.0,local,1
002_UnityDataAssetPack_datapack__file110,7609,banner_package_1,002_UnityDataAssetPack_datapack__file110,2146,banner_package_1,807x214,807.0x214.0,local,1
002_UnityDataAssetPack_datapack__file110,7610,13,002_UnityDataAssetPack_datapack__file110,2147,13,100x100,100.0x100.0,local,1
002_UnityDataAssetPack_datapack__file110,7611,arrow_left,002_UnityDataAssetPack_datapack__file110,2148,arrow_left,32x76,32.0x76.0,local,1
002_UnityDataAssetPack_datapack__file110,7612,icon_22,002_UnityDataAssetPack_datapack__file110,2150,icon_22,88x88,88.0x88.0,local,1
002_UnityDataAssetPack_datapack__file110,7613,dot_on,002_UnityDataAssetPack_datapack__file110,2151,dot_on,16x16,16.0x16.0,local,1
002_UnityDataAssetPack_datapack__file110,7614,board_player,002_UnityDataAssetPack_datapack__file110,2153,board_player,244x91,244.0x91.0,local,1
002_UnityDataAssetPack_datapack__file110,7615,map_ground,002_UnityDataAssetPack_datapack__file110,2155,map_ground,512x672,512.0x672.0,local,1
002_UnityDataAssetPack_datapack__file110,7616,tech_perify_immune,002_UnityDataAssetPack_datapack__file110,2156,tech_perify_immune,100x100,100.0x100.0,local,1
002_UnityDataAssetPack_datapack__file110,7617,1,002_UnityDataAssetPack_datapack__file110,2157,1,144x144,144.0x144.0,local,1
002_UnityDataAssetPack_datapack__file110,7618,tab12,002_UnityDataAssetPack_datapack__file110,2158,tab12,146x50,146.0x50.0,local,1
002_UnityDataAssetPack_datapack__file110,7619,button_mf_revine,002_UnityDataAssetPack_datapack__file110,2159,button_mf_revine,76x76,76.0x76.0,local,1
002_UnityDataAssetPack_datapack__file110,7620,pop_up,002_UnityDataAssetPack_datapack__file110,2160,pop_up,88x88,88.0x88.0,local,1
002_UnityDataAssetPack_datapack__file110,7621,slot_empty,002_UnityDataAssetPack_datapack__file110,2161,slot_empty,87x89,87.0x89.0,local,1
002_UnityDataAssetPack_datapack__file110,7622,btn_rank,002_UnityDataAssetPack_datapack__file110,2162,btn_rank,68x68,68.0x68.0,local,1
002_UnityDataAssetPack_datapack__file110,7623,bgr_hero_campaign,002_UnityDataAssetPack_datapack__file110,2163,bgr_hero_campaign,88x88,88.0x88.0,local,1
002_UnityDataAssetPack_datapack__file110,7624,234,002_UnityDataAssetPack_datapack__file110,2164,234,180x248,180.0x248.0,local,1
002_UnityDataAssetPack_datapack__file110,7625,skill_17,002_UnityDataAssetPack_datapack__file110,2165,skill_17,100x100,100.0x100.0,local,1
002_UnityDataAssetPack_datapack__file110,7626,66,002_UnityDataAssetPack_datapack__file110,2166,66,84x84,84.0x84.0,local,1
002_UnityDataAssetPack_datapack__file110,7627,2,002_UnityDataAssetPack_datapack__file110,2167,2,32x32,32.0x32.0,local,1
002_UnityDataAssetPack_datapack__file110,7628,60,002_UnityDataAssetPack_datapack__file110,2168,60,84x84,84.0x84.0,local,1
002_UnityDataAssetPack_datapack__file110,7629,mill_4,002_UnityDataAssetPack_datapack__file110,2171,mill_4,173x142,173.0x142.0,local,1
002_UnityDataAssetPack_datapack__file110,7630,94,002_UnityDataAssetPack_datapack__file110,2172,94,100x100,100.0x100.0,local,1
002_UnityDataAssetPack_datapack__file110,7631,40,002_UnityDataAssetPack_datapack__file110,2173,40,100x100,100.0x100.0,local,1
002_UnityDataAssetPack_datapack__file110,7632,tag_red,002_UnityDataAssetPack_datapack__file110,2174,tag_red,60x50,60.0x50.0,local,1
002_UnityDataAssetPack_datapack__file110,7633,guild_flag_5,002_UnityDataAssetPack_datapack__file110,2175,guild_flag_5,88x92,88.0x92.0,local,1
002_UnityDataAssetPack_datapack__file110,7634,196,002_UnityDataAssetPack_datapack__file110,2176,196,180x248,180.0x248.0,local,1
002_UnityDataAssetPack_datapack__file110,7635,button_shop_bird_feather,002_UnityDataAssetPack_datapack__file110,2177,button_shop_bird_feather,110x110,110.0x110.0,local,1
002_UnityDataAssetPack_datapack__file110,7636,ability_14,002_UnityDataAssetPack_datapack__file110,2178,ability_14,116x116,116.0x116.0,local,1
002_UnityDataAssetPack_datapack__file110,7637,10006,002_UnityDataAssetPack_datapack__file110,2180,10006,32x32,32.0x32.0,local,1
002_UnityDataAssetPack_datapack__file110,7638,69,002_UnityDataAssetPack_datapack__file110,2181,69,100x100,100.0x100.0,local,1
002_UnityDataAssetPack_datapack__file110,7639,112,002_UnityDataAssetPack_datapack__file110,2182,112,640x512,640.0x512.0,local,1
002_UnityDataAssetPack_datapack__file110,7640,pet_2,002_UnityDataAssetPack_datapack__file110,2183,pet_2,100x100,100.0x100.0,local,1
002_UnityDataAssetPack_datapack__file110,7641,162,002_UnityDataAssetPack_datapack__file110,2184,162,640x512,640.0x512.0,local,1
002_UnityDataAssetPack_datapack__file110,7642,167,002_UnityDataAssetPack_datapack__file110,2185,167,640x512,640.0x512.0,local,1
002_UnityDataAssetPack_datapack__file110,7643,10004,002_UnityDataAssetPack_datapack__file110,2186,10004,32x32,32.0x32.0,local,1
002_UnityDataAssetPack_datapack__file110,7644,skill_132,002_UnityDataAssetPack_datapack__file110,2187,skill_132,100x100,100.0x100.0,local,1
002_UnityDataAssetPack_datapack__file110,7645,bgr_equipment_3,002_UnityDataAssetPack_datapack__file110,2189,bgr_equipment_3,100x100,100.0x100.0,local,1
002_UnityDataAssetPack_datapack__file110,7646,skill_254,002_UnityDataAssetPack_datapack__file110,2190,skill_254,100x100,100.0x100.0,local,1
002_UnityDataAssetPack_datapack__file110,7647,177,002_UnityDataAssetPack_datapack__file110,2191,177,180x248,180.0x248.0,local,1
002_UnityDataAssetPack_datapack__file110,7648,50005,002_UnityDataAssetPack_datapack__file110,2193,50005,100x100,100.0x100.0,local,1
002_UnityDataAssetPack_datapack__file110,7649,front_1,002_UnityDataAssetPack_datapack__file110,2194,front_1,820x320,820.0x320.0,local,1
002_UnityDataAssetPack_datapack__file110,7650,130,002_UnityDataAssetPack_datapack__file110,2195,130,640x512,640.0x512.0,local,1
002_UnityDataAssetPack_datapack__file110,7651,tab_inactive,002_UnityDataAssetPack_datapack__file110,2196,tab_inactive,180x72,180.0x72.0,local,1
002_UnityDataAssetPack_datapack__file110,7652,assassin_precision,002_UnityDataAssetPack_datapack__file110,2197,assassin_precision,100x100,100.0x100.0,local,1
002_UnityDataAssetPack_datapack__file110,7653,logo_login,002_UnityDataAssetPack_datapack__file110,2200,logo_login,412x280,412.0x280.0,local,1
002_UnityDataAssetPack_datapack__file110,7654,Hit_166,002_UnityDataAssetPack_datapack__file110,2201,Hit_166,792x771,792.0x771.0,local,1
002_UnityDataAssetPack_datapack__file110,7655,2,002_UnityDataAssetPack_datapack__file110,2202,2,176x162,176.0x162.0,local,1
002_UnityDataAssetPack_datapack__file110,7656,btn_23a,002_UnityDataAssetPack_datapack__file110,2203,btn_23a,320x80,320.0x80.0,local,1
002_UnityDataAssetPack_datapack__file110,7657,tab_accessory_ia,002_UnityDataAssetPack_datapack__file110,2204,tab_accessory_ia,80x88,80.0x88.0,local,1
002_UnityDataAssetPack_datapack__file110,7658,bar_checkin,002_UnityDataAssetPack_datapack__file110,2205,bar_checkin,911x91,911.0x91.0,local,1
002_UnityDataAssetPack_datapack__file110,7659,stack_gold_3,002_UnityDataAssetPack_datapack__file110,2206,stack_gold_3,211x254,211.0x254.0,local,1
002_UnityDataAssetPack_datapack__file110,7660,title2,002_UnityDataAssetPack_datapack__file110,2207,title2,220x76,220.0x76.0,local,1
002_UnityDataAssetPack_datapack__file110,7661,border_equipment_11,002_UnityDataAssetPack_datapack__file110,2208,border_equipment_11,100x100,100.0x100.0,local,1
002_UnityDataAssetPack_datapack__file110,7662,ranger_twine_immune,002_UnityDataAssetPack_datapack__file110,2211,ranger_twine_immune,100x100,100.0x100.0,local,1
002_UnityDataAssetPack_datapack__file110,7663,ship_member_2_2,002_UnityDataAssetPack_datapack__file110,2212,ship_member_2_2,180x148,180.0x148.0,local,1
002_UnityDataAssetPack_datapack__file110,7664,class_mage,002_UnityDataAssetPack_datapack__file110,2213,class_mage,38x38,38.0x38.0,local,1
002_UnityDataAssetPack_datapack__file110,7665,tab33,002_UnityDataAssetPack_datapack__file110,2215,tab33,78x90,78.0x90.0,local,1
002_UnityDataAssetPack_datapack__file110,7666,Hero_1043,002_UnityDataAssetPack_datapack__file110,2216,Hero_1043,784x284,784.0x284.0,local,1
002_UnityDataAssetPack_datapack__file110,7667,box_field_yellow,002_UnityDataAssetPack_datapack__file110,2217,box_field_yellow,189x34,189.0x34.0,local,1
002_UnityDataAssetPack_datapack__file110,7668,50,002_UnityDataAssetPack_datapack__file110,2218,50,84x84,84.0x84.0,local,1
002_UnityDataAssetPack_datapack__file110,7669,icon_seal_challenge,002_UnityDataAssetPack_datapack__file110,2219,icon_seal_challenge,100x100,100.0x100.0,local,1
002_UnityDataAssetPack_datapack__file110,7670,progress_top_3,002_UnityDataAssetPack_datapack__file110,2220,progress_top_3,84x19,84.0x19.0,local,1
002_UnityDataAssetPack_datapack__file110,7671,tech_ranger,002_UnityDataAssetPack_datapack__file110,2221,tech_ranger,100x100,100.0x100.0,local,1
002_UnityDataAssetPack_datapack__file110,7672,b_1,002_UnityDataAssetPack_datapack__file110,2222,b_1,476x476,476.0x476.0,local,1
002_UnityDataAssetPack_datapack__file110,7673,war_map_e_2,002_UnityDataAssetPack_datapack__file110,2223,war_map_e_2,1136x640,1136.0x640.0,local,1
002_UnityDataAssetPack_datapack__file110,7674,arrow_spiral,002_UnityDataAssetPack_datapack__file110,2224,arrow_spiral,150x150,150.0x150.0,local,1
002_UnityDataAssetPack_datapack__file110,7675,slot_tier,002_UnityDataAssetPack_datapack__file110,2225,slot_tier,36x36,36.0x36.0,local,1
002_UnityDataAssetPack_datapack__file110,7676,91,002_UnityDataAssetPack_datapack__file110,2226,91,100x100,100.0x100.0,local,1
002_UnityDataAssetPack_datapack__file110,7677,itemuse_1,002_UnityDataAssetPack_datapack__file110,2227,itemuse_1,116x116,116.0x116.0,local,1
002_UnityDataAssetPack_datapack__file110,7678,icon_6,002_UnityDataAssetPack_datapack__file110,2228,icon_6,88x88,88.0x88.0,local,1
002_UnityDataAssetPack_datapack__file110,7679,27,002_UnityDataAssetPack_datapack__file110,2229,27,144x144,144.0x144.0,local,1
002_UnityDataAssetPack_datapack__file110,7680,button_shop_sabaody,002_UnityDataAssetPack_datapack__file110,2230,button_shop_sabaody,110x110,110.0x110.0,local,1
002_UnityDataAssetPack_datapack__file110,7681,board_campaign_name,002_UnityDataAssetPack_datapack__file110,2231,board_campaign_name,193x74,193.0x74.0,local,1
002_UnityDataAssetPack_datapack__file110,7682,106,002_UnityDataAssetPack_datapack__file110,2232,106,640x512,640.0x512.0,local,1
002_UnityDataAssetPack_datapack__file110,7683,faction_abyss_ia,002_UnityDataAssetPack_datapack__file110,2233,faction_abyss_ia,80x80,80.0x80.0,local,1
002_UnityDataAssetPack_datapack__file110,7684,decor_lose,002_UnityDataAssetPack_datapack__file110,2234,decor_lose,824x296,824.0x296.0,local,1
002_UnityDataAssetPack_datapack__file110,7685,button_setting,002_UnityDataAssetPack_datapack__file110,2235,button_setting,72x72,72.0x72.0,local,1
002_UnityDataAssetPack_datapack__file110,7686,box_stage_dungeon,002_UnityDataAssetPack_datapack__file110,2236,box_stage_dungeon,291x107,291.0x107.0,local,1
002_UnityDataAssetPack_datapack__file110,7687,skill_266,002_UnityDataAssetPack_datapack__file110,2237,skill_266,100x100,100.0x100.0,local,1
002_UnityDataAssetPack_datapack__file110,7688,inform_lichmaychu,002_UnityDataAssetPack_datapack__file110,2238,inform_lichmaychu,525x160,525.0x160.0,local,1
002_UnityDataAssetPack_datapack__file110,7689,216,002_UnityDataAssetPack_datapack__file110,2239,216,180x248,180.0x248.0,local,1
002_UnityDataAssetPack_datapack__file110,7690,64,002_UnityDataAssetPack_datapack__file110,2240,64,84x84,84.0x84.0,local,1
002_UnityDataAssetPack_datapack__file110,7691,war_map_a_1,002_UnityDataAssetPack_datapack__file110,2241,war_map_a_1,1136x640,1136.0x640.0,local,1
002_UnityDataAssetPack_datapack__file110,7692,199,002_UnityDataAssetPack_datapack__file110,2242,199,640x512,640.0x512.0,local,1
002_UnityDataAssetPack_datapack__file110,7693,skill_245,002_UnityDataAssetPack_datapack__file110,2246,skill_245,100x100,100.0x100.0,local,1
002_UnityDataAssetPack_datapack__file110,7694,round_rect_15,002_UnityDataAssetPack_datapack__file110,2247,round_rect_15,80x83,80.0x83.0,local,1
002_UnityDataAssetPack_datapack__file110,7695,mid_autumn_10,002_UnityDataAssetPack_datapack__file110,2248,mid_autumn_10,126x123,126.0x123.0,local,1
002_UnityDataAssetPack_datapack__file110,7696,icon_menu_sidekick,002_UnityDataAssetPack_datapack__file110,2249,icon_menu_sidekick,72x64,72.0x64.0,local,1
002_UnityDataAssetPack_datapack__file110,7697,24,002_UnityDataAssetPack_datapack__file110,2251,24,80x80,80.0x80.0,local,1
002_UnityDataAssetPack_datapack__file110,7698,159,002_UnityDataAssetPack_datapack__file110,2252,159,180x248,180.0x248.0,local,1
002_UnityDataAssetPack_datapack__file110,7699,progress_buff_2,002_UnityDataAssetPack_datapack__file110,2253,progress_buff_2,141x26,141.0x26.0,local,1
002_UnityDataAssetPack_datapack__file110,7700,banner-chieu-mo-hai-tac,002_UnityDataAssetPack_datapack__file110,2254,banner-chieu-mo-hai-tac,536x176,536.0x176.0,local,1
002_UnityDataAssetPack_datapack__file110,7701,bgr_sabaody,002_UnityDataAssetPack_datapack__file110,2255,bgr_sabaody,1136x640,1136.0x640.0,local,1
002_UnityDataAssetPack_datapack__file110,7702,icon_edit,002_UnityDataAssetPack_datapack__file110,2256,icon_edit,28x28,28.0x28.0,local,1
002_UnityDataAssetPack_datapack__file110,7703,button_feedback,002_UnityDataAssetPack_datapack__file110,2257,button_feedback,80x80,80.0x80.0,local,1
002_UnityDataAssetPack_datapack__file110,7704,nut,002_UnityDataAssetPack_datapack__file110,2258,nut,358x104,358.0x104.0,local,1
002_UnityDataAssetPack_datapack__file110,7705,quest_star_border,002_UnityDataAssetPack_datapack__file110,2259,quest_star_border,60x60,60.0x60.0,local,1
002_UnityDataAssetPack_datapack__file110,7706,gold_1,002_UnityDataAssetPack_datapack__file110,2260,gold_1,68x84,68.0x84.0,local,1
002_UnityDataAssetPack_datapack__file110,7707,bgr_event_7days,002_UnityDataAssetPack_datapack__file110,2261,bgr_event_7days,240x325,240.0x325.0,local,1
002_UnityDataAssetPack_datapack__file110,7708,button_shop_arena,002_UnityDataAssetPack_datapack__file110,2262,button_shop_arena,110x110,110.0x110.0,local,1
002_UnityDataAssetPack_datapack__file110,7709,skill_174,002_UnityDataAssetPack_datapack__file110,2263,skill_174,100x100,100.0x100.0,local,1
002_UnityDataAssetPack_datapack__file110,7710,notify_dot,002_UnityDataAssetPack_datapack__file110,2264,notify_dot,32x32,32.0x32.0,local,1
002_UnityDataAssetPack_datapack__file110,7711,102,002_UnityDataAssetPack_datapack__file110,2265,102,100x100,100.0x100.0,local,1
002_UnityDataAssetPack_datapack__file110,7712,bgr_0004_cay,002_UnityDataAssetPack_datapack__file110,2266,bgr_0004_cay,1136x640,1136.0x640.0,local,1
002_UnityDataAssetPack_datapack__file110,7713,ability_3,002_UnityDataAssetPack_datapack__file110,2267,ability_3,112x108,112.0x108.0,local,1
002_UnityDataAssetPack_datapack__file110,7714,Island_tower,002_UnityDataAssetPack_datapack__file110,2270,Island_tower,493x320,493.0x320.0,local,1
002_UnityDataAssetPack_datapack__file110,7715,61,002_UnityDataAssetPack_datapack__file110,2271,61,80x80,80.0x80.0,local,1
002_UnityDataAssetPack_datapack__file110,7716,help_3,002_UnityDataAssetPack_datapack__file110,2272,help_3,311x365,311.0x365.0,local,1
002_UnityDataAssetPack_datapack__file110,7717,warrior_anti_warrior,002_UnityDataAssetPack_datapack__file110,2274,warrior_anti_warrior,100x100,100.0x100.0,local,1
002_UnityDataAssetPack_datapack__file110,7718,button_sound_on_2,002_UnityDataAssetPack_datapack__file110,2275,button_sound_on_2,88x88,88.0x88.0,local,1
002_UnityDataAssetPack_datapack__file110,7719,10013,002_UnityDataAssetPack_datapack__file110,2276,10013,32x32,32.0x32.0,local,1
002_UnityDataAssetPack_datapack__file110,7720,icon_23,002_UnityDataAssetPack_datapack__file110,2277,icon_23,88x88,88.0x88.0,local,1
002_UnityDataAssetPack_datapack__file110,7721,bgr_box_2,002_UnityDataAssetPack_datapack__file110,2278,bgr_box_2,332x340,332.0x340.0,local,1
002_UnityDataAssetPack_datapack__file110,7722,mf_background_1,002_UnityDataAssetPack_datapack__file110,2281,mf_background_1,1024x200,1024.0x200.0,local,1
002_UnityDataAssetPack_datapack__file110,7723,bar_event_4,002_UnityDataAssetPack_datapack__file110,2282,bar_event_4,124x60,124.0x60.0,local,1
002_UnityDataAssetPack_datapack__file110,7724,event_thong_linh,002_UnityDataAssetPack_datapack__file110,2284,event_thong_linh,700x132,700.0x132.0,local,1
002_UnityDataAssetPack_datapack__file110,7725,20,002_UnityDataAssetPack_datapack__file110,2285,20,144x144,144.0x144.0,local,1
002_UnityDataAssetPack_datapack__file110,7726,icon_ally_fk,002_UnityDataAssetPack_datapack__file110,2286,icon_ally_fk,92x92,92.0x92.0,local,1
002_UnityDataAssetPack_datapack__file110,7727,button_shop_seal_land,002_UnityDataAssetPack_datapack__file110,2287,button_shop_seal_land,110x110,110.0x110.0,local,1
002_UnityDataAssetPack_datapack__file110,7728,title_day_off,002_UnityDataAssetPack_datapack__file110,2288,title_day_off,109x36,109.0x36.0,local,1
002_UnityDataAssetPack_datapack__file110,7729,event_the_qua_lon,002_UnityDataAssetPack_datapack__file110,2289,event_the_qua_lon,536x436,536.0x436.0,local,1
002_UnityDataAssetPack_datapack__file110,7730,bgr_1,002_UnityDataAssetPack_datapack__file110,2290,bgr_1,904x397,904.0x397.0,local,1
002_UnityDataAssetPack_datapack__file110,7731,147,002_UnityDataAssetPack_datapack__file110,2293,147,640x512,640.0x512.0,local,1
002_UnityDataAssetPack_datapack__file110,7732,hero_star_1,002_UnityDataAssetPack_datapack__file110,2294,hero_star_1,28x28,28.0x28.0,local,1
002_UnityDataAssetPack_datapack__file110,7733,tap_close,002_UnityDataAssetPack_datapack__file110,2295,tap_close,64x64,64.0x64.0,local,1
002_UnityDataAssetPack_datapack__file110,7734,1,002_UnityDataAssetPack_datapack__file110,2296,1,100x100,100.0x100.0,local,1
002_UnityDataAssetPack_datapack__file110,7735,indicator_slot,002_UnityDataAssetPack_datapack__file110,2297,indicator_slot,24x24,24.0x24.0,local,1
002_UnityDataAssetPack_datapack__file110,7736,skill_115,002_UnityDataAssetPack_datapack__file110,2298,skill_115,100x100,100.0x100.0,local,1
002_UnityDataAssetPack_datapack__file110,7737,limited,002_UnityDataAssetPack_datapack__file110,2299,limited,60x60,60.0x60.0,local,1
002_UnityDataAssetPack_datapack__file110,7738,gate_14,002_UnityDataAssetPack_datapack__file110,2300,gate_14,300x232,300.0x232.0,local,1
002_UnityDataAssetPack_datapack__file110,7739,pet_thumb_6_ia,002_UnityDataAssetPack_datapack__file110,2301,pet_thumb_6_ia,240x300,240.0x300.0,local,1
002_UnityDataAssetPack_datapack__file110,7740,ranger_anti_mage,002_UnityDataAssetPack_datapack__file110,2302,ranger_anti_mage,100x100,100.0x100.0,local,1
002_UnityDataAssetPack_datapack__file110,7741,mid_autumn_8,002_UnityDataAssetPack_datapack__file110,2303,mid_autumn_8,800x488,800.0x488.0,local,1
002_UnityDataAssetPack_datapack__file110,7742,skill_126,002_UnityDataAssetPack_datapack__file110,2304,skill_126,100x100,100.0x100.0,local,1
002_UnityDataAssetPack_datapack__file110,7743,tab_tower_2_ia,002_UnityDataAssetPack_datapack__file110,2305,tab_tower_2_ia,84x84,84.0x84.0,local,1
002_UnityDataAssetPack_datapack__file110,7744,progress_bgr_1,002_UnityDataAssetPack_datapack__file110,2306,progress_bgr_1,114x48,114.0x48.0,local,1
002_UnityDataAssetPack_datapack__file110,7745,tag_new,002_UnityDataAssetPack_datapack__file110,2307,tag_new,92x92,92.0x92.0,local,1
002_UnityDataAssetPack_datapack__file110,7746,flag_fight,002_UnityDataAssetPack_datapack__file110,2308,flag_fight,292x412,292.0x412.0,local,1
002_UnityDataAssetPack_datapack__file110,7747,198,002_UnityDataAssetPack_datapack__file110,2309,198,640x512,640.0x512.0,local,1
002_UnityDataAssetPack_datapack__file110,7748,skill_212,002_UnityDataAssetPack_datapack__file110,2310,skill_212,100x100,100.0x100.0,local,1
002_UnityDataAssetPack_datapack__file110,7749,of_trial,002_UnityDataAssetPack_datapack__file110,2311,of_trial,100x100,100.0x100.0,local,1
002_UnityDataAssetPack_datapack__file110,7750,22,002_UnityDataAssetPack_datapack__file110,2312,22,100x100,100.0x100.0,local,1
002_UnityDataAssetPack_datapack__file110,7751,arrow_restrain_3,002_UnityDataAssetPack_datapack__file110,2314,arrow_restrain_3,50x37,50.0x37.0,local,1
002_UnityDataAssetPack_datapack__file110,7752,fusing_ground,002_UnityDataAssetPack_datapack__file110,2315,fusing_ground,395x171,395.0x171.0,local,1
002_UnityDataAssetPack_datapack__file110,7753,casino_vip,002_UnityDataAssetPack_datapack__file110,2316,casino_vip,319x461,319.0x461.0,local,1
002_UnityDataAssetPack_datapack__file110,7754,tab_star_off,002_UnityDataAssetPack_datapack__file110,2317,tab_star_off,52x52,52.0x52.0,local,1
002_UnityDataAssetPack_datapack__file110,7755,guild_flag_26,002_UnityDataAssetPack_datapack__file110,2318,guild_flag_26,88x92,88.0x92.0,local,1
002_UnityDataAssetPack_datapack__file110,7756,skill_109,002_UnityDataAssetPack_datapack__file110,2319,skill_109,100x100,100.0x100.0,local,1
002_UnityDataAssetPack_datapack__file110,7757,hero_stone_1,002_UnityDataAssetPack_datapack__file110,2320,hero_stone_1,90x90,90.0x90.0,local,1
002_UnityDataAssetPack_datapack__file110,7758,warrior_hp,002_UnityDataAssetPack_datapack__file110,2321,warrior_hp,100x100,100.0x100.0,local,1
002_UnityDataAssetPack_datapack__file110,7759,icon_seal_smash,002_UnityDataAssetPack_datapack__file110,2322,icon_seal_smash,100x100,100.0x100.0,local,1
002_UnityDataAssetPack_datapack__file110,7760,tech_harvest,002_UnityDataAssetPack_datapack__file110,2324,tech_harvest,92x92,92.0x92.0,local,1
002_UnityDataAssetPack_datapack__file110,7761,battle_x1,002_UnityDataAssetPack_datapack__file110,2325,battle_x1,124x60,124.0x60.0,local,1
002_UnityDataAssetPack_datapack__file110,7762,hai_tac_daichien2,002_UnityDataAssetPack_datapack__file110,2326,hai_tac_daichien2,272x104,272.0x104.0,local,1
002_UnityDataAssetPack_datapack__file110,7763,10014,002_UnityDataAssetPack_datapack__file110,2327,10014,32x32,32.0x32.0,local,1
002_UnityDataAssetPack_datapack__file110,7764,21,002_UnityDataAssetPack_datapack__file110,2328,21,100x100,100.0x100.0,local,1
002_UnityDataAssetPack_datapack__file110,7765,dungeon_battle_inactive,002_UnityDataAssetPack_datapack__file110,2329,dungeon_battle_inactive,116x118,116.0x118.0,local,1
002_UnityDataAssetPack_datapack__file110,7766,circle,002_UnityDataAssetPack_datapack__file110,2330,circle,256x256,256.0x256.0,local,1
002_UnityDataAssetPack_datapack__file110,7767,b_5,002_UnityDataAssetPack_datapack__file110,2331,b_5,476x476,476.0x476.0,local,1
002_UnityDataAssetPack_datapack__file110,7768,ship_coleader_3,002_UnityDataAssetPack_datapack__file110,2334,ship_coleader_3,180x148,180.0x148.0,local,1
002_UnityDataAssetPack_datapack__file110,7769,Hit_85,002_UnityDataAssetPack_datapack__file110,2336,Hit_85,979x547,979.0x547.0,local,1
002_UnityDataAssetPack_datapack__file110,7770,icon_10,002_UnityDataAssetPack_datapack__file110,2337,icon_10,114x114,114.0x114.0,local,1
002_UnityDataAssetPack_datapack__file110,7771,item_none,002_UnityDataAssetPack_datapack__file110,2339,item_none,92x88,92.0x88.0,local,1
002_UnityDataAssetPack_datapack__file110,7772,ship_member_1_3,002_UnityDataAssetPack_datapack__file110,2340,ship_member_1_3,180x148,180.0x148.0,local,1
002_UnityDataAssetPack_datapack__file110,7773,30,002_UnityDataAssetPack_datapack__file110,2341,30,144x144,144.0x144.0,local,1
002_UnityDataAssetPack_datapack__file110,7774,37,002_UnityDataAssetPack_datapack__file110,2343,37,100x100,100.0x100.0,local,1
002_UnityDataAssetPack_datapack__file110,7775,skill_698,002_UnityDataAssetPack_datapack__file110,2344,skill_698,100x100,100.0x100.0,local,1
002_UnityDataAssetPack_datapack__file110,7776,223,002_UnityDataAssetPack_datapack__file110,2346,223,100x100,100.0x100.0,local,1
002_UnityDataAssetPack_datapack__file110,7777,162,002_UnityDataAssetPack_datapack__file110,2348,162,180x248,180.0x248.0,local,1
002_UnityDataAssetPack_datapack__file110,7778,tag_boss_4,002_UnityDataAssetPack_datapack__file110,2349,tag_boss_4,36x36,36.0x36.0,local,1
002_UnityDataAssetPack_datapack__file110,7779,30002,002_UnityDataAssetPack_datapack__file110,2350,30002,100x100,100.0x100.0,local,1
002_UnityDataAssetPack_datapack__file110,7780,decor_2,002_UnityDataAssetPack_datapack__file110,2351,decor_2,464x362,464.0x362.0,local,1
002_UnityDataAssetPack_datapack__file110,7781,gem_icon,002_UnityDataAssetPack_datapack__file110,2352,gem_icon,44x32,44.0x32.0,local,1
002_UnityDataAssetPack_datapack__file110,7782,ranger_anti_warrior,002_UnityDataAssetPack_datapack__file110,2353,ranger_anti_warrior,100x100,100.0x100.0,local,1
002_UnityDataAssetPack_datapack__file110,7783,icon_reward,002_UnityDataAssetPack_datapack__file110,2355,icon_reward,100x100,100.0x100.0,local,1
002_UnityDataAssetPack_datapack__file110,7784,129,002_UnityDataAssetPack_datapack__file110,2356,129,100x100,100.0x100.0,local,1
002_UnityDataAssetPack_datapack__file110,7785,rect_final_2_2,002_UnityDataAssetPack_datapack__file110,2357,rect_final_2_2,56x48,56.0x48.0,local,1
002_UnityDataAssetPack_datapack__file110,7786,button_play_off,002_UnityDataAssetPack_datapack__file110,2358,button_play_off,56x48,56.0x48.0,local,1
002_UnityDataAssetPack_datapack__file110,7787,event_tuu_quan,002_UnityDataAssetPack_datapack__file110,2359,event_tuu_quan,700x132,700.0x132.0,local,1
002_UnityDataAssetPack_datapack__file110,7788,battle_skip,002_UnityDataAssetPack_datapack__file110,2360,battle_skip,64x64,64.0x64.0,local,1
002_UnityDataAssetPack_datapack__file110,7789,dumb_island_10,002_UnityDataAssetPack_datapack__file110,2361,dumb_island_10,250x185,250.0x185.0,local,1
002_UnityDataAssetPack_datapack__file110,7790,Island_cake,002_UnityDataAssetPack_datapack__file110,2362,Island_cake,748x306,748.0x306.0,local,1
002_UnityDataAssetPack_datapack__file110,7791,banner_nhanpham,002_UnityDataAssetPack_datapack__file110,2363,banner_nhanpham,700x132,700.0x132.0,local,1
002_UnityDataAssetPack_datapack__file110,7792,progress_buff_3,002_UnityDataAssetPack_datapack__file110,2364,progress_buff_3,141x26,141.0x26.0,local,1
002_UnityDataAssetPack_datapack__file110,7793,storm,002_UnityDataAssetPack_datapack__file110,2365,storm,100x100,100.0x100.0,local,1
002_UnityDataAssetPack_datapack__file110,7794,skill_674,002_UnityDataAssetPack_datapack__file110,2366,skill_674,100x100,100.0x100.0,local,1
002_UnityDataAssetPack_datapack__file110,7795,icon_6,002_UnityDataAssetPack_datapack__file110,2367,icon_6,88x88,88.0x88.0,local,1
002_UnityDataAssetPack_datapack__file110,7796,icon_ally_fk,002_UnityDataAssetPack_datapack__file110,2368,icon_ally_fk,92x92,92.0x92.0,local,1
002_UnityDataAssetPack_datapack__file110,7797,224,002_UnityDataAssetPack_datapack__file110,2369,224,640x512,640.0x512.0,local,1
002_UnityDataAssetPack_datapack__file110,7798,81,002_UnityDataAssetPack_datapack__file110,2370,81,84x84,84.0x84.0,local,1
002_UnityDataAssetPack_datapack__file110,7799,215,002_UnityDataAssetPack_datapack__file110,2371,215,180x248,180.0x248.0,local,1
002_UnityDataAssetPack_datapack__file110,7800,bgr2,002_UnityDataAssetPack_datapack__file110,2372,bgr2,294x294,294.0x294.0,local,1
002_UnityDataAssetPack_datapack__file110,7801,100,002_UnityDataAssetPack_datapack__file110,2373,100,100x100,100.0x100.0,local,1
002_UnityDataAssetPack_datapack__file110,7802,fk2_win_en2,002_UnityDataAssetPack_datapack__file110,2374,fk2_win_en2,564x138,564.0x138.0,local,1
002_UnityDataAssetPack_datapack__file110,7803,brave_chest,002_UnityDataAssetPack_datapack__file110,2375,brave_chest,72x68,72.0x68.0,local,1
002_UnityDataAssetPack_datapack__file110,7804,priest_crit_dmg,002_UnityDataAssetPack_datapack__file110,2378,priest_crit_dmg,100x100,100.0x100.0,local,1
002_UnityDataAssetPack_datapack__file110,7805,70,002_UnityDataAssetPack_datapack__file110,2379,70,84x84,84.0x84.0,local,1
002_UnityDataAssetPack_datapack__file110,7806,47,002_UnityDataAssetPack_datapack__file110,2381,47,84x84,84.0x84.0,local,1
002_UnityDataAssetPack_datapack__file110,7807,10012,002_UnityDataAssetPack_datapack__file110,2382,10012,32x32,32.0x32.0,local,1
002_UnityDataAssetPack_datapack__file110,7808,203,002_UnityDataAssetPack_datapack__file110,2383,203,100x100,100.0x100.0,local,1
002_UnityDataAssetPack_datapack__file110,7809,b_mill,002_UnityDataAssetPack_datapack__file110,2384,b_mill,336x224,336.0x224.0,local,1
002_UnityDataAssetPack_datapack__file110,7810,108,002_UnityDataAssetPack_datapack__file110,2385,108,100x100,100.0x100.0,local,1
002_UnityDataAssetPack_datapack__file110,7811,30,002_UnityDataAssetPack_datapack__file110,2387,30,84x84,84.0x84.0,local,1
002_UnityDataAssetPack_datapack__file110,7812,Hero_852,002_UnityDataAssetPack_datapack__file110,2388,Hero_852,828x800,828.0x800.0,local,1
002_UnityDataAssetPack_datapack__file110,7813,dice_map_tile,002_UnityDataAssetPack_datapack__file110,2389,dice_map_tile,100x100,100.0x100.0,local,1
002_UnityDataAssetPack_datapack__file110,7814,68,002_UnityDataAssetPack_datapack__file110,2390,68,144x144,144.0x144.0,local,1
002_UnityDataAssetPack_datapack__file110,7815,175,002_UnityDataAssetPack_datapack__file110,2391,175,100x100,100.0x100.0,local,1
002_UnityDataAssetPack_datapack__file110,7816,75,002_UnityDataAssetPack_datapack__file110,2392,75,180x248,180.0x248.0,local,1
002_UnityDataAssetPack_datapack__file110,7817,event_nap_lien_tiep,002_UnityDataAssetPack_datapack__file110,2393,event_nap_lien_tiep,536x176,536.0x176.0,local,1
002_UnityDataAssetPack_datapack__file110,7818,bgr_tap_3,002_UnityDataAssetPack_datapack__file110,2394,bgr_tap_3,1476x880,1476.0x880.0,local,1
002_UnityDataAssetPack_datapack__file110,7819,hero_ground,002_UnityDataAssetPack_datapack__file110,2395,hero_ground,242x160,242.0x160.0,local,1
002_UnityDataAssetPack_datapack__file110,7820,319,002_UnityDataAssetPack_datapack__file110,2396,319,100x100,100.0x100.0,local,1
002_UnityDataAssetPack_datapack__file110,7821,237,002_UnityDataAssetPack_datapack__file110,2397,237,640x512,640.0x512.0,local,1
002_UnityDataAssetPack_datapack__file110,7822,fk_win,002_UnityDataAssetPack_datapack__file110,2398,fk_win,500x173,500.0x173.0,local,1
002_UnityDataAssetPack_datapack__file110,7823,34,002_UnityDataAssetPack_datapack__file110,2399,34,84x84,84.0x84.0,local,1
002_UnityDataAssetPack_datapack__file110,7824,button_mf_focus,002_UnityDataAssetPack_datapack__file110,2400,button_mf_focus,76x76,76.0x76.0,local,1
002_UnityDataAssetPack_datapack__file110,7825,Hero_1562,002_UnityDataAssetPack_datapack__file110,2401,Hero_1562,1016x1000,1016.0x1000.0,local,1
002_UnityDataAssetPack_datapack__file110,7826,bgr_title,002_UnityDataAssetPack_datapack__file110,2402,bgr_title,160x36,160.0x36.0,local,1
002_UnityDataAssetPack_datapack__file110,7827,Hero_1822,002_UnityDataAssetPack_datapack__file110,2403,Hero_1822,724x584,724.0x584.0,local,1
002_UnityDataAssetPack_datapack__file110,7828,bgr_splash_tap3,002_UnityDataAssetPack_datapack__file110,2404,bgr_splash_tap3,1400x640,1400.0x640.0,local,1
002_UnityDataAssetPack_datapack__file110,7829,chat_notify,002_UnityDataAssetPack_datapack__file110,2405,chat_notify,50x50,50.0x50.0,local,1
002_UnityDataAssetPack_datapack__file110,7830,ability_14,002_UnityDataAssetPack_datapack__file110,2407,ability_14,112x108,112.0x108.0,local,1
002_UnityDataAssetPack_datapack__file110,7831,line_bs_active,002_UnityDataAssetPack_datapack__file110,2408,line_bs_active,100x20,100.0x20.0,local,1
002_UnityDataAssetPack_datapack__file110,7832,dice_trigger_more_dice_2,002_UnityDataAssetPack_datapack__file110,2409,dice_trigger_more_dice_2,100x100,100.0x100.0,local,1
002_UnityDataAssetPack_datapack__file110,7833,112,002_UnityDataAssetPack_datapack__file110,2410,112,100x100,100.0x100.0,local,1
002_UnityDataAssetPack_datapack__file110,7834,title_day_on,002_UnityDataAssetPack_datapack__file110,2411,title_day_on,109x36,109.0x36.0,local,1
002_UnityDataAssetPack_datapack__file110,7835,star_slot,002_UnityDataAssetPack_datapack__file110,2412,star_slot,200x200,200.0x200.0,local,1
002_UnityDataAssetPack_datapack__file110,7836,banner-sieu-khuyen-mai-,002_UnityDataAssetPack_datapack__file110,2413,banner-sieu-khuyen-mai-,536x176,536.0x176.0,local,1
002_UnityDataAssetPack_datapack__file110,7837,dice_red_3,002_UnityDataAssetPack_datapack__file110,2414,dice_red_3,116x116,116.0x116.0,local,1
002_UnityDataAssetPack_datapack__file110,7838,button_daily_reward_off,002_UnityDataAssetPack_datapack__file110,2415,button_daily_reward_off,252x80,252.0x80.0,local,1
002_UnityDataAssetPack_datapack__file110,7839,event_4,002_UnityDataAssetPack_datapack__file110,2416,event_4,536x436,536.0x436.0,local,1
002_UnityDataAssetPack_datapack__file110,7840,Island_tree,002_UnityDataAssetPack_datapack__file110,2417,Island_tree,504x214,504.0x214.0,local,1
002_UnityDataAssetPack_datapack__file110,7841,title_2,002_UnityDataAssetPack_datapack__file110,2418,title_2,179x44,179.0x44.0,local,1
002_UnityDataAssetPack_datapack__file110,7842,37,002_UnityDataAssetPack_datapack__file110,2419,37,84x84,84.0x84.0,local,1
002_UnityDataAssetPack_datapack__file110,7843,bgr_dungeon,002_UnityDataAssetPack_datapack__file110,2420,bgr_dungeon,1408x860,1408.0x860.0,local,1
002_UnityDataAssetPack_datapack__file110,7844,bar_energy,002_UnityDataAssetPack_datapack__file110,2421,bar_energy,508x36,508.0x36.0,local,1
002_UnityDataAssetPack_datapack__file110,7845,pet_thumb_7_ia,002_UnityDataAssetPack_datapack__file110,2422,pet_thumb_7_ia,240x300,240.0x300.0,local,1
002_UnityDataAssetPack_datapack__file110,7846,31,002_UnityDataAssetPack_datapack__file110,2423,31,88x88,88.0x88.0,local,1
002_UnityDataAssetPack_datapack__file110,7847,Skill_1292,002_UnityDataAssetPack_datapack__file110,2424,Skill_1292,940x780,940.0x780.0,local,1
002_UnityDataAssetPack_datapack__file110,7848,bgr_boss_3,002_UnityDataAssetPack_datapack__file110,2425,bgr_boss_3,266x346,266.0x346.0,local,1
002_UnityDataAssetPack_datapack__file110,7849,flag_thai,002_UnityDataAssetPack_datapack__file110,2426,flag_thai,72x44,72.0x44.0,local,1
002_UnityDataAssetPack_datapack__file110,7850,201,002_UnityDataAssetPack_datapack__file110,2427,201,640x512,640.0x512.0,local,1
002_UnityDataAssetPack_datapack__file110,7851,90,002_UnityDataAssetPack_datapack__file110,2428,90,100x100,100.0x100.0,local,1
002_UnityDataAssetPack_datapack__file110,7852,skill_716,002_UnityDataAssetPack_datapack__file110,2429,skill_716,100x100,100.0x100.0,local,1
002_UnityDataAssetPack_datapack__file110,7853,13_on,002_UnityDataAssetPack_datapack__file110,2430,13_on,140x72,140.0x72.0,local,1
002_UnityDataAssetPack_datapack__file110,7854,bgr_equipment_1,002_UnityDataAssetPack_datapack__file110,2432,bgr_equipment_1,100x100,100.0x100.0,local,1
002_UnityDataAssetPack_datapack__file110,7855,89,002_UnityDataAssetPack_datapack__file110,2433,89,180x248,180.0x248.0,local,1
002_UnityDataAssetPack_datapack__file110,7856,skill_190,002_UnityDataAssetPack_datapack__file110,2434,skill_190,100x100,100.0x100.0,local,1
002_UnityDataAssetPack_datapack__file110,7857,banner_package_2,002_UnityDataAssetPack_datapack__file110,2435,banner_package_2,808x216,808.0x216.0,local,1
002_UnityDataAssetPack_datapack__file110,7858,bgr_tap_2,002_UnityDataAssetPack_datapack__file110,2436,bgr_tap_2,1476x880,1476.0x880.0,local,1
002_UnityDataAssetPack_datapack__file110,7859,232,002_UnityDataAssetPack_datapack__file110,2437,232,100x100,100.0x100.0,local,1
002_UnityDataAssetPack_datapack__file110,7860,progg_empty_2,002_UnityDataAssetPack_datapack__file110,2438,progg_empty_2,84x12,84.0x12.0,local,1
002_UnityDataAssetPack_datapack__file110,7861,skill_731,002_UnityDataAssetPack_datapack__file110,2439,skill_731,100x100,100.0x100.0,local,1
002_UnityDataAssetPack_datapack__file110,7862,skill_38,002_UnityDataAssetPack_datapack__file110,2440,skill_38,100x100,100.0x100.0,local,1
002_UnityDataAssetPack_datapack__file110,7863,icon_20,002_UnityDataAssetPack_datapack__file110,2441,icon_20,100x100,100.0x100.0,local,1
002_UnityDataAssetPack_datapack__file110,7864,priest_crit,002_UnityDataAssetPack_datapack__file110,2442,priest_crit,100x100,100.0x100.0,local,1
002_UnityDataAssetPack_datapack__file110,7865,20000,002_UnityDataAssetPack_datapack__file110,2443,20000,100x100,100.0x100.0,local,1
002_UnityDataAssetPack_datapack__file110,7866,icon_debuff_precision,002_UnityDataAssetPack_datapack__file110,2444,icon_debuff_precision,32x32,32.0x32.0,local,1
002_UnityDataAssetPack_datapack__file110,7867,battle_pos_6,002_UnityDataAssetPack_datapack__file110,2445,battle_pos_6,284x64,284.0x64.0,local,1
002_UnityDataAssetPack_datapack__file110,7868,tab_hero_on,002_UnityDataAssetPack_datapack__file110,2446,tab_hero_on,91x85,91.0x85.0,local,1
002_UnityDataAssetPack_datapack__file110,7869,dumb_island_2,002_UnityDataAssetPack_datapack__file110,2447,dumb_island_2,214x170,214.0x170.0,local,1
002_UnityDataAssetPack_datapack__file110,7870,71,002_UnityDataAssetPack_datapack__file110,2448,71,144x144,144.0x144.0,local,1
002_UnityDataAssetPack_datapack__file110,7871,box_text_5,002_UnityDataAssetPack_datapack__file110,2450,box_text_5,204x48,204.0x48.0,local,1
002_UnityDataAssetPack_datapack__file110,7872,tarven_star_6,002_UnityDataAssetPack_datapack__file110,2451,tarven_star_6,44x44,44.0x44.0,local,1
002_UnityDataAssetPack_datapack__file110,7873,home_button_fb,002_UnityDataAssetPack_datapack__file110,2452,home_button_fb,90x90,90.0x90.0,local,1
002_UnityDataAssetPack_datapack__file110,7874,gate_12,002_UnityDataAssetPack_datapack__file110,2453,gate_12,300x202,300.0x202.0,local,1
002_UnityDataAssetPack_datapack__file110,7875,65,002_UnityDataAssetPack_datapack__file110,2454,65,144x144,144.0x144.0,local,1
002_UnityDataAssetPack_datapack__file110,7876,7,002_UnityDataAssetPack_datapack__file110,2455,7,100x100,100.0x100.0,local,1
002_UnityDataAssetPack_datapack__file110,7877,Hit_131,002_UnityDataAssetPack_datapack__file110,2456,Hit_131,977x520,977.0x520.0,local,1
002_UnityDataAssetPack_datapack__file110,7878,title_3,002_UnityDataAssetPack_datapack__file110,2457,title_3,179x44,179.0x44.0,local,1
002_UnityDataAssetPack_datapack__file110,7879,skill_748,002_UnityDataAssetPack_datapack__file110,2459,skill_748,100x100,100.0x100.0,local,1
002_UnityDataAssetPack_datapack__file110,7880,69,002_UnityDataAssetPack_datapack__file110,2460,69,180x248,180.0x248.0,local,1
002_UnityDataAssetPack_datapack__file110,7881,skill_21,002_UnityDataAssetPack_datapack__file110,2461,skill_21,100x100,100.0x100.0,local,1
002_UnityDataAssetPack_datapack__file110,7882,208,002_UnityDataAssetPack_datapack__file110,2462,208,180x248,180.0x248.0,local,1
002_UnityDataAssetPack_datapack__file110,7883,140,002_UnityDataAssetPack_datapack__file110,2464,140,180x248,180.0x248.0,local,1
002_UnityDataAssetPack_datapack__file110,7884,Hero_1007,002_UnityDataAssetPack_datapack__file110,2465,Hero_1007,520x267,520.0x267.0,local,1
002_UnityDataAssetPack_datapack__file110,7885,bgr_hero_point,002_UnityDataAssetPack_datapack__file110,2467,bgr_hero_point,68x68,68.0x68.0,local,1
002_UnityDataAssetPack_datapack__file110,7886,icon_co4la,002_UnityDataAssetPack_datapack__file110,2468,icon_co4la,100x100,100.0x100.0,local,1
002_UnityDataAssetPack_datapack__file110,7887,skill_672,002_UnityDataAssetPack_datapack__file110,2469,skill_672,100x100,100.0x100.0,local,1
002_UnityDataAssetPack_datapack__file110,7888,skill_262,002_UnityDataAssetPack_datapack__file110,2470,skill_262,100x100,100.0x100.0,local,1
002_UnityDataAssetPack_datapack__file110,7889,button_endow,002_UnityDataAssetPack_datapack__file110,2471,button_endow,90x90,90.0x90.0,local,1
002_UnityDataAssetPack_datapack__file110,7890,25,002_UnityDataAssetPack_datapack__file110,2472,25,100x100,100.0x100.0,local,1
002_UnityDataAssetPack_datapack__file110,7891,icon_mage,002_UnityDataAssetPack_datapack__file110,2473,icon_mage,64x64,64.0x64.0,local,1
002_UnityDataAssetPack_datapack__file110,7892,character_0006_c1,002_UnityDataAssetPack_datapack__file110,2474,character_0006_c1,640x512,640.0x512.0,local,1
002_UnityDataAssetPack_datapack__file110,7893,40008,002_UnityDataAssetPack_datapack__file110,2476,40008,100x100,100.0x100.0,local,1
002_UnityDataAssetPack_datapack__file110,7894,dautruong_cori,002_UnityDataAssetPack_datapack__file110,2477,dautruong_cori,284x112,284.0x112.0,local,1
002_UnityDataAssetPack_datapack__file110,7895,ship_member_5_1,002_UnityDataAssetPack_datapack__file110,2478,ship_member_5_1,180x148,180.0x148.0,local,1
002_UnityDataAssetPack_datapack__file110,7896,34,002_UnityDataAssetPack_datapack__file110,2479,34,144x144,144.0x144.0,local,1
002_UnityDataAssetPack_datapack__file110,7897,160,002_UnityDataAssetPack_datapack__file110,2481,160,180x248,180.0x248.0,local,1
002_UnityDataAssetPack_datapack__file110,7898,box_check,002_UnityDataAssetPack_datapack__file110,2482,box_check,32x32,32.0x32.0,local,1
002_UnityDataAssetPack_datapack__file110,7899,class_assassin,002_UnityDataAssetPack_datapack__file110,2483,class_assassin,38x38,38.0x38.0,local,1
002_UnityDataAssetPack_datapack__file110,7900,176,002_UnityDataAssetPack_datapack__file110,2484,176,640x512,640.0x512.0,local,1
002_UnityDataAssetPack_datapack__file110,7901,105,002_UnityDataAssetPack_datapack__file110,2485,105,100x100,100.0x100.0,local,1
002_UnityDataAssetPack_datapack__file110,7902,9,002_UnityDataAssetPack_datapack__file110,2486,9,32x32,32.0x32.0,local,1
002_UnityDataAssetPack_datapack__file110,7903,hero_red,002_UnityDataAssetPack_datapack__file110,2488,hero_red,100x100,100.0x100.0,local,1
002_UnityDataAssetPack_datapack__file110,7904,button_season_reward_on,002_UnityDataAssetPack_datapack__file110,2489,button_season_reward_on,252x80,252.0x80.0,local,1
002_UnityDataAssetPack_datapack__file110,7905,tech_speed,002_UnityDataAssetPack_datapack__file110,2490,tech_speed,100x100,100.0x100.0,local,1
002_UnityDataAssetPack_datapack__file110,7906,icon_skill,002_UnityDataAssetPack_datapack__file110,2492,icon_skill,100x100,100.0x100.0,local,1
002_UnityDataAssetPack_datapack__file110,7907,icon_gold,002_UnityDataAssetPack_datapack__file110,2493,icon_gold,50x50,50.0x50.0,local,1
002_UnityDataAssetPack_datapack__file110,7908,55,002_UnityDataAssetPack_datapack__file110,2494,55,84x84,84.0x84.0,local,1
002_UnityDataAssetPack_datapack__file110,7909,icon_8,002_UnityDataAssetPack_datapack__file110,2496,icon_8,88x88,88.0x88.0,local,1
002_UnityDataAssetPack_datapack__file110,7910,help_2,002_UnityDataAssetPack_datapack__file110,2497,help_2,265x360,265.0x360.0,local,1
002_UnityDataAssetPack_datapack__file110,7911,icon_ranger,002_UnityDataAssetPack_datapack__file110,2498,icon_ranger,64x64,64.0x64.0,local,1
002_UnityDataAssetPack_datapack__file110,7912,8,002_UnityDataAssetPack_datapack__file110,2499,8,144x144,144.0x144.0,local,1
002_UnityDataAssetPack_datapack__file110,7913,zoro_logo,002_UnityDataAssetPack_datapack__file110,2500,zoro_logo,848x640,848.0x640.0,local,1
002_UnityDataAssetPack_datapack__file110,7914,skill_703,002_UnityDataAssetPack_datapack__file110,2502,skill_703,100x100,100.0x100.0,local,1
002_UnityDataAssetPack_datapack__file110,7915,icon_priest,002_UnityDataAssetPack_datapack__file110,2503,icon_priest,64x64,64.0x64.0,local,1
002_UnityDataAssetPack_datapack__file110,7916,Skill_1432,002_UnityDataAssetPack_datapack__file110,2504,Skill_1432,1012x888,1012.0x888.0,local,1
002_UnityDataAssetPack_datapack__file110,7917,15,002_UnityDataAssetPack_datapack__file110,2505,15,32x32,32.0x32.0,local,1
002_UnityDataAssetPack_datapack__file110,7918,bg_chat2,002_UnityDataAssetPack_datapack__file110,2506,bg_chat2,40x40,40.0x40.0,local,1
002_UnityDataAssetPack_datapack__file110,7919,title_bar_2,002_UnityDataAssetPack_datapack__file110,2507,title_bar_2,344x76,344.0x76.0,local,1
002_UnityDataAssetPack_datapack__file110,7920,gem_3_en,002_UnityDataAssetPack_datapack__file110,2508,gem_3_en,144x136,144.0x136.0,local,1
002_UnityDataAssetPack_datapack__file110,7921,hero_stone_3,002_UnityDataAssetPack_datapack__file110,2509,hero_stone_3,90x90,90.0x90.0,local,1
002_UnityDataAssetPack_datapack__file110,7922,tag_legendary,002_UnityDataAssetPack_datapack__file110,2510,tag_legendary,190x25,190.0x25.0,local,1
002_UnityDataAssetPack_datapack__file110,7923,67,002_UnityDataAssetPack_datapack__file110,2511,67,144x144,144.0x144.0,local,1
002_UnityDataAssetPack_datapack__file110,7924,character_0611_c1,002_UnityDataAssetPack_datapack__file110,2512,character_0611_c1,640x512,640.0x512.0,local,1
002_UnityDataAssetPack_datapack__file110,7925,Hero_1004,002_UnityDataAssetPack_datapack__file110,2513,Hero_1004,913x172,913.0x172.0,local,1
002_UnityDataAssetPack_datapack__file110,7926,rage,002_UnityDataAssetPack_datapack__file110,2514,rage,100x100,100.0x100.0,local,1
002_UnityDataAssetPack_datapack__file110,7927,banner-sieu-khuyen-mai-,002_UnityDataAssetPack_datapack__file110,2516,banner-sieu-khuyen-mai-,700x132,700.0x132.0,local,1
002_UnityDataAssetPack_datapack__file110,7928,tech_priest,002_UnityDataAssetPack_datapack__file110,2517,tech_priest,100x100,100.0x100.0,local,1
002_UnityDataAssetPack_datapack__file110,7929,skill_27,002_UnityDataAssetPack_datapack__file110,2518,skill_27,100x100,100.0x100.0,local,1
002_UnityDataAssetPack_datapack__file110,7930,212,002_UnityDataAssetPack_datapack__file110,2519,212,100x100,100.0x100.0,local,1
002_UnityDataAssetPack_datapack__file110,7931,77,002_UnityDataAssetPack_datapack__file110,2520,77,84x84,84.0x84.0,local,1
002_UnityDataAssetPack_datapack__file110,7932,icon_tap_hp,002_UnityDataAssetPack_datapack__file110,2521,icon_tap_hp,86x86,86.0x86.0,local,1
002_UnityDataAssetPack_datapack__file110,7933,decor_rollcall_3,002_UnityDataAssetPack_datapack__file110,2522,decor_rollcall_3,173x192,173.0x192.0,local,1
002_UnityDataAssetPack_datapack__file110,7934,239,002_UnityDataAssetPack_datapack__file110,2523,239,100x100,100.0x100.0,local,1
002_UnityDataAssetPack_datapack__file110,7935,button_spin_1,002_UnityDataAssetPack_datapack__file110,2524,button_spin_1,138x136,138.0x136.0,local,1
002_UnityDataAssetPack_datapack__file110,7936,skill_233,002_UnityDataAssetPack_datapack__file110,2525,skill_233,100x100,100.0x100.0,local,1
002_UnityDataAssetPack_datapack__file110,7937,box_arena_info,002_UnityDataAssetPack_datapack__file110,2526,box_arena_info,544x568,544.0x568.0,local,1
002_UnityDataAssetPack_datapack__file110,7938,c_fortress,002_UnityDataAssetPack_datapack__file110,2527,c_fortress,113x113,113.0x113.0,local,1
002_UnityDataAssetPack_datapack__file110,7939,button_friend,002_UnityDataAssetPack_datapack__file110,2528,button_friend,78x90,78.0x90.0,local,1
002_UnityDataAssetPack_datapack__file110,7940,Hero_1962,002_UnityDataAssetPack_datapack__file110,2529,Hero_1962,1020x892,1020.0x892.0,local,1
002_UnityDataAssetPack_datapack__file110,7941,Hit_171,002_UnityDataAssetPack_datapack__file110,2530,Hit_171,985x920,985.0x920.0,local,1
002_UnityDataAssetPack_datapack__file110,7942,icon_menu_boost,002_UnityDataAssetPack_datapack__file110,2531,icon_menu_boost,58x56,58.0x56.0,local,1
002_UnityDataAssetPack_datapack__file110,7943,140,002_UnityDataAssetPack_datapack__file110,2532,140,100x100,100.0x100.0,local,1
002_UnityDataAssetPack_datapack__file110,7944,225,002_UnityDataAssetPack_datapack__file110,2533,225,100x100,100.0x100.0,local,1
002_UnityDataAssetPack_datapack__file110,7945,dummy_island_2_5,002_UnityDataAssetPack_datapack__file110,2534,dummy_island_2_5,250x218,250.0x218.0,local,1
002_UnityDataAssetPack_datapack__file110,7946,box_check_2,002_UnityDataAssetPack_datapack__file110,2535,box_check_2,32x32,32.0x32.0,local,1
002_UnityDataAssetPack_datapack__file110,7947,14,002_UnityDataAssetPack_datapack__file110,2537,14,84x84,84.0x84.0,local,1
002_UnityDataAssetPack_datapack__file110,7948,bgr_quest_title,002_UnityDataAssetPack_datapack__file110,2538,bgr_quest_title,194x27,194.0x27.0,local,1
002_UnityDataAssetPack_datapack__file110,7949,hero_5_star,002_UnityDataAssetPack_datapack__file110,2539,hero_5_star,100x100,100.0x100.0,local,1
002_UnityDataAssetPack_datapack__file110,7950,b_fire,002_UnityDataAssetPack_datapack__file110,2540,b_fire,476x476,476.0x476.0,local,1
002_UnityDataAssetPack_datapack__file110,7951,83,002_UnityDataAssetPack_datapack__file110,2541,83,84x84,84.0x84.0,local,1
002_UnityDataAssetPack_datapack__file110,7952,tab_equipment_2,002_UnityDataAssetPack_datapack__file110,2542,tab_equipment_2,78x90,78.0x90.0,local,1
002_UnityDataAssetPack_datapack__file110,7953,taba,002_UnityDataAssetPack_datapack__file110,2543,taba,78x90,78.0x90.0,local,1
002_UnityDataAssetPack_datapack__file110,7954,130,002_UnityDataAssetPack_datapack__file110,2544,130,100x100,100.0x100.0,local,1
002_UnityDataAssetPack_datapack__file110,7955,ability_3,002_UnityDataAssetPack_datapack__file110,2545,ability_3,104x104,104.0x104.0,local,1
002_UnityDataAssetPack_datapack__file110,7956,skill_741,002_UnityDataAssetPack_datapack__file110,2546,skill_741,100x100,100.0x100.0,local,1
002_UnityDataAssetPack_datapack__file110,7957,title_arena,002_UnityDataAssetPack_datapack__file110,2547,title_arena,268x44,268.0x44.0,local,1
002_UnityDataAssetPack_datapack__file110,7958,ship_coleader_1,002_UnityDataAssetPack_datapack__file110,2549,ship_coleader_1,180x148,180.0x148.0,local,1
002_UnityDataAssetPack_datapack__file110,7959,mana_cost,002_UnityDataAssetPack_datapack__file110,2550,mana_cost,50x50,50.0x50.0,local,1
002_UnityDataAssetPack_datapack__file110,7960,rank_up,002_UnityDataAssetPack_datapack__file110,2551,rank_up,24x17,24.0x17.0,local,1
002_UnityDataAssetPack_datapack__file110,7961,menu_home2_fuse,002_UnityDataAssetPack_datapack__file110,2552,menu_home2_fuse,100x100,100.0x100.0,local,1
002_UnityDataAssetPack_datapack__file110,7962,bg_chat1,002_UnityDataAssetPack_datapack__file110,2553,bg_chat1,40x40,40.0x40.0,local,1
002_UnityDataAssetPack_datapack__file110,7963,178,002_UnityDataAssetPack_datapack__file110,2554,178,640x512,640.0x512.0,local,1
002_UnityDataAssetPack_datapack__file110,7964,priest_skill_dmg,002_UnityDataAssetPack_datapack__file110,2555,priest_skill_dmg,100x100,100.0x100.0,local,1
002_UnityDataAssetPack_datapack__file110,7965,194,002_UnityDataAssetPack_datapack__file110,2557,194,100x100,100.0x100.0,local,1
002_UnityDataAssetPack_datapack__file110,7966,215,002_UnityDataAssetPack_datapack__file110,2558,215,640x512,640.0x512.0,local,1
002_UnityDataAssetPack_datapack__file110,7967,home_button_event_raid,002_UnityDataAssetPack_datapack__file110,2559,home_button_event_raid,90x90,90.0x90.0,local,1
002_UnityDataAssetPack_datapack__file110,7968,battle_pos_2,002_UnityDataAssetPack_datapack__file110,2560,battle_pos_2,240x64,240.0x64.0,local,1
002_UnityDataAssetPack_datapack__file110,7969,frame_hero_up,002_UnityDataAssetPack_datapack__file110,2562,frame_hero_up,325x109,325.0x109.0,local,1
002_UnityDataAssetPack_datapack__file110,7970,icon_attacker,002_UnityDataAssetPack_datapack__file110,2565,icon_attacker,40x40,40.0x40.0,local,1
002_UnityDataAssetPack_datapack__file110,7971,card_relic_front,002_UnityDataAssetPack_datapack__file110,2566,card_relic_front,228x356,228.0x356.0,local,1
002_UnityDataAssetPack_datapack__file110,7972,5,002_UnityDataAssetPack_datapack__file110,2567,5,144x144,144.0x144.0,local,1
002_UnityDataAssetPack_datapack__file110,7973,dice_trigger_dizzy,002_UnityDataAssetPack_datapack__file110,2568,dice_trigger_dizzy,100x100,100.0x100.0,local,1
002_UnityDataAssetPack_datapack__file110,7974,Hit_186,002_UnityDataAssetPack_datapack__file110,2569,Hit_186,878x660,878.0x660.0,local,1
002_UnityDataAssetPack_datapack__file110,7975,2,002_UnityDataAssetPack_datapack__file110,2570,2,100x100,100.0x100.0,local,1
002_UnityDataAssetPack_datapack__file110,7976,progress_buff_bgr,002_UnityDataAssetPack_datapack__file110,2571,progress_buff_bgr,149x34,149.0x34.0,local,1
002_UnityDataAssetPack_datapack__file110,7977,icon_17,002_UnityDataAssetPack_datapack__file110,2572,icon_17,88x88,88.0x88.0,local,1
002_UnityDataAssetPack_datapack__file110,7978,tag_name_home,002_UnityDataAssetPack_datapack__file110,2573,tag_name_home,213x46,213.0x46.0,local,1
002_UnityDataAssetPack_datapack__file110,7979,icon_5sao,002_UnityDataAssetPack_datapack__file110,2574,icon_5sao,88x88,88.0x88.0,local,1
002_UnityDataAssetPack_datapack__file110,7980,ability_29,002_UnityDataAssetPack_datapack__file110,2575,ability_29,116x116,116.0x116.0,local,1
002_UnityDataAssetPack_datapack__file110,7981,icon_lotion_2,002_UnityDataAssetPack_datapack__file110,2576,icon_lotion_2,100x100,100.0x100.0,local,1
002_UnityDataAssetPack_datapack__file110,7982,new_pt_01,002_UnityDataAssetPack_datapack__file110,2577,new_pt_01,960x640,960.0x640.0,local,1
002_UnityDataAssetPack_datapack__file110,7983,skill_745,002_UnityDataAssetPack_datapack__file110,2579,skill_745,100x100,100.0x100.0,local,1
002_UnityDataAssetPack_datapack__file110,7984,71,002_UnityDataAssetPack_datapack__file110,2580,71,180x248,180.0x248.0,local,1
002_UnityDataAssetPack_datapack__file110,7985,event_len_cap,002_UnityDataAssetPack_datapack__file110,2581,event_len_cap,536x176,536.0x176.0,local,1
002_UnityDataAssetPack_datapack__file110,7986,336,002_UnityDataAssetPack_datapack__file110,2582,336,640x512,640.0x512.0,local,1
002_UnityDataAssetPack_datapack__file110,7987,tab_regress_ia,002_UnityDataAssetPack_datapack__file110,2583,tab_regress_ia,92x92,92.0x92.0,local,1
002_UnityDataAssetPack_datapack__file110,7988,icon_skchieumo,002_UnityDataAssetPack_datapack__file110,2585,icon_skchieumo,100x100,100.0x100.0,local,1
002_UnityDataAssetPack_datapack__file110,7989,skill_188,002_UnityDataAssetPack_datapack__file110,2586,skill_188,100x100,100.0x100.0,local,1
002_UnityDataAssetPack_datapack__file110,7990,90,002_UnityDataAssetPack_datapack__file110,2587,90,100x100,100.0x100.0,local,1
002_UnityDataAssetPack_datapack__file110,7991,box_points,002_UnityDataAssetPack_datapack__file110,2588,box_points,211x192,211.0x192.0,local,1
002_UnityDataAssetPack_datapack__file110,7992,button_down,002_UnityDataAssetPack_datapack__file110,2589,button_down,48x52,48.0x52.0,local,1
002_UnityDataAssetPack_datapack__file110,7993,item_potion_3,002_UnityDataAssetPack_datapack__file110,2590,item_potion_3,100x100,100.0x100.0,local,1
002_UnityDataAssetPack_datapack__file110,7994,guild_flag_8,002_UnityDataAssetPack_datapack__file110,2593,guild_flag_8,88x92,88.0x92.0,local,1
002_UnityDataAssetPack_datapack__file110,7995,bgr_event_roll_call,002_UnityDataAssetPack_datapack__file110,2594,bgr_event_roll_call,499x344,499.0x344.0,local,1
002_UnityDataAssetPack_datapack__file110,7996,hero_shadow,002_UnityDataAssetPack_datapack__file110,2595,hero_shadow,164x65,164.0x65.0,local,1
002_UnityDataAssetPack_datapack__file110,7997,107,002_UnityDataAssetPack_datapack__file110,2598,107,640x512,640.0x512.0,local,1
002_UnityDataAssetPack_datapack__file110,7998,49,002_UnityDataAssetPack_datapack__file110,2599,49,84x84,84.0x84.0,local,1
002_UnityDataAssetPack_datapack__file110,7999,icon_9,002_UnityDataAssetPack_datapack__file110,2600,icon_9,88x88,88.0x88.0,local,1
002_UnityDataAssetPack_datapack__file110,8000,bgr_dropbox,002_UnityDataAssetPack_datapack__file110,2601,bgr_dropbox,36x36,36.0x36.0,local,1
002_UnityDataAssetPack_datapack__file110,8001,box_field_blue,002_UnityDataAssetPack_datapack__file110,2602,box_field_blue,189x34,189.0x34.0,local,1
002_UnityDataAssetPack_datapack__file110,8002,210,002_UnityDataAssetPack_datapack__file110,2603,210,640x512,640.0x512.0,local,1
002_UnityDataAssetPack_datapack__file110,8003,border_aura,002_UnityDataAssetPack_datapack__file110,2604,border_aura,100x100,100.0x100.0,local,1
002_UnityDataAssetPack_datapack__file110,8004,ship_member_3_1,002_UnityDataAssetPack_datapack__file110,2605,ship_member_3_1,180x148,180.0x148.0,local,1
002_UnityDataAssetPack_datapack__file110,8005,bgr_summon_left,002_UnityDataAssetPack_datapack__file110,2606,bgr_summon_left,496x641,496.0x641.0,local,1
002_UnityDataAssetPack_datapack__file110,8006,icon_phao,002_UnityDataAssetPack_datapack__file110,2607,icon_phao,100x100,100.0x100.0,local,1
002_UnityDataAssetPack_datapack__file110,8007,gate_13,002_UnityDataAssetPack_datapack__file110,2608,gate_13,300x223,300.0x223.0,local,1
002_UnityDataAssetPack_datapack__file110,8008,icon_event_login_tick,002_UnityDataAssetPack_datapack__file110,2610,icon_event_login_tick,92x92,92.0x92.0,local,1
002_UnityDataAssetPack_datapack__file110,8009,142,002_UnityDataAssetPack_datapack__file110,2611,142,100x100,100.0x100.0,local,1
002_UnityDataAssetPack_datapack__file110,8010,bannertichvip,002_UnityDataAssetPack_datapack__file110,2612,bannertichvip,536x176,536.0x176.0,local,1
002_UnityDataAssetPack_datapack__file110,8011,19,002_UnityDataAssetPack_datapack__file110,2613,19,100x100,100.0x100.0,local,1
002_UnityDataAssetPack_datapack__file110,8012,world_bgr_2,002_UnityDataAssetPack_datapack__file110,2614,world_bgr_2,712x640,712.0x640.0,local,1
002_UnityDataAssetPack_datapack__file110,8013,ship_leader_2,002_UnityDataAssetPack_datapack__file110,2616,ship_leader_2,180x148,180.0x148.0,local,1
002_UnityDataAssetPack_datapack__file110,8014,50000,002_UnityDataAssetPack_datapack__file110,2617,50000,100x100,100.0x100.0,local,1
002_UnityDataAssetPack_datapack__file110,8015,arrow_chat3,002_UnityDataAssetPack_datapack__file110,2618,arrow_chat3,12x22,12.0x22.0,local,1
002_UnityDataAssetPack_datapack__file110,8016,event_thuyen_co_muon_ten,002_UnityDataAssetPack_datapack__file110,2619,event_thuyen_co_muon_ten,534x175,534.0x175.0,local,1
002_UnityDataAssetPack_datapack__file110,8017,icon_spirit,002_UnityDataAssetPack_datapack__file110,2620,icon_spirit,52x52,52.0x52.0,local,1
002_UnityDataAssetPack_datapack__file110,8018,icon_monster_chaos,002_UnityDataAssetPack_datapack__file110,2621,icon_monster_chaos,52x52,52.0x52.0,local,1
002_UnityDataAssetPack_datapack__file110,8019,round_rect_13,002_UnityDataAssetPack_datapack__file110,2622,round_rect_13,59x59,59.0x59.0,local,1
002_UnityDataAssetPack_datapack__file110,8020,local_mine,002_UnityDataAssetPack_datapack__file110,2624,local_mine,112x80,112.0x80.0,local,1
002_UnityDataAssetPack_datapack__file110,8021,rect_16,002_UnityDataAssetPack_datapack__file110,2625,rect_16,40x40,40.0x40.0,local,1
002_UnityDataAssetPack_datapack__file110,8022,home_button_events,002_UnityDataAssetPack_datapack__file110,2626,home_button_events,90x90,90.0x90.0,local,1
002_UnityDataAssetPack_datapack__file110,8023,59,002_UnityDataAssetPack_datapack__file110,2627,59,100x100,100.0x100.0,local,1
002_UnityDataAssetPack_datapack__file110,8024,gem_3,002_UnityDataAssetPack_datapack__file110,2628,gem_3,144x136,144.0x136.0,local,1
002_UnityDataAssetPack_datapack__file110,8025,28,002_UnityDataAssetPack_datapack__file110,2629,28,144x144,144.0x144.0,local,1
002_UnityDataAssetPack_datapack__file110,8026,loot_gold,002_UnityDataAssetPack_datapack__file110,2630,loot_gold,50x50,50.0x50.0,local,1
002_UnityDataAssetPack_datapack__file110,8027,skill_6,002_UnityDataAssetPack_datapack__file110,2631,skill_6,100x100,100.0x100.0,local,1
002_UnityDataAssetPack_datapack__file110,8028,pet_thumb_7,002_UnityDataAssetPack_datapack__file110,2632,pet_thumb_7,240x300,240.0x300.0,local,1
002_UnityDataAssetPack_datapack__file110,8029,slot_team,002_UnityDataAssetPack_datapack__file110,2633,slot_team,192x100,192.0x100.0,local,1
002_UnityDataAssetPack_datapack__file110,8030,bgr_affect_relic,002_UnityDataAssetPack_datapack__file110,2634,bgr_affect_relic,80x79,80.0x79.0,local,1
002_UnityDataAssetPack_datapack__file110,8031,66,002_UnityDataAssetPack_datapack__file110,2635,66,80x80,80.0x80.0,local,1
002_UnityDataAssetPack_datapack__file110,8032,dumb_island_4,002_UnityDataAssetPack_datapack__file110,2637,dumb_island_4,328x163,328.0x163.0,local,1
002_UnityDataAssetPack_datapack__file110,8033,8_on,002_UnityDataAssetPack_datapack__file110,2638,8_on,140x72,140.0x72.0,local,1
002_UnityDataAssetPack_datapack__file110,8034,skill_48,002_UnityDataAssetPack_datapack__file110,2639,skill_48,100x100,100.0x100.0,local,1
002_UnityDataAssetPack_datapack__file110,8035,chan,002_UnityDataAssetPack_datapack__file110,2640,chan,149x69,149.0x69.0,local,1
002_UnityDataAssetPack_datapack__file110,8036,BattleArena11,002_UnityDataAssetPack_datapack__file110,2641,BattleArena11,1476x880,1476.0x880.0,local,1
002_UnityDataAssetPack_datapack__file110,8037,skill_717,002_UnityDataAssetPack_datapack__file110,2642,skill_717,100x100,100.0x100.0,local,1
002_UnityDataAssetPack_datapack__file110,8038,30005,002_UnityDataAssetPack_datapack__file110,2643,30005,100x100,100.0x100.0,local,1
002_UnityDataAssetPack_datapack__file110,8039,casino_normal,002_UnityDataAssetPack_datapack__file110,2644,casino_normal,319x461,319.0x461.0,local,1
002_UnityDataAssetPack_datapack__file110,8040,Ancient_island_05,002_UnityDataAssetPack_datapack__file110,2645,Ancient_island_05,571x540,571.0x540.0,local,1
002_UnityDataAssetPack_datapack__file110,8041,Hit_128,002_UnityDataAssetPack_datapack__file110,2646,Hit_128,907x500,907.0x500.0,local,1
002_UnityDataAssetPack_datapack__file110,8042,loading,002_UnityDataAssetPack_datapack__file110,2647,loading,80x80,80.0x80.0,local,1
002_UnityDataAssetPack_datapack__file110,8043,204,002_UnityDataAssetPack_datapack__file110,2648,204,180x248,180.0x248.0,local,1
002_UnityDataAssetPack_datapack__file110,8044,212,002_UnityDataAssetPack_datapack__file110,2649,212,180x248,180.0x248.0,local,1
002_UnityDataAssetPack_datapack__file110,8045,ship_leader_1,002_UnityDataAssetPack_datapack__file110,2650,ship_leader_1,180x148,180.0x148.0,local,1
002_UnityDataAssetPack_datapack__file110,8046,15,002_UnityDataAssetPack_datapack__file110,2652,15,100x100,100.0x100.0,local,1
002_UnityDataAssetPack_datapack__file110,8047,skill_107,002_UnityDataAssetPack_datapack__file110,2653,skill_107,100x100,100.0x100.0,local,1
002_UnityDataAssetPack_datapack__file110,8048,bg_db,002_UnityDataAssetPack_datapack__file110,2654,bg_db,288x228,288.0x228.0,local,1
002_UnityDataAssetPack_datapack__file110,8049,board_title_3,002_UnityDataAssetPack_datapack__file110,2655,board_title_3,288x60,288.0x60.0,local,1
002_UnityDataAssetPack_datapack__file110,8050,skill_197,002_UnityDataAssetPack_datapack__file110,2656,skill_197,100x100,100.0x100.0,local,1
002_UnityDataAssetPack_datapack__file110,8051,mid_autumn_3,002_UnityDataAssetPack_datapack__file110,2657,mid_autumn_3,100x100,100.0x100.0,local,1
002_UnityDataAssetPack_datapack__file110,8052,trunk_3,002_UnityDataAssetPack_datapack__file110,2658,trunk_3,466x309,466.0x309.0,local,1
002_UnityDataAssetPack_datapack__file110,8053,tab_shard,002_UnityDataAssetPack_datapack__file110,2660,tab_shard,78x90,78.0x90.0,local,1
002_UnityDataAssetPack_datapack__file110,8054,icon_quest_scroll_basic,002_UnityDataAssetPack_datapack__file110,2661,icon_quest_scroll_basic,52x52,52.0x52.0,local,1
002_UnityDataAssetPack_datapack__file110,8055,class_ranger,002_UnityDataAssetPack_datapack__file110,2662,class_ranger,38x38,38.0x38.0,local,1
002_UnityDataAssetPack_datapack__file110,8056,board_name,002_UnityDataAssetPack_datapack__file110,2663,board_name,436x72,436.0x72.0,local,1
002_UnityDataAssetPack_datapack__file110,8057,113,002_UnityDataAssetPack_datapack__file110,2664,113,180x248,180.0x248.0,local,1
002_UnityDataAssetPack_datapack__file110,8058,184,002_UnityDataAssetPack_datapack__file110,2665,184,180x248,180.0x248.0,local,1
002_UnityDataAssetPack_datapack__file110,8059,spin_roulette,002_UnityDataAssetPack_datapack__file110,2666,spin_roulette,388x387,388.0x387.0,local,1
002_UnityDataAssetPack_datapack__file110,8060,bar_decor_1,002_UnityDataAssetPack_datapack__file110,2667,bar_decor_1,203x24,203.0x24.0,local,1
002_UnityDataAssetPack_datapack__file110,8061,hero_head_border,002_UnityDataAssetPack_datapack__file110,2668,hero_head_border,100x100,100.0x100.0,local,1
002_UnityDataAssetPack_datapack__file110,8062,box_login,002_UnityDataAssetPack_datapack__file110,2669,box_login,556x503,556.0x503.0,local,1
002_UnityDataAssetPack_datapack__file110,8063,70,002_UnityDataAssetPack_datapack__file110,2670,70,80x80,80.0x80.0,local,1
002_UnityDataAssetPack_datapack__file110,8064,loading_bgr,002_UnityDataAssetPack_datapack__file110,2671,loading_bgr,78x15,78.0x15.0,local,1
002_UnityDataAssetPack_datapack__file110,8065,home2_quest,002_UnityDataAssetPack_datapack__file110,2672,home2_quest,62x62,62.0x62.0,local,1
002_UnityDataAssetPack_datapack__file110,8066,gem_4,002_UnityDataAssetPack_datapack__file110,2673,gem_4,144x136,144.0x136.0,local,1
002_UnityDataAssetPack_datapack__file110,8067,icon_buff_holy_dmg,002_UnityDataAssetPack_datapack__file110,2675,icon_buff_holy_dmg,32x32,32.0x32.0,local,1
002_UnityDataAssetPack_datapack__file110,8068,bgr_light1,002_UnityDataAssetPack_datapack__file110,2676,bgr_light1,80x80,80.0x80.0,local,1
002_UnityDataAssetPack_datapack__file110,8069,arrow_up,002_UnityDataAssetPack_datapack__file110,2677,arrow_up,28x36,28.0x36.0,local,1
002_UnityDataAssetPack_datapack__file110,8070,56,002_UnityDataAssetPack_datapack__file110,2678,56,100x100,100.0x100.0,local,1
002_UnityDataAssetPack_datapack__file110,8071,ability_10,002_UnityDataAssetPack_datapack__file110,2679,ability_10,112x108,112.0x108.0,local,1
002_UnityDataAssetPack_datapack__file110,8072,bar_health,002_UnityDataAssetPack_datapack__file110,2681,bar_health,84x12,84.0x12.0,local,1
002_UnityDataAssetPack_datapack__file110,8073,bgr_rock,002_UnityDataAssetPack_datapack__file110,2682,bgr_rock,455x189,455.0x189.0,local,1
002_UnityDataAssetPack_datapack__file110,8074,guild_flag_7,002_UnityDataAssetPack_datapack__file110,2683,guild_flag_7,88x92,88.0x92.0,local,1
002_UnityDataAssetPack_datapack__file110,8075,bgr_quest_content,002_UnityDataAssetPack_datapack__file110,2684,bgr_quest_content,265x39,265.0x39.0,local,1
002_UnityDataAssetPack_datapack__file110,8076,109,002_UnityDataAssetPack_datapack__file110,2685,109,100x100,100.0x100.0,local,1
002_UnityDataAssetPack_datapack__file110,8077,button_dice_red,002_UnityDataAssetPack_datapack__file110,2686,button_dice_red,140x140,140.0x140.0,local,1
002_UnityDataAssetPack_datapack__file110,8078,banner_package_2,002_UnityDataAssetPack_datapack__file110,2687,banner_package_2,807x214,807.0x214.0,local,1
002_UnityDataAssetPack_datapack__file110,8079,icon_shard,002_UnityDataAssetPack_datapack__file110,2688,icon_shard,32x32,32.0x32.0,local,1
002_UnityDataAssetPack_datapack__file110,8080,BattleArena4,002_UnityDataAssetPack_datapack__file110,2689,BattleArena4,1476x880,1476.0x880.0,local,1
002_UnityDataAssetPack_datapack__file110,8081,c_light,002_UnityDataAssetPack_datapack__file110,2690,c_light,113x113,113.0x113.0,local,1
002_UnityDataAssetPack_datapack__file110,8082,rectangle,002_UnityDataAssetPack_datapack__file110,2691,rectangle,88x57,88.0x57.0,local,1
002_UnityDataAssetPack_datapack__file110,8083,22,002_UnityDataAssetPack_datapack__file110,2692,22,144x144,144.0x144.0,local,1
002_UnityDataAssetPack_datapack__file110,8084,priest_speed_atk,002_UnityDataAssetPack_datapack__file110,2693,priest_speed_atk,100x100,100.0x100.0,local,1
002_UnityDataAssetPack_datapack__file110,8085,pet_head,002_UnityDataAssetPack_datapack__file110,2694,pet_head,100x100,100.0x100.0,local,1
002_UnityDataAssetPack_datapack__file110,8086,mage_twine_immune,002_UnityDataAssetPack_datapack__file110,2695,mage_twine_immune,100x100,100.0x100.0,local,1
002_UnityDataAssetPack_datapack__file110,8087,214,002_UnityDataAssetPack_datapack__file110,2696,214,640x512,640.0x512.0,local,1
002_UnityDataAssetPack_datapack__file110,8088,ship_member_2_1,002_UnityDataAssetPack_datapack__file110,2697,ship_member_2_1,180x148,180.0x148.0,local,1
002_UnityDataAssetPack_datapack__file110,8089,banner_dacthu,002_UnityDataAssetPack_datapack__file110,2698,banner_dacthu,700x132,700.0x132.0,local,1
002_UnityDataAssetPack_datapack__file110,8090,button_fight_boss,002_UnityDataAssetPack_datapack__file110,2699,button_fight_boss,76x68,76.0x68.0,local,1
002_UnityDataAssetPack_datapack__file110,8091,gi_03,002_UnityDataAssetPack_datapack__file110,2700,gi_03,600x700,600.0x700.0,local,1
002_UnityDataAssetPack_datapack__file110,8092,round_mask_2,002_UnityDataAssetPack_datapack__file110,2701,round_mask_2,100x100,100.0x100.0,local,1
002_UnityDataAssetPack_datapack__file110,8093,ability_5,002_UnityDataAssetPack_datapack__file110,2702,ability_5,116x116,116.0x116.0,local,1
002_UnityDataAssetPack_datapack__file110,8094,button_up,002_UnityDataAssetPack_datapack__file110,2704,button_up,48x52,48.0x52.0,local,1
002_UnityDataAssetPack_datapack__file110,8095,10,002_UnityDataAssetPack_datapack__file110,2705,10,100x100,100.0x100.0,local,1
002_UnityDataAssetPack_datapack__file110,8096,ranger_block,002_UnityDataAssetPack_datapack__file110,2706,ranger_block,100x100,100.0x100.0,local,1
002_UnityDataAssetPack_datapack__file110,8097,8_off,002_UnityDataAssetPack_datapack__file110,2707,8_off,140x72,140.0x72.0,local,1
002_UnityDataAssetPack_datapack__file110,8098,button_season_reward_off,002_UnityDataAssetPack_datapack__file110,2708,button_season_reward_off,252x80,252.0x80.0,local,1
002_UnityDataAssetPack_datapack__file110,8099,system_on,002_UnityDataAssetPack_datapack__file110,2709,system_on,76x88,76.0x88.0,local,1
002_UnityDataAssetPack_datapack__file110,8100,10000,002_UnityDataAssetPack_datapack__file110,2710,10000,100x100,100.0x100.0,local,1
002_UnityDataAssetPack_datapack__file110,8101,bgr_show_bonus,002_UnityDataAssetPack_datapack__file110,2711,bgr_show_bonus,404x92,404.0x92.0,local,1
002_UnityDataAssetPack_datapack__file110,8102,spin_roulette,002_UnityDataAssetPack_datapack__file110,2713,spin_roulette,555x555,555.0x555.0,local,1
002_UnityDataAssetPack_datapack__file110,8103,button_benefit_2,002_UnityDataAssetPack_datapack__file110,2715,button_benefit_2,172x67,172.0x67.0,local,1
002_UnityDataAssetPack_datapack__file110,8104,tech_anti_warrior,002_UnityDataAssetPack_datapack__file110,2716,tech_anti_warrior,100x100,100.0x100.0,local,1
002_UnityDataAssetPack_datapack__file110,8105,tag_button,002_UnityDataAssetPack_datapack__file110,2718,tag_button,72x32,72.0x32.0,local,1
002_UnityDataAssetPack_datapack__file110,8106,214,002_UnityDataAssetPack_datapack__file110,2719,214,100x100,100.0x100.0,local,1
002_UnityDataAssetPack_datapack__file110,8107,frame_box,002_UnityDataAssetPack_datapack__file110,2720,frame_box,221x41,221.0x41.0,local,1
002_UnityDataAssetPack_datapack__file110,8108,195,002_UnityDataAssetPack_datapack__file110,2721,195,180x248,180.0x248.0,local,1
002_UnityDataAssetPack_datapack__file110,8109,rect_cell_lock,002_UnityDataAssetPack_datapack__file110,2723,rect_cell_lock,124x104,124.0x104.0,local,1
002_UnityDataAssetPack_datapack__file110,8110,arena_bottom,002_UnityDataAssetPack_datapack__file110,2725,arena_bottom,660x20,660.0x20.0,local,1
002_UnityDataAssetPack_datapack__file110,8111,skill_718,002_UnityDataAssetPack_datapack__file110,2726,skill_718,100x100,100.0x100.0,local,1
002_UnityDataAssetPack_datapack__file110,8112,5,002_UnityDataAssetPack_datapack__file110,2727,5,203x101,203.0x101.0,local,1
002_UnityDataAssetPack_datapack__file110,8113,character_0043_c1,002_UnityDataAssetPack_datapack__file110,2728,character_0043_c1,640x512,640.0x512.0,local,1
002_UnityDataAssetPack_datapack__file110,8114,ship_member_3_1,002_UnityDataAssetPack_datapack__file110,2729,ship_member_3_1,180x148,180.0x148.0,local,1
002_UnityDataAssetPack_datapack__file110,8115,168,002_UnityDataAssetPack_datapack__file110,2730,168,640x512,640.0x512.0,local,1
002_UnityDataAssetPack_datapack__file110,8116,1,002_UnityDataAssetPack_datapack__file110,2732,1,188x129,188.0x129.0,local,1
002_UnityDataAssetPack_datapack__file110,8117,faction_aura,002_UnityDataAssetPack_datapack__file110,2733,faction_aura,38x38,38.0x38.0,local,1
002_UnityDataAssetPack_datapack__file110,8118,priest_anti_priest,002_UnityDataAssetPack_datapack__file110,2734,priest_anti_priest,100x100,100.0x100.0,local,1
002_UnityDataAssetPack_datapack__file110,8119,184,002_UnityDataAssetPack_datapack__file110,2735,184,100x100,100.0x100.0,local,1
002_UnityDataAssetPack_datapack__file110,8120,skill_255,002_UnityDataAssetPack_datapack__file110,2736,skill_255,100x100,100.0x100.0,local,1
002_UnityDataAssetPack_datapack__file110,8121,Island_marine,002_UnityDataAssetPack_datapack__file110,2737,Island_marine,526x348,526.0x348.0,local,1
002_UnityDataAssetPack_datapack__file110,8122,67,002_UnityDataAssetPack_datapack__file110,2738,67,100x100,100.0x100.0,local,1
002_UnityDataAssetPack_datapack__file110,8123,flag_chinese,002_UnityDataAssetPack_datapack__file110,2739,flag_chinese,72x44,72.0x44.0,local,1
002_UnityDataAssetPack_datapack__file110,8124,class_priest,002_UnityDataAssetPack_datapack__file110,2740,class_priest,38x38,38.0x38.0,local,1
002_UnityDataAssetPack_datapack__file110,8125,tab_mill_donate,002_UnityDataAssetPack_datapack__file110,2741,tab_mill_donate,78x90,78.0x90.0,local,1
002_UnityDataAssetPack_datapack__file110,8126,cau_doi,002_UnityDataAssetPack_datapack__file110,2742,cau_doi,100x100,100.0x100.0,local,1
002_UnityDataAssetPack_datapack__file110,8127,rank_podium,002_UnityDataAssetPack_datapack__file110,2743,rank_podium,48x48,48.0x48.0,local,1
002_UnityDataAssetPack_datapack__file110,8128,warrior_freeze_immune,002_UnityDataAssetPack_datapack__file110,2744,warrior_freeze_immune,100x100,100.0x100.0,local,1
002_UnityDataAssetPack_datapack__file110,8129,gem_5,002_UnityDataAssetPack_datapack__file110,2745,gem_5,144x136,144.0x136.0,local,1
002_UnityDataAssetPack_datapack__file110,8130,skill_263,002_UnityDataAssetPack_datapack__file110,2746,skill_263,100x100,100.0x100.0,local,1
002_UnityDataAssetPack_datapack__file110,8131,skill_180,002_UnityDataAssetPack_datapack__file110,2747,skill_180,100x100,100.0x100.0,local,1
002_UnityDataAssetPack_datapack__file110,8132,icon_debuff_crit_dmg,002_UnityDataAssetPack_datapack__file110,2748,icon_debuff_crit_dmg,32x32,32.0x32.0,local,1
002_UnityDataAssetPack_datapack__file110,8133,tab_off,002_UnityDataAssetPack_datapack__file110,2749,tab_off,144x145,144.0x145.0,local,1
002_UnityDataAssetPack_datapack__file110,8134,217,002_UnityDataAssetPack_datapack__file110,2751,217,180x248,180.0x248.0,local,1
002_UnityDataAssetPack_datapack__file110,8135,tag_icon_fk,002_UnityDataAssetPack_datapack__file110,2752,tag_icon_fk,140x44,140.0x44.0,local,1
002_UnityDataAssetPack_datapack__file110,8136,character_0241_c1,002_UnityDataAssetPack_datapack__file110,2753,character_0241_c1,640x512,640.0x512.0,local,1
002_UnityDataAssetPack_datapack__file110,8137,button_chest,002_UnityDataAssetPack_datapack__file110,2754,button_chest,84x84,84.0x84.0,local,1
002_UnityDataAssetPack_datapack__file110,8138,171,002_UnityDataAssetPack_datapack__file110,2755,171,640x512,640.0x512.0,local,1
002_UnityDataAssetPack_datapack__file110,8139,button_mf_heroes,002_UnityDataAssetPack_datapack__file110,2756,button_mf_heroes,76x76,76.0x76.0,local,1
002_UnityDataAssetPack_datapack__file110,8140,button_back,002_UnityDataAssetPack_datapack__file110,2757,button_back,62x62,62.0x62.0,local,1
002_UnityDataAssetPack_datapack__file110,8141,Hit_122,002_UnityDataAssetPack_datapack__file110,2758,Hit_122,903x463,903.0x463.0,local,1
002_UnityDataAssetPack_datapack__file110,8142,spin_roulette_frame,002_UnityDataAssetPack_datapack__file110,2759,spin_roulette_frame,520x520,520.0x520.0,local,1
002_UnityDataAssetPack_datapack__file110,8143,title_1,002_UnityDataAssetPack_datapack__file110,2760,title_1,179x44,179.0x44.0,local,1
002_UnityDataAssetPack_datapack__file110,8144,icon_not_allow,002_UnityDataAssetPack_datapack__file110,2761,icon_not_allow,60x60,60.0x60.0,local,1
002_UnityDataAssetPack_datapack__file110,8145,arrow_next,002_UnityDataAssetPack_datapack__file110,2762,arrow_next,44x44,44.0x44.0,local,1
002_UnityDataAssetPack_datapack__file110,8146,character_0041_c1,002_UnityDataAssetPack_datapack__file110,2763,character_0041_c1,640x512,640.0x512.0,local,1
002_UnityDataAssetPack_datapack__file110,8147,home2_hero,002_UnityDataAssetPack_datapack__file110,2764,home2_hero,84x92,84.0x92.0,local,1
002_UnityDataAssetPack_datapack__file110,8148,skill_682,002_UnityDataAssetPack_datapack__file110,2765,skill_682,100x100,100.0x100.0,local,1
002_UnityDataAssetPack_datapack__file110,8149,Layer-13,002_UnityDataAssetPack_datapack__file110,2767,Layer-13,437x738,437.0x738.0,local,1
002_UnityDataAssetPack_datapack__file110,8150,24,002_UnityDataAssetPack_datapack__file110,2768,24,144x144,144.0x144.0,local,1
002_UnityDataAssetPack_datapack__file110,8151,bgr_boss_2,002_UnityDataAssetPack_datapack__file110,2769,bgr_boss_2,266x346,266.0x346.0,local,1
002_UnityDataAssetPack_datapack__file110,8152,frame_item,002_UnityDataAssetPack_datapack__file110,2770,frame_item,100x100,100.0x100.0,local,1
002_UnityDataAssetPack_datapack__file110,8153,Hero_1123,002_UnityDataAssetPack_datapack__file110,2771,Hero_1123,864x592,864.0x592.0,local,1
002_UnityDataAssetPack_datapack__file110,8154,spin_border,002_UnityDataAssetPack_datapack__file110,2772,spin_border,398x419,398.0x419.0,local,1
002_UnityDataAssetPack_datapack__file110,8155,89,002_UnityDataAssetPack_datapack__file110,2774,89,100x100,100.0x100.0,local,1
002_UnityDataAssetPack_datapack__file110,8156,126,002_UnityDataAssetPack_datapack__file110,2775,126,640x512,640.0x512.0,local,1
002_UnityDataAssetPack_datapack__file110,8157,icon_hp,002_UnityDataAssetPack_datapack__file110,2776,icon_hp,36x36,36.0x36.0,local,1
002_UnityDataAssetPack_datapack__file110,8158,105,002_UnityDataAssetPack_datapack__file110,2777,105,640x512,640.0x512.0,local,1
002_UnityDataAssetPack_datapack__file110,8159,button_move_map2,002_UnityDataAssetPack_datapack__file110,2778,button_move_map2,67x70,67.0x70.0,local,1
002_UnityDataAssetPack_datapack__file110,8160,skill_750,002_UnityDataAssetPack_datapack__file110,2779,skill_750,100x100,100.0x100.0,local,1
002_UnityDataAssetPack_datapack__file110,8161,96,002_UnityDataAssetPack_datapack__file110,2780,96,100x100,100.0x100.0,local,1
002_UnityDataAssetPack_datapack__file110,8162,237,002_UnityDataAssetPack_datapack__file110,2781,237,180x248,180.0x248.0,local,1
002_UnityDataAssetPack_datapack__file110,8163,icon_nganhoa,002_UnityDataAssetPack_datapack__file110,2782,icon_nganhoa,84x84,84.0x84.0,local,1
002_UnityDataAssetPack_datapack__file110,8164,faction_darklight,002_UnityDataAssetPack_datapack__file110,2783,faction_darklight,52x52,52.0x52.0,local,1
002_UnityDataAssetPack_datapack__file110,8165,frame_hero_thumb,002_UnityDataAssetPack_datapack__file110,2784,frame_hero_thumb,95x257,95.0x257.0,local,1
002_UnityDataAssetPack_datapack__file110,8166,weapon_2,002_UnityDataAssetPack_datapack__file110,2785,weapon_2,100x100,100.0x100.0,local,1
002_UnityDataAssetPack_datapack__file110,8167,skill_8,002_UnityDataAssetPack_datapack__file110,2786,skill_8,100x100,100.0x100.0,local,1
002_UnityDataAssetPack_datapack__file110,8168,round_rect9,002_UnityDataAssetPack_datapack__file110,2787,round_rect9,140x136,140.0x136.0,local,1
002_UnityDataAssetPack_datapack__file110,8169,arrow_curve,002_UnityDataAssetPack_datapack__file110,2788,arrow_curve,150x150,150.0x150.0,local,1
002_UnityDataAssetPack_datapack__file110,8170,Fly_Mr4_baseball,002_UnityDataAssetPack_datapack__file110,2789,Fly_Mr4_baseball,36x36,36.0x36.0,local,1
002_UnityDataAssetPack_datapack__file110,8171,20002,002_UnityDataAssetPack_datapack__file110,2790,20002,100x100,100.0x100.0,local,1
002_UnityDataAssetPack_datapack__file110,8172,1007,002_UnityDataAssetPack_datapack__file110,2791,1007,100x100,100.0x100.0,local,1
002_UnityDataAssetPack_datapack__file110,8173,foot_selection,002_UnityDataAssetPack_datapack__file110,2792,foot_selection,152x64,152.0x64.0,local,1
002_UnityDataAssetPack_datapack__file110,8174,gem_3,002_UnityDataAssetPack_datapack__file110,2793,gem_3,80x56,80.0x56.0,local,1
002_UnityDataAssetPack_datapack__file110,8175,event_luyen_tuong,002_UnityDataAssetPack_datapack__file110,2794,event_luyen_tuong,700x132,700.0x132.0,local,1
002_UnityDataAssetPack_datapack__file110,8176,box_slot,002_UnityDataAssetPack_datapack__file110,2795,box_slot,91x91,91.0x91.0,local,1
002_UnityDataAssetPack_datapack__file110,8177,39,002_UnityDataAssetPack_datapack__file110,2796,39,84x84,84.0x84.0,local,1
002_UnityDataAssetPack_datapack__file110,8178,gem_5,002_UnityDataAssetPack_datapack__file110,2797,gem_5,96x96,96.0x96.0,local,1
002_UnityDataAssetPack_datapack__file110,8179,ranger_hp_skill_dmg,002_UnityDataAssetPack_datapack__file110,2798,ranger_hp_skill_dmg,100x100,100.0x100.0,local,1
002_UnityDataAssetPack_datapack__file110,8180,battle_pos_1_hl,002_UnityDataAssetPack_datapack__file110,2799,battle_pos_1_hl,192x64,192.0x64.0,local,1
002_UnityDataAssetPack_datapack__file110,8181,dice_red_1,002_UnityDataAssetPack_datapack__file110,2800,dice_red_1,116x116,116.0x116.0,local,1
002_UnityDataAssetPack_datapack__file110,8182,190,002_UnityDataAssetPack_datapack__file110,2802,190,640x512,640.0x512.0,local,1
002_UnityDataAssetPack_datapack__file110,8183,icon_chocolate,002_UnityDataAssetPack_datapack__file110,2803,icon_chocolate,100x100,100.0x100.0,local,1
002_UnityDataAssetPack_datapack__file110,8184,skill_193,002_UnityDataAssetPack_datapack__file110,2804,skill_193,100x100,100.0x100.0,local,1
002_UnityDataAssetPack_datapack__file110,8185,22,002_UnityDataAssetPack_datapack__file110,2809,22,100x100,100.0x100.0,local,1
002_UnityDataAssetPack_datapack__file110,8186,character_0155_c1,002_UnityDataAssetPack_datapack__file110,2810,character_0155_c1,640x512,640.0x512.0,local,1
002_UnityDataAssetPack_datapack__file110,8187,b_member,002_UnityDataAssetPack_datapack__file110,2812,b_member,256x200,256.0x200.0,local,1
002_UnityDataAssetPack_datapack__file110,8188,icon_buff_skill_dmg,002_UnityDataAssetPack_datapack__file110,2813,icon_buff_skill_dmg,32x32,32.0x32.0,local,1
002_UnityDataAssetPack_datapack__file110,8189,gold_1_en,002_UnityDataAssetPack_datapack__file110,2814,gold_1_en,128x128,128.0x128.0,local,1
002_UnityDataAssetPack_datapack__file110,8190,bgr_black_smith,002_UnityDataAssetPack_datapack__file110,2815,bgr_black_smith,1136x640,1136.0x640.0,local,1
002_UnityDataAssetPack_datapack__file110,8191,tag_war_ally,002_UnityDataAssetPack_datapack__file110,2816,tag_war_ally,212x48,212.0x48.0,local,1
002_UnityDataAssetPack_datapack__file110,8192,Skill_280,002_UnityDataAssetPack_datapack__file110,2817,Skill_280,100x100,100.0x100.0,local,1
002_UnityDataAssetPack_datapack__file110,8193,201,002_UnityDataAssetPack_datapack__file110,2818,201,180x248,180.0x248.0,local,1
002_UnityDataAssetPack_datapack__file110,8194,bannner_chieumotv_t11,002_UnityDataAssetPack_datapack__file110,2819,bannner_chieumotv_t11,700x132,700.0x132.0,local,1
002_UnityDataAssetPack_datapack__file110,8195,war_star,002_UnityDataAssetPack_datapack__file110,2820,war_star,48x44,48.0x44.0,local,1
002_UnityDataAssetPack_datapack__file110,8196,65,002_UnityDataAssetPack_datapack__file110,2821,65,80x80,80.0x80.0,local,1
002_UnityDataAssetPack_datapack__file110,8197,123,002_UnityDataAssetPack_datapack__file110,2822,123,100x100,100.0x100.0,local,1
002_UnityDataAssetPack_datapack__file110,8198,74,002_UnityDataAssetPack_datapack__file110,2823,74,640x512,640.0x512.0,local,1
002_UnityDataAssetPack_datapack__file110,8199,priest_precision,002_UnityDataAssetPack_datapack__file110,2824,priest_precision,100x100,100.0x100.0,local,1
002_UnityDataAssetPack_datapack__file110,8200,bgr_tab_7_days,002_UnityDataAssetPack_datapack__file110,2825,bgr_tab_7_days,36x25,36.0x25.0,local,1
002_UnityDataAssetPack_datapack__file110,8201,B_7,002_UnityDataAssetPack_datapack__file110,2826,B_7,323x204,323.0x204.0,local,1
002_UnityDataAssetPack_datapack__file110,8202,dot_off,002_UnityDataAssetPack_datapack__file110,2827,dot_off,16x16,16.0x16.0,local,1
002_UnityDataAssetPack_datapack__file110,8203,Hero_50005,002_UnityDataAssetPack_datapack__file110,2828,Hero_50005,976x932,976.0x932.0,local,1
002_UnityDataAssetPack_datapack__file110,8204,faction_unknown,002_UnityDataAssetPack_datapack__file110,2829,faction_unknown,60x60,60.0x60.0,local,1
002_UnityDataAssetPack_datapack__file110,8205,icon_20,002_UnityDataAssetPack_datapack__file110,2830,icon_20,100x100,100.0x100.0,local,1
002_UnityDataAssetPack_datapack__file110,8206,tab_off,002_UnityDataAssetPack_datapack__file110,2831,tab_off,308x88,308.0x88.0,local,1
002_UnityDataAssetPack_datapack__file110,8207,title_summon_scroll,002_UnityDataAssetPack_datapack__file110,2832,title_summon_scroll,215x41,215.0x41.0,local,1
002_UnityDataAssetPack_datapack__file110,8208,skill_10,002_UnityDataAssetPack_datapack__file110,2833,skill_10,100x100,100.0x100.0,local,1
002_UnityDataAssetPack_datapack__file110,8209,shape-copy-223,002_UnityDataAssetPack_datapack__file110,2834,shape-copy-223,161x161,161.0x161.0,local,1
002_UnityDataAssetPack_datapack__file110,8210,countdown_ring,002_UnityDataAssetPack_datapack__file110,2835,countdown_ring,124x124,124.0x124.0,local,1
002_UnityDataAssetPack_datapack__file110,8211,310,002_UnityDataAssetPack_datapack__file110,2837,310,100x100,100.0x100.0,local,1
002_UnityDataAssetPack_datapack__file110,8212,replace_estrade,002_UnityDataAssetPack_datapack__file110,2838,replace_estrade,172x84,172.0x84.0,local,1
002_UnityDataAssetPack_datapack__file110,8213,character_0001_c1,002_UnityDataAssetPack_datapack__file110,2839,character_0001_c1,640x512,640.0x512.0,local,1
002_UnityDataAssetPack_datapack__file110,8214,202,002_UnityDataAssetPack_datapack__file110,2840,202,100x100,100.0x100.0,local,1
002_UnityDataAssetPack_datapack__file110,8215,ability_21,002_UnityDataAssetPack_datapack__file110,2841,ability_21,112x108,112.0x108.0,local,1
002_UnityDataAssetPack_datapack__file110,8216,pointer_chat,002_UnityDataAssetPack_datapack__file110,2842,pointer_chat,31x29,31.0x29.0,local,1
002_UnityDataAssetPack_datapack__file110,8217,70,002_UnityDataAssetPack_datapack__file110,2844,70,100x100,100.0x100.0,local,1
002_UnityDataAssetPack_datapack__file110,8218,fk2_lose_en2,002_UnityDataAssetPack_datapack__file110,2845,fk2_lose_en2,564x116,564.0x116.0,local,1
002_UnityDataAssetPack_datapack__file110,8219,title1,002_UnityDataAssetPack_datapack__file110,2846,title1,380x129,380.0x129.0,local,1
002_UnityDataAssetPack_datapack__file110,8220,fame_7,002_UnityDataAssetPack_datapack__file110,2847,fame_7,95x257,95.0x257.0,local,1
002_UnityDataAssetPack_datapack__file110,8221,Hero_1233,002_UnityDataAssetPack_datapack__file110,2848,Hero_1233,596x256,596.0x256.0,local,1
002_UnityDataAssetPack_datapack__file110,8222,155,002_UnityDataAssetPack_datapack__file110,2849,155,180x248,180.0x248.0,local,1
002_UnityDataAssetPack_datapack__file110,8223,235,002_UnityDataAssetPack_datapack__file110,2850,235,100x100,100.0x100.0,local,1
002_UnityDataAssetPack_datapack__file110,8224,tab_mission_off,002_UnityDataAssetPack_datapack__file110,2851,tab_mission_off,200x74,200.0x74.0,local,1
002_UnityDataAssetPack_datapack__file110,8225,icon_chienham,002_UnityDataAssetPack_datapack__file110,2852,icon_chienham,100x100,100.0x100.0,local,1
002_UnityDataAssetPack_datapack__file110,8226,bgr_splash_tap2,002_UnityDataAssetPack_datapack__file110,2854,bgr_splash_tap2,1400x640,1400.0x640.0,local,1
002_UnityDataAssetPack_datapack__file110,8227,pet_ruin_3,002_UnityDataAssetPack_datapack__file110,2855,pet_ruin_3,84x84,84.0x84.0,local,1
002_UnityDataAssetPack_datapack__file110,8228,icon_chip,002_UnityDataAssetPack_datapack__file110,2856,icon_chip,52x52,52.0x52.0,local,1
002_UnityDataAssetPack_datapack__file110,8229,blessing_of_trial,002_UnityDataAssetPack_datapack__file110,2857,blessing_of_trial,228x364,228.0x364.0,local,1
002_UnityDataAssetPack_datapack__file110,8230,hand_tutorial,002_UnityDataAssetPack_datapack__file110,2858,hand_tutorial,128x128,128.0x128.0,local,1
002_UnityDataAssetPack_datapack__file110,8231,bar_event_4,002_UnityDataAssetPack_datapack__file110,2859,bar_event_4,124x60,124.0x60.0,local,1
002_UnityDataAssetPack_datapack__file110,8232,icon_event_login_tick,002_UnityDataAssetPack_datapack__file110,2860,icon_event_login_tick,90x90,90.0x90.0,local,1
002_UnityDataAssetPack_datapack__file110,8233,bgr_input_field,002_UnityDataAssetPack_datapack__file110,2861,bgr_input_field,64x64,64.0x64.0,local,1
002_UnityDataAssetPack_datapack__file110,8234,priest_armor_break,002_UnityDataAssetPack_datapack__file110,2862,priest_armor_break,100x100,100.0x100.0,local,1
002_UnityDataAssetPack_datapack__file110,8235,icon_purple_daffodil,002_UnityDataAssetPack_datapack__file110,2863,icon_purple_daffodil,52x52,52.0x52.0,local,1
002_UnityDataAssetPack_datapack__file110,8236,57,002_UnityDataAssetPack_datapack__file110,2864,57,84x84,84.0x84.0,local,1
002_UnityDataAssetPack_datapack__file110,8237,82,002_UnityDataAssetPack_datapack__file110,2865,82,100x100,100.0x100.0,local,1
002_UnityDataAssetPack_datapack__file110,8238,event_quy_truong_thanh,002_UnityDataAssetPack_datapack__file110,2866,event_quy_truong_thanh,700x132,700.0x132.0,local,1
002_UnityDataAssetPack_datapack__file110,8239,skill_pet6_active,002_UnityDataAssetPack_datapack__file110,2867,skill_pet6_active,100x100,100.0x100.0,local,1
002_UnityDataAssetPack_datapack__file110,8240,trophy,002_UnityDataAssetPack_datapack__file110,2868,trophy,88x88,88.0x88.0,local,1
002_UnityDataAssetPack_datapack__file110,8241,pet_ruin_2,002_UnityDataAssetPack_datapack__file110,2869,pet_ruin_2,84x84,84.0x84.0,local,1
002_UnityDataAssetPack_datapack__file110,8242,button_close,002_UnityDataAssetPack_datapack__file110,2870,button_close,60x60,60.0x60.0,local,1
002_UnityDataAssetPack_datapack__file110,8243,priest_hp,002_UnityDataAssetPack_datapack__file110,2871,priest_hp,100x100,100.0x100.0,local,1
002_UnityDataAssetPack_datapack__file110,8244,tab_hero,002_UnityDataAssetPack_datapack__file110,2872,tab_hero,206x69,206.0x69.0,local,1
002_UnityDataAssetPack_datapack__file110,8245,question_mark,002_UnityDataAssetPack_datapack__file110,2873,question_mark,100x148,100.0x148.0,local,1
002_UnityDataAssetPack_datapack__file110,8246,aura_none,002_UnityDataAssetPack_datapack__file110,2874,aura_none,100x100,100.0x100.0,local,1
002_UnityDataAssetPack_datapack__file110,8247,bgr_star_6,002_UnityDataAssetPack_datapack__file110,2875,bgr_star_6,168x44,168.0x44.0,local,1
002_UnityDataAssetPack_datapack__file110,8248,icon_brave_coin,002_UnityDataAssetPack_datapack__file110,2876,icon_brave_coin,52x52,52.0x52.0,local,1
002_UnityDataAssetPack_datapack__file110,8249,icon_soul_coin,002_UnityDataAssetPack_datapack__file110,2877,icon_soul_coin,52x52,52.0x52.0,local,1
002_UnityDataAssetPack_datapack__file110,8250,bgr_discount,002_UnityDataAssetPack_datapack__file110,2878,bgr_discount,96x100,96.0x100.0,local,1
002_UnityDataAssetPack_datapack__file110,8251,62,002_UnityDataAssetPack_datapack__file110,2879,62,100x100,100.0x100.0,local,1
002_UnityDataAssetPack_datapack__file110,8252,Hero_1062,002_UnityDataAssetPack_datapack__file110,2880,Hero_1062,1004x300,1004.0x300.0,local,1
002_UnityDataAssetPack_datapack__file110,8253,178,002_UnityDataAssetPack_datapack__file110,2882,178,180x248,180.0x248.0,local,1
002_UnityDataAssetPack_datapack__file110,8254,dumb_island_1,002_UnityDataAssetPack_datapack__file110,2883,dumb_island_1,357x185,357.0x185.0,local,1
002_UnityDataAssetPack_datapack__file110,8255,bgr_equipment_6,002_UnityDataAssetPack_datapack__file110,2884,bgr_equipment_6,100x100,100.0x100.0,local,1
002_UnityDataAssetPack_datapack__file110,8256,box_chat_me,002_UnityDataAssetPack_datapack__file110,2885,box_chat_me,70x60,70.0x60.0,local,1
002_UnityDataAssetPack_datapack__file110,8257,127,002_UnityDataAssetPack_datapack__file110,2886,127,180x248,180.0x248.0,local,1
002_UnityDataAssetPack_datapack__file110,8258,148,002_UnityDataAssetPack_datapack__file110,2887,148,640x512,640.0x512.0,local,1
002_UnityDataAssetPack_datapack__file110,8259,Skill_277,002_UnityDataAssetPack_datapack__file110,2889,Skill_277,100x100,100.0x100.0,local,1
002_UnityDataAssetPack_datapack__file110,8260,skill_214,002_UnityDataAssetPack_datapack__file110,2890,skill_214,100x100,100.0x100.0,local,1
002_UnityDataAssetPack_datapack__file110,8261,message_border,002_UnityDataAssetPack_datapack__file110,2891,message_border,586x157,586.0x157.0,local,1
002_UnityDataAssetPack_datapack__file110,8262,icon_tap_hp,002_UnityDataAssetPack_datapack__file110,2892,icon_tap_hp,86x86,86.0x86.0,local,1
002_UnityDataAssetPack_datapack__file110,8263,12,002_UnityDataAssetPack_datapack__file110,2893,12,100x100,100.0x100.0,local,1
002_UnityDataAssetPack_datapack__file110,8264,tag_item_name,002_UnityDataAssetPack_datapack__file110,2894,tag_item_name,93x79,93.0x79.0,local,1
002_UnityDataAssetPack_datapack__file110,8265,boss_3,002_UnityDataAssetPack_datapack__file110,2895,boss_3,32x32,32.0x32.0,local,1
002_UnityDataAssetPack_datapack__file110,8266,58,002_UnityDataAssetPack_datapack__file110,2897,58,144x144,144.0x144.0,local,1
002_UnityDataAssetPack_datapack__file110,8267,B_4,002_UnityDataAssetPack_datapack__file110,2899,B_4,315x194,315.0x194.0,local,1
002_UnityDataAssetPack_datapack__file110,8268,224,002_UnityDataAssetPack_datapack__file110,2900,224,180x248,180.0x248.0,local,1
002_UnityDataAssetPack_datapack__file110,8269,dice_trigger_fruit,002_UnityDataAssetPack_datapack__file110,2901,dice_trigger_fruit,100x100,100.0x100.0,local,1
002_UnityDataAssetPack_datapack__file110,8270,150,002_UnityDataAssetPack_datapack__file110,2902,150,100x100,100.0x100.0,local,1
002_UnityDataAssetPack_datapack__file110,8271,icon_hoandoi,002_UnityDataAssetPack_datapack__file110,2903,icon_hoandoi,100x100,100.0x100.0,local,1
002_UnityDataAssetPack_datapack__file110,8272,Hero_176,002_UnityDataAssetPack_datapack__file110,2904,Hero_176,980x520,980.0x520.0,local,1
002_UnityDataAssetPack_datapack__file110,8273,decor_1,002_UnityDataAssetPack_datapack__file110,2905,decor_1,168x168,168.0x168.0,local,1
002_UnityDataAssetPack_datapack__file110,8274,4,002_UnityDataAssetPack_datapack__file110,2906,4,100x100,100.0x100.0,local,1
002_UnityDataAssetPack_datapack__file110,8275,92,002_UnityDataAssetPack_datapack__file110,2907,92,100x100,100.0x100.0,local,1
002_UnityDataAssetPack_datapack__file110,8276,19,002_UnityDataAssetPack_datapack__file110,2908,19,100x100,100.0x100.0,local,1
002_UnityDataAssetPack_datapack__file110,8277,360,002_UnityDataAssetPack_datapack__file110,2909,360,180x248,180.0x248.0,local,1
002_UnityDataAssetPack_datapack__file110,8278,Bgr_Bet_Win,002_UnityDataAssetPack_datapack__file110,2911,Bgr_Bet_Win,107x53,107.0x53.0,local,1
002_UnityDataAssetPack_datapack__file110,8279,slot_weapon,002_UnityDataAssetPack_datapack__file110,2912,slot_weapon,87x89,87.0x89.0,local,1
002_UnityDataAssetPack_datapack__file110,8280,icon_debuff_controll_immune,002_UnityDataAssetPack_datapack__file110,2914,icon_debuff_controll_immune,32x32,32.0x32.0,local,1
002_UnityDataAssetPack_datapack__file110,8281,button_dice_green,002_UnityDataAssetPack_datapack__file110,2915,button_dice_green,140x140,140.0x140.0,local,1
002_UnityDataAssetPack_datapack__file110,8282,Arrow_93,002_UnityDataAssetPack_datapack__file110,2916,Arrow_93,832x332,832.0x332.0,local,1
002_UnityDataAssetPack_datapack__file110,8283,76,002_UnityDataAssetPack_datapack__file110,2917,76,84x84,84.0x84.0,local,1
002_UnityDataAssetPack_datapack__file110,8284,26,002_UnityDataAssetPack_datapack__file110,2918,26,100x100,100.0x100.0,local,1
002_UnityDataAssetPack_datapack__file110,8285,mage_anti_priest,002_UnityDataAssetPack_datapack__file110,2919,mage_anti_priest,100x100,100.0x100.0,local,1
002_UnityDataAssetPack_datapack__file110,8286,icon_unknown,002_UnityDataAssetPack_datapack__file110,2920,icon_unknown,32x32,32.0x32.0,local,1
002_UnityDataAssetPack_datapack__file110,8287,character_1001_c1,002_UnityDataAssetPack_datapack__file110,2921,character_1001_c1,640x512,640.0x512.0,local,1
002_UnityDataAssetPack_datapack__file110,8288,194,002_UnityDataAssetPack_datapack__file110,2922,194,640x512,640.0x512.0,local,1
002_UnityDataAssetPack_datapack__file110,8289,warrior_twine_immune,002_UnityDataAssetPack_datapack__file110,2923,warrior_twine_immune,100x100,100.0x100.0,local,1
002_UnityDataAssetPack_datapack__file110,8290,button_all_stars_league,002_UnityDataAssetPack_datapack__file110,2924,button_all_stars_league,348x416,348.0x416.0,local,1
002_UnityDataAssetPack_datapack__file110,8291,113,002_UnityDataAssetPack_datapack__file110,2925,113,640x512,640.0x512.0,local,1
002_UnityDataAssetPack_datapack__file110,8292,skill_pet_passive_1,002_UnityDataAssetPack_datapack__file110,2926,skill_pet_passive_1,100x100,100.0x100.0,local,1
002_UnityDataAssetPack_datapack__file110,8293,233,002_UnityDataAssetPack_datapack__file110,2927,233,100x100,100.0x100.0,local,1
002_UnityDataAssetPack_datapack__file110,8294,event_7,002_UnityDataAssetPack_datapack__file110,2928,event_7,536x176,536.0x176.0,local,1
002_UnityDataAssetPack_datapack__file110,8295,button_punch,002_UnityDataAssetPack_datapack__file110,2929,button_punch,300x300,300.0x300.0,local,1
002_UnityDataAssetPack_datapack__file110,8296,splash_gold,002_UnityDataAssetPack_datapack__file110,2930,splash_gold,317x297,317.0x297.0,local,1
002_UnityDataAssetPack_datapack__file110,8297,bgr_spin_1,002_UnityDataAssetPack_datapack__file110,2931,bgr_spin_1,1136x640,1136.0x640.0,local,1
002_UnityDataAssetPack_datapack__file110,8298,icon_boss_2,002_UnityDataAssetPack_datapack__file110,2932,icon_boss_2,100x100,100.0x100.0,local,1
002_UnityDataAssetPack_datapack__file110,8299,text_box1,002_UnityDataAssetPack_datapack__file110,2933,text_box1,175x58,175.0x58.0,local,1
002_UnityDataAssetPack_datapack__file110,8300,91,002_UnityDataAssetPack_datapack__file110,2934,91,100x100,100.0x100.0,local,1
002_UnityDataAssetPack_datapack__file110,8301,8,002_UnityDataAssetPack_datapack__file110,2935,8,32x32,32.0x32.0,local,1
002_UnityDataAssetPack_datapack__file110,8302,213,002_UnityDataAssetPack_datapack__file110,2936,213,180x248,180.0x248.0,local,1
002_UnityDataAssetPack_datapack__file110,8303,204,002_UnityDataAssetPack_datapack__file110,2937,204,640x512,640.0x512.0,local,1
002_UnityDataAssetPack_datapack__file110,8304,popup_close_fk,002_UnityDataAssetPack_datapack__file110,2938,popup_close_fk,48x44,48.0x44.0,local,1
002_UnityDataAssetPack_datapack__file110,8305,arrow_up,002_UnityDataAssetPack_datapack__file110,2939,arrow_up,16x12,16.0x12.0,local,1
002_UnityDataAssetPack_datapack__file110,8306,silver,002_UnityDataAssetPack_datapack__file110,2940,silver,50x50,50.0x50.0,local,1
002_UnityDataAssetPack_datapack__file110,8307,icon_dacthu,002_UnityDataAssetPack_datapack__file110,2941,icon_dacthu,100x100,100.0x100.0,local,1
002_UnityDataAssetPack_datapack__file110,8308,skill_23,002_UnityDataAssetPack_datapack__file110,2942,skill_23,100x100,100.0x100.0,local,1
002_UnityDataAssetPack_datapack__file110,8309,scout_boat,002_UnityDataAssetPack_datapack__file110,2944,scout_boat,311x240,311.0x240.0,local,1
002_UnityDataAssetPack_datapack__file110,8310,icon_11,002_UnityDataAssetPack_datapack__file110,2945,icon_11,88x88,88.0x88.0,local,1
002_UnityDataAssetPack_datapack__file110,8311,frame_brave_head,002_UnityDataAssetPack_datapack__file110,2946,frame_brave_head,80x80,80.0x80.0,local,1
002_UnityDataAssetPack_datapack__file110,8312,skill_7,002_UnityDataAssetPack_datapack__file110,2947,skill_7,100x100,100.0x100.0,local,1
002_UnityDataAssetPack_datapack__file110,8313,skill_668,002_UnityDataAssetPack_datapack__file110,2949,skill_668,100x100,100.0x100.0,local,1
002_UnityDataAssetPack_datapack__file110,8314,336,002_UnityDataAssetPack_datapack__file110,2950,336,180x248,180.0x248.0,local,1
002_UnityDataAssetPack_datapack__file110,8315,ship_member_4_1,002_UnityDataAssetPack_datapack__file110,2951,ship_member_4_1,180x148,180.0x148.0,local,1
002_UnityDataAssetPack_datapack__file110,8316,rect_27,002_UnityDataAssetPack_datapack__file110,2952,rect_27,60x60,60.0x60.0,local,1
002_UnityDataAssetPack_datapack__file110,8317,Hit_185,002_UnityDataAssetPack_datapack__file110,2953,Hit_185,1012x592,1012.0x592.0,local,1
002_UnityDataAssetPack_datapack__file110,8318,62,002_UnityDataAssetPack_datapack__file110,2956,62,80x80,80.0x80.0,local,1
002_UnityDataAssetPack_datapack__file110,8319,162,002_UnityDataAssetPack_datapack__file110,2957,162,100x100,100.0x100.0,local,1
002_UnityDataAssetPack_datapack__file110,8320,48,002_UnityDataAssetPack_datapack__file110,2958,48,84x84,84.0x84.0,local,1
002_UnityDataAssetPack_datapack__file110,8321,211,002_UnityDataAssetPack_datapack__file110,2959,211,100x100,100.0x100.0,local,1
002_UnityDataAssetPack_datapack__file110,8322,3,002_UnityDataAssetPack_datapack__file110,2960,3,100x100,100.0x100.0,local,1
002_UnityDataAssetPack_datapack__file110,8323,158,002_UnityDataAssetPack_datapack__file110,2961,158,100x100,100.0x100.0,local,1
002_UnityDataAssetPack_datapack__file110,8324,building_dungeon,002_UnityDataAssetPack_datapack__file110,2963,building_dungeon,469x256,469.0x256.0,local,1
002_UnityDataAssetPack_datapack__file110,8325,Hero_1113,002_UnityDataAssetPack_datapack__file110,2964,Hero_1113,320x224,320.0x224.0,local,1
002_UnityDataAssetPack_datapack__file110,8326,skill_152,002_UnityDataAssetPack_datapack__file110,2965,skill_152,100x100,100.0x100.0,local,1
002_UnityDataAssetPack_datapack__file110,8327,12,002_UnityDataAssetPack_datapack__file110,2966,12,203x70,203.0x70.0,local,1
002_UnityDataAssetPack_datapack__file110,8328,85,002_UnityDataAssetPack_datapack__file110,2967,85,100x100,100.0x100.0,local,1
002_UnityDataAssetPack_datapack__file110,8329,icon_clock,002_UnityDataAssetPack_datapack__file110,2969,icon_clock,37x43,37.0x43.0,local,1
002_UnityDataAssetPack_datapack__file110,8330,icon_kimluan,002_UnityDataAssetPack_datapack__file110,2970,icon_kimluan,88x88,88.0x88.0,local,1
002_UnityDataAssetPack_datapack__file110,8331,ship_member_2_3,002_UnityDataAssetPack_datapack__file110,2971,ship_member_2_3,180x148,180.0x148.0,local,1
002_UnityDataAssetPack_datapack__file110,8332,bannertichvip,002_UnityDataAssetPack_datapack__file110,2972,bannertichvip,700x132,700.0x132.0,local,1
002_UnityDataAssetPack_datapack__file110,8333,button_hp,002_UnityDataAssetPack_datapack__file110,2973,button_hp,97x97,97.0x97.0,local,1
002_UnityDataAssetPack_datapack__file110,8334,Island_sky,002_UnityDataAssetPack_datapack__file110,2974,Island_sky,392x262,392.0x262.0,local,1
002_UnityDataAssetPack_datapack__file110,8335,bgr_star_7,002_UnityDataAssetPack_datapack__file110,2975,bgr_star_7,168x44,168.0x44.0,local,1
002_UnityDataAssetPack_datapack__file110,8336,skill_677,002_UnityDataAssetPack_datapack__file110,2976,skill_677,100x100,100.0x100.0,local,1
002_UnityDataAssetPack_datapack__file110,8337,skill_220,002_UnityDataAssetPack_datapack__file110,2977,skill_220,100x100,100.0x100.0,local,1
002_UnityDataAssetPack_datapack__file110,8338,bui_ma_thuat,002_UnityDataAssetPack_datapack__file110,2978,bui_ma_thuat,100x100,100.0x100.0,local,1
002_UnityDataAssetPack_datapack__file110,8339,bgr_one_pack_placeholder,002_UnityDataAssetPack_datapack__file110,2979,bgr_one_pack_placeholder,536x436,536.0x436.0,local,1
002_UnityDataAssetPack_datapack__file110,8340,icon_soul_coin,002_UnityDataAssetPack_datapack__file110,2980,icon_soul_coin,52x52,52.0x52.0,local,1
002_UnityDataAssetPack_datapack__file110,8341,icon_feedback_fk,002_UnityDataAssetPack_datapack__file110,2981,icon_feedback_fk,92x92,92.0x92.0,local,1
002_UnityDataAssetPack_datapack__file110,8342,149,002_UnityDataAssetPack_datapack__file110,2983,149,180x248,180.0x248.0,local,1
002_UnityDataAssetPack_datapack__file110,8343,Hero_1234,002_UnityDataAssetPack_datapack__file110,2984,Hero_1234,1024x996,1024.0x996.0,local,1
002_UnityDataAssetPack_datapack__file110,8344,icon_guild_coin,002_UnityDataAssetPack_datapack__file110,2985,icon_guild_coin,52x52,52.0x52.0,local,1
002_UnityDataAssetPack_datapack__file110,8345,1,002_UnityDataAssetPack_datapack__file110,2986,1,100x100,100.0x100.0,local,1
002_UnityDataAssetPack_datapack__file110,8346,ability_24,002_UnityDataAssetPack_datapack__file110,2987,ability_24,116x116,116.0x116.0,local,1
002_UnityDataAssetPack_datapack__file110,8347,eventBet,002_UnityDataAssetPack_datapack__file110,2988,eventBet,155x75,155.0x75.0,local,1
002_UnityDataAssetPack_datapack__file110,8348,1_off,002_UnityDataAssetPack_datapack__file110,2989,1_off,140x72,140.0x72.0,local,1
002_UnityDataAssetPack_datapack__file110,8349,gem_8,002_UnityDataAssetPack_datapack__file110,2990,gem_8,144x136,144.0x136.0,local,1
002_UnityDataAssetPack_datapack__file110,8350,dummy_island_2_2,002_UnityDataAssetPack_datapack__file110,2993,dummy_island_2_2,250x233,250.0x233.0,local,1
002_UnityDataAssetPack_datapack__file110,8351,30004,002_UnityDataAssetPack_datapack__file110,2994,30004,100x100,100.0x100.0,local,1
002_UnityDataAssetPack_datapack__file110,8352,skill_pet5_active,002_UnityDataAssetPack_datapack__file110,2995,skill_pet5_active,100x100,100.0x100.0,local,1
002_UnityDataAssetPack_datapack__file110,8353,tab_off,002_UnityDataAssetPack_datapack__file110,2996,tab_off,156x57,156.0x57.0,local,1
002_UnityDataAssetPack_datapack__file110,8354,hero_quality_7,002_UnityDataAssetPack_datapack__file110,2997,hero_quality_7,110x86,110.0x86.0,local,1
002_UnityDataAssetPack_datapack__file110,8355,icon_buff_crit_dmg,002_UnityDataAssetPack_datapack__file110,2999,icon_buff_crit_dmg,32x32,32.0x32.0,local,1
002_UnityDataAssetPack_datapack__file110,8356,skill_749,002_UnityDataAssetPack_datapack__file110,3003,skill_749,100x100,100.0x100.0,local,1
002_UnityDataAssetPack_datapack__file110,8357,revive_of_trial,002_UnityDataAssetPack_datapack__file110,3004,revive_of_trial,228x364,228.0x364.0,local,1
002_UnityDataAssetPack_datapack__file110,8358,icon_vs,002_UnityDataAssetPack_datapack__file110,3005,icon_vs,36x36,36.0x36.0,local,1
002_UnityDataAssetPack_datapack__file110,8359,robin_title,002_UnityDataAssetPack_datapack__file110,3006,robin_title,456x227,456.0x227.0,local,1
002_UnityDataAssetPack_datapack__file110,8360,169,002_UnityDataAssetPack_datapack__file110,3007,169,100x100,100.0x100.0,local,1
002_UnityDataAssetPack_datapack__file110,8361,bgr_checkin,002_UnityDataAssetPack_datapack__file110,3008,bgr_checkin,470x579,470.0x579.0,local,1
002_UnityDataAssetPack_datapack__file110,8362,bgr_tap_3,002_UnityDataAssetPack_datapack__file110,3009,bgr_tap_3,1476x880,1476.0x880.0,local,1
002_UnityDataAssetPack_datapack__file110,8363,arrow_restrain_1,002_UnityDataAssetPack_datapack__file110,3010,arrow_restrain_1,50x37,50.0x37.0,local,1
002_UnityDataAssetPack_datapack__file110,8364,skill_227,002_UnityDataAssetPack_datapack__file110,3011,skill_227,100x100,100.0x100.0,local,1
002_UnityDataAssetPack_datapack__file110,8365,ship_member_3_3,002_UnityDataAssetPack_datapack__file110,3012,ship_member_3_3,180x148,180.0x148.0,local,1
002_UnityDataAssetPack_datapack__file110,8366,tab_shop_off,002_UnityDataAssetPack_datapack__file110,3013,tab_shop_off,85x85,85.0x85.0,local,1
002_UnityDataAssetPack_datapack__file110,8367,skill_14,002_UnityDataAssetPack_datapack__file110,3014,skill_14,100x100,100.0x100.0,local,1
002_UnityDataAssetPack_datapack__file110,8368,inform_thongbao,002_UnityDataAssetPack_datapack__file110,3015,inform_thongbao,524x160,524.0x160.0,local,1
002_UnityDataAssetPack_datapack__file110,8369,ranger_freeze_immune,002_UnityDataAssetPack_datapack__file110,3016,ranger_freeze_immune,100x100,100.0x100.0,local,1
002_UnityDataAssetPack_datapack__file110,8370,zoro_title_en,002_UnityDataAssetPack_datapack__file110,3018,zoro_title_en,473x237,473.0x237.0,local,1
002_UnityDataAssetPack_datapack__file110,8371,gate_11,002_UnityDataAssetPack_datapack__file110,3019,gate_11,300x238,300.0x238.0,local,1
002_UnityDataAssetPack_datapack__file110,8372,229,002_UnityDataAssetPack_datapack__file110,3020,229,100x100,100.0x100.0,local,1
002_UnityDataAssetPack_datapack__file110,8373,fame_3,002_UnityDataAssetPack_datapack__file110,3021,fame_3,95x257,95.0x257.0,local,1
002_UnityDataAssetPack_datapack__file110,8374,bg_23,002_UnityDataAssetPack_datapack__file110,3022,bg_23,332x48,332.0x48.0,local,1
002_UnityDataAssetPack_datapack__file110,8375,tab_account_off,002_UnityDataAssetPack_datapack__file110,3023,tab_account_off,78x90,78.0x90.0,local,1
002_UnityDataAssetPack_datapack__file110,8376,103,002_UnityDataAssetPack_datapack__file110,3025,103,100x100,100.0x100.0,local,1
002_UnityDataAssetPack_datapack__file110,8377,icon_3,002_UnityDataAssetPack_datapack__file110,3026,icon_3,114x114,114.0x114.0,local,1
002_UnityDataAssetPack_datapack__file110,8378,229,002_UnityDataAssetPack_datapack__file110,3028,229,640x512,640.0x512.0,local,1
002_UnityDataAssetPack_datapack__file110,8379,bgr_event_on,002_UnityDataAssetPack_datapack__file110,3030,bgr_event_on,100x100,100.0x100.0,local,1
002_UnityDataAssetPack_datapack__file110,8380,57,002_UnityDataAssetPack_datapack__file110,3031,57,144x144,144.0x144.0,local,1
002_UnityDataAssetPack_datapack__file110,8381,progress_head_2,002_UnityDataAssetPack_datapack__file110,3032,progress_head_2,24x40,24.0x40.0,local,1
002_UnityDataAssetPack_datapack__file110,8382,Hit_106,002_UnityDataAssetPack_datapack__file110,3033,Hit_106,507x109,507.0x109.0,local,1
002_UnityDataAssetPack_datapack__file110,8383,skill_702,002_UnityDataAssetPack_datapack__file110,3034,skill_702,100x100,100.0x100.0,local,1
002_UnityDataAssetPack_datapack__file110,8384,button_orange2,002_UnityDataAssetPack_datapack__file110,3035,button_orange2,216x76,216.0x76.0,local,1
002_UnityDataAssetPack_datapack__file110,8385,sum_shadow,002_UnityDataAssetPack_datapack__file110,3036,sum_shadow,196x361,196.0x361.0,local,1
002_UnityDataAssetPack_datapack__file110,8386,button_preview,002_UnityDataAssetPack_datapack__file110,3037,button_preview,72x72,72.0x72.0,local,1
002_UnityDataAssetPack_datapack__file110,8387,button_minus,002_UnityDataAssetPack_datapack__file110,3038,button_minus,47x47,47.0x47.0,local,1
002_UnityDataAssetPack_datapack__file110,8388,23,002_UnityDataAssetPack_datapack__file110,3039,23,100x100,100.0x100.0,local,1
002_UnityDataAssetPack_datapack__file110,8389,skill_707,002_UnityDataAssetPack_datapack__file110,3040,skill_707,100x100,100.0x100.0,local,1
002_UnityDataAssetPack_datapack__file110,8390,icon_5,002_UnityDataAssetPack_datapack__file110,3042,icon_5,88x88,88.0x88.0,local,1
002_UnityDataAssetPack_datapack__file110,8391,dumb_island_5,002_UnityDataAssetPack_datapack__file110,3043,dumb_island_5,313x156,313.0x156.0,local,1
002_UnityDataAssetPack_datapack__file110,8392,dumb_island_8,002_UnityDataAssetPack_datapack__file110,3044,dumb_island_8,190x161,190.0x161.0,local,1
002_UnityDataAssetPack_datapack__file110,8393,roulette_center,002_UnityDataAssetPack_datapack__file110,3045,roulette_center,200x272,200.0x272.0,local,1
002_UnityDataAssetPack_datapack__file110,8394,map_flag,002_UnityDataAssetPack_datapack__file110,3046,map_flag,264x140,264.0x140.0,local,1
002_UnityDataAssetPack_datapack__file110,8395,base_boss_head,002_UnityDataAssetPack_datapack__file110,3047,base_boss_head,44x36,44.0x36.0,local,1
002_UnityDataAssetPack_datapack__file110,8396,7,002_UnityDataAssetPack_datapack__file110,3048,7,100x100,100.0x100.0,local,1
002_UnityDataAssetPack_datapack__file110,8397,button_spin,002_UnityDataAssetPack_datapack__file110,3049,button_spin,110x113,110.0x113.0,local,1
002_UnityDataAssetPack_datapack__file110,8398,186,002_UnityDataAssetPack_datapack__file110,3050,186,640x512,640.0x512.0,local,1
002_UnityDataAssetPack_datapack__file110,8399,skill_162,002_UnityDataAssetPack_datapack__file110,3051,skill_162,100x100,100.0x100.0,local,1
002_UnityDataAssetPack_datapack__file110,8400,streak_bgr,002_UnityDataAssetPack_datapack__file110,3052,streak_bgr,142x142,142.0x142.0,local,1
002_UnityDataAssetPack_datapack__file110,8401,70,002_UnityDataAssetPack_datapack__file110,3053,70,640x512,640.0x512.0,local,1
002_UnityDataAssetPack_datapack__file110,8402,skill_235,002_UnityDataAssetPack_datapack__file110,3054,skill_235,100x100,100.0x100.0,local,1
002_UnityDataAssetPack_datapack__file110,8403,icon_home_newyear,002_UnityDataAssetPack_datapack__file110,3055,icon_home_newyear,95x100,95.0x100.0,local,1
002_UnityDataAssetPack_datapack__file110,8404,ability_11,002_UnityDataAssetPack_datapack__file110,3056,ability_11,116x116,116.0x116.0,local,1
002_UnityDataAssetPack_datapack__file110,8405,tag_name_relic,002_UnityDataAssetPack_datapack__file110,3057,tag_name_relic,164x32,164.0x32.0,local,1
002_UnityDataAssetPack_datapack__file110,8406,icon_debuff_attack,002_UnityDataAssetPack_datapack__file110,3058,icon_debuff_attack,32x32,32.0x32.0,local,1
002_UnityDataAssetPack_datapack__file110,8407,icon_debuff_holy_dmg,002_UnityDataAssetPack_datapack__file110,3059,icon_debuff_holy_dmg,32x32,32.0x32.0,local,1
002_UnityDataAssetPack_datapack__file110,8408,skill_701,002_UnityDataAssetPack_datapack__file110,3061,skill_701,100x100,100.0x100.0,local,1
002_UnityDataAssetPack_datapack__file110,8409,fire_ball,002_UnityDataAssetPack_datapack__file110,3062,fire_ball,108x200,108.0x200.0,local,1
002_UnityDataAssetPack_datapack__file110,8410,174,002_UnityDataAssetPack_datapack__file110,3064,174,640x512,640.0x512.0,local,1
002_UnityDataAssetPack_datapack__file110,8411,event_2,002_UnityDataAssetPack_datapack__file110,3065,event_2,700x132,700.0x132.0,local,1
002_UnityDataAssetPack_datapack__file110,8412,mine_gem,002_UnityDataAssetPack_datapack__file110,3066,mine_gem,136x129,136.0x129.0,local,1
002_UnityDataAssetPack_datapack__file110,8413,mine_gold,002_UnityDataAssetPack_datapack__file110,3067,mine_gold,137x112,137.0x112.0,local,1
002_UnityDataAssetPack_datapack__file110,8414,67,002_UnityDataAssetPack_datapack__file110,3068,67,180x248,180.0x248.0,local,1
002_UnityDataAssetPack_datapack__file110,8415,1003,002_UnityDataAssetPack_datapack__file110,3069,1003,100x100,100.0x100.0,local,1
002_UnityDataAssetPack_datapack__file110,8416,title_black_smith,002_UnityDataAssetPack_datapack__file110,3070,title_black_smith,1140x60,1140.0x60.0,local,1
002_UnityDataAssetPack_datapack__file110,8417,skill_168,002_UnityDataAssetPack_datapack__file110,3071,skill_168,100x100,100.0x100.0,local,1
002_UnityDataAssetPack_datapack__file110,8418,107,002_UnityDataAssetPack_datapack__file110,3072,107,100x100,100.0x100.0,local,1
002_UnityDataAssetPack_datapack__file110,8419,sum_selected,002_UnityDataAssetPack_datapack__file110,3073,sum_selected,206x370,206.0x370.0,local,1
002_UnityDataAssetPack_datapack__file110,8420,ability_18,002_UnityDataAssetPack_datapack__file110,3074,ability_18,112x108,112.0x108.0,local,1
002_UnityDataAssetPack_datapack__file110,8421,rect_help,002_UnityDataAssetPack_datapack__file110,3075,rect_help,136x138,136.0x138.0,local,1
002_UnityDataAssetPack_datapack__file110,8422,mf_background,002_UnityDataAssetPack_datapack__file110,3076,mf_background,1024x412,1024.0x412.0,local,1
002_UnityDataAssetPack_datapack__file110,8423,5,002_UnityDataAssetPack_datapack__file110,3078,5,100x100,100.0x100.0,local,1
002_UnityDataAssetPack_datapack__file110,8424,179,002_UnityDataAssetPack_datapack__file110,3079,179,180x248,180.0x248.0,local,1
002_UnityDataAssetPack_datapack__file110,8425,guild_flag_null,002_UnityDataAssetPack_datapack__file110,3080,guild_flag_null,112x104,112.0x104.0,local,1
002_UnityDataAssetPack_datapack__file110,8426,border_item,002_UnityDataAssetPack_datapack__file110,3081,border_item,100x100,100.0x100.0,local,1
002_UnityDataAssetPack_datapack__file110,8427,tag_collect,002_UnityDataAssetPack_datapack__file110,3082,tag_collect,108x56,108.0x56.0,local,1
002_UnityDataAssetPack_datapack__file110,8428,307,002_UnityDataAssetPack_datapack__file110,3083,307,640x512,640.0x512.0,local,1
002_UnityDataAssetPack_datapack__file110,8429,165,002_UnityDataAssetPack_datapack__file110,3084,165,180x248,180.0x248.0,local,1
002_UnityDataAssetPack_datapack__file110,8430,faction_dark_ia,002_UnityDataAssetPack_datapack__file110,3085,faction_dark_ia,80x80,80.0x80.0,local,1
002_UnityDataAssetPack_datapack__file110,8431,125,002_UnityDataAssetPack_datapack__file110,3086,125,100x100,100.0x100.0,local,1
002_UnityDataAssetPack_datapack__file110,8432,border_avatar,002_UnityDataAssetPack_datapack__file110,3087,border_avatar,108x107,108.0x107.0,local,1
002_UnityDataAssetPack_datapack__file110,8433,icon_shop_fk,002_UnityDataAssetPack_datapack__file110,3088,icon_shop_fk,92x92,92.0x92.0,local,1
002_UnityDataAssetPack_datapack__file110,8434,Island_market,002_UnityDataAssetPack_datapack__file110,3089,Island_market,502x265,502.0x265.0,local,1
002_UnityDataAssetPack_datapack__file110,8435,156,002_UnityDataAssetPack_datapack__file110,3090,156,100x100,100.0x100.0,local,1
002_UnityDataAssetPack_datapack__file110,8436,hai_tac_daichien,002_UnityDataAssetPack_datapack__file110,3091,hai_tac_daichien,236x116,236.0x116.0,local,1
002_UnityDataAssetPack_datapack__file110,8437,button_help,002_UnityDataAssetPack_datapack__file110,3092,button_help,66x65,66.0x65.0,local,1
002_UnityDataAssetPack_datapack__file110,8438,icon_vip,002_UnityDataAssetPack_datapack__file110,3093,icon_vip,84x56,84.0x56.0,local,1
002_UnityDataAssetPack_datapack__file110,8439,104,002_UnityDataAssetPack_datapack__file110,3094,104,100x100,100.0x100.0,local,1
002_UnityDataAssetPack_datapack__file110,8440,44,002_UnityDataAssetPack_datapack__file110,3095,44,100x100,100.0x100.0,local,1
002_UnityDataAssetPack_datapack__file110,8441,icon_event_t22_1,002_UnityDataAssetPack_datapack__file110,3096,icon_event_t22_1,100x100,100.0x100.0,local,1
002_UnityDataAssetPack_datapack__file110,8442,dice_green_3,002_UnityDataAssetPack_datapack__file110,3097,dice_green_3,116x116,116.0x116.0,local,1
002_UnityDataAssetPack_datapack__file110,8443,174,002_UnityDataAssetPack_datapack__file110,3098,174,100x100,100.0x100.0,local,1
002_UnityDataAssetPack_datapack__file110,8444,link_chain,002_UnityDataAssetPack_datapack__file110,3099,link_chain,16x60,16.0x60.0,local,1
002_UnityDataAssetPack_datapack__file110,8445,tag_title_2,002_UnityDataAssetPack_datapack__file110,3100,tag_title_2,465x65,465.0x65.0,local,1
002_UnityDataAssetPack_datapack__file110,8446,rect_20,002_UnityDataAssetPack_datapack__file110,3101,rect_20,80x83,80.0x83.0,local,1
002_UnityDataAssetPack_datapack__file110,8447,BattleArena3,002_UnityDataAssetPack_datapack__file110,3102,BattleArena3,1476x880,1476.0x880.0,local,1
002_UnityDataAssetPack_datapack__file110,8448,title_bar_allstars,002_UnityDataAssetPack_datapack__file110,3103,title_bar_allstars,408x56,408.0x56.0,local,1
002_UnityDataAssetPack_datapack__file110,8449,icon_3_1,002_UnityDataAssetPack_datapack__file110,3104,icon_3_1,96x96,96.0x96.0,local,1
002_UnityDataAssetPack_datapack__file110,8450,circle_off,002_UnityDataAssetPack_datapack__file110,3105,circle_off,104x104,104.0x104.0,local,1
002_UnityDataAssetPack_datapack__file110,8451,bgr_light,002_UnityDataAssetPack_datapack__file110,3106,bgr_light,52x52,52.0x52.0,local,1
002_UnityDataAssetPack_datapack__file110,8452,skill_695,002_UnityDataAssetPack_datapack__file110,3107,skill_695,100x100,100.0x100.0,local,1
002_UnityDataAssetPack_datapack__file110,8453,58,002_UnityDataAssetPack_datapack__file110,3108,58,100x100,100.0x100.0,local,1
002_UnityDataAssetPack_datapack__file110,8454,skill_721,002_UnityDataAssetPack_datapack__file110,3109,skill_721,100x100,100.0x100.0,local,1
002_UnityDataAssetPack_datapack__file110,8455,menu_home2_altar,002_UnityDataAssetPack_datapack__file110,3111,menu_home2_altar,100x100,100.0x100.0,local,1
002_UnityDataAssetPack_datapack__file110,8456,icon_lotion_4,002_UnityDataAssetPack_datapack__file110,3112,icon_lotion_4,100x100,100.0x100.0,local,1
002_UnityDataAssetPack_datapack__file110,8457,skill_136,002_UnityDataAssetPack_datapack__file110,3113,skill_136,100x100,100.0x100.0,local,1
002_UnityDataAssetPack_datapack__file110,8458,skill_134,002_UnityDataAssetPack_datapack__file110,3114,skill_134,100x100,100.0x100.0,local,1
002_UnityDataAssetPack_datapack__file110,8459,priest_block,002_UnityDataAssetPack_datapack__file110,3115,priest_block,100x100,100.0x100.0,local,1
002_UnityDataAssetPack_datapack__file110,8460,gem_7_en,002_UnityDataAssetPack_datapack__file110,3116,gem_7_en,144x136,144.0x136.0,local,1
002_UnityDataAssetPack_datapack__file110,8461,bonus-gif_big,002_UnityDataAssetPack_datapack__file110,3117,bonus-gif_big,700x460,700.0x460.0,local,1
002_UnityDataAssetPack_datapack__file110,8462,71,002_UnityDataAssetPack_datapack__file110,3118,71,640x512,640.0x512.0,local,1
002_UnityDataAssetPack_datapack__file110,8463,161,002_UnityDataAssetPack_datapack__file110,3119,161,640x512,640.0x512.0,local,1
002_UnityDataAssetPack_datapack__file110,8464,92,002_UnityDataAssetPack_datapack__file110,3120,92,180x248,180.0x248.0,local,1
002_UnityDataAssetPack_datapack__file110,8465,20,002_UnityDataAssetPack_datapack__file110,3121,20,100x100,100.0x100.0,local,1
002_UnityDataAssetPack_datapack__file110,8466,5,002_UnityDataAssetPack_datapack__file110,3122,5,84x84,84.0x84.0,local,1
002_UnityDataAssetPack_datapack__file110,8467,icon_boss_fk,002_UnityDataAssetPack_datapack__file110,3123,icon_boss_fk,92x92,92.0x92.0,local,1
002_UnityDataAssetPack_datapack__file110,8468,tag_x2,002_UnityDataAssetPack_datapack__file110,3124,tag_x2,112x51,112.0x51.0,local,1
002_UnityDataAssetPack_datapack__file110,8469,rect_24,002_UnityDataAssetPack_datapack__file110,3125,rect_24,40x40,40.0x40.0,local,1
002_UnityDataAssetPack_datapack__file110,8470,icon_12,002_UnityDataAssetPack_datapack__file110,3126,icon_12,88x88,88.0x88.0,local,1
002_UnityDataAssetPack_datapack__file110,8471,47,002_UnityDataAssetPack_datapack__file110,3127,47,144x144,144.0x144.0,local,1
002_UnityDataAssetPack_datapack__file110,8472,bgr_avatar,002_UnityDataAssetPack_datapack__file110,3128,bgr_avatar,98x97,98.0x97.0,local,1
002_UnityDataAssetPack_datapack__file110,8473,68,002_UnityDataAssetPack_datapack__file110,3129,68,180x248,180.0x248.0,local,1
002_UnityDataAssetPack_datapack__file110,8474,button_music_on,002_UnityDataAssetPack_datapack__file110,3130,button_music_on,88x88,88.0x88.0,local,1
002_UnityDataAssetPack_datapack__file110,8475,box_chat1,002_UnityDataAssetPack_datapack__file110,3131,box_chat1,70x60,70.0x60.0,local,1
002_UnityDataAssetPack_datapack__file110,8476,tower_bottom,002_UnityDataAssetPack_datapack__file110,3132,tower_bottom,122x125,122.0x125.0,local,1
002_UnityDataAssetPack_datapack__file110,8477,29,002_UnityDataAssetPack_datapack__file110,3135,29,144x144,144.0x144.0,local,1
002_UnityDataAssetPack_datapack__file110,8478,priest_anti_mage,002_UnityDataAssetPack_datapack__file110,3137,priest_anti_mage,100x100,100.0x100.0,local,1
002_UnityDataAssetPack_datapack__file110,8479,49,002_UnityDataAssetPack_datapack__file110,3138,49,144x144,144.0x144.0,local,1
002_UnityDataAssetPack_datapack__file110,8480,mage_hp,002_UnityDataAssetPack_datapack__file110,3139,mage_hp,100x100,100.0x100.0,local,1
002_UnityDataAssetPack_datapack__file110,8481,icon_14,002_UnityDataAssetPack_datapack__file110,3140,icon_14,88x88,88.0x88.0,local,1
002_UnityDataAssetPack_datapack__file110,8482,border,002_UnityDataAssetPack_datapack__file110,3141,border,711x558,711.0x558.0,local,1
002_UnityDataAssetPack_datapack__file110,8483,gem_6,002_UnityDataAssetPack_datapack__file110,3142,gem_6,80x80,80.0x80.0,local,1
002_UnityDataAssetPack_datapack__file110,8484,icon_24,002_UnityDataAssetPack_datapack__file110,3143,icon_24,88x88,88.0x88.0,local,1
002_UnityDataAssetPack_datapack__file110,8485,bgr_market_event,002_UnityDataAssetPack_datapack__file110,3144,bgr_market_event,708x292,708.0x292.0,local,1
002_UnityDataAssetPack_datapack__file110,8486,ability_4,002_UnityDataAssetPack_datapack__file110,3146,ability_4,116x116,116.0x116.0,local,1
002_UnityDataAssetPack_datapack__file110,8487,warrior_anti_priest,002_UnityDataAssetPack_datapack__file110,3147,warrior_anti_priest,100x100,100.0x100.0,local,1
002_UnityDataAssetPack_datapack__file110,8488,Hero_1802,002_UnityDataAssetPack_datapack__file110,3148,Hero_1802,1012x592,1012.0x592.0,local,1
002_UnityDataAssetPack_datapack__file110,8489,131,002_UnityDataAssetPack_datapack__file110,3149,131,180x248,180.0x248.0,local,1
002_UnityDataAssetPack_datapack__file110,8490,skill_257,002_UnityDataAssetPack_datapack__file110,3150,skill_257,100x100,100.0x100.0,local,1
002_UnityDataAssetPack_datapack__file110,8491,188,002_UnityDataAssetPack_datapack__file110,3151,188,180x248,180.0x248.0,local,1
002_UnityDataAssetPack_datapack__file110,8492,button_small_shop,002_UnityDataAssetPack_datapack__file110,3152,button_small_shop,72x72,72.0x72.0,local,1
002_UnityDataAssetPack_datapack__file110,8493,skill_pet4_active,002_UnityDataAssetPack_datapack__file110,3153,skill_pet4_active,100x100,100.0x100.0,local,1
002_UnityDataAssetPack_datapack__file110,8494,dautruong_cori2,002_UnityDataAssetPack_datapack__file110,3154,dautruong_cori2,320x100,320.0x100.0,local,1
002_UnityDataAssetPack_datapack__file110,8495,b_4,002_UnityDataAssetPack_datapack__file110,3155,b_4,476x476,476.0x476.0,local,1
002_UnityDataAssetPack_datapack__file110,8496,32,002_UnityDataAssetPack_datapack__file110,3156,32,100x100,100.0x100.0,local,1
002_UnityDataAssetPack_datapack__file110,8497,Char_Violet_beat,002_UnityDataAssetPack_datapack__file110,3157,Char_Violet_beat,66x34,66.0x34.0,local,1
002_UnityDataAssetPack_datapack__file110,8498,icon_attack,002_UnityDataAssetPack_datapack__file110,3158,icon_attack,100x100,100.0x100.0,local,1
002_UnityDataAssetPack_datapack__file110,8499,btn_Action,002_UnityDataAssetPack_datapack__file110,3159,btn_Action,172x48,172.0x48.0,local,1
002_UnityDataAssetPack_datapack__file110,8500,button_giftcode,002_UnityDataAssetPack_datapack__file110,3161,button_giftcode,131x52,131.0x52.0,local,1
002_UnityDataAssetPack_datapack__file110,8501,68,002_UnityDataAssetPack_datapack__file110,3162,68,100x100,100.0x100.0,local,1
002_UnityDataAssetPack_datapack__file110,8502,guild_flag_17,002_UnityDataAssetPack_datapack__file110,3163,guild_flag_17,88x92,88.0x92.0,local,1
002_UnityDataAssetPack_datapack__file110,8503,235,002_UnityDataAssetPack_datapack__file110,3164,235,180x248,180.0x248.0,local,1
002_UnityDataAssetPack_datapack__file110,8504,button_limit_event,002_UnityDataAssetPack_datapack__file110,3165,button_limit_event,92x92,92.0x92.0,local,1
002_UnityDataAssetPack_datapack__file110,8505,29,002_UnityDataAssetPack_datapack__file110,3166,29,100x100,100.0x100.0,local,1
002_UnityDataAssetPack_datapack__file110,8506,Hero_1006,002_UnityDataAssetPack_datapack__file110,3168,Hero_1006,724x267,724.0x267.0,local,1
002_UnityDataAssetPack_datapack__file110,8507,check_bet,002_UnityDataAssetPack_datapack__file110,3169,check_bet,54x56,54.0x56.0,local,1
002_UnityDataAssetPack_datapack__file110,8508,button_info_2,002_UnityDataAssetPack_datapack__file110,3172,button_info_2,60x60,60.0x60.0,local,1
002_UnityDataAssetPack_datapack__file110,8509,gem_5_en,002_UnityDataAssetPack_datapack__file110,3173,gem_5_en,144x136,144.0x136.0,local,1
002_UnityDataAssetPack_datapack__file110,8510,home2_button_bgr,002_UnityDataAssetPack_datapack__file110,3174,home2_button_bgr,100x100,100.0x100.0,local,1
002_UnityDataAssetPack_datapack__file110,8511,skill_211,002_UnityDataAssetPack_datapack__file110,3175,skill_211,100x100,100.0x100.0,local,1
002_UnityDataAssetPack_datapack__file110,8512,button_chat,002_UnityDataAssetPack_datapack__file110,3176,button_chat,60x44,60.0x44.0,local,1
002_UnityDataAssetPack_datapack__file110,8513,progress_buff_1,002_UnityDataAssetPack_datapack__file110,3177,progress_buff_1,141x26,141.0x26.0,local,1
002_UnityDataAssetPack_datapack__file110,8514,map_ground_end,002_UnityDataAssetPack_datapack__file110,3178,map_ground_end,660x752,660.0x752.0,local,1
002_UnityDataAssetPack_datapack__file110,8515,skill_693,002_UnityDataAssetPack_datapack__file110,3179,skill_693,100x100,100.0x100.0,local,1
002_UnityDataAssetPack_datapack__file110,8516,head_2,002_UnityDataAssetPack_datapack__file110,3180,head_2,100x100,100.0x100.0,local,1
002_UnityDataAssetPack_datapack__file110,8517,home2_campaign,002_UnityDataAssetPack_datapack__file110,3181,home2_campaign,84x92,84.0x92.0,local,1
002_UnityDataAssetPack_datapack__file110,8518,218,002_UnityDataAssetPack_datapack__file110,3182,218,640x512,640.0x512.0,local,1
002_UnityDataAssetPack_datapack__file110,8519,tag_name_home,002_UnityDataAssetPack_datapack__file110,3183,tag_name_home,213x46,213.0x46.0,local,1
002_UnityDataAssetPack_datapack__file110,8520,building_brave_trial,002_UnityDataAssetPack_datapack__file110,3184,building_brave_trial,215x171,215.0x171.0,local,1
002_UnityDataAssetPack_datapack__file110,8521,skill_42,002_UnityDataAssetPack_datapack__file110,3185,skill_42,100x100,100.0x100.0,local,1
002_UnityDataAssetPack_datapack__file110,8522,bgr_star_5,002_UnityDataAssetPack_datapack__file110,3186,bgr_star_5,168x44,168.0x44.0,local,1
002_UnityDataAssetPack_datapack__file110,8523,bgr_bonus,002_UnityDataAssetPack_datapack__file110,3187,bgr_bonus,96x80,96.0x80.0,local,1
002_UnityDataAssetPack_datapack__file110,8524,icon_reward_2,002_UnityDataAssetPack_datapack__file110,3188,icon_reward_2,100x100,100.0x100.0,local,1
002_UnityDataAssetPack_datapack__file110,8525,box_field_1,002_UnityDataAssetPack_datapack__file110,3189,box_field_1,210x44,210.0x44.0,local,1
002_UnityDataAssetPack_datapack__file110,8526,149,002_UnityDataAssetPack_datapack__file110,3190,149,640x512,640.0x512.0,local,1
002_UnityDataAssetPack_datapack__file110,8527,icon_denlong,002_UnityDataAssetPack_datapack__file110,3191,icon_denlong,52x52,52.0x52.0,local,1
002_UnityDataAssetPack_datapack__file110,8528,building_boss,002_UnityDataAssetPack_datapack__file110,3192,building_boss,257x178,257.0x178.0,local,1
002_UnityDataAssetPack_datapack__file110,8529,ability_15,002_UnityDataAssetPack_datapack__file110,3193,ability_15,116x116,116.0x116.0,local,1
002_UnityDataAssetPack_datapack__file110,8530,skill_120,002_UnityDataAssetPack_datapack__file110,3194,skill_120,100x100,100.0x100.0,local,1
002_UnityDataAssetPack_datapack__file110,8531,icon_lose,002_UnityDataAssetPack_datapack__file110,3195,icon_lose,40x40,40.0x40.0,local,1
002_UnityDataAssetPack_datapack__file110,8532,skill_137,002_UnityDataAssetPack_datapack__file110,3196,skill_137,100x100,100.0x100.0,local,1
002_UnityDataAssetPack_datapack__file110,8533,36,002_UnityDataAssetPack_datapack__file110,3197,36,84x84,84.0x84.0,local,1
002_UnityDataAssetPack_datapack__file110,8534,16,002_UnityDataAssetPack_datapack__file110,3198,16,100x100,100.0x100.0,local,1
002_UnityDataAssetPack_datapack__file110,8535,item_star,002_UnityDataAssetPack_datapack__file110,3199,item_star,32x32,32.0x32.0,local,1
002_UnityDataAssetPack_datapack__file110,8536,Joystick1,002_UnityDataAssetPack_datapack__file110,3200,Joystick1,62x62,62.0x62.0,local,1
002_UnityDataAssetPack_datapack__file110,8537,round_rect_19,002_UnityDataAssetPack_datapack__file110,3201,round_rect_19,100x100,100.0x100.0,local,1
002_UnityDataAssetPack_datapack__file110,8538,button_shop_brave,002_UnityDataAssetPack_datapack__file110,3202,button_shop_brave,110x110,110.0x110.0,local,1
002_UnityDataAssetPack_datapack__file110,8539,tag_sold_out,002_UnityDataAssetPack_datapack__file110,3203,tag_sold_out,56x60,56.0x60.0,local,1
002_UnityDataAssetPack_datapack__file110,8540,mask_item,002_UnityDataAssetPack_datapack__file110,3204,mask_item,100x100,100.0x100.0,local,1
002_UnityDataAssetPack_datapack__file110,8541,b_war,002_UnityDataAssetPack_datapack__file110,3205,b_war,171x195,171.0x195.0,local,1
002_UnityDataAssetPack_datapack__file110,8542,skill_196,002_UnityDataAssetPack_datapack__file110,3206,skill_196,100x100,100.0x100.0,local,1
002_UnityDataAssetPack_datapack__file110,8543,69,002_UnityDataAssetPack_datapack__file110,3207,69,144x144,144.0x144.0,local,1
002_UnityDataAssetPack_datapack__file110,8544,2,002_UnityDataAssetPack_datapack__file110,3209,2,100x100,100.0x100.0,local,1
002_UnityDataAssetPack_datapack__file110,8545,Skill_1132,002_UnityDataAssetPack_datapack__file110,3211,Skill_1132,864x892,864.0x892.0,local,1
002_UnityDataAssetPack_datapack__file110,8546,tick_checkin,002_UnityDataAssetPack_datapack__file110,3212,tick_checkin,58x49,58.0x49.0,local,1
002_UnityDataAssetPack_datapack__file110,8547,frame_merchant,002_UnityDataAssetPack_datapack__file110,3213,frame_merchant,105x265,105.0x265.0,local,1
002_UnityDataAssetPack_datapack__file110,8548,228,002_UnityDataAssetPack_datapack__file110,3215,228,180x248,180.0x248.0,local,1
002_UnityDataAssetPack_datapack__file110,8549,luffy_title_en,002_UnityDataAssetPack_datapack__file110,3216,luffy_title_en,509x276,509.0x276.0,local,1
002_UnityDataAssetPack_datapack__file110,8550,event_chieu_mo_dung_tuong,002_UnityDataAssetPack_datapack__file110,3217,event_chieu_mo_dung_tuong,700x132,700.0x132.0,local,1
002_UnityDataAssetPack_datapack__file110,8551,skill_689,002_UnityDataAssetPack_datapack__file110,3218,skill_689,100x100,100.0x100.0,local,1
002_UnityDataAssetPack_datapack__file110,8552,pole_1,002_UnityDataAssetPack_datapack__file110,3219,pole_1,45x795,45.0x795.0,local,1
002_UnityDataAssetPack_datapack__file110,8553,bgr_forge,002_UnityDataAssetPack_datapack__file110,3220,bgr_forge,197x481,197.0x481.0,local,1
002_UnityDataAssetPack_datapack__file110,8554,progress_top_1,002_UnityDataAssetPack_datapack__file110,3221,progress_top_1,84x19,84.0x19.0,local,1
002_UnityDataAssetPack_datapack__file110,8555,team_panel_botton,002_UnityDataAssetPack_datapack__file110,3222,team_panel_botton,360x212,360.0x212.0,local,1
002_UnityDataAssetPack_datapack__file110,8556,48,002_UnityDataAssetPack_datapack__file110,3223,48,100x100,100.0x100.0,local,1
002_UnityDataAssetPack_datapack__file110,8557,shape-copy-5,002_UnityDataAssetPack_datapack__file110,3224,shape-copy-5,163x163,163.0x163.0,local,1
002_UnityDataAssetPack_datapack__file110,8558,47,002_UnityDataAssetPack_datapack__file110,3225,47,100x100,100.0x100.0,local,1
002_UnityDataAssetPack_datapack__file110,8559,ico_gold,002_UnityDataAssetPack_datapack__file110,3226,ico_gold,56x55,56.0x55.0,local,1
002_UnityDataAssetPack_datapack__file110,8560,system_off,002_UnityDataAssetPack_datapack__file110,3227,system_off,76x88,76.0x88.0,local,1
002_UnityDataAssetPack_datapack__file110,8561,Hit_16,002_UnityDataAssetPack_datapack__file110,3228,Hit_16,298x464,298.0x464.0,local,1
002_UnityDataAssetPack_datapack__file110,8562,216,002_UnityDataAssetPack_datapack__file110,3229,216,100x100,100.0x100.0,local,1
002_UnityDataAssetPack_datapack__file110,8563,B_1,002_UnityDataAssetPack_datapack__file110,3230,B_1,350x182,350.0x182.0,local,1
002_UnityDataAssetPack_datapack__file110,8564,bg_s1,002_UnityDataAssetPack_datapack__file110,3231,bg_s1,60x224,60.0x224.0,local,1
002_UnityDataAssetPack_datapack__file110,8565,warrior_precision,002_UnityDataAssetPack_datapack__file110,3232,warrior_precision,100x100,100.0x100.0,local,1
002_UnityDataAssetPack_datapack__file110,8566,c_dark,002_UnityDataAssetPack_datapack__file110,3233,c_dark,113x113,113.0x113.0,local,1
002_UnityDataAssetPack_datapack__file110,8567,163,002_UnityDataAssetPack_datapack__file110,3234,163,180x248,180.0x248.0,local,1
002_UnityDataAssetPack_datapack__file110,8568,skill_165,002_UnityDataAssetPack_datapack__file110,3235,skill_165,100x100,100.0x100.0,local,1
002_UnityDataAssetPack_datapack__file110,8569,88,002_UnityDataAssetPack_datapack__file110,3236,88,180x248,180.0x248.0,local,1
002_UnityDataAssetPack_datapack__file110,8570,mask_bar,002_UnityDataAssetPack_datapack__file110,3237,mask_bar,84x6,84.0x6.0,local,1
002_UnityDataAssetPack_datapack__file110,8571,frame_arena_shop,002_UnityDataAssetPack_datapack__file110,3238,frame_arena_shop,104x104,104.0x104.0,local,1
002_UnityDataAssetPack_datapack__file110,8572,rect_18,002_UnityDataAssetPack_datapack__file110,3239,rect_18,48x48,48.0x48.0,local,1
002_UnityDataAssetPack_datapack__file110,8573,mage_block,002_UnityDataAssetPack_datapack__file110,3241,mage_block,100x100,100.0x100.0,local,1
002_UnityDataAssetPack_datapack__file110,8574,dice_trigger_start,002_UnityDataAssetPack_datapack__file110,3242,dice_trigger_start,100x100,100.0x100.0,local,1
002_UnityDataAssetPack_datapack__file110,8575,button_trial_champion,002_UnityDataAssetPack_datapack__file110,3243,button_trial_champion,348x416,348.0x416.0,local,1
002_UnityDataAssetPack_datapack__file110,8576,93,002_UnityDataAssetPack_datapack__file110,3245,93,100x100,100.0x100.0,local,1
002_UnityDataAssetPack_datapack__file110,8577,166,002_UnityDataAssetPack_datapack__file110,3246,166,640x512,640.0x512.0,local,1
002_UnityDataAssetPack_datapack__file110,8578,arrow_chat2,002_UnityDataAssetPack_datapack__file110,3247,arrow_chat2,36x137,36.0x137.0,local,1
002_UnityDataAssetPack_datapack__file110,8579,guild_flag_23,002_UnityDataAssetPack_datapack__file110,3249,guild_flag_23,88x92,88.0x92.0,local,1
002_UnityDataAssetPack_datapack__file110,8580,mid_autumn_15,002_UnityDataAssetPack_datapack__file110,3250,mid_autumn_15,444x79,444.0x79.0,local,1
002_UnityDataAssetPack_datapack__file110,8581,189,002_UnityDataAssetPack_datapack__file110,3251,189,640x512,640.0x512.0,local,1
002_UnityDataAssetPack_datapack__file110,8582,9,002_UnityDataAssetPack_datapack__file110,3253,9,126x88,126.0x88.0,local,1
002_UnityDataAssetPack_datapack__file110,8583,potion_tray,002_UnityDataAssetPack_datapack__file110,3254,potion_tray,196x108,196.0x108.0,local,1
002_UnityDataAssetPack_datapack__file110,8584,Banner_HoanDoi,002_UnityDataAssetPack_datapack__file110,3255,Banner_HoanDoi,700x132,700.0x132.0,local,1
002_UnityDataAssetPack_datapack__file110,8585,177,002_UnityDataAssetPack_datapack__file110,3256,177,640x512,640.0x512.0,local,1
002_UnityDataAssetPack_datapack__file110,8586,57,002_UnityDataAssetPack_datapack__file110,3257,57,100x100,100.0x100.0,local,1
002_UnityDataAssetPack_datapack__file110,8587,bonus-gift-700x460,002_UnityDataAssetPack_datapack__file110,3258,bonus-gift-700x460,700x460,700.0x460.0,local,1
002_UnityDataAssetPack_datapack__file110,8588,211,002_UnityDataAssetPack_datapack__file110,3259,211,180x248,180.0x248.0,local,1
002_UnityDataAssetPack_datapack__file110,8589,fame_6,002_UnityDataAssetPack_datapack__file110,3260,fame_6,95x257,95.0x257.0,local,1
002_UnityDataAssetPack_datapack__file110,8590,icon_rose,002_UnityDataAssetPack_datapack__file110,3261,icon_rose,100x100,100.0x100.0,local,1
002_UnityDataAssetPack_datapack__file110,8591,button_exclamation,002_UnityDataAssetPack_datapack__file110,3262,button_exclamation,66x65,66.0x65.0,local,1
002_UnityDataAssetPack_datapack__file110,8592,Icon_cola,002_UnityDataAssetPack_datapack__file110,3263,Icon_cola,158x158,158.0x158.0,local,1
002_UnityDataAssetPack_datapack__file110,8593,gem_2,002_UnityDataAssetPack_datapack__file110,3264,gem_2,144x136,144.0x136.0,local,1
002_UnityDataAssetPack_datapack__file110,8594,boss_frame_3,002_UnityDataAssetPack_datapack__file110,3265,boss_frame_3,288x412,288.0x412.0,local,1
002_UnityDataAssetPack_datapack__file110,8595,dot_grey,002_UnityDataAssetPack_datapack__file110,3266,dot_grey,20x20,20.0x20.0,local,1
002_UnityDataAssetPack_datapack__file110,8596,32,002_UnityDataAssetPack_datapack__file110,3267,32,144x144,144.0x144.0,local,1
002_UnityDataAssetPack_datapack__file110,8597,bgr_iap_inside,002_UnityDataAssetPack_datapack__file110,3268,bgr_iap_inside,228x273,228.0x273.0,local,1
002_UnityDataAssetPack_datapack__file110,8598,icon_turn_attack,002_UnityDataAssetPack_datapack__file110,3269,icon_turn_attack,57x51,57.0x51.0,local,1
002_UnityDataAssetPack_datapack__file110,8599,90,002_UnityDataAssetPack_datapack__file110,3270,90,180x248,180.0x248.0,local,1
002_UnityDataAssetPack_datapack__file110,8600,image_close,002_UnityDataAssetPack_datapack__file110,3271,image_close,67x69,67.0x69.0,local,1
002_UnityDataAssetPack_datapack__file110,8601,53,002_UnityDataAssetPack_datapack__file110,3272,53,100x100,100.0x100.0,local,1
002_UnityDataAssetPack_datapack__file110,8602,tag_number,002_UnityDataAssetPack_datapack__file110,3273,tag_number,52x52,52.0x52.0,local,1
002_UnityDataAssetPack_datapack__file110,8603,31,002_UnityDataAssetPack_datapack__file110,3274,31,100x100,100.0x100.0,local,1
002_UnityDataAssetPack_datapack__file110,8604,240,002_UnityDataAssetPack_datapack__file110,3275,240,100x100,100.0x100.0,local,1
002_UnityDataAssetPack_datapack__file110,8605,skill_144,002_UnityDataAssetPack_datapack__file110,3277,skill_144,100x100,100.0x100.0,local,1
002_UnityDataAssetPack_datapack__file110,8606,63,002_UnityDataAssetPack_datapack__file110,3279,63,84x84,84.0x84.0,local,1
002_UnityDataAssetPack_datapack__file110,8607,progress_top_2,002_UnityDataAssetPack_datapack__file110,3280,progress_top_2,84x19,84.0x19.0,local,1
002_UnityDataAssetPack_datapack__file110,8608,Hit_156,002_UnityDataAssetPack_datapack__file110,3281,Hit_156,337x89,337.0x89.0,local,1
002_UnityDataAssetPack_datapack__file110,8609,Img_Altar_On,002_UnityDataAssetPack_datapack__file110,3282,Img_Altar_On,100x100,100.0x100.0,local,1
002_UnityDataAssetPack_datapack__file110,8610,bar_rewards,002_UnityDataAssetPack_datapack__file110,3283,bar_rewards,136x36,136.0x36.0,local,1
002_UnityDataAssetPack_datapack__file110,8611,box_field_2,002_UnityDataAssetPack_datapack__file110,3284,box_field_2,192x36,192.0x36.0,local,1
002_UnityDataAssetPack_datapack__file110,8612,230,002_UnityDataAssetPack_datapack__file110,3285,230,180x248,180.0x248.0,local,1
002_UnityDataAssetPack_datapack__file110,8613,13,002_UnityDataAssetPack_datapack__file110,3286,13,32x32,32.0x32.0,local,1
002_UnityDataAssetPack_datapack__file110,8614,18,002_UnityDataAssetPack_datapack__file110,3287,18,100x100,100.0x100.0,local,1
002_UnityDataAssetPack_datapack__file110,8615,mid_autumn_9,002_UnityDataAssetPack_datapack__file110,3288,mid_autumn_9,126x119,126.0x119.0,local,1
002_UnityDataAssetPack_datapack__file110,8616,skill_172,002_UnityDataAssetPack_datapack__file110,3289,skill_172,100x100,100.0x100.0,local,1
002_UnityDataAssetPack_datapack__file110,8617,quest_locked,002_UnityDataAssetPack_datapack__file110,3290,quest_locked,60x60,60.0x60.0,local,1
002_UnityDataAssetPack_datapack__file110,8618,BattleArena7,002_UnityDataAssetPack_datapack__file110,3291,BattleArena7,1476x880,1476.0x880.0,local,1
002_UnityDataAssetPack_datapack__file110,8619,icon_luck_coin,002_UnityDataAssetPack_datapack__file110,3292,icon_luck_coin,52x52,52.0x52.0,local,1
002_UnityDataAssetPack_datapack__file110,8620,bgr_item_group,002_UnityDataAssetPack_datapack__file110,3294,bgr_item_group,90x71,90.0x71.0,local,1
002_UnityDataAssetPack_datapack__file110,8621,28,002_UnityDataAssetPack_datapack__file110,3295,28,84x84,84.0x84.0,local,1
002_UnityDataAssetPack_datapack__file110,8622,73,002_UnityDataAssetPack_datapack__file110,3296,73,100x100,100.0x100.0,local,1
002_UnityDataAssetPack_datapack__file110,8623,icon_bs_won,002_UnityDataAssetPack_datapack__file110,3297,icon_bs_won,60x58,60.0x58.0,local,1
002_UnityDataAssetPack_datapack__file110,8624,331,002_UnityDataAssetPack_datapack__file110,3298,331,100x100,100.0x100.0,local,1
002_UnityDataAssetPack_datapack__file110,8625,231,002_UnityDataAssetPack_datapack__file110,3299,231,640x512,640.0x512.0,local,1
002_UnityDataAssetPack_datapack__file110,8626,assassin_speed_atk,002_UnityDataAssetPack_datapack__file110,3301,assassin_speed_atk,100x100,100.0x100.0,local,1
002_UnityDataAssetPack_datapack__file110,8627,mf_potion_support,002_UnityDataAssetPack_datapack__file110,3302,mf_potion_support,80x107,80.0x107.0,local,1
002_UnityDataAssetPack_datapack__file110,8628,skill_beyond_max_3,002_UnityDataAssetPack_datapack__file110,3304,skill_beyond_max_3,87x87,87.0x87.0,local,1
002_UnityDataAssetPack_datapack__file110,8629,140,002_UnityDataAssetPack_datapack__file110,3305,140,640x512,640.0x512.0,local,1
002_UnityDataAssetPack_datapack__file110,8630,tab_shard_2,002_UnityDataAssetPack_datapack__file110,3306,tab_shard_2,78x90,78.0x90.0,local,1
002_UnityDataAssetPack_datapack__file110,8631,guild_flag_15,002_UnityDataAssetPack_datapack__file110,3307,guild_flag_15,88x92,88.0x92.0,local,1
002_UnityDataAssetPack_datapack__file110,8632,icon_horn,002_UnityDataAssetPack_datapack__file110,3310,icon_horn,100x100,100.0x100.0,local,1
002_UnityDataAssetPack_datapack__file110,8633,Skill_1433,002_UnityDataAssetPack_datapack__file110,3311,Skill_1433,1004x832,1004.0x832.0,local,1
002_UnityDataAssetPack_datapack__file110,8634,360,002_UnityDataAssetPack_datapack__file110,3313,360,100x100,100.0x100.0,local,1
002_UnityDataAssetPack_datapack__file110,8635,111,002_UnityDataAssetPack_datapack__file110,3314,111,100x100,100.0x100.0,local,1
002_UnityDataAssetPack_datapack__file110,8636,bgr_text_2,002_UnityDataAssetPack_datapack__file110,3315,bgr_text_2,216x52,216.0x52.0,local,1
002_UnityDataAssetPack_datapack__file110,8637,trunk_2_hard,002_UnityDataAssetPack_datapack__file110,3316,trunk_2_hard,466x309,466.0x309.0,local,1
002_UnityDataAssetPack_datapack__file110,8638,icon_speed,002_UnityDataAssetPack_datapack__file110,3317,icon_speed,40x40,40.0x40.0,local,1
002_UnityDataAssetPack_datapack__file110,8639,24,002_UnityDataAssetPack_datapack__file110,3318,24,100x100,100.0x100.0,local,1
002_UnityDataAssetPack_datapack__file110,8640,dungeon_flag,002_UnityDataAssetPack_datapack__file110,3320,dungeon_flag,276x419,276.0x419.0,local,1
002_UnityDataAssetPack_datapack__file110,8641,event_than_khi,002_UnityDataAssetPack_datapack__file110,3321,event_than_khi,536x176,536.0x176.0,local,1
002_UnityDataAssetPack_datapack__file110,8642,Hero_2232,002_UnityDataAssetPack_datapack__file110,3322,Hero_2232,716x560,716.0x560.0,local,1
002_UnityDataAssetPack_datapack__file110,8643,310,002_UnityDataAssetPack_datapack__file110,3323,310,640x512,640.0x512.0,local,1
002_UnityDataAssetPack_datapack__file110,8644,ship_member_1_2,002_UnityDataAssetPack_datapack__file110,3324,ship_member_1_2,180x148,180.0x148.0,local,1
002_UnityDataAssetPack_datapack__file110,8645,box_gem,002_UnityDataAssetPack_datapack__file110,3326,box_gem,120x28,120.0x28.0,local,1
002_UnityDataAssetPack_datapack__file110,8646,icon_gold,002_UnityDataAssetPack_datapack__file110,3327,icon_gold,52x52,52.0x52.0,local,1
002_UnityDataAssetPack_datapack__file110,8647,212,002_UnityDataAssetPack_datapack__file110,3329,212,640x512,640.0x512.0,local,1
002_UnityDataAssetPack_datapack__file110,8648,21,002_UnityDataAssetPack_datapack__file110,3330,21,84x84,84.0x84.0,local,1
002_UnityDataAssetPack_datapack__file110,8649,line_connect,002_UnityDataAssetPack_datapack__file110,3333,line_connect,31x8,31.0x8.0,local,1
002_UnityDataAssetPack_datapack__file110,8650,left_bgr,002_UnityDataAssetPack_datapack__file110,3334,left_bgr,463x581,463.0x581.0,local,1
002_UnityDataAssetPack_datapack__file110,8651,skill_260,002_UnityDataAssetPack_datapack__file110,3335,skill_260,100x100,100.0x100.0,local,1
002_UnityDataAssetPack_datapack__file110,8652,priest_speed,002_UnityDataAssetPack_datapack__file110,3336,priest_speed,100x100,100.0x100.0,local,1
002_UnityDataAssetPack_datapack__file110,8653,icon_boss1,002_UnityDataAssetPack_datapack__file110,3337,icon_boss1,88x88,88.0x88.0,local,1
002_UnityDataAssetPack_datapack__file110,8654,30000,002_UnityDataAssetPack_datapack__file110,3338,30000,100x100,100.0x100.0,local,1
002_UnityDataAssetPack_datapack__file110,8655,bar_top,002_UnityDataAssetPack_datapack__file110,3339,bar_top,1138x84,1138.0x84.0,local,1
002_UnityDataAssetPack_datapack__file110,8656,51,002_UnityDataAssetPack_datapack__file110,3340,51,84x84,84.0x84.0,local,1
002_UnityDataAssetPack_datapack__file110,8657,button_fix,002_UnityDataAssetPack_datapack__file110,3341,button_fix,60x60,60.0x60.0,local,1
002_UnityDataAssetPack_datapack__file110,8658,316,002_UnityDataAssetPack_datapack__file110,3342,316,180x248,180.0x248.0,local,1
002_UnityDataAssetPack_datapack__file110,8659,card_easy,002_UnityDataAssetPack_datapack__file110,3343,card_easy,300x388,300.0x388.0,local,1
002_UnityDataAssetPack_datapack__file110,8660,67,002_UnityDataAssetPack_datapack__file110,3345,67,640x512,640.0x512.0,local,1
002_UnityDataAssetPack_datapack__file110,8661,button_fk_spin,002_UnityDataAssetPack_datapack__file110,3346,button_fk_spin,81x69,81.0x69.0,local,1
002_UnityDataAssetPack_datapack__file110,8662,icon_denlong,002_UnityDataAssetPack_datapack__file110,3347,icon_denlong,52x52,52.0x52.0,local,1
002_UnityDataAssetPack_datapack__file110,8663,b_6,002_UnityDataAssetPack_datapack__file110,3348,b_6,476x476,476.0x476.0,local,1
002_UnityDataAssetPack_datapack__file110,8664,button_crystal_crown,002_UnityDataAssetPack_datapack__file110,3349,button_crystal_crown,348x416,348.0x416.0,local,1
002_UnityDataAssetPack_datapack__file110,8665,tag_2,002_UnityDataAssetPack_datapack__file110,3350,tag_2,45x49,45.0x49.0,local,1
002_UnityDataAssetPack_datapack__file110,8666,icon_monster_soul,002_UnityDataAssetPack_datapack__file110,3351,icon_monster_soul,52x52,52.0x52.0,local,1
002_UnityDataAssetPack_datapack__file110,8667,dice_red_5,002_UnityDataAssetPack_datapack__file110,3352,dice_red_5,116x116,116.0x116.0,local,1
002_UnityDataAssetPack_datapack__file110,8668,head_1,002_UnityDataAssetPack_datapack__file110,3353,head_1,100x100,100.0x100.0,local,1
002_UnityDataAssetPack_datapack__file110,8669,skill_156,002_UnityDataAssetPack_datapack__file110,3354,skill_156,100x100,100.0x100.0,local,1
002_UnityDataAssetPack_datapack__file110,8670,219,002_UnityDataAssetPack_datapack__file110,3355,219,100x100,100.0x100.0,local,1
002_UnityDataAssetPack_datapack__file110,8671,pipe,002_UnityDataAssetPack_datapack__file110,3356,pipe,11x412,11.0x412.0,local,1
002_UnityDataAssetPack_datapack__file110,8672,Hero_702,002_UnityDataAssetPack_datapack__file110,3357,Hero_702,932x648,932.0x648.0,local,1
002_UnityDataAssetPack_datapack__file110,8673,icon_menu_spin,002_UnityDataAssetPack_datapack__file110,3358,icon_menu_spin,72x64,72.0x64.0,local,1
002_UnityDataAssetPack_datapack__file110,8674,11,002_UnityDataAssetPack_datapack__file110,3360,11,144x144,144.0x144.0,local,1
002_UnityDataAssetPack_datapack__file110,8675,icon_9,002_UnityDataAssetPack_datapack__file110,3361,icon_9,88x88,88.0x88.0,local,1
002_UnityDataAssetPack_datapack__file110,8676,ship_member_5_3,002_UnityDataAssetPack_datapack__file110,3362,ship_member_5_3,180x148,180.0x148.0,local,1
002_UnityDataAssetPack_datapack__file110,8677,Skill_1294,002_UnityDataAssetPack_datapack__file110,3363,Skill_1294,948x856,948.0x856.0,local,1
002_UnityDataAssetPack_datapack__file110,8678,panel_altar_right,002_UnityDataAssetPack_datapack__file110,3364,panel_altar_right,520x640,520.0x640.0,local,1
002_UnityDataAssetPack_datapack__file110,8679,leaf_tower,002_UnityDataAssetPack_datapack__file110,3365,leaf_tower,137x82,137.0x82.0,local,1
002_UnityDataAssetPack_datapack__file110,8680,skill_179,002_UnityDataAssetPack_datapack__file110,3366,skill_179,100x100,100.0x100.0,local,1
002_UnityDataAssetPack_datapack__file110,8681,skill_736,002_UnityDataAssetPack_datapack__file110,3367,skill_736,100x100,100.0x100.0,local,1
002_UnityDataAssetPack_datapack__file110,8682,174,002_UnityDataAssetPack_datapack__file110,3368,174,180x248,180.0x248.0,local,1
002_UnityDataAssetPack_datapack__file110,8683,dice_green_5,002_UnityDataAssetPack_datapack__file110,3369,dice_green_5,116x116,116.0x116.0,local,1
002_UnityDataAssetPack_datapack__file110,8684,4,002_UnityDataAssetPack_datapack__file110,3370,4,100x100,100.0x100.0,local,1
002_UnityDataAssetPack_datapack__file110,8685,building_market,002_UnityDataAssetPack_datapack__file110,3371,building_market,287x205,287.0x205.0,local,1
002_UnityDataAssetPack_datapack__file110,8686,ability_4,002_UnityDataAssetPack_datapack__file110,3372,ability_4,112x108,112.0x108.0,local,1
002_UnityDataAssetPack_datapack__file110,8687,stone_lock_2,002_UnityDataAssetPack_datapack__file110,3373,stone_lock_2,40x48,40.0x48.0,local,1
002_UnityDataAssetPack_datapack__file110,8688,226,002_UnityDataAssetPack_datapack__file110,3374,226,100x100,100.0x100.0,local,1
002_UnityDataAssetPack_datapack__file110,8689,skill_47,002_UnityDataAssetPack_datapack__file110,3375,skill_47,100x100,100.0x100.0,local,1
002_UnityDataAssetPack_datapack__file110,8690,dot_path,002_UnityDataAssetPack_datapack__file110,3376,dot_path,16x12,16.0x12.0,local,1
002_UnityDataAssetPack_datapack__file110,8691,skill_670,002_UnityDataAssetPack_datapack__file110,3377,skill_670,100x100,100.0x100.0,local,1
002_UnityDataAssetPack_datapack__file110,8692,67,002_UnityDataAssetPack_datapack__file110,3378,67,80x80,80.0x80.0,local,1
002_UnityDataAssetPack_datapack__file110,8693,238,002_UnityDataAssetPack_datapack__file110,3379,238,100x100,100.0x100.0,local,1
002_UnityDataAssetPack_datapack__file110,8694,guild_flag_18,002_UnityDataAssetPack_datapack__file110,3380,guild_flag_18,88x92,88.0x92.0,local,1
002_UnityDataAssetPack_datapack__file110,8695,skill_681,002_UnityDataAssetPack_datapack__file110,3381,skill_681,100x100,100.0x100.0,local,1
002_UnityDataAssetPack_datapack__file110,8696,skill_725,002_UnityDataAssetPack_datapack__file110,3382,skill_725,100x100,100.0x100.0,local,1
002_UnityDataAssetPack_datapack__file110,8697,border_equipment_4,002_UnityDataAssetPack_datapack__file110,3383,border_equipment_4,100x100,100.0x100.0,local,1
002_UnityDataAssetPack_datapack__file110,8698,73,002_UnityDataAssetPack_datapack__file110,3384,73,640x512,640.0x512.0,local,1
002_UnityDataAssetPack_datapack__file110,8699,icon_vietnam,002_UnityDataAssetPack_datapack__file110,3385,icon_vietnam,100x100,100.0x100.0,local,1
002_UnityDataAssetPack_datapack__file110,8700,tab_heroes2,002_UnityDataAssetPack_datapack__file110,3386,tab_heroes2,78x90,78.0x90.0,local,1
002_UnityDataAssetPack_datapack__file110,8701,29,002_UnityDataAssetPack_datapack__file110,3387,29,100x100,100.0x100.0,local,1
002_UnityDataAssetPack_datapack__file110,8702,hero_quality_1,002_UnityDataAssetPack_datapack__file110,3388,hero_quality_1,110x86,110.0x86.0,local,1
002_UnityDataAssetPack_datapack__file110,8703,35,002_UnityDataAssetPack_datapack__file110,3389,35,100x100,100.0x100.0,local,1
002_UnityDataAssetPack_datapack__file110,8704,item_potion_6,002_UnityDataAssetPack_datapack__file110,3390,item_potion_6,100x100,100.0x100.0,local,1
002_UnityDataAssetPack_datapack__file110,8705,Skill_129,002_UnityDataAssetPack_datapack__file110,3391,Skill_129,1016x908,1016.0x908.0,local,1
002_UnityDataAssetPack_datapack__file110,8706,skill_203,002_UnityDataAssetPack_datapack__file110,3392,skill_203,100x100,100.0x100.0,local,1
002_UnityDataAssetPack_datapack__file110,8707,button_map,002_UnityDataAssetPack_datapack__file110,3393,button_map,132x127,132.0x127.0,local,1
002_UnityDataAssetPack_datapack__file110,8708,B_2,002_UnityDataAssetPack_datapack__file110,3394,B_2,238x573,238.0x573.0,local,1
002_UnityDataAssetPack_datapack__file110,8709,mill_6,002_UnityDataAssetPack_datapack__file110,3395,mill_6,173x142,173.0x142.0,local,1
002_UnityDataAssetPack_datapack__file110,8710,53,002_UnityDataAssetPack_datapack__file110,3396,53,144x144,144.0x144.0,local,1
002_UnityDataAssetPack_datapack__file110,8711,204,002_UnityDataAssetPack_datapack__file110,3397,204,100x100,100.0x100.0,local,1
002_UnityDataAssetPack_datapack__file110,8712,light_line,002_UnityDataAssetPack_datapack__file110,3398,light_line,45x118,45.0x118.0,local,1
002_UnityDataAssetPack_datapack__file110,8713,warrior_speed_atk,002_UnityDataAssetPack_datapack__file110,3399,warrior_speed_atk,100x100,100.0x100.0,local,1
002_UnityDataAssetPack_datapack__file110,8714,Hero_2082,002_UnityDataAssetPack_datapack__file110,3400,Hero_2082,952x820,952.0x820.0,local,1
002_UnityDataAssetPack_datapack__file110,8715,Layer-65,002_UnityDataAssetPack_datapack__file110,3401,Layer-65,536x176,536.0x176.0,local,1
002_UnityDataAssetPack_datapack__file110,8716,skill_744,002_UnityDataAssetPack_datapack__file110,3402,skill_744,100x100,100.0x100.0,local,1
002_UnityDataAssetPack_datapack__file110,8717,icon_tap_atk,002_UnityDataAssetPack_datapack__file110,3403,icon_tap_atk,86x86,86.0x86.0,local,1
002_UnityDataAssetPack_datapack__file110,8718,31,002_UnityDataAssetPack_datapack__file110,3404,31,84x84,84.0x84.0,local,1
002_UnityDataAssetPack_datapack__file110,8719,banner_quychienham,002_UnityDataAssetPack_datapack__file110,3405,banner_quychienham,700x132,700.0x132.0,local,1
002_UnityDataAssetPack_datapack__file110,8720,box_background,002_UnityDataAssetPack_datapack__file110,3406,box_background,46x46,46.0x46.0,local,1
002_UnityDataAssetPack_datapack__file110,8721,decor_4,002_UnityDataAssetPack_datapack__file110,3408,decor_4,168x168,168.0x168.0,local,1
002_UnityDataAssetPack_datapack__file110,8722,40015,002_UnityDataAssetPack_datapack__file110,3409,40015,100x100,100.0x100.0,local,1
002_UnityDataAssetPack_datapack__file110,8723,icon_play,002_UnityDataAssetPack_datapack__file110,3410,icon_play,80x80,80.0x80.0,local,1
002_UnityDataAssetPack_datapack__file110,8724,star_hl,002_UnityDataAssetPack_datapack__file110,3411,star_hl,31x31,31.0x31.0,local,1
002_UnityDataAssetPack_datapack__file110,8725,297,002_UnityDataAssetPack_datapack__file110,3412,297,640x512,640.0x512.0,local,1
002_UnityDataAssetPack_datapack__file110,8726,assassin_hp_atk,002_UnityDataAssetPack_datapack__file110,3413,assassin_hp_atk,100x100,100.0x100.0,local,1
002_UnityDataAssetPack_datapack__file110,8727,boad_title_shop,002_UnityDataAssetPack_datapack__file110,3414,boad_title_shop,324x92,324.0x92.0,local,1
002_UnityDataAssetPack_datapack__file110,8728,event_22,002_UnityDataAssetPack_datapack__file110,3415,event_22,536x176,536.0x176.0,local,1
002_UnityDataAssetPack_datapack__file110,8729,36,002_UnityDataAssetPack_datapack__file110,3416,36,144x144,144.0x144.0,local,1
002_UnityDataAssetPack_datapack__file110,8730,8,002_UnityDataAssetPack_datapack__file110,3417,8,100x100,100.0x100.0,local,1
002_UnityDataAssetPack_datapack__file110,8731,183,002_UnityDataAssetPack_datapack__file110,3418,183,640x512,640.0x512.0,local,1
002_UnityDataAssetPack_datapack__file110,8732,priest_anti_assassin,002_UnityDataAssetPack_datapack__file110,3419,priest_anti_assassin,100x100,100.0x100.0,local,1
002_UnityDataAssetPack_datapack__file110,8733,239,002_UnityDataAssetPack_datapack__file110,3420,239,640x512,640.0x512.0,local,1
002_UnityDataAssetPack_datapack__file110,8734,mid_autumn_7,002_UnityDataAssetPack_datapack__file110,3421,mid_autumn_7,800x488,800.0x488.0,local,1
002_UnityDataAssetPack_datapack__file110,8735,163,002_UnityDataAssetPack_datapack__file110,3422,163,100x100,100.0x100.0,local,1
002_UnityDataAssetPack_datapack__file110,8736,skill_709,002_UnityDataAssetPack_datapack__file110,3423,skill_709,100x100,100.0x100.0,local,1
002_UnityDataAssetPack_datapack__file110,8737,icon_boost,002_UnityDataAssetPack_datapack__file110,3424,icon_boost,88x88,88.0x88.0,local,1
002_UnityDataAssetPack_datapack__file110,8738,tab,002_UnityDataAssetPack_datapack__file110,3426,tab,78x90,78.0x90.0,local,1
002_UnityDataAssetPack_datapack__file110,8739,button,002_UnityDataAssetPack_datapack__file110,3429,button,122x50,122.0x50.0,local,1
002_UnityDataAssetPack_datapack__file110,8740,new_pt_03,002_UnityDataAssetPack_datapack__file110,3430,new_pt_03,960x640,960.0x640.0,local,1
002_UnityDataAssetPack_datapack__file110,8741,logo_game,002_UnityDataAssetPack_datapack__file110,3431,logo_game,490x364,490.0x364.0,local,1
002_UnityDataAssetPack_datapack__file110,8742,home_button_bag,002_UnityDataAssetPack_datapack__file110,3432,home_button_bag,80x80,80.0x80.0,local,1
002_UnityDataAssetPack_datapack__file110,8743,skill_734,002_UnityDataAssetPack_datapack__file110,3433,skill_734,100x100,100.0x100.0,local,1
002_UnityDataAssetPack_datapack__file110,8744,66,002_UnityDataAssetPack_datapack__file110,3434,66,100x100,100.0x100.0,local,1
002_UnityDataAssetPack_datapack__file110,8745,button_battle_log,002_UnityDataAssetPack_datapack__file110,3435,button_battle_log,100x100,100.0x100.0,local,1
002_UnityDataAssetPack_datapack__file110,8746,button_menu_close,002_UnityDataAssetPack_datapack__file110,3436,button_menu_close,96x68,96.0x68.0,local,1
002_UnityDataAssetPack_datapack__file110,8747,82,002_UnityDataAssetPack_datapack__file110,3437,82,84x84,84.0x84.0,local,1
002_UnityDataAssetPack_datapack__file110,8748,gold_tap3,002_UnityDataAssetPack_datapack__file110,3438,gold_tap3,50x50,50.0x50.0,local,1
002_UnityDataAssetPack_datapack__file110,8749,tab_day_off,002_UnityDataAssetPack_datapack__file110,3439,tab_day_off,104x104,104.0x104.0,local,1
002_UnityDataAssetPack_datapack__file110,8750,building_boss_raid,002_UnityDataAssetPack_datapack__file110,3440,building_boss_raid,176x132,176.0x132.0,local,1
002_UnityDataAssetPack_datapack__file110,8751,97,002_UnityDataAssetPack_datapack__file110,3441,97,100x100,100.0x100.0,local,1
002_UnityDataAssetPack_datapack__file110,8752,admin,002_UnityDataAssetPack_datapack__file110,3442,admin,100x100,100.0x100.0,local,1
002_UnityDataAssetPack_datapack__file110,8753,ability_18,002_UnityDataAssetPack_datapack__file110,3443,ability_18,116x116,116.0x116.0,local,1
002_UnityDataAssetPack_datapack__file110,8754,decor_1,002_UnityDataAssetPack_datapack__file110,3444,decor_1,152x91,152.0x91.0,local,1
002_UnityDataAssetPack_datapack__file110,8755,6,002_UnityDataAssetPack_datapack__file110,3446,6,100x100,100.0x100.0,local,1
002_UnityDataAssetPack_datapack__file110,8756,10,002_UnityDataAssetPack_datapack__file110,3448,10,156x95,156.0x95.0,local,1
002_UnityDataAssetPack_datapack__file110,8757,74,002_UnityDataAssetPack_datapack__file110,3449,74,100x100,100.0x100.0,local,1
002_UnityDataAssetPack_datapack__file110,8758,rect_20,002_UnityDataAssetPack_datapack__file110,3450,rect_20,56x56,56.0x56.0,local,1
002_UnityDataAssetPack_datapack__file110,8759,tag_rank_1,002_UnityDataAssetPack_datapack__file110,3451,tag_rank_1,52x52,52.0x52.0,local,1
002_UnityDataAssetPack_datapack__file110,8760,ground_replace_1,002_UnityDataAssetPack_datapack__file110,3452,ground_replace_1,230x84,230.0x84.0,local,1
002_UnityDataAssetPack_datapack__file110,8761,218,002_UnityDataAssetPack_datapack__file110,3453,218,180x248,180.0x248.0,local,1
002_UnityDataAssetPack_datapack__file110,8762,ability_12,002_UnityDataAssetPack_datapack__file110,3454,ability_12,116x116,116.0x116.0,local,1
002_UnityDataAssetPack_datapack__file110,8763,Hero_1412,002_UnityDataAssetPack_datapack__file110,3455,Hero_1412,940x972,940.0x972.0,local,1
002_UnityDataAssetPack_datapack__file110,8764,icon_exp,002_UnityDataAssetPack_datapack__file110,3456,icon_exp,74x36,74.0x36.0,local,1
002_UnityDataAssetPack_datapack__file110,8765,skill_158,002_UnityDataAssetPack_datapack__file110,3457,skill_158,100x100,100.0x100.0,local,1
002_UnityDataAssetPack_datapack__file110,8766,Hero_1003,002_UnityDataAssetPack_datapack__file110,3458,Hero_1003,614x267,614.0x267.0,local,1
002_UnityDataAssetPack_datapack__file110,8767,battle_pos_1,002_UnityDataAssetPack_datapack__file110,3459,battle_pos_1,192x64,192.0x64.0,local,1
002_UnityDataAssetPack_datapack__file110,8768,time_arena,002_UnityDataAssetPack_datapack__file110,3460,time_arena,340x72,340.0x72.0,local,1
002_UnityDataAssetPack_datapack__file110,8769,event_giftcode,002_UnityDataAssetPack_datapack__file110,3461,event_giftcode,88x88,88.0x88.0,local,1
002_UnityDataAssetPack_datapack__file110,8770,73,002_UnityDataAssetPack_datapack__file110,3463,73,84x84,84.0x84.0,local,1
002_UnityDataAssetPack_datapack__file110,8771,rect_19,002_UnityDataAssetPack_datapack__file110,3464,rect_19,124x124,124.0x124.0,local,1
002_UnityDataAssetPack_datapack__file110,8772,339,002_UnityDataAssetPack_datapack__file110,3465,339,100x100,100.0x100.0,local,1
002_UnityDataAssetPack_datapack__file110,8773,38,002_UnityDataAssetPack_datapack__file110,3466,38,84x84,84.0x84.0,local,1
002_UnityDataAssetPack_datapack__file110,8774,popup_close,002_UnityDataAssetPack_datapack__file110,3467,popup_close,64x64,64.0x64.0,local,1
002_UnityDataAssetPack_datapack__file110,8775,assassin_armor_break,002_UnityDataAssetPack_datapack__file110,3468,assassin_armor_break,100x100,100.0x100.0,local,1
002_UnityDataAssetPack_datapack__file110,8776,bgr_2,002_UnityDataAssetPack_datapack__file110,3469,bgr_2,904x286,904.0x286.0,local,1
002_UnityDataAssetPack_datapack__file110,8777,72,002_UnityDataAssetPack_datapack__file110,3470,72,100x100,100.0x100.0,local,1
002_UnityDataAssetPack_datapack__file110,8778,64,002_UnityDataAssetPack_datapack__file110,3471,64,144x144,144.0x144.0,local,1
002_UnityDataAssetPack_datapack__file110,8779,skill_103,002_UnityDataAssetPack_datapack__file110,3472,skill_103,100x100,100.0x100.0,local,1
002_UnityDataAssetPack_datapack__file110,8780,dice_map_tile_green,002_UnityDataAssetPack_datapack__file110,3473,dice_map_tile_green,100x100,100.0x100.0,local,1
002_UnityDataAssetPack_datapack__file110,8781,pet_thumb_5_ia,002_UnityDataAssetPack_datapack__file110,3474,pet_thumb_5_ia,240x300,240.0x300.0,local,1
002_UnityDataAssetPack_datapack__file110,8782,Skill_1434,002_UnityDataAssetPack_datapack__file110,3475,Skill_1434,944x864,944.0x864.0,local,1
002_UnityDataAssetPack_datapack__file110,8783,40,002_UnityDataAssetPack_datapack__file110,3477,40,84x84,84.0x84.0,local,1
002_UnityDataAssetPack_datapack__file110,8784,34,002_UnityDataAssetPack_datapack__file110,3478,34,88x88,88.0x88.0,local,1
002_UnityDataAssetPack_datapack__file110,8785,sanji_bgr,002_UnityDataAssetPack_datapack__file110,3480,sanji_bgr,1136x640,1136.0x640.0,local,1
002_UnityDataAssetPack_datapack__file110,8786,OddBet,002_UnityDataAssetPack_datapack__file110,3482,OddBet,155x75,155.0x75.0,local,1
002_UnityDataAssetPack_datapack__file110,8787,warrior_anti_ranger,002_UnityDataAssetPack_datapack__file110,3483,warrior_anti_ranger,100x100,100.0x100.0,local,1
002_UnityDataAssetPack_datapack__file110,8788,bonus-gift,002_UnityDataAssetPack_datapack__file110,3485,bonus-gift,536x436,536.0x436.0,local,1
002_UnityDataAssetPack_datapack__file110,8789,battle_pos_4_hl,002_UnityDataAssetPack_datapack__file110,3486,battle_pos_4_hl,220x64,220.0x64.0,local,1
002_UnityDataAssetPack_datapack__file110,8790,tag_title,002_UnityDataAssetPack_datapack__file110,3487,tag_title,266x45,266.0x45.0,local,1
002_UnityDataAssetPack_datapack__file110,8791,163,002_UnityDataAssetPack_datapack__file110,3488,163,640x512,640.0x512.0,local,1
002_UnityDataAssetPack_datapack__file110,8792,home_button_mission,002_UnityDataAssetPack_datapack__file110,3489,home_button_mission,90x90,90.0x90.0,local,1
002_UnityDataAssetPack_datapack__file110,8793,character_0297_c1,002_UnityDataAssetPack_datapack__file110,3491,character_0297_c1,640x512,640.0x512.0,local,1
002_UnityDataAssetPack_datapack__file110,8794,icon_new,002_UnityDataAssetPack_datapack__file110,3493,icon_new,2048x1345,2048.0x1345.0,local,1
002_UnityDataAssetPack_datapack__file110,8795,img_merchant_2,002_UnityDataAssetPack_datapack__file110,3494,img_merchant_2,174x233,174.0x233.0,local,1
002_UnityDataAssetPack_datapack__file110,8796,button_sound_on,002_UnityDataAssetPack_datapack__file110,3497,button_sound_on,88x88,88.0x88.0,local,1
002_UnityDataAssetPack_datapack__file110,8797,33,002_UnityDataAssetPack_datapack__file110,3498,33,100x100,100.0x100.0,local,1
002_UnityDataAssetPack_datapack__file110,8798,360,002_UnityDataAssetPack_datapack__file110,3499,360,640x512,640.0x512.0,local,1
002_UnityDataAssetPack_datapack__file110,8799,89,002_UnityDataAssetPack_datapack__file110,3500,89,100x100,100.0x100.0,local,1
002_UnityDataAssetPack_datapack__file110,8800,cell_arena_1,002_UnityDataAssetPack_datapack__file110,3501,cell_arena_1,96x96,96.0x96.0,local,1
002_UnityDataAssetPack_datapack__file110,8801,icon_lock_3,002_UnityDataAssetPack_datapack__file110,3502,icon_lock_3,32x40,32.0x40.0,local,1
002_UnityDataAssetPack_datapack__file110,8802,bgr_star_1,002_UnityDataAssetPack_datapack__file110,3504,bgr_star_1,168x44,168.0x44.0,local,1
002_UnityDataAssetPack_datapack__file110,8803,26,002_UnityDataAssetPack_datapack__file110,3506,26,100x100,100.0x100.0,local,1
002_UnityDataAssetPack_datapack__file110,8804,skill_176,002_UnityDataAssetPack_datapack__file110,3509,skill_176,100x100,100.0x100.0,local,1
002_UnityDataAssetPack_datapack__file110,8805,113,002_UnityDataAssetPack_datapack__file110,3510,113,100x100,100.0x100.0,local,1
002_UnityDataAssetPack_datapack__file110,8806,190,002_UnityDataAssetPack_datapack__file110,3511,190,180x248,180.0x248.0,local,1
002_UnityDataAssetPack_datapack__file110,8807,line,002_UnityDataAssetPack_datapack__file110,3512,line,45x118,45.0x118.0,local,1
002_UnityDataAssetPack_datapack__file110,8808,character_0254_c1,002_UnityDataAssetPack_datapack__file110,3513,character_0254_c1,640x512,640.0x512.0,local,1
002_UnityDataAssetPack_datapack__file110,8809,box_select,002_UnityDataAssetPack_datapack__file110,3514,box_select,264x142,264.0x142.0,local,1
002_UnityDataAssetPack_datapack__file110,8810,14,002_UnityDataAssetPack_datapack__file110,3515,14,32x32,32.0x32.0,local,1
002_UnityDataAssetPack_datapack__file110,8811,dumb_island_11,002_UnityDataAssetPack_datapack__file110,3516,dumb_island_11,252x190,252.0x190.0,local,1
002_UnityDataAssetPack_datapack__file110,8812,149,002_UnityDataAssetPack_datapack__file110,3517,149,100x100,100.0x100.0,local,1
002_UnityDataAssetPack_datapack__file110,8813,dot_path,002_UnityDataAssetPack_datapack__file110,3518,dot_path,16x16,16.0x16.0,local,1
002_UnityDataAssetPack_datapack__file110,8814,icon_game_mu_rom,002_UnityDataAssetPack_datapack__file110,3520,icon_game_mu_rom,512x512,512.0x512.0,local,1
002_UnityDataAssetPack_datapack__file110,8815,banner_haihon,002_UnityDataAssetPack_datapack__file110,3521,banner_haihon,700x132,700.0x132.0,local,1
002_UnityDataAssetPack_datapack__file110,8816,line_1,002_UnityDataAssetPack_datapack__file110,3522,line_1,111x2,111.0x2.0,local,1
002_UnityDataAssetPack_datapack__file110,8817,14,002_UnityDataAssetPack_datapack__file110,3525,14,144x144,144.0x144.0,local,1
002_UnityDataAssetPack_datapack__file110,8818,button_war_reward,002_UnityDataAssetPack_datapack__file110,3526,button_war_reward,100x100,100.0x100.0,local,1
002_UnityDataAssetPack_datapack__file110,8819,15,002_UnityDataAssetPack_datapack__file110,3527,15,100x100,100.0x100.0,local,1
002_UnityDataAssetPack_datapack__file110,8820,BattleArena12,002_UnityDataAssetPack_datapack__file110,3529,BattleArena12,1476x880,1476.0x880.0,local,1
002_UnityDataAssetPack_datapack__file110,8821,bar_hp,002_UnityDataAssetPack_datapack__file110,3530,bar_hp,80x8,80.0x8.0,local,1
002_UnityDataAssetPack_datapack__file110,8822,tab_fk_on,002_UnityDataAssetPack_datapack__file110,3531,tab_fk_on,180x108,180.0x108.0,local,1
002_UnityDataAssetPack_datapack__file110,8823,round_rect_12,002_UnityDataAssetPack_datapack__file110,3532,round_rect_12,60x60,60.0x60.0,local,1
002_UnityDataAssetPack_datapack__file110,8824,10,002_UnityDataAssetPack_datapack__file110,3533,10,100x100,100.0x100.0,local,1
002_UnityDataAssetPack_datapack__file110,8825,skill_218,002_UnityDataAssetPack_datapack__file110,3536,skill_218,100x100,100.0x100.0,local,1
002_UnityDataAssetPack_datapack__file110,8826,icon_chip_fake,002_UnityDataAssetPack_datapack__file110,3537,icon_chip_fake,52x52,52.0x52.0,local,1
002_UnityDataAssetPack_datapack__file110,8827,skill_122,002_UnityDataAssetPack_datapack__file110,3538,skill_122,100x100,100.0x100.0,local,1
002_UnityDataAssetPack_datapack__file110,8828,edit_off,002_UnityDataAssetPack_datapack__file110,3539,edit_off,78x90,78.0x90.0,local,1
002_UnityDataAssetPack_datapack__file110,8829,tab_on,002_UnityDataAssetPack_datapack__file110,3540,tab_on,308x88,308.0x88.0,local,1
002_UnityDataAssetPack_datapack__file110,8830,ability_28,002_UnityDataAssetPack_datapack__file110,3541,ability_28,112x108,112.0x108.0,local,1
002_UnityDataAssetPack_datapack__file110,8831,79,002_UnityDataAssetPack_datapack__file110,3542,79,100x100,100.0x100.0,local,1
002_UnityDataAssetPack_datapack__file110,8832,chest_level_1,002_UnityDataAssetPack_datapack__file110,3543,chest_level_1,125x117,125.0x117.0,local,1
002_UnityDataAssetPack_datapack__file110,8833,bgr_tap_2,002_UnityDataAssetPack_datapack__file110,3544,bgr_tap_2,1476x880,1476.0x880.0,local,1
002_UnityDataAssetPack_datapack__file110,8834,dummy_island_2_6,002_UnityDataAssetPack_datapack__file110,3545,dummy_island_2_6,250x235,250.0x235.0,local,1
002_UnityDataAssetPack_datapack__file110,8835,button_fk_heroes,002_UnityDataAssetPack_datapack__file110,3546,button_fk_heroes,115x94,115.0x94.0,local,1
002_UnityDataAssetPack_datapack__file110,8836,tap_close,002_UnityDataAssetPack_datapack__file110,3547,tap_close,64x64,64.0x64.0,local,1
002_UnityDataAssetPack_datapack__file110,8837,skill_24,002_UnityDataAssetPack_datapack__file110,3548,skill_24,100x100,100.0x100.0,local,1
002_UnityDataAssetPack_datapack__file110,8838,Hero_223,002_UnityDataAssetPack_datapack__file110,3549,Hero_223,1024x972,1024.0x972.0,local,1
002_UnityDataAssetPack_datapack__file110,8839,skill_230,002_UnityDataAssetPack_datapack__file110,3550,skill_230,100x100,100.0x100.0,local,1
002_UnityDataAssetPack_datapack__file110,8840,sanji_logo,002_UnityDataAssetPack_datapack__file110,3551,sanji_logo,780x628,780.0x628.0,local,1
002_UnityDataAssetPack_datapack__file110,8841,icon_mail_guild,002_UnityDataAssetPack_datapack__file110,3552,icon_mail_guild,72x72,72.0x72.0,local,1
002_UnityDataAssetPack_datapack__file110,8842,event_tich_tieu_kim_cuong,002_UnityDataAssetPack_datapack__file110,3553,event_tich_tieu_kim_cuong,700x132,700.0x132.0,local,1
002_UnityDataAssetPack_datapack__file110,8843,binh_ruou,002_UnityDataAssetPack_datapack__file110,3554,binh_ruou,52x52,52.0x52.0,local,1
002_UnityDataAssetPack_datapack__file110,8844,25,002_UnityDataAssetPack_datapack__file110,3555,25,100x100,100.0x100.0,local,1
002_UnityDataAssetPack_datapack__file110,8845,btn_24,002_UnityDataAssetPack_datapack__file110,3557,btn_24,320x80,320.0x80.0,local,1
002_UnityDataAssetPack_datapack__file110,8846,home2_summon,002_UnityDataAssetPack_datapack__file110,3559,home2_summon,84x92,84.0x92.0,local,1
002_UnityDataAssetPack_datapack__file110,8847,BattleArena2,002_UnityDataAssetPack_datapack__file110,3560,BattleArena2,1476x880,1476.0x880.0,local,1
002_UnityDataAssetPack_datapack__file110,8848,50001,002_UnityDataAssetPack_datapack__file110,3561,50001,100x100,100.0x100.0,local,1
002_UnityDataAssetPack_datapack__file110,8849,skill_712,002_UnityDataAssetPack_datapack__file110,3562,skill_712,100x100,100.0x100.0,local,1
002_UnityDataAssetPack_datapack__file110,8850,45,002_UnityDataAssetPack_datapack__file110,3563,45,100x100,100.0x100.0,local,1
002_UnityDataAssetPack_datapack__file110,8851,enemy,002_UnityDataAssetPack_datapack__file110,3564,enemy,60x60,60.0x60.0,local,1
002_UnityDataAssetPack_datapack__file110,8852,tech_stun_immune,002_UnityDataAssetPack_datapack__file110,3565,tech_stun_immune,100x100,100.0x100.0,local,1
002_UnityDataAssetPack_datapack__file110,8853,Hit_147,002_UnityDataAssetPack_datapack__file110,3566,Hit_147,979x883,979.0x883.0,local,1
002_UnityDataAssetPack_datapack__file110,8854,125,002_UnityDataAssetPack_datapack__file110,3567,125,180x248,180.0x248.0,local,1
002_UnityDataAssetPack_datapack__file110,8855,2_off,002_UnityDataAssetPack_datapack__file110,3568,2_off,140x72,140.0x72.0,local,1
002_UnityDataAssetPack_datapack__file110,8856,button_daily_reward_on,002_UnityDataAssetPack_datapack__file110,3570,button_daily_reward_on,252x80,252.0x80.0,local,1
002_UnityDataAssetPack_datapack__file110,8857,icon_4,002_UnityDataAssetPack_datapack__file110,3572,icon_4,114x114,114.0x114.0,local,1
002_UnityDataAssetPack_datapack__file110,8858,167,002_UnityDataAssetPack_datapack__file110,3573,167,100x100,100.0x100.0,local,1
002_UnityDataAssetPack_datapack__file110,8859,231,002_UnityDataAssetPack_datapack__file110,3575,231,100x100,100.0x100.0,local,1
002_UnityDataAssetPack_datapack__file110,8860,button_dice,002_UnityDataAssetPack_datapack__file110,3576,button_dice,80x80,80.0x80.0,local,1
002_UnityDataAssetPack_datapack__file110,8861,icon_chocolate,002_UnityDataAssetPack_datapack__file110,3577,icon_chocolate,100x100,100.0x100.0,local,1
002_UnityDataAssetPack_datapack__file110,8862,bgr_popup_fk,002_UnityDataAssetPack_datapack__file110,3578,bgr_popup_fk,904x388,904.0x388.0,local,1
002_UnityDataAssetPack_datapack__file110,8863,mf_slot_inactive,002_UnityDataAssetPack_datapack__file110,3579,mf_slot_inactive,156x56,156.0x56.0,local,1
002_UnityDataAssetPack_datapack__file110,8864,button_filter,002_UnityDataAssetPack_datapack__file110,3580,button_filter,88x91,88.0x91.0,local,1
002_UnityDataAssetPack_datapack__file110,8865,skill_111,002_UnityDataAssetPack_datapack__file110,3581,skill_111,100x100,100.0x100.0,local,1
002_UnityDataAssetPack_datapack__file110,8866,icon_nap_dau,002_UnityDataAssetPack_datapack__file110,3582,icon_nap_dau,76x80,76.0x80.0,local,1
002_UnityDataAssetPack_datapack__file110,8867,coin_spin,002_UnityDataAssetPack_datapack__file110,3583,coin_spin,100x100,100.0x100.0,local,1
002_UnityDataAssetPack_datapack__file110,8868,ability_23,002_UnityDataAssetPack_datapack__file110,3584,ability_23,115x116,115.0x116.0,local,1
002_UnityDataAssetPack_datapack__file110,8869,1004,002_UnityDataAssetPack_datapack__file110,3585,1004,100x100,100.0x100.0,local,1
002_UnityDataAssetPack_datapack__file110,8870,193,002_UnityDataAssetPack_datapack__file110,3586,193,640x512,640.0x512.0,local,1
002_UnityDataAssetPack_datapack__file110,8871,232,002_UnityDataAssetPack_datapack__file110,3587,232,180x248,180.0x248.0,local,1
002_UnityDataAssetPack_datapack__file110,8872,button_received_enable,002_UnityDataAssetPack_datapack__file110,3588,button_received_enable,73x67,73.0x67.0,local,1
002_UnityDataAssetPack_datapack__file110,8873,banner_thuctinh,002_UnityDataAssetPack_datapack__file110,3589,banner_thuctinh,700x132,700.0x132.0,local,1
002_UnityDataAssetPack_datapack__file110,8874,light,002_UnityDataAssetPack_datapack__file110,3590,light,153x17,153.0x17.0,local,1
002_UnityDataAssetPack_datapack__file110,8875,Hit_173,002_UnityDataAssetPack_datapack__file110,3591,Hit_173,1004x991,1004.0x991.0,local,1
002_UnityDataAssetPack_datapack__file110,8876,skill_123,002_UnityDataAssetPack_datapack__file110,3594,skill_123,100x100,100.0x100.0,local,1
002_UnityDataAssetPack_datapack__file110,8877,skill_261,002_UnityDataAssetPack_datapack__file110,3595,skill_261,100x100,100.0x100.0,local,1
002_UnityDataAssetPack_datapack__file110,8878,icon_menu_shop,002_UnityDataAssetPack_datapack__file110,3596,icon_menu_shop,60x72,60.0x72.0,local,1
002_UnityDataAssetPack_datapack__file110,8879,88,002_UnityDataAssetPack_datapack__file110,3597,88,100x100,100.0x100.0,local,1
002_UnityDataAssetPack_datapack__file110,8880,297,002_UnityDataAssetPack_datapack__file110,3598,297,180x248,180.0x248.0,local,1
002_UnityDataAssetPack_datapack__file110,8881,fame_2,002_UnityDataAssetPack_datapack__file110,3599,fame_2,95x257,95.0x257.0,local,1
002_UnityDataAssetPack_datapack__file110,8882,tab_warrior_2,002_UnityDataAssetPack_datapack__file110,3600,tab_warrior_2,78x90,78.0x90.0,local,1
002_UnityDataAssetPack_datapack__file110,8883,11,002_UnityDataAssetPack_datapack__file110,3601,11,84x84,84.0x84.0,local,1
002_UnityDataAssetPack_datapack__file110,8884,Hit_178,002_UnityDataAssetPack_datapack__file110,3602,Hit_178,470x129,470.0x129.0,local,1
002_UnityDataAssetPack_datapack__file110,8885,Hero_923,002_UnityDataAssetPack_datapack__file110,3603,Hero_923,860x460,860.0x460.0,local,1
002_UnityDataAssetPack_datapack__file110,8886,67,002_UnityDataAssetPack_datapack__file110,3604,67,84x84,84.0x84.0,local,1
002_UnityDataAssetPack_datapack__file110,8887,78,002_UnityDataAssetPack_datapack__file110,3605,78,100x100,100.0x100.0,local,1
002_UnityDataAssetPack_datapack__file110,8888,rect_15,002_UnityDataAssetPack_datapack__file110,3606,rect_15,40x40,40.0x40.0,local,1
002_UnityDataAssetPack_datapack__file110,8889,206,002_UnityDataAssetPack_datapack__file110,3607,206,180x248,180.0x248.0,local,1
002_UnityDataAssetPack_datapack__file110,8890,3,002_UnityDataAssetPack_datapack__file110,3608,3,144x144,144.0x144.0,local,1
002_UnityDataAssetPack_datapack__file110,8891,68,002_UnityDataAssetPack_datapack__file110,3609,68,84x84,84.0x84.0,local,1
002_UnityDataAssetPack_datapack__file110,8892,ability_2,002_UnityDataAssetPack_datapack__file110,3610,ability_2,112x108,112.0x108.0,local,1
002_UnityDataAssetPack_datapack__file110,8893,bar_hp,002_UnityDataAssetPack_datapack__file110,3611,bar_hp,84x8,84.0x8.0,local,1
002_UnityDataAssetPack_datapack__file110,8894,map_icon,002_UnityDataAssetPack_datapack__file110,3612,map_icon,152x112,152.0x112.0,local,1
002_UnityDataAssetPack_datapack__file110,8895,10011,002_UnityDataAssetPack_datapack__file110,3613,10011,32x32,32.0x32.0,local,1
002_UnityDataAssetPack_datapack__file110,8896,icon_2,002_UnityDataAssetPack_datapack__file110,3614,icon_2,88x88,88.0x88.0,local,1
002_UnityDataAssetPack_datapack__file110,8897,button_play,002_UnityDataAssetPack_datapack__file110,3615,button_play,56x48,56.0x48.0,local,1
002_UnityDataAssetPack_datapack__file110,8898,27,002_UnityDataAssetPack_datapack__file110,3616,27,100x100,100.0x100.0,local,1
002_UnityDataAssetPack_datapack__file110,8899,icon_8,002_UnityDataAssetPack_datapack__file110,3617,icon_8,114x114,114.0x114.0,local,1
002_UnityDataAssetPack_datapack__file110,8900,bgr_dummy_home,002_UnityDataAssetPack_datapack__file110,3618,bgr_dummy_home,1400x872,1400.0x872.0,local,1
002_UnityDataAssetPack_datapack__file110,8901,question,002_UnityDataAssetPack_datapack__file110,3619,question,28x44,28.0x44.0,local,1
002_UnityDataAssetPack_datapack__file110,8902,mill_order_4,002_UnityDataAssetPack_datapack__file110,3620,mill_order_4,100x100,100.0x100.0,local,1
002_UnityDataAssetPack_datapack__file110,8903,tag_war_win,002_UnityDataAssetPack_datapack__file110,3621,tag_war_win,53x65,53.0x65.0,local,1
002_UnityDataAssetPack_datapack__file110,8904,disk,002_UnityDataAssetPack_datapack__file110,3622,disk,52x31,52.0x31.0,local,1
002_UnityDataAssetPack_datapack__file110,8905,310,002_UnityDataAssetPack_datapack__file110,3624,310,180x248,180.0x248.0,local,1
002_UnityDataAssetPack_datapack__file110,8906,icon_setting_fk,002_UnityDataAssetPack_datapack__file110,3625,icon_setting_fk,92x92,92.0x92.0,local,1
002_UnityDataAssetPack_datapack__file110,8907,countdown_ring,002_UnityDataAssetPack_datapack__file110,3626,countdown_ring,124x124,124.0x124.0,local,1
002_UnityDataAssetPack_datapack__file110,8908,194,002_UnityDataAssetPack_datapack__file110,3627,194,180x248,180.0x248.0,local,1
002_UnityDataAssetPack_datapack__file110,8909,rect_final_3,002_UnityDataAssetPack_datapack__file110,3628,rect_final_3,96x84,96.0x84.0,local,1
002_UnityDataAssetPack_datapack__file110,8910,1,002_UnityDataAssetPack_datapack__file110,3629,1,100x100,100.0x100.0,local,1
002_UnityDataAssetPack_datapack__file110,8911,event_39,002_UnityDataAssetPack_datapack__file110,3630,event_39,536x176,536.0x176.0,local,1
002_UnityDataAssetPack_datapack__file110,8912,Hit_11,002_UnityDataAssetPack_datapack__file110,3631,Hit_11,819x514,819.0x514.0,local,1
002_UnityDataAssetPack_datapack__file110,8913,box_forge,002_UnityDataAssetPack_datapack__file110,3632,box_forge,224x133,224.0x133.0,local,1
002_UnityDataAssetPack_datapack__file110,8914,inform_lichsukien,002_UnityDataAssetPack_datapack__file110,3634,inform_lichsukien,525x160,525.0x160.0,local,1
002_UnityDataAssetPack_datapack__file110,8915,board_title_4,002_UnityDataAssetPack_datapack__file110,3635,board_title_4,288x60,288.0x60.0,local,1
002_UnityDataAssetPack_datapack__file110,8916,event_14,002_UnityDataAssetPack_datapack__file110,3636,event_14,176x352,176.0x352.0,local,1
002_UnityDataAssetPack_datapack__file110,8917,B_5,002_UnityDataAssetPack_datapack__file110,3637,B_5,268x151,268.0x151.0,local,1
002_UnityDataAssetPack_datapack__file110,8918,icon_11,002_UnityDataAssetPack_datapack__file110,3638,icon_11,88x88,88.0x88.0,local,1
002_UnityDataAssetPack_datapack__file110,8919,clan_vs,002_UnityDataAssetPack_datapack__file110,3639,clan_vs,60x60,60.0x60.0,local,1
002_UnityDataAssetPack_datapack__file110,8920,frame_mastering_select,002_UnityDataAssetPack_datapack__file110,3640,frame_mastering_select,108x108,108.0x108.0,local,1
002_UnityDataAssetPack_datapack__file110,8921,tech_precision,002_UnityDataAssetPack_datapack__file110,3641,tech_precision,100x100,100.0x100.0,local,1
002_UnityDataAssetPack_datapack__file110,8922,231,002_UnityDataAssetPack_datapack__file110,3642,231,180x248,180.0x248.0,local,1
002_UnityDataAssetPack_datapack__file110,8923,icon_defender,002_UnityDataAssetPack_datapack__file110,3643,icon_defender,36x40,36.0x40.0,local,1
002_UnityDataAssetPack_datapack__file110,8924,32,002_UnityDataAssetPack_datapack__file110,3644,32,100x100,100.0x100.0,local,1
002_UnityDataAssetPack_datapack__file110,8925,238,002_UnityDataAssetPack_datapack__file110,3645,238,640x512,640.0x512.0,local,1
002_UnityDataAssetPack_datapack__file110,8926,Hero_1232,002_UnityDataAssetPack_datapack__file110,3646,Hero_1232,1024x996,1024.0x996.0,local,1
002_UnityDataAssetPack_datapack__file110,8927,tab_hero_off,002_UnityDataAssetPack_datapack__file110,3647,tab_hero_off,85x85,85.0x85.0,local,1
002_UnityDataAssetPack_datapack__file110,8928,bgr_summon_right,002_UnityDataAssetPack_datapack__file110,3649,bgr_summon_right,496x641,496.0x641.0,local,1
002_UnityDataAssetPack_datapack__file110,8929,skill_187,002_UnityDataAssetPack_datapack__file110,3650,skill_187,100x100,100.0x100.0,local,1
002_UnityDataAssetPack_datapack__file110,8930,tab_event_inactive,002_UnityDataAssetPack_datapack__file110,3651,tab_event_inactive,120x106,120.0x106.0,local,1
002_UnityDataAssetPack_datapack__file110,8931,c_shadow,002_UnityDataAssetPack_datapack__file110,3652,c_shadow,113x113,113.0x113.0,local,1
002_UnityDataAssetPack_datapack__file110,8932,shadow,002_UnityDataAssetPack_datapack__file110,3653,shadow,100x56,100.0x56.0,local,1
002_UnityDataAssetPack_datapack__file110,8933,30003,002_UnityDataAssetPack_datapack__file110,3654,30003,100x100,100.0x100.0,local,1
002_UnityDataAssetPack_datapack__file110,8934,title_12,002_UnityDataAssetPack_datapack__file110,3655,title_12,175x34,175.0x34.0,local,1
002_UnityDataAssetPack_datapack__file110,8935,board_arena,002_UnityDataAssetPack_datapack__file110,3656,board_arena,352x60,352.0x60.0,local,1
002_UnityDataAssetPack_datapack__file110,8936,skill_default,002_UnityDataAssetPack_datapack__file110,3657,skill_default,100x100,100.0x100.0,local,1
002_UnityDataAssetPack_datapack__file110,8937,199,002_UnityDataAssetPack_datapack__file110,3658,199,100x100,100.0x100.0,local,1
002_UnityDataAssetPack_datapack__file110,8938,icon_rose,002_UnityDataAssetPack_datapack__file110,3659,icon_rose,100x100,100.0x100.0,local,1
002_UnityDataAssetPack_datapack__file110,8939,frame_hero_up,002_UnityDataAssetPack_datapack__file110,3661,frame_hero_up,325x109,325.0x109.0,local,1
002_UnityDataAssetPack_datapack__file110,8940,banner-chieu-mo-hai-tac,002_UnityDataAssetPack_datapack__file110,3663,banner-chieu-mo-hai-tac,700x132,700.0x132.0,local,1
002_UnityDataAssetPack_datapack__file110,8941,button_language,002_UnityDataAssetPack_datapack__file110,3665,button_language,88x88,88.0x88.0,local,1
002_UnityDataAssetPack_datapack__file110,8942,head_3,002_UnityDataAssetPack_datapack__file110,3666,head_3,100x100,100.0x100.0,local,1
002_UnityDataAssetPack_datapack__file110,8943,skill_231,002_UnityDataAssetPack_datapack__file110,3667,skill_231,100x100,100.0x100.0,local,1
002_UnityDataAssetPack_datapack__file110,8944,10001,002_UnityDataAssetPack_datapack__file110,3668,10001,32x32,32.0x32.0,local,1
002_UnityDataAssetPack_datapack__file110,8945,skill_714,002_UnityDataAssetPack_datapack__file110,3669,skill_714,100x100,100.0x100.0,local,1
002_UnityDataAssetPack_datapack__file110,8946,Hit_188,002_UnityDataAssetPack_datapack__file110,3670,Hit_188,655x286,655.0x286.0,local,1
002_UnityDataAssetPack_datapack__file110,8947,event_than_khi,002_UnityDataAssetPack_datapack__file110,3671,event_than_khi,700x132,700.0x132.0,local,1
002_UnityDataAssetPack_datapack__file110,8948,title_13,002_UnityDataAssetPack_datapack__file110,3672,title_13,185x37,185.0x37.0,local,1
002_UnityDataAssetPack_datapack__file110,8949,tab_server_off,002_UnityDataAssetPack_datapack__file110,3673,tab_server_off,140x72,140.0x72.0,local,1
002_UnityDataAssetPack_datapack__file110,8950,guild_flag_20,002_UnityDataAssetPack_datapack__file110,3674,guild_flag_20,88x92,88.0x92.0,local,1
002_UnityDataAssetPack_datapack__file110,8951,b_tech,002_UnityDataAssetPack_datapack__file110,3675,b_tech,407x286,407.0x286.0,local,1
002_UnityDataAssetPack_datapack__file110,8952,progress_bgr,002_UnityDataAssetPack_datapack__file110,3676,progress_bgr,86x19,86.0x19.0,local,1
002_UnityDataAssetPack_datapack__file110,8953,round_rect_9,002_UnityDataAssetPack_datapack__file110,3677,round_rect_9,96x96,96.0x96.0,local,1
002_UnityDataAssetPack_datapack__file110,8954,merchant_3_stuff,002_UnityDataAssetPack_datapack__file110,3678,merchant_3_stuff,164x68,164.0x68.0,local,1
002_UnityDataAssetPack_datapack__file110,8955,87,002_UnityDataAssetPack_datapack__file110,3679,87,180x248,180.0x248.0,local,1
002_UnityDataAssetPack_datapack__file110,8956,icon_tap,002_UnityDataAssetPack_datapack__file110,3680,icon_tap,90x90,90.0x90.0,local,1
002_UnityDataAssetPack_datapack__file110,8957,154,002_UnityDataAssetPack_datapack__file110,3681,154,180x248,180.0x248.0,local,1
002_UnityDataAssetPack_datapack__file110,8958,160,002_UnityDataAssetPack_datapack__file110,3682,160,640x512,640.0x512.0,local,1
002_UnityDataAssetPack_datapack__file110,8959,tab_day_on,002_UnityDataAssetPack_datapack__file110,3683,tab_day_on,104x104,104.0x104.0,local,1
002_UnityDataAssetPack_datapack__file110,8960,gem_7,002_UnityDataAssetPack_datapack__file110,3684,gem_7,100x100,100.0x100.0,local,1
002_UnityDataAssetPack_datapack__file110,8961,42,002_UnityDataAssetPack_datapack__file110,3685,42,100x100,100.0x100.0,local,1
002_UnityDataAssetPack_datapack__file110,8962,51,002_UnityDataAssetPack_datapack__file110,3686,51,144x144,144.0x144.0,local,1
002_UnityDataAssetPack_datapack__file110,8963,bgr_island,002_UnityDataAssetPack_datapack__file110,3687,bgr_island,1136x172,1136.0x172.0,local,1
002_UnityDataAssetPack_datapack__file110,8964,165,002_UnityDataAssetPack_datapack__file110,3688,165,100x100,100.0x100.0,local,1
002_UnityDataAssetPack_datapack__file110,8965,sanji_title_en,002_UnityDataAssetPack_datapack__file110,3689,sanji_title_en,492x243,492.0x243.0,local,1
002_UnityDataAssetPack_datapack__file110,8966,icon_buff_armor,002_UnityDataAssetPack_datapack__file110,3690,icon_buff_armor,32x32,32.0x32.0,local,1
002_UnityDataAssetPack_datapack__file110,8967,tab_inactive_2,002_UnityDataAssetPack_datapack__file110,3691,tab_inactive_2,156x56,156.0x56.0,local,1
002_UnityDataAssetPack_datapack__file110,8968,234,002_UnityDataAssetPack_datapack__file110,3692,234,100x100,100.0x100.0,local,1
002_UnityDataAssetPack_datapack__file110,8969,icon_scroll_basic,002_UnityDataAssetPack_datapack__file110,3693,icon_scroll_basic,52x52,52.0x52.0,local,1
002_UnityDataAssetPack_datapack__file110,8970,205,002_UnityDataAssetPack_datapack__file110,3695,205,640x512,640.0x512.0,local,1
002_UnityDataAssetPack_datapack__file110,8971,box_gift,002_UnityDataAssetPack_datapack__file110,3696,box_gift,88x106,88.0x106.0,local,1
002_UnityDataAssetPack_datapack__file110,8972,10010,002_UnityDataAssetPack_datapack__file110,3697,10010,32x32,32.0x32.0,local,1
002_UnityDataAssetPack_datapack__file110,8973,mf_slot,002_UnityDataAssetPack_datapack__file110,3698,mf_slot,156x56,156.0x56.0,local,1
002_UnityDataAssetPack_datapack__file110,8974,char_kid,002_UnityDataAssetPack_datapack__file110,3699,char_kid,60x74,60.0x74.0,local,1
002_UnityDataAssetPack_datapack__file110,8975,priest_hp_skill_dmg,002_UnityDataAssetPack_datapack__file110,3700,priest_hp_skill_dmg,100x100,100.0x100.0,local,1
002_UnityDataAssetPack_datapack__file110,8976,ground_replace_2,002_UnityDataAssetPack_datapack__file110,3701,ground_replace_2,230x84,230.0x84.0,local,1
002_UnityDataAssetPack_datapack__file110,8977,button_green,002_UnityDataAssetPack_datapack__file110,3702,button_green,80x80,80.0x80.0,local,1
002_UnityDataAssetPack_datapack__file110,8978,mage_hp_atk,002_UnityDataAssetPack_datapack__file110,3703,mage_hp_atk,100x100,100.0x100.0,local,1
002_UnityDataAssetPack_datapack__file110,8979,6,002_UnityDataAssetPack_datapack__file110,3705,6,144x144,144.0x144.0,local,1
002_UnityDataAssetPack_datapack__file110,8980,22,002_UnityDataAssetPack_datapack__file110,3707,22,84x84,84.0x84.0,local,1
002_UnityDataAssetPack_datapack__file110,8981,gate_10,002_UnityDataAssetPack_datapack__file110,3708,gate_10,300x210,300.0x210.0,local,1
002_UnityDataAssetPack_datapack__file110,8982,question_mark,002_UnityDataAssetPack_datapack__file110,3709,question_mark,200x200,200.0x200.0,local,1
002_UnityDataAssetPack_datapack__file110,8983,pet_6,002_UnityDataAssetPack_datapack__file110,3710,pet_6,100x100,100.0x100.0,local,1
002_UnityDataAssetPack_datapack__file110,8984,ship_minion_shink,002_UnityDataAssetPack_datapack__file110,3711,ship_minion_shink,180x148,180.0x148.0,local,1
002_UnityDataAssetPack_datapack__file110,8985,event_thong_linh,002_UnityDataAssetPack_datapack__file110,3712,event_thong_linh,536x176,536.0x176.0,local,1
002_UnityDataAssetPack_datapack__file110,8986,skill_148,002_UnityDataAssetPack_datapack__file110,3713,skill_148,100x100,100.0x100.0,local,1
002_UnityDataAssetPack_datapack__file110,8987,gem_tier,002_UnityDataAssetPack_datapack__file110,3714,gem_tier,36x36,36.0x36.0,local,1
002_UnityDataAssetPack_datapack__file110,8988,btn_23,002_UnityDataAssetPack_datapack__file110,3715,btn_23,320x80,320.0x80.0,local,1
002_UnityDataAssetPack_datapack__file110,8989,6,002_UnityDataAssetPack_datapack__file110,3717,6,84x84,84.0x84.0,local,1
002_UnityDataAssetPack_datapack__file110,8990,87,002_UnityDataAssetPack_datapack__file110,3718,87,100x100,100.0x100.0,local,1
002_UnityDataAssetPack_datapack__file110,8991,51,002_UnityDataAssetPack_datapack__file110,3719,51,100x100,100.0x100.0,local,1
002_UnityDataAssetPack_datapack__file110,8992,team,002_UnityDataAssetPack_datapack__file110,3720,team,51x52,51.0x52.0,local,1
002_UnityDataAssetPack_datapack__file110,8993,building_dungeon,002_UnityDataAssetPack_datapack__file110,3721,building_dungeon,469x256,469.0x256.0,local,1
002_UnityDataAssetPack_datapack__file110,8994,tarven_star_5,002_UnityDataAssetPack_datapack__file110,3722,tarven_star_5,44x44,44.0x44.0,local,1
002_UnityDataAssetPack_datapack__file110,8995,rect_final_2,002_UnityDataAssetPack_datapack__file110,3723,rect_final_2,96x84,96.0x84.0,local,1
002_UnityDataAssetPack_datapack__file110,8996,gem_1_en,002_UnityDataAssetPack_datapack__file110,3724,gem_1_en,144x136,144.0x136.0,local,1
002_UnityDataAssetPack_datapack__file110,8997,guild_flag_30,002_UnityDataAssetPack_datapack__file110,3725,guild_flag_30,88x92,88.0x92.0,local,1
002_UnityDataAssetPack_datapack__file110,8998,icon_nguoirom,002_UnityDataAssetPack_datapack__file110,3726,icon_nguoirom,52x52,52.0x52.0,local,1
002_UnityDataAssetPack_datapack__file110,8999,ability_29,002_UnityDataAssetPack_datapack__file110,3727,ability_29,112x108,112.0x108.0,local,1
002_UnityDataAssetPack_datapack__file110,9000,thanh_chien,002_UnityDataAssetPack_datapack__file110,3728,thanh_chien,352x120,352.0x120.0,local,1
002_UnityDataAssetPack_datapack__file110,9001,mid_autumn_1,002_UnityDataAssetPack_datapack__file110,3729,mid_autumn_1,100x100,100.0x100.0,local,1
002_UnityDataAssetPack_datapack__file110,9002,item_shop1,002_UnityDataAssetPack_datapack__file110,3730,item_shop1,247x182,247.0x182.0,local,1
002_UnityDataAssetPack_datapack__file110,9003,icon_boss,002_UnityDataAssetPack_datapack__file110,3731,icon_boss,100x100,100.0x100.0,local,1
002_UnityDataAssetPack_datapack__file110,9004,20001,002_UnityDataAssetPack_datapack__file110,3733,20001,100x100,100.0x100.0,local,1
002_UnityDataAssetPack_datapack__file110,9005,89,002_UnityDataAssetPack_datapack__file110,3734,89,100x100,100.0x100.0,local,1
002_UnityDataAssetPack_datapack__file110,9006,Hero_1122,002_UnityDataAssetPack_datapack__file110,3735,Hero_1122,1024x972,1024.0x972.0,local,1
002_UnityDataAssetPack_datapack__file110,9007,boss_frame_2,002_UnityDataAssetPack_datapack__file110,3736,boss_frame_2,288x412,288.0x412.0,local,1
002_UnityDataAssetPack_datapack__file110,9008,icon_nap_dau,002_UnityDataAssetPack_datapack__file110,3738,icon_nap_dau,76x80,76.0x80.0,local,1
002_UnityDataAssetPack_datapack__file110,9009,L_FR,002_UnityDataAssetPack_datapack__file110,3739,L_FR,80x83,80.0x83.0,local,1
002_UnityDataAssetPack_datapack__file110,9010,gem_2,002_UnityDataAssetPack_datapack__file110,3740,gem_2,68x44,68.0x44.0,local,1
002_UnityDataAssetPack_datapack__file110,9011,scroll_1,002_UnityDataAssetPack_datapack__file110,3743,scroll_1,20x51,20.0x51.0,local,1
002_UnityDataAssetPack_datapack__file110,9012,6,002_UnityDataAssetPack_datapack__file110,3744,6,100x100,100.0x100.0,local,1
002_UnityDataAssetPack_datapack__file110,9013,bgr_splash,002_UnityDataAssetPack_datapack__file110,3745,bgr_splash,1400x640,1400.0x640.0,local,1
002_UnityDataAssetPack_datapack__file110,9014,icon_attack,002_UnityDataAssetPack_datapack__file110,3746,icon_attack,40x40,40.0x40.0,local,1
002_UnityDataAssetPack_datapack__file110,9015,skill_198,002_UnityDataAssetPack_datapack__file110,3747,skill_198,100x100,100.0x100.0,local,1
002_UnityDataAssetPack_datapack__file110,9016,1006,002_UnityDataAssetPack_datapack__file110,3748,1006,100x100,100.0x100.0,local,1
002_UnityDataAssetPack_datapack__file110,9017,arrow_right,002_UnityDataAssetPack_datapack__file110,3749,arrow_right,45x70,45.0x70.0,local,1
002_UnityDataAssetPack_datapack__file110,9018,you_at,002_UnityDataAssetPack_datapack__file110,3750,you_at,100x100,100.0x100.0,local,1
002_UnityDataAssetPack_datapack__file110,9019,40,002_UnityDataAssetPack_datapack__file110,3751,40,144x144,144.0x144.0,local,1
002_UnityDataAssetPack_datapack__file110,9020,tab33a,002_UnityDataAssetPack_datapack__file110,3752,tab33a,78x90,78.0x90.0,local,1
002_UnityDataAssetPack_datapack__file110,9021,skill_39,002_UnityDataAssetPack_datapack__file110,3753,skill_39,100x100,100.0x100.0,local,1
002_UnityDataAssetPack_datapack__file110,9022,skill_25,002_UnityDataAssetPack_datapack__file110,3754,skill_25,100x100,100.0x100.0,local,1
002_UnityDataAssetPack_datapack__file110,9023,gem_9,002_UnityDataAssetPack_datapack__file110,3755,gem_9,144x136,144.0x136.0,local,1
002_UnityDataAssetPack_datapack__file110,9024,bgr_fk,002_UnityDataAssetPack_datapack__file110,3756,bgr_fk,1136x640,1136.0x640.0,local,1
002_UnityDataAssetPack_datapack__file110,9025,49,002_UnityDataAssetPack_datapack__file110,3757,49,100x100,100.0x100.0,local,1
002_UnityDataAssetPack_datapack__file110,9026,54,002_UnityDataAssetPack_datapack__file110,3758,54,84x84,84.0x84.0,local,1
002_UnityDataAssetPack_datapack__file110,9027,60,002_UnityDataAssetPack_datapack__file110,3759,60,144x144,144.0x144.0,local,1
002_UnityDataAssetPack_datapack__file110,9028,progress_2,002_UnityDataAssetPack_datapack__file110,3760,progress_2,151x38,151.0x38.0,local,1
002_UnityDataAssetPack_datapack__file110,9029,button_grow,002_UnityDataAssetPack_datapack__file110,3761,button_grow,80x80,80.0x80.0,local,1
002_UnityDataAssetPack_datapack__file110,9030,icon_gem,002_UnityDataAssetPack_datapack__file110,3764,icon_gem,52x52,52.0x52.0,local,1
002_UnityDataAssetPack_datapack__file110,9031,icon_18,002_UnityDataAssetPack_datapack__file110,3765,icon_18,88x88,88.0x88.0,local,1
002_UnityDataAssetPack_datapack__file110,9032,rect_50,002_UnityDataAssetPack_datapack__file110,3766,rect_50,188x268,188.0x268.0,local,1
002_UnityDataAssetPack_datapack__file110,9033,64,002_UnityDataAssetPack_datapack__file110,3767,64,100x100,100.0x100.0,local,1
002_UnityDataAssetPack_datapack__file110,9034,gate_1,002_UnityDataAssetPack_datapack__file110,3768,gate_1,302x257,302.0x257.0,local,1
002_UnityDataAssetPack_datapack__file110,9035,skill_43,002_UnityDataAssetPack_datapack__file110,3769,skill_43,100x100,100.0x100.0,local,1
002_UnityDataAssetPack_datapack__file110,9036,203,002_UnityDataAssetPack_datapack__file110,3770,203,640x512,640.0x512.0,local,1
002_UnityDataAssetPack_datapack__file110,9037,tab_event_on,002_UnityDataAssetPack_datapack__file110,3771,tab_event_on,288x86,288.0x86.0,local,1
002_UnityDataAssetPack_datapack__file110,9038,round_rect_1,002_UnityDataAssetPack_datapack__file110,3772,round_rect_1,64x64,64.0x64.0,local,1
002_UnityDataAssetPack_datapack__file110,9039,tag_lock,002_UnityDataAssetPack_datapack__file110,3773,tag_lock,62x62,62.0x62.0,local,1
002_UnityDataAssetPack_datapack__file110,9040,button_fk_feedback,002_UnityDataAssetPack_datapack__file110,3774,button_fk_feedback,79x67,79.0x67.0,local,1
002_UnityDataAssetPack_datapack__file110,9041,icon_unkown,002_UnityDataAssetPack_datapack__file110,3775,icon_unkown,32x32,32.0x32.0,local,1
002_UnityDataAssetPack_datapack__file110,9042,94,002_UnityDataAssetPack_datapack__file110,3776,94,180x248,180.0x248.0,local,1
002_UnityDataAssetPack_datapack__file110,9043,38,002_UnityDataAssetPack_datapack__file110,3777,38,100x100,100.0x100.0,local,1
002_UnityDataAssetPack_datapack__file110,9044,156,002_UnityDataAssetPack_datapack__file110,3778,156,180x248,180.0x248.0,local,1
002_UnityDataAssetPack_datapack__file110,9045,title,002_UnityDataAssetPack_datapack__file110,3779,title,269x58,269.0x58.0,local,1
002_UnityDataAssetPack_datapack__file110,9046,icon_gem,002_UnityDataAssetPack_datapack__file110,3780,icon_gem,52x52,52.0x52.0,local,1
002_UnityDataAssetPack_datapack__file110,9047,fk_win2,002_UnityDataAssetPack_datapack__file110,3781,fk_win2,564x157,564.0x157.0,local,1
002_UnityDataAssetPack_datapack__file110,9048,150,002_UnityDataAssetPack_datapack__file110,3782,150,640x512,640.0x512.0,local,1
002_UnityDataAssetPack_datapack__file110,9049,Hero_922,002_UnityDataAssetPack_datapack__file110,3783,Hero_922,976x1024,976.0x1024.0,local,1
002_UnityDataAssetPack_datapack__file110,9050,Hit_94,002_UnityDataAssetPack_datapack__file110,3784,Hit_94,975x381,975.0x381.0,local,1
002_UnityDataAssetPack_datapack__file110,9051,17,002_UnityDataAssetPack_datapack__file110,3785,17,144x144,144.0x144.0,local,1
002_UnityDataAssetPack_datapack__file110,9052,chan_win,002_UnityDataAssetPack_datapack__file110,3786,chan_win,82x61,82.0x61.0,local,1
002_UnityDataAssetPack_datapack__file110,9053,skill_16,002_UnityDataAssetPack_datapack__file110,3787,skill_16,100x100,100.0x100.0,local,1
002_UnityDataAssetPack_datapack__file110,9054,arrow_right,002_UnityDataAssetPack_datapack__file110,3788,arrow_right,44x72,44.0x72.0,local,1
002_UnityDataAssetPack_datapack__file110,9055,icon_lotion_3,002_UnityDataAssetPack_datapack__file110,3789,icon_lotion_3,100x100,100.0x100.0,local,1
002_UnityDataAssetPack_datapack__file110,9056,tab_pet_ruin,002_UnityDataAssetPack_datapack__file110,3790,tab_pet_ruin,78x90,78.0x90.0,local,1
002_UnityDataAssetPack_datapack__file110,9057,bgr_altar,002_UnityDataAssetPack_datapack__file110,3792,bgr_altar,1136x640,1136.0x640.0,local,1
002_UnityDataAssetPack_datapack__file110,9058,button_add,002_UnityDataAssetPack_datapack__file110,3793,button_add,52x52,52.0x52.0,local,1
002_UnityDataAssetPack_datapack__file110,9059,rect_brown,002_UnityDataAssetPack_datapack__file110,3794,rect_brown,21x21,21.0x21.0,local,1
002_UnityDataAssetPack_datapack__file110,9060,skill_675,002_UnityDataAssetPack_datapack__file110,3795,skill_675,100x100,100.0x100.0,local,1
002_UnityDataAssetPack_datapack__file110,9061,milestone_mastering,002_UnityDataAssetPack_datapack__file110,3796,milestone_mastering,64x64,64.0x64.0,local,1
002_UnityDataAssetPack_datapack__file110,9062,battle_x3,002_UnityDataAssetPack_datapack__file110,3797,battle_x3,124x60,124.0x60.0,local,1
002_UnityDataAssetPack_datapack__file110,9063,Hero_2022,002_UnityDataAssetPack_datapack__file110,3798,Hero_2022,1000x816,1000.0x816.0,local,1
002_UnityDataAssetPack_datapack__file110,9064,fame_5,002_UnityDataAssetPack_datapack__file110,3799,fame_5,95x257,95.0x257.0,local,1
002_UnityDataAssetPack_datapack__file110,9065,188,002_UnityDataAssetPack_datapack__file110,3800,188,100x100,100.0x100.0,local,1
002_UnityDataAssetPack_datapack__file110,9066,20003,002_UnityDataAssetPack_datapack__file110,3801,20003,100x100,100.0x100.0,local,1
002_UnityDataAssetPack_datapack__file110,9067,battle_pos_5,002_UnityDataAssetPack_datapack__file110,3802,battle_pos_5,260x64,260.0x64.0,local,1
002_UnityDataAssetPack_datapack__file110,9068,skill_241,002_UnityDataAssetPack_datapack__file110,3803,skill_241,100x100,100.0x100.0,local,1
002_UnityDataAssetPack_datapack__file110,9069,popup_24,002_UnityDataAssetPack_datapack__file110,3804,popup_24,466x512,466.0x512.0,local,1
002_UnityDataAssetPack_datapack__file110,9070,button_battle_log,002_UnityDataAssetPack_datapack__file110,3805,button_battle_log,100x100,100.0x100.0,local,1
002_UnityDataAssetPack_datapack__file110,9071,building_casino,002_UnityDataAssetPack_datapack__file110,3806,building_casino,362x286,362.0x286.0,local,1
002_UnityDataAssetPack_datapack__file110,9072,ability_17,002_UnityDataAssetPack_datapack__file110,3807,ability_17,116x116,116.0x116.0,local,1
002_UnityDataAssetPack_datapack__file110,9073,tab_skin_on,002_UnityDataAssetPack_datapack__file110,3809,tab_skin_on,78x90,78.0x90.0,local,1
002_UnityDataAssetPack_datapack__file110,9074,bgr_equipment_4,002_UnityDataAssetPack_datapack__file110,3810,bgr_equipment_4,100x100,100.0x100.0,local,1
002_UnityDataAssetPack_datapack__file110,9075,ship_member_2_2,002_UnityDataAssetPack_datapack__file110,3811,ship_member_2_2,180x148,180.0x148.0,local,1
002_UnityDataAssetPack_datapack__file110,9076,character_0046_c1,002_UnityDataAssetPack_datapack__file110,3812,character_0046_c1,640x512,640.0x512.0,local,1
002_UnityDataAssetPack_datapack__file110,9077,mark_death,002_UnityDataAssetPack_datapack__file110,3813,mark_death,104x112,104.0x112.0,local,1
002_UnityDataAssetPack_datapack__file110,9078,aura_background_2,002_UnityDataAssetPack_datapack__file110,3814,aura_background_2,116x116,116.0x116.0,local,1
002_UnityDataAssetPack_datapack__file110,9079,tech_hp_skill_dmg,002_UnityDataAssetPack_datapack__file110,3815,tech_hp_skill_dmg,100x100,100.0x100.0,local,1
002_UnityDataAssetPack_datapack__file110,9080,72,002_UnityDataAssetPack_datapack__file110,3816,72,84x84,84.0x84.0,local,1
002_UnityDataAssetPack_datapack__file110,9081,57,002_UnityDataAssetPack_datapack__file110,3817,57,100x100,100.0x100.0,local,1
002_UnityDataAssetPack_datapack__file110,9082,icon_2,002_UnityDataAssetPack_datapack__file110,3818,icon_2,88x88,88.0x88.0,local,1
002_UnityDataAssetPack_datapack__file110,9083,battle_x2,002_UnityDataAssetPack_datapack__file110,3820,battle_x2,124x60,124.0x60.0,local,1
002_UnityDataAssetPack_datapack__file110,9084,tab_shop_off,002_UnityDataAssetPack_datapack__file110,3821,tab_shop_off,146x48,146.0x48.0,local,1
002_UnityDataAssetPack_datapack__file110,9085,progress_bgr,002_UnityDataAssetPack_datapack__file110,3822,progress_bgr,12x72,12.0x72.0,local,1
002_UnityDataAssetPack_datapack__file110,9086,bgr_iap_3,002_UnityDataAssetPack_datapack__file110,3823,bgr_iap_3,46x48,46.0x48.0,local,1
002_UnityDataAssetPack_datapack__file110,9087,banner_quytruongthanh2,002_UnityDataAssetPack_datapack__file110,3824,banner_quytruongthanh2,700x132,700.0x132.0,local,1
002_UnityDataAssetPack_datapack__file110,9088,icon_mastering_points,002_UnityDataAssetPack_datapack__file110,3825,icon_mastering_points,100x100,100.0x100.0,local,1
002_UnityDataAssetPack_datapack__file110,9089,box_2,002_UnityDataAssetPack_datapack__file110,3826,box_2,388x441,388.0x441.0,local,1
002_UnityDataAssetPack_datapack__file110,9090,icon_arena_coin,002_UnityDataAssetPack_datapack__file110,3827,icon_arena_coin,100x100,100.0x100.0,local,1
002_UnityDataAssetPack_datapack__file110,9091,141,002_UnityDataAssetPack_datapack__file110,3828,141,640x512,640.0x512.0,local,1
002_UnityDataAssetPack_datapack__file110,9092,17,002_UnityDataAssetPack_datapack__file110,3829,17,84x84,84.0x84.0,local,1
002_UnityDataAssetPack_datapack__file110,9093,mage_anti_mage,002_UnityDataAssetPack_datapack__file110,3830,mage_anti_mage,100x100,100.0x100.0,local,1
002_UnityDataAssetPack_datapack__file110,9094,40000,002_UnityDataAssetPack_datapack__file110,3831,40000,100x100,100.0x100.0,local,1
002_UnityDataAssetPack_datapack__file110,9095,assassin_anti_mage,002_UnityDataAssetPack_datapack__file110,3832,assassin_anti_mage,100x100,100.0x100.0,local,1
002_UnityDataAssetPack_datapack__file110,9096,help_off,002_UnityDataAssetPack_datapack__file110,3833,help_off,78x90,78.0x90.0,local,1
002_UnityDataAssetPack_datapack__file110,9097,text_field,002_UnityDataAssetPack_datapack__file110,3834,text_field,96x48,96.0x48.0,local,1
002_UnityDataAssetPack_datapack__file110,9098,button_reset,002_UnityDataAssetPack_datapack__file110,3835,button_reset,62x62,62.0x62.0,local,1
002_UnityDataAssetPack_datapack__file110,9099,170,002_UnityDataAssetPack_datapack__file110,3836,170,100x100,100.0x100.0,local,1
002_UnityDataAssetPack_datapack__file110,9100,50,002_UnityDataAssetPack_datapack__file110,3837,50,100x100,100.0x100.0,local,1
002_UnityDataAssetPack_datapack__file110,9101,126,002_UnityDataAssetPack_datapack__file110,3839,126,180x248,180.0x248.0,local,1
002_UnityDataAssetPack_datapack__file110,9102,40005,002_UnityDataAssetPack_datapack__file110,3842,40005,100x100,100.0x100.0,local,1
002_UnityDataAssetPack_datapack__file110,9103,bgr_layer_2,002_UnityDataAssetPack_datapack__file110,3843,bgr_layer_2,1408x552,1408.0x552.0,local,1
002_UnityDataAssetPack_datapack__file110,9104,BattleArena10,002_UnityDataAssetPack_datapack__file110,3844,BattleArena10,1476x880,1476.0x880.0,local,1
002_UnityDataAssetPack_datapack__file110,9105,Hero_1732,002_UnityDataAssetPack_datapack__file110,3845,Hero_1732,844x636,844.0x636.0,local,1
002_UnityDataAssetPack_datapack__file110,9106,33,002_UnityDataAssetPack_datapack__file110,3846,33,100x100,100.0x100.0,local,1
002_UnityDataAssetPack_datapack__file110,9107,Img_Return_Off,002_UnityDataAssetPack_datapack__file110,3847,Img_Return_Off,100x100,100.0x100.0,local,1
002_UnityDataAssetPack_datapack__file110,9108,E_45,002_UnityDataAssetPack_datapack__file110,3848,E_45,116x53,116.0x53.0,local,1
002_UnityDataAssetPack_datapack__file110,9109,Hero_1622,002_UnityDataAssetPack_datapack__file110,3849,Hero_1622,968x1000,968.0x1000.0,local,1
002_UnityDataAssetPack_datapack__file110,9110,round_rect_11,002_UnityDataAssetPack_datapack__file110,3850,round_rect_11,64x64,64.0x64.0,local,1
002_UnityDataAssetPack_datapack__file110,9111,button_search,002_UnityDataAssetPack_datapack__file110,3851,button_search,56x56,56.0x56.0,local,1
002_UnityDataAssetPack_datapack__file110,9112,226,002_UnityDataAssetPack_datapack__file110,3852,226,640x512,640.0x512.0,local,1
002_UnityDataAssetPack_datapack__file110,9113,skill_201,002_UnityDataAssetPack_datapack__file110,3853,skill_201,100x100,100.0x100.0,local,1
002_UnityDataAssetPack_datapack__file110,9114,skill_694,002_UnityDataAssetPack_datapack__file110,3854,skill_694,100x100,100.0x100.0,local,1
002_UnityDataAssetPack_datapack__file110,9115,button_raid_shard,002_UnityDataAssetPack_datapack__file110,3855,button_raid_shard,199x304,199.0x304.0,local,1
002_UnityDataAssetPack_datapack__file110,9116,157,002_UnityDataAssetPack_datapack__file110,3856,157,640x512,640.0x512.0,local,1
002_UnityDataAssetPack_datapack__file110,9117,ship_member_4_2,002_UnityDataAssetPack_datapack__file110,3857,ship_member_4_2,180x148,180.0x148.0,local,1
002_UnityDataAssetPack_datapack__file110,9118,boss_frame_overlay,002_UnityDataAssetPack_datapack__file110,3858,boss_frame_overlay,288x412,288.0x412.0,local,1
002_UnityDataAssetPack_datapack__file110,9119,rock,002_UnityDataAssetPack_datapack__file110,3859,rock,100x100,100.0x100.0,local,1
002_UnityDataAssetPack_datapack__file110,9120,171,002_UnityDataAssetPack_datapack__file110,3860,171,180x248,180.0x248.0,local,1
002_UnityDataAssetPack_datapack__file110,9121,menu_home2_forge,002_UnityDataAssetPack_datapack__file110,3861,menu_home2_forge,100x100,100.0x100.0,local,1
002_UnityDataAssetPack_datapack__file110,9122,28,002_UnityDataAssetPack_datapack__file110,3862,28,100x100,100.0x100.0,local,1
002_UnityDataAssetPack_datapack__file110,9123,Joystick,002_UnityDataAssetPack_datapack__file110,3863,Joystick,142x142,142.0x142.0,local,1
002_UnityDataAssetPack_datapack__file110,9124,arrow_2,002_UnityDataAssetPack_datapack__file110,3864,arrow_2,48x48,48.0x48.0,local,1
002_UnityDataAssetPack_datapack__file110,9125,guild_flag_3,002_UnityDataAssetPack_datapack__file110,3865,guild_flag_3,88x92,88.0x92.0,local,1
002_UnityDataAssetPack_datapack__file110,9126,339,002_UnityDataAssetPack_datapack__file110,3866,339,640x512,640.0x512.0,local,1
002_UnityDataAssetPack_datapack__file110,9127,tab_change_ia,002_UnityDataAssetPack_datapack__file110,3868,tab_change_ia,92x92,92.0x92.0,local,1
002_UnityDataAssetPack_datapack__file110,9128,17,002_UnityDataAssetPack_datapack__file110,3869,17,100x100,100.0x100.0,local,1
002_UnityDataAssetPack_datapack__file110,9129,decor_win,002_UnityDataAssetPack_datapack__file110,3870,decor_win,824x296,824.0x296.0,local,1
002_UnityDataAssetPack_datapack__file110,9130,icon_sukien_newyear,002_UnityDataAssetPack_datapack__file110,3872,icon_sukien_newyear,100x100,100.0x100.0,local,1
002_UnityDataAssetPack_datapack__file110,9131,tab_mill_top_2,002_UnityDataAssetPack_datapack__file110,3873,tab_mill_top_2,78x90,78.0x90.0,local,1
002_UnityDataAssetPack_datapack__file110,9132,206,002_UnityDataAssetPack_datapack__file110,3874,206,100x100,100.0x100.0,local,1
002_UnityDataAssetPack_datapack__file110,9133,faction_shadow,002_UnityDataAssetPack_datapack__file110,3875,faction_shadow,80x80,80.0x80.0,local,1
002_UnityDataAssetPack_datapack__file110,9134,BattleArena5,002_UnityDataAssetPack_datapack__file110,3876,BattleArena5,1476x880,1476.0x880.0,local,1
002_UnityDataAssetPack_datapack__file110,9135,popup_first_pc,002_UnityDataAssetPack_datapack__file110,3877,popup_first_pc,944x568,944.0x568.0,local,1
002_UnityDataAssetPack_datapack__file110,9136,10,002_UnityDataAssetPack_datapack__file110,3878,10,32x32,32.0x32.0,local,1
002_UnityDataAssetPack_datapack__file110,9137,tab_fk_off,002_UnityDataAssetPack_datapack__file110,3879,tab_fk_off,168x80,168.0x80.0,local,1
002_UnityDataAssetPack_datapack__file110,9138,nami_bgr,002_UnityDataAssetPack_datapack__file110,3880,nami_bgr,1280x720,1280.0x720.0,local,1
002_UnityDataAssetPack_datapack__file110,9139,ship_member_3_2,002_UnityDataAssetPack_datapack__file110,3881,ship_member_3_2,180x148,180.0x148.0,local,1
002_UnityDataAssetPack_datapack__file110,9140,icon_battle2,002_UnityDataAssetPack_datapack__file110,3882,icon_battle2,74x64,74.0x64.0,local,1
002_UnityDataAssetPack_datapack__file110,9141,icon_phao,002_UnityDataAssetPack_datapack__file110,3883,icon_phao,100x100,100.0x100.0,local,1
002_UnityDataAssetPack_datapack__file110,9142,button_play_red,002_UnityDataAssetPack_datapack__file110,3884,button_play_red,56x48,56.0x48.0,local,1
002_UnityDataAssetPack_datapack__file110,9143,button_menu_open,002_UnityDataAssetPack_datapack__file110,3885,button_menu_open,96x68,96.0x68.0,local,1
002_UnityDataAssetPack_datapack__file110,9144,tech_anti_ranger,002_UnityDataAssetPack_datapack__file110,3886,tech_anti_ranger,100x100,100.0x100.0,local,1
002_UnityDataAssetPack_datapack__file110,9145,event_1,002_UnityDataAssetPack_datapack__file110,3887,event_1,700x132,700.0x132.0,local,1
002_UnityDataAssetPack_datapack__file110,9146,tab_all_heroes,002_UnityDataAssetPack_datapack__file110,3888,tab_all_heroes,78x90,78.0x90.0,local,1
002_UnityDataAssetPack_datapack__file110,9147,40001,002_UnityDataAssetPack_datapack__file110,3889,40001,100x100,100.0x100.0,local,1
002_UnityDataAssetPack_datapack__file110,9148,ability_10,002_UnityDataAssetPack_datapack__file110,3890,ability_10,116x116,116.0x116.0,local,1
002_UnityDataAssetPack_datapack__file110,9149,war_map_a_2,002_UnityDataAssetPack_datapack__file110,3891,war_map_a_2,1136x640,1136.0x640.0,local,1
002_UnityDataAssetPack_datapack__file110,9150,26,002_UnityDataAssetPack_datapack__file110,3892,26,100x100,100.0x100.0,local,1
002_UnityDataAssetPack_datapack__file110,9151,228,002_UnityDataAssetPack_datapack__file110,3893,228,640x512,640.0x512.0,local,1
002_UnityDataAssetPack_datapack__file110,9152,Arrow_89,002_UnityDataAssetPack_datapack__file110,3894,Arrow_89,948x192,948.0x192.0,local,1
002_UnityDataAssetPack_datapack__file110,9153,faction_light,002_UnityDataAssetPack_datapack__file110,3895,faction_light,80x80,80.0x80.0,local,1
002_UnityDataAssetPack_datapack__file110,9154,icon_power,002_UnityDataAssetPack_datapack__file110,3896,icon_power,44x44,44.0x44.0,local,1
002_UnityDataAssetPack_datapack__file110,9155,tag_button,002_UnityDataAssetPack_datapack__file110,3897,tag_button,87x23,87.0x23.0,local,1
002_UnityDataAssetPack_datapack__file110,9156,ability_12,002_UnityDataAssetPack_datapack__file110,3898,ability_12,112x108,112.0x108.0,local,1
002_UnityDataAssetPack_datapack__file110,9157,board_shop,002_UnityDataAssetPack_datapack__file110,3899,board_shop,364x84,364.0x84.0,local,1
002_UnityDataAssetPack_datapack__file110,9158,ButtonAction,002_UnityDataAssetPack_datapack__file110,3900,ButtonAction,100x100,100.0x100.0,local,1
002_UnityDataAssetPack_datapack__file110,9159,bgr_tower_new_hard,002_UnityDataAssetPack_datapack__file110,3901,bgr_tower_new_hard,1136x640,1136.0x640.0,local,1
002_UnityDataAssetPack_datapack__file110,9160,ship_coleader_2,002_UnityDataAssetPack_datapack__file110,3902,ship_coleader_2,180x148,180.0x148.0,local,1
002_UnityDataAssetPack_datapack__file110,9161,203,002_UnityDataAssetPack_datapack__file110,3903,203,180x248,180.0x248.0,local,1
002_UnityDataAssetPack_datapack__file110,9162,leaf_tower_hard,002_UnityDataAssetPack_datapack__file110,3904,leaf_tower_hard,137x82,137.0x82.0,local,1
002_UnityDataAssetPack_datapack__file110,9163,bar_price,002_UnityDataAssetPack_datapack__file110,3905,bar_price,97x34,97.0x34.0,local,1
002_UnityDataAssetPack_datapack__file110,9164,205,002_UnityDataAssetPack_datapack__file110,3906,205,180x248,180.0x248.0,local,1
002_UnityDataAssetPack_datapack__file110,9165,border_equipment_3,002_UnityDataAssetPack_datapack__file110,3907,border_equipment_3,100x100,100.0x100.0,local,1
002_UnityDataAssetPack_datapack__file110,9166,tech_anti_mage,002_UnityDataAssetPack_datapack__file110,3908,tech_anti_mage,100x100,100.0x100.0,local,1
002_UnityDataAssetPack_datapack__file110,9167,7,002_UnityDataAssetPack_datapack__file110,3909,7,123x72,123.0x72.0,local,1
002_UnityDataAssetPack_datapack__file110,9168,10_off,002_UnityDataAssetPack_datapack__file110,3910,10_off,140x72,140.0x72.0,local,1
002_UnityDataAssetPack_datapack__file110,9169,icon tang toc,002_UnityDataAssetPack_datapack__file110,3912,icon tang toc,267x94,267.0x94.0,local,1
002_UnityDataAssetPack_datapack__file110,9170,tech_warrior,002_UnityDataAssetPack_datapack__file110,3913,tech_warrior,100x100,100.0x100.0,local,1
002_UnityDataAssetPack_datapack__file110,9171,pet_5,002_UnityDataAssetPack_datapack__file110,3914,pet_5,100x100,100.0x100.0,local,1
002_UnityDataAssetPack_datapack__file110,9172,Hero_1663,002_UnityDataAssetPack_datapack__file110,3915,Hero_1663,920x404,920.0x404.0,local,1
002_UnityDataAssetPack_datapack__file110,9173,ability_6,002_UnityDataAssetPack_datapack__file110,3916,ability_6,112x108,112.0x108.0,local,1
002_UnityDataAssetPack_datapack__file110,9174,help_1,002_UnityDataAssetPack_datapack__file110,3917,help_1,183x364,183.0x364.0,local,1
002_UnityDataAssetPack_datapack__file110,9175,220,002_UnityDataAssetPack_datapack__file110,3918,220,100x100,100.0x100.0,local,1
002_UnityDataAssetPack_datapack__file110,9176,6,002_UnityDataAssetPack_datapack__file110,3919,6,100x100,100.0x100.0,local,1
002_UnityDataAssetPack_datapack__file110,9177,223,002_UnityDataAssetPack_datapack__file110,3920,223,640x512,640.0x512.0,local,1
002_UnityDataAssetPack_datapack__file110,9178,button_list_apply,002_UnityDataAssetPack_datapack__file110,3921,button_list_apply,78x90,78.0x90.0,local,1
002_UnityDataAssetPack_datapack__file110,9179,sum_abyss,002_UnityDataAssetPack_datapack__file110,3922,sum_abyss,196x361,196.0x361.0,local,1
002_UnityDataAssetPack_datapack__file110,9180,battle_pos_4,002_UnityDataAssetPack_datapack__file110,3924,battle_pos_4,220x64,220.0x64.0,local,1
002_UnityDataAssetPack_datapack__file110,9181,nami_logo,002_UnityDataAssetPack_datapack__file110,3925,nami_logo,844x636,844.0x636.0,local,1
002_UnityDataAssetPack_datapack__file110,9182,skill_239,002_UnityDataAssetPack_datapack__file110,3926,skill_239,100x100,100.0x100.0,local,1
002_UnityDataAssetPack_datapack__file110,9183,icon_15,002_UnityDataAssetPack_datapack__file110,3927,icon_15,88x88,88.0x88.0,local,1
002_UnityDataAssetPack_datapack__file110,9184,icon_event_special_test,002_UnityDataAssetPack_datapack__file110,3928,icon_event_special_test,100x100,100.0x100.0,local,1
002_UnityDataAssetPack_datapack__file110,9185,line_1,002_UnityDataAssetPack_datapack__file110,3929,line_1,26x117,26.0x117.0,local,1
002_UnityDataAssetPack_datapack__file110,9186,icon_game_4_lengends,002_UnityDataAssetPack_datapack__file110,3930,icon_game_4_lengends,1024x1024,1024.0x1024.0,local,1
002_UnityDataAssetPack_datapack__file110,9187,201,002_UnityDataAssetPack_datapack__file110,3931,201,100x100,100.0x100.0,local,1
002_UnityDataAssetPack_datapack__file110,9188,83,002_UnityDataAssetPack_datapack__file110,3932,83,100x100,100.0x100.0,local,1
002_UnityDataAssetPack_datapack__file110,9189,skill_238,002_UnityDataAssetPack_datapack__file110,3933,skill_238,100x100,100.0x100.0,local,1
002_UnityDataAssetPack_datapack__file110,9190,218,002_UnityDataAssetPack_datapack__file110,3934,218,100x100,100.0x100.0,local,1
002_UnityDataAssetPack_datapack__file110,9191,mill_1,002_UnityDataAssetPack_datapack__file110,3935,mill_1,173x142,173.0x142.0,local,1
002_UnityDataAssetPack_datapack__file110,9192,skill_237,002_UnityDataAssetPack_datapack__file110,3936,skill_237,100x100,100.0x100.0,local,1
002_UnityDataAssetPack_datapack__file110,9193,star_grey2,002_UnityDataAssetPack_datapack__file110,3937,star_grey2,31x31,31.0x31.0,local,1
002_UnityDataAssetPack_datapack__file110,9194,89,002_UnityDataAssetPack_datapack__file110,3938,89,640x512,640.0x512.0,local,1
002_UnityDataAssetPack_datapack__file110,9195,skill_240,002_UnityDataAssetPack_datapack__file110,3939,skill_240,100x100,100.0x100.0,local,1
002_UnityDataAssetPack_datapack__file110,9196,loading_knob,002_UnityDataAssetPack_datapack__file110,3940,loading_knob,9x19,9.0x19.0,local,1
002_UnityDataAssetPack_datapack__file110,9197,43,002_UnityDataAssetPack_datapack__file110,3941,43,144x144,144.0x144.0,local,1
002_UnityDataAssetPack_datapack__file110,9198,bar_rage_2,002_UnityDataAssetPack_datapack__file110,3942,bar_rage_2,84x6,84.0x6.0,local,1
002_UnityDataAssetPack_datapack__file110,9199,skill_743,002_UnityDataAssetPack_datapack__file110,3943,skill_743,100x100,100.0x100.0,local,1
002_UnityDataAssetPack_datapack__file110,9200,tab_mage,002_UnityDataAssetPack_datapack__file110,3944,tab_mage,78x90,78.0x90.0,local,1
002_UnityDataAssetPack_datapack__file110,9201,bgfake,002_UnityDataAssetPack_datapack__file110,3946,bgfake,1400x640,1400.0x640.0,local,1
002_UnityDataAssetPack_datapack__file110,9202,tab_equipment,002_UnityDataAssetPack_datapack__file110,3947,tab_equipment,78x90,78.0x90.0,local,1
002_UnityDataAssetPack_datapack__file110,9203,Hit_109,002_UnityDataAssetPack_datapack__file110,3948,Hit_109,851x219,851.0x219.0,local,1
002_UnityDataAssetPack_datapack__file110,9204,209,002_UnityDataAssetPack_datapack__file110,3949,209,640x512,640.0x512.0,local,1
002_UnityDataAssetPack_datapack__file110,9205,skill_149,002_UnityDataAssetPack_datapack__file110,3950,skill_149,100x100,100.0x100.0,local,1
002_UnityDataAssetPack_datapack__file110,9206,button_upgrade,002_UnityDataAssetPack_datapack__file110,3951,button_upgrade,64x67,64.0x67.0,local,1
002_UnityDataAssetPack_datapack__file110,9207,mid_autumn_13,002_UnityDataAssetPack_datapack__file110,3952,mid_autumn_13,88x106,88.0x106.0,local,1
002_UnityDataAssetPack_datapack__file110,9208,bgr_label_0,002_UnityDataAssetPack_datapack__file110,3953,bgr_label_0,233x70,233.0x70.0,local,1
002_UnityDataAssetPack_datapack__file110,9209,tab_chat3,002_UnityDataAssetPack_datapack__file110,3954,tab_chat3,168x80,168.0x80.0,local,1
002_UnityDataAssetPack_datapack__file110,9210,tab_armor_ia,002_UnityDataAssetPack_datapack__file110,3955,tab_armor_ia,78x90,78.0x90.0,local,1
002_UnityDataAssetPack_datapack__file110,9211,bgr_fix,002_UnityDataAssetPack_datapack__file110,3956,bgr_fix,1052x624,1052.0x624.0,local,1
002_UnityDataAssetPack_datapack__file110,9212,skill_4,002_UnityDataAssetPack_datapack__file110,3957,skill_4,100x100,100.0x100.0,local,1
002_UnityDataAssetPack_datapack__file110,9213,banner_package_1,002_UnityDataAssetPack_datapack__file110,3959,banner_package_1,808x216,808.0x216.0,local,1
002_UnityDataAssetPack_datapack__file110,9214,icon_buff_precision,002_UnityDataAssetPack_datapack__file110,3960,icon_buff_precision,32x32,32.0x32.0,local,1
002_UnityDataAssetPack_datapack__file110,9215,Group 1,002_UnityDataAssetPack_datapack__file110,3961,Group 1,323x104,323.0x104.0,local,1
002_UnityDataAssetPack_datapack__file110,9216,bgr_tap_1,002_UnityDataAssetPack_datapack__file110,3962,bgr_tap_1,1476x880,1476.0x880.0,local,1
002_UnityDataAssetPack_datapack__file110,9217,title_popup_event_special,002_UnityDataAssetPack_datapack__file110,3963,title_popup_event_special,306x56,306.0x56.0,local,1
002_UnityDataAssetPack_datapack__file110,9218,guild_flag_21,002_UnityDataAssetPack_datapack__file110,3964,guild_flag_21,88x92,88.0x92.0,local,1
002_UnityDataAssetPack_datapack__file110,9219,button_help,002_UnityDataAssetPack_datapack__file110,3965,button_help,52x52,52.0x52.0,local,1
002_UnityDataAssetPack_datapack__file110,9220,49,002_UnityDataAssetPack_datapack__file110,3966,49,100x100,100.0x100.0,local,1
002_UnityDataAssetPack_datapack__file110,9221,button_fk_quest,002_UnityDataAssetPack_datapack__file110,3967,button_fk_quest,73x65,73.0x65.0,local,1
002_UnityDataAssetPack_datapack__file110,9222,44,002_UnityDataAssetPack_datapack__file110,3968,44,144x144,144.0x144.0,local,1
002_UnityDataAssetPack_datapack__file110,9223,sanji_title,002_UnityDataAssetPack_datapack__file110,3969,sanji_title,438x228,438.0x228.0,local,1
002_UnityDataAssetPack_datapack__file110,9224,tag_name,002_UnityDataAssetPack_datapack__file110,3971,tag_name,216x48,216.0x48.0,local,1
002_UnityDataAssetPack_datapack__file110,9225,logo 18+,002_UnityDataAssetPack_datapack__file110,3972,logo 18+,257x107,257.0x107.0,local,1
002_UnityDataAssetPack_datapack__file110,9226,BattleArena6,002_UnityDataAssetPack_datapack__file110,3974,BattleArena6,1476x880,1476.0x880.0,local,1
002_UnityDataAssetPack_datapack__file110,9227,war_star_board,002_UnityDataAssetPack_datapack__file110,3975,war_star_board,48x48,48.0x48.0,local,1
002_UnityDataAssetPack_datapack__file110,9228,bar_hp_bgr,002_UnityDataAssetPack_datapack__file110,3976,bar_hp_bgr,86x8,86.0x8.0,local,1
002_UnityDataAssetPack_datapack__file110,9229,bgr_stage2,002_UnityDataAssetPack_datapack__file110,3977,bgr_stage2,1136x640,1136.0x640.0,local,1
002_UnityDataAssetPack_datapack__file110,9230,card_relic_back,002_UnityDataAssetPack_datapack__file110,3978,card_relic_back,228x356,228.0x356.0,local,1
002_UnityDataAssetPack_datapack__file110,9231,39,002_UnityDataAssetPack_datapack__file110,3979,39,144x144,144.0x144.0,local,1
002_UnityDataAssetPack_datapack__file110,9232,map1b,002_UnityDataAssetPack_datapack__file110,3980,map1b,1068x564,1068.0x564.0,local,1
002_UnityDataAssetPack_datapack__file110,9233,skill_frame,002_UnityDataAssetPack_datapack__file110,3981,skill_frame,94x94,94.0x94.0,local,1
002_UnityDataAssetPack_datapack__file110,9234,123,002_UnityDataAssetPack_datapack__file110,3982,123,640x512,640.0x512.0,local,1
002_UnityDataAssetPack_datapack__file110,9235,107,002_UnityDataAssetPack_datapack__file110,3983,107,180x248,180.0x248.0,local,1
002_UnityDataAssetPack_datapack__file110,9236,popup_notitle_2,002_UnityDataAssetPack_datapack__file110,3984,popup_notitle_2,102x103,102.0x103.0,local,1
002_UnityDataAssetPack_datapack__file110,9237,184,002_UnityDataAssetPack_datapack__file110,3985,184,640x512,640.0x512.0,local,1
002_UnityDataAssetPack_datapack__file110,9238,frame_boss_head,002_UnityDataAssetPack_datapack__file110,3986,frame_boss_head,80x80,80.0x80.0,local,1
002_UnityDataAssetPack_datapack__file110,9239,bar_rage,002_UnityDataAssetPack_datapack__file110,3987,bar_rage,84x6,84.0x6.0,local,1
002_UnityDataAssetPack_datapack__file110,9240,Title7Days,002_UnityDataAssetPack_datapack__file110,3990,Title7Days,444x81,444.0x81.0,local,1
002_UnityDataAssetPack_datapack__file110,9241,priest_perify_immune,002_UnityDataAssetPack_datapack__file110,3991,priest_perify_immune,100x100,100.0x100.0,local,1
002_UnityDataAssetPack_datapack__file110,9242,214,002_UnityDataAssetPack_datapack__file110,3993,214,180x248,180.0x248.0,local,1
002_UnityDataAssetPack_datapack__file110,9243,bgr_equipment_11,002_UnityDataAssetPack_datapack__file110,3994,bgr_equipment_11,100x100,100.0x100.0,local,1
002_UnityDataAssetPack_datapack__file110,9244,button_power,002_UnityDataAssetPack_datapack__file110,3996,button_power,97x97,97.0x97.0,local,1
002_UnityDataAssetPack_datapack__file110,9245,297,002_UnityDataAssetPack_datapack__file110,3997,297,100x100,100.0x100.0,local,1
002_UnityDataAssetPack_datapack__file110,9246,5_off,002_UnityDataAssetPack_datapack__file110,3999,5_off,140x72,140.0x72.0,local,1
002_UnityDataAssetPack_datapack__file110,9247,rect,002_UnityDataAssetPack_datapack__file110,4000,rect,204x375,204.0x375.0,local,1
002_UnityDataAssetPack_datapack__file110,9248,b_abyss,002_UnityDataAssetPack_datapack__file110,4001,b_abyss,476x476,476.0x476.0,local,1
002_UnityDataAssetPack_datapack__file110,9249,home2_frame_avatar,002_UnityDataAssetPack_datapack__file110,4002,home2_frame_avatar,100x100,100.0x100.0,local,1
002_UnityDataAssetPack_datapack__file110,9250,dot_road_line,002_UnityDataAssetPack_datapack__file110,4003,dot_road_line,16x16,16.0x16.0,local,1
002_UnityDataAssetPack_datapack__file110,9251,41,002_UnityDataAssetPack_datapack__file110,4004,41,100x100,100.0x100.0,local,1
002_UnityDataAssetPack_datapack__file110,9252,110,002_UnityDataAssetPack_datapack__file110,4005,110,180x248,180.0x248.0,local,1
002_UnityDataAssetPack_datapack__file110,9253,bgr_Panel,002_UnityDataAssetPack_datapack__file110,4006,bgr_Panel,48x48,48.0x48.0,local,1
002_UnityDataAssetPack_datapack__file110,9254,skill_247,002_UnityDataAssetPack_datapack__file110,4007,skill_247,100x100,100.0x100.0,local,1
002_UnityDataAssetPack_datapack__file110,9255,tech_anti_priest,002_UnityDataAssetPack_datapack__file110,4008,tech_anti_priest,100x100,100.0x100.0,local,1
002_UnityDataAssetPack_datapack__file110,9256,ship_member_4_2,002_UnityDataAssetPack_datapack__file110,4009,ship_member_4_2,180x148,180.0x148.0,local,1
002_UnityDataAssetPack_datapack__file110,9257,button_move_map,002_UnityDataAssetPack_datapack__file110,4010,button_move_map,67x70,67.0x70.0,local,1
002_UnityDataAssetPack_datapack__file110,9258,event_34_2,002_UnityDataAssetPack_datapack__file110,4012,event_34_2,540x464,540.0x464.0,local,1
002_UnityDataAssetPack_datapack__file110,9259,icon_kill,002_UnityDataAssetPack_datapack__file110,4014,icon_kill,90x90,90.0x90.0,local,1
002_UnityDataAssetPack_datapack__file110,9260,event_len_cap,002_UnityDataAssetPack_datapack__file110,4015,event_len_cap,700x132,700.0x132.0,local,1
002_UnityDataAssetPack_datapack__file110,9261,bgr_0000_bongtoi,002_UnityDataAssetPack_datapack__file110,4016,bgr_0000_bongtoi,1136x640,1136.0x640.0,local,1
002_UnityDataAssetPack_datapack__file110,9262,event_ruong_bau,002_UnityDataAssetPack_datapack__file110,4017,event_ruong_bau,700x132,700.0x132.0,local,1
002_UnityDataAssetPack_datapack__file110,9263,bgr_count_basic,002_UnityDataAssetPack_datapack__file110,4018,bgr_count_basic,291x34,291.0x34.0,local,1
002_UnityDataAssetPack_datapack__file110,9264,tab32a,002_UnityDataAssetPack_datapack__file110,4019,tab32a,78x90,78.0x90.0,local,1
002_UnityDataAssetPack_datapack__file110,9265,arrow_chat,002_UnityDataAssetPack_datapack__file110,4020,arrow_chat,66x138,66.0x138.0,local,1
002_UnityDataAssetPack_datapack__file110,9266,skill_131,002_UnityDataAssetPack_datapack__file110,4021,skill_131,100x100,100.0x100.0,local,1
002_UnityDataAssetPack_datapack__file110,9267,button_fk_setting,002_UnityDataAssetPack_datapack__file110,4022,button_fk_setting,65x68,65.0x68.0,local,1
002_UnityDataAssetPack_datapack__file110,9268,bgr_star_3,002_UnityDataAssetPack_datapack__file110,4023,bgr_star_3,168x44,168.0x44.0,local,1
002_UnityDataAssetPack_datapack__file110,9269,124,002_UnityDataAssetPack_datapack__file110,4024,124,180x248,180.0x248.0,local,1
002_UnityDataAssetPack_datapack__file110,9270,mf_background_2,002_UnityDataAssetPack_datapack__file110,4025,mf_background_2,1024x172,1024.0x172.0,local,1
002_UnityDataAssetPack_datapack__file110,9271,weapon_10,002_UnityDataAssetPack_datapack__file110,4026,weapon_10,100x100,100.0x100.0,local,1
002_UnityDataAssetPack_datapack__file110,9272,185,002_UnityDataAssetPack_datapack__file110,4029,185,640x512,640.0x512.0,local,1
002_UnityDataAssetPack_datapack__file110,9273,Skill_1112,002_UnityDataAssetPack_datapack__file110,4030,Skill_1112,856x548,856.0x548.0,local,1
002_UnityDataAssetPack_datapack__file110,9274,icon_vip,002_UnityDataAssetPack_datapack__file110,4032,icon_vip,84x56,84.0x56.0,local,1
002_UnityDataAssetPack_datapack__file110,9275,104,002_UnityDataAssetPack_datapack__file110,4033,104,180x248,180.0x248.0,local,1
002_UnityDataAssetPack_datapack__file110,9276,Hero_692,002_UnityDataAssetPack_datapack__file110,4035,Hero_692,1012x952,1012.0x952.0,local,1
002_UnityDataAssetPack_datapack__file110,9277,ability_15,002_UnityDataAssetPack_datapack__file110,4036,ability_15,112x108,112.0x108.0,local,1
002_UnityDataAssetPack_datapack__file110,9278,Arrow_148,002_UnityDataAssetPack_datapack__file110,4037,Arrow_148,308x276,308.0x276.0,local,1
002_UnityDataAssetPack_datapack__file110,9279,pet_1,002_UnityDataAssetPack_datapack__file110,4038,pet_1,100x100,100.0x100.0,local,1
002_UnityDataAssetPack_datapack__file110,9280,dice_red_2,002_UnityDataAssetPack_datapack__file110,4039,dice_red_2,116x116,116.0x116.0,local,1
002_UnityDataAssetPack_datapack__file110,9281,warrior_stun_immune,002_UnityDataAssetPack_datapack__file110,4040,warrior_stun_immune,100x100,100.0x100.0,local,1
002_UnityDataAssetPack_datapack__file110,9282,knob_mastering,002_UnityDataAssetPack_datapack__file110,4041,knob_mastering,20x20,20.0x20.0,local,1
002_UnityDataAssetPack_datapack__file110,9283,ranger_anti_priest,002_UnityDataAssetPack_datapack__file110,4042,ranger_anti_priest,100x100,100.0x100.0,local,1
002_UnityDataAssetPack_datapack__file110,9284,19,002_UnityDataAssetPack_datapack__file110,4043,19,84x84,84.0x84.0,local,1
002_UnityDataAssetPack_datapack__file110,9285,button_up_2,002_UnityDataAssetPack_datapack__file110,4044,button_up_2,51x52,51.0x52.0,local,1
002_UnityDataAssetPack_datapack__file110,9286,title_6,002_UnityDataAssetPack_datapack__file110,4045,title_6,179x44,179.0x44.0,local,1
002_UnityDataAssetPack_datapack__file110,9287,icon_progress_bar,002_UnityDataAssetPack_datapack__file110,4046,icon_progress_bar,68x76,68.0x76.0,local,1
002_UnityDataAssetPack_datapack__file110,9288,slot_helmet,002_UnityDataAssetPack_datapack__file110,4047,slot_helmet,91x92,91.0x92.0,local,1
002_UnityDataAssetPack_datapack__file110,9289,4,002_UnityDataAssetPack_datapack__file110,4048,4,100x100,100.0x100.0,local,1
002_UnityDataAssetPack_datapack__file110,9290,3,002_UnityDataAssetPack_datapack__file110,4050,3,223x146,223.0x146.0,local,1
002_UnityDataAssetPack_datapack__file110,9291,decor_3,002_UnityDataAssetPack_datapack__file110,4051,decor_3,114x151,114.0x151.0,local,1
002_UnityDataAssetPack_datapack__file110,9292,event_1,002_UnityDataAssetPack_datapack__file110,4053,event_1,536x176,536.0x176.0,local,1
002_UnityDataAssetPack_datapack__file110,9293,ranger_precision,002_UnityDataAssetPack_datapack__file110,4054,ranger_precision,100x100,100.0x100.0,local,1
002_UnityDataAssetPack_datapack__file110,9294,6,002_UnityDataAssetPack_datapack__file110,4055,6,205x136,205.0x136.0,local,1
002_UnityDataAssetPack_datapack__file110,9295,skill_259,002_UnityDataAssetPack_datapack__file110,4056,skill_259,100x100,100.0x100.0,local,1
002_UnityDataAssetPack_datapack__file110,9296,enemy_at,002_UnityDataAssetPack_datapack__file110,4058,enemy_at,100x100,100.0x100.0,local,1
002_UnityDataAssetPack_datapack__file110,9297,216,002_UnityDataAssetPack_datapack__file110,4060,216,640x512,640.0x512.0,local,1
002_UnityDataAssetPack_datapack__file110,9298,banner_uu_dai_chieu_hoi,002_UnityDataAssetPack_datapack__file110,4062,banner_uu_dai_chieu_hoi,536x176,536.0x176.0,local,1
002_UnityDataAssetPack_datapack__file110,9299,Hit_140,002_UnityDataAssetPack_datapack__file110,4063,Hit_140,835x646,835.0x646.0,local,1
002_UnityDataAssetPack_datapack__file110,9300,icon_mail_system,002_UnityDataAssetPack_datapack__file110,4064,icon_mail_system,72x72,72.0x72.0,local,1
002_UnityDataAssetPack_datapack__file110,9301,home_button_vip,002_UnityDataAssetPack_datapack__file110,4065,home_button_vip,93x72,93.0x72.0,local,1
002_UnityDataAssetPack_datapack__file110,9302,ability_2,002_UnityDataAssetPack_datapack__file110,4066,ability_2,104x104,104.0x104.0,local,1
002_UnityDataAssetPack_datapack__file110,9303,faction_light_ia,002_UnityDataAssetPack_datapack__file110,4067,faction_light_ia,80x80,80.0x80.0,local,1
002_UnityDataAssetPack_datapack__file110,9304,108,002_UnityDataAssetPack_datapack__file110,4068,108,100x100,100.0x100.0,local,1
002_UnityDataAssetPack_datapack__file110,9305,18,002_UnityDataAssetPack_datapack__file110,4069,18,84x84,84.0x84.0,local,1
002_UnityDataAssetPack_datapack__file110,9306,icon_tech_hp,002_UnityDataAssetPack_datapack__file110,4070,icon_tech_hp,92x92,92.0x92.0,local,1
002_UnityDataAssetPack_datapack__file110,9307,tab_arena,002_UnityDataAssetPack_datapack__file110,4071,tab_arena,128x80,128.0x80.0,local,1
002_UnityDataAssetPack_datapack__file110,9308,bar_home2_top,002_UnityDataAssetPack_datapack__file110,4072,bar_home2_top,762x33,762.0x33.0,local,1
002_UnityDataAssetPack_datapack__file110,9309,skill_686,002_UnityDataAssetPack_datapack__file110,4073,skill_686,100x100,100.0x100.0,local,1
002_UnityDataAssetPack_datapack__file110,9310,15,002_UnityDataAssetPack_datapack__file110,4074,15,84x84,84.0x84.0,local,1
002_UnityDataAssetPack_datapack__file110,9311,item_transparent,002_UnityDataAssetPack_datapack__file110,4075,item_transparent,100x100,100.0x100.0,local,1
002_UnityDataAssetPack_datapack__file110,9312,pet_3,002_UnityDataAssetPack_datapack__file110,4076,pet_3,100x100,100.0x100.0,local,1
002_UnityDataAssetPack_datapack__file110,9313,healing_of_trial,002_UnityDataAssetPack_datapack__file110,4077,healing_of_trial,228x364,228.0x364.0,local,1
002_UnityDataAssetPack_datapack__file110,9314,bar_title_shop,002_UnityDataAssetPack_datapack__file110,4078,bar_title_shop,303x112,303.0x112.0,local,1
002_UnityDataAssetPack_datapack__file110,9315,box_chat,002_UnityDataAssetPack_datapack__file110,4079,box_chat,70x60,70.0x60.0,local,1
002_UnityDataAssetPack_datapack__file110,9316,skill_181,002_UnityDataAssetPack_datapack__file110,4080,skill_181,100x100,100.0x100.0,local,1
002_UnityDataAssetPack_datapack__file110,9317,ability_1,002_UnityDataAssetPack_datapack__file110,4081,ability_1,112x108,112.0x108.0,local,1
002_UnityDataAssetPack_datapack__file110,9318,progress_1,002_UnityDataAssetPack_datapack__file110,4082,progress_1,99x34,99.0x34.0,local,1
002_UnityDataAssetPack_datapack__file110,9319,lock_fk,002_UnityDataAssetPack_datapack__file110,4083,lock_fk,28x28,28.0x28.0,local,1
002_UnityDataAssetPack_datapack__file110,9320,skill_186,002_UnityDataAssetPack_datapack__file110,4084,skill_186,100x100,100.0x100.0,local,1
002_UnityDataAssetPack_datapack__file110,9321,skill_251,002_UnityDataAssetPack_datapack__file110,4085,skill_251,100x100,100.0x100.0,local,1
002_UnityDataAssetPack_datapack__file110,9322,bgr_iap,002_UnityDataAssetPack_datapack__file110,4086,bgr_iap,1136x640,1136.0x640.0,local,1
002_UnityDataAssetPack_datapack__file110,9323,bgr_tech,002_UnityDataAssetPack_datapack__file110,4087,bgr_tech,240x456,240.0x456.0,local,1
002_UnityDataAssetPack_datapack__file110,9324,character_0813_c1,002_UnityDataAssetPack_datapack__file110,4089,character_0813_c1,640x512,640.0x512.0,local,1
002_UnityDataAssetPack_datapack__file110,9325,131,002_UnityDataAssetPack_datapack__file110,4090,131,100x100,100.0x100.0,local,1
002_UnityDataAssetPack_datapack__file110,9326,slot_artifact,002_UnityDataAssetPack_datapack__file110,4092,slot_artifact,87x89,87.0x89.0,local,1
002_UnityDataAssetPack_datapack__file110,9327,ability_22,002_UnityDataAssetPack_datapack__file110,4093,ability_22,115x116,115.0x116.0,local,1
002_UnityDataAssetPack_datapack__file110,9328,b_dark,002_UnityDataAssetPack_datapack__file110,4094,b_dark,476x476,476.0x476.0,local,1
002_UnityDataAssetPack_datapack__file110,9329,border_gear,002_UnityDataAssetPack_datapack__file110,4095,border_gear,128x124,128.0x124.0,local,1
002_UnityDataAssetPack_datapack__file110,9330,skill_680,002_UnityDataAssetPack_datapack__file110,4096,skill_680,100x100,100.0x100.0,local,1
002_UnityDataAssetPack_datapack__file110,9331,eff_clanboss,002_UnityDataAssetPack_datapack__file110,4097,eff_clanboss,173x603,173.0x603.0,local,1
002_UnityDataAssetPack_datapack__file110,9332,frame_boss_pray,002_UnityDataAssetPack_datapack__file110,4098,frame_boss_pray,280x405,280.0x405.0,local,1
002_UnityDataAssetPack_datapack__file110,9333,ship_member_2_3,002_UnityDataAssetPack_datapack__file110,4099,ship_member_2_3,180x148,180.0x148.0,local,1
002_UnityDataAssetPack_datapack__file110,9334,roof,002_UnityDataAssetPack_datapack__file110,4100,roof,1080x147,1080.0x147.0,local,1
002_UnityDataAssetPack_datapack__file110,9335,icon_dotpha,002_UnityDataAssetPack_datapack__file110,4101,icon_dotpha,100x100,100.0x100.0,local,1
002_UnityDataAssetPack_datapack__file110,9336,icon_super_chip,002_UnityDataAssetPack_datapack__file110,4102,icon_super_chip,52x51,52.0x51.0,local,1
002_UnityDataAssetPack_datapack__file110,9337,4,002_UnityDataAssetPack_datapack__file110,4103,4,144x144,144.0x144.0,local,1
002_UnityDataAssetPack_datapack__file110,9338,141,002_UnityDataAssetPack_datapack__file110,4104,141,180x248,180.0x248.0,local,1
002_UnityDataAssetPack_datapack__file110,9339,skill_676,002_UnityDataAssetPack_datapack__file110,4105,skill_676,100x100,100.0x100.0,local,1
002_UnityDataAssetPack_datapack__file110,9340,85,002_UnityDataAssetPack_datapack__file110,4106,85,100x100,100.0x100.0,local,1
002_UnityDataAssetPack_datapack__file110,9341,decor_rollcall_2,002_UnityDataAssetPack_datapack__file110,4107,decor_rollcall_2,188x182,188.0x182.0,local,1
002_UnityDataAssetPack_datapack__file110,9342,9,002_UnityDataAssetPack_datapack__file110,4108,9,100x100,100.0x100.0,local,1
002_UnityDataAssetPack_datapack__file110,9343,129,002_UnityDataAssetPack_datapack__file110,4109,129,180x248,180.0x248.0,local,1
002_UnityDataAssetPack_datapack__file110,9344,1000,002_UnityDataAssetPack_datapack__file110,4110,1000,100x100,100.0x100.0,local,1
002_UnityDataAssetPack_datapack__file110,9345,home2_bag,002_UnityDataAssetPack_datapack__file110,4111,home2_bag,84x92,84.0x92.0,local,1
002_UnityDataAssetPack_datapack__file110,9346,gold_2,002_UnityDataAssetPack_datapack__file110,4112,gold_2,68x84,68.0x84.0,local,1
002_UnityDataAssetPack_datapack__file110,9347,button_mf_shop,002_UnityDataAssetPack_datapack__file110,4113,button_mf_shop,76x76,76.0x76.0,local,1
002_UnityDataAssetPack_datapack__file110,9348,button_gift,002_UnityDataAssetPack_datapack__file110,4114,button_gift,72x72,72.0x72.0,local,1
002_UnityDataAssetPack_datapack__file110,9349,stack_gold_1,002_UnityDataAssetPack_datapack__file110,4115,stack_gold_1,211x254,211.0x254.0,local,1
002_UnityDataAssetPack_datapack__file110,9350,icon_event_7_days,002_UnityDataAssetPack_datapack__file110,4117,icon_event_7_days,88x88,88.0x88.0,local,1
002_UnityDataAssetPack_datapack__file110,9351,bar_hp_boss,002_UnityDataAssetPack_datapack__file110,4118,bar_hp_boss,52x29,52.0x29.0,local,1
002_UnityDataAssetPack_datapack__file110,9352,home2_achievement,002_UnityDataAssetPack_datapack__file110,4119,home2_achievement,62x62,62.0x62.0,local,1
002_UnityDataAssetPack_datapack__file110,9353,skill_696,002_UnityDataAssetPack_datapack__file110,4120,skill_696,100x100,100.0x100.0,local,1
002_UnityDataAssetPack_datapack__file110,9354,Hero_1963,002_UnityDataAssetPack_datapack__file110,4121,Hero_1963,1000x976,1000.0x976.0,local,1
002_UnityDataAssetPack_datapack__file110,9355,skill_268,002_UnityDataAssetPack_datapack__file110,4122,skill_268,100x100,100.0x100.0,local,1
002_UnityDataAssetPack_datapack__file110,9356,164,002_UnityDataAssetPack_datapack__file110,4123,164,640x512,640.0x512.0,local,1
002_UnityDataAssetPack_datapack__file110,9357,tab_point,002_UnityDataAssetPack_datapack__file110,4124,tab_point,78x90,78.0x90.0,local,1
002_UnityDataAssetPack_datapack__file110,9358,hero_quality_2,002_UnityDataAssetPack_datapack__file110,4125,hero_quality_2,110x86,110.0x86.0,local,1
002_UnityDataAssetPack_datapack__file110,9359,bgr_count_heroic,002_UnityDataAssetPack_datapack__file110,4126,bgr_count_heroic,291x34,291.0x34.0,local,1
002_UnityDataAssetPack_datapack__file110,9360,skill_742,002_UnityDataAssetPack_datapack__file110,4127,skill_742,100x100,100.0x100.0,local,1
002_UnityDataAssetPack_datapack__file110,9361,skill_13,002_UnityDataAssetPack_datapack__file110,4128,skill_13,100x100,100.0x100.0,local,1
002_UnityDataAssetPack_datapack__file110,9362,skill_31,002_UnityDataAssetPack_datapack__file110,4129,skill_31,100x100,100.0x100.0,local,1
002_UnityDataAssetPack_datapack__file110,9363,progress_bgr_2,002_UnityDataAssetPack_datapack__file110,4130,progress_bgr_2,177x38,177.0x38.0,local,1
002_UnityDataAssetPack_datapack__file110,9364,tab_priest_2,002_UnityDataAssetPack_datapack__file110,4131,tab_priest_2,78x90,78.0x90.0,local,1
002_UnityDataAssetPack_datapack__file110,9365,island_locked,002_UnityDataAssetPack_datapack__file110,4132,island_locked,115x88,115.0x88.0,local,1
002_UnityDataAssetPack_datapack__file110,9366,icon_ticket_arena,002_UnityDataAssetPack_datapack__file110,4133,icon_ticket_arena,52x52,52.0x52.0,local,1
002_UnityDataAssetPack_datapack__file110,9367,box_point,002_UnityDataAssetPack_datapack__file110,4134,box_point,262x106,262.0x106.0,local,1
002_UnityDataAssetPack_datapack__file110,9368,mid_autumn_12_open,002_UnityDataAssetPack_datapack__file110,4135,mid_autumn_12_open,80x76,80.0x76.0,local,1
002_UnityDataAssetPack_datapack__file110,9369,86,002_UnityDataAssetPack_datapack__file110,4136,86,180x248,180.0x248.0,local,1
002_UnityDataAssetPack_datapack__file110,9370,skill_700,002_UnityDataAssetPack_datapack__file110,4137,skill_700,100x100,100.0x100.0,local,1
002_UnityDataAssetPack_datapack__file110,9371,85,002_UnityDataAssetPack_datapack__file110,4139,85,84x84,84.0x84.0,local,1
002_UnityDataAssetPack_datapack__file110,9372,guild_flag_12,002_UnityDataAssetPack_datapack__file110,4140,guild_flag_12,88x92,88.0x92.0,local,1
002_UnityDataAssetPack_datapack__file110,9373,skill_740,002_UnityDataAssetPack_datapack__file110,4141,skill_740,100x100,100.0x100.0,local,1
002_UnityDataAssetPack_datapack__file110,9374,tab_shop_on,002_UnityDataAssetPack_datapack__file110,4142,tab_shop_on,146x48,146.0x48.0,local,1
002_UnityDataAssetPack_datapack__file110,9375,icon_light_attack,002_UnityDataAssetPack_datapack__file110,4143,icon_light_attack,60x58,60.0x58.0,local,1
002_UnityDataAssetPack_datapack__file110,9376,title_item_checkin,002_UnityDataAssetPack_datapack__file110,4144,title_item_checkin,158x43,158.0x43.0,local,1
002_UnityDataAssetPack_datapack__file110,9377,gem_1,002_UnityDataAssetPack_datapack__file110,4145,gem_1,36x36,36.0x36.0,local,1
002_UnityDataAssetPack_datapack__file110,9378,ability_17,002_UnityDataAssetPack_datapack__file110,4146,ability_17,112x108,112.0x108.0,local,1
002_UnityDataAssetPack_datapack__file110,9379,rect_event_raid,002_UnityDataAssetPack_datapack__file110,4147,rect_event_raid,269x307,269.0x307.0,local,1
002_UnityDataAssetPack_datapack__file110,9380,loicamon,002_UnityDataAssetPack_datapack__file110,4148,loicamon,525x160,525.0x160.0,local,1
002_UnityDataAssetPack_datapack__file110,9381,233,002_UnityDataAssetPack_datapack__file110,4149,233,180x248,180.0x248.0,local,1
002_UnityDataAssetPack_datapack__file110,9382,skill_246,002_UnityDataAssetPack_datapack__file110,4150,skill_246,100x100,100.0x100.0,local,1
002_UnityDataAssetPack_datapack__file110,9383,thin_loader,002_UnityDataAssetPack_datapack__file110,4151,thin_loader,64x16,64.0x16.0,local,1
002_UnityDataAssetPack_datapack__file110,9384,button_mf_supply,002_UnityDataAssetPack_datapack__file110,4152,button_mf_supply,76x76,76.0x76.0,local,1
002_UnityDataAssetPack_datapack__file110,9385,icon_monster_soul,002_UnityDataAssetPack_datapack__file110,4153,icon_monster_soul,52x52,52.0x52.0,local,1
002_UnityDataAssetPack_datapack__file110,9386,weapon_2,002_UnityDataAssetPack_datapack__file110,4154,weapon_2,116x116,116.0x116.0,local,1
002_UnityDataAssetPack_datapack__file110,9387,tech_block,002_UnityDataAssetPack_datapack__file110,4155,tech_block,100x100,100.0x100.0,local,1
002_UnityDataAssetPack_datapack__file110,9388,icon_question,002_UnityDataAssetPack_datapack__file110,4156,icon_question,31x32,31.0x32.0,local,1
002_UnityDataAssetPack_datapack__file110,9389,skill_710,002_UnityDataAssetPack_datapack__file110,4157,skill_710,100x100,100.0x100.0,local,1
002_UnityDataAssetPack_datapack__file110,9390,boss_unknown,002_UnityDataAssetPack_datapack__file110,4158,boss_unknown,104x112,104.0x112.0,local,1
002_UnityDataAssetPack_datapack__file110,9391,24,002_UnityDataAssetPack_datapack__file110,4159,24,100x100,100.0x100.0,local,1
002_UnityDataAssetPack_datapack__file110,9392,skill_722,002_UnityDataAssetPack_datapack__file110,4160,skill_722,100x100,100.0x100.0,local,1
002_UnityDataAssetPack_datapack__file110,9393,hero_stone_4,002_UnityDataAssetPack_datapack__file110,4161,hero_stone_4,90x90,90.0x90.0,local,1
002_UnityDataAssetPack_datapack__file110,9394,ship_member_1_2,002_UnityDataAssetPack_datapack__file110,4162,ship_member_1_2,180x148,180.0x148.0,local,1
002_UnityDataAssetPack_datapack__file110,9395,assassin_twine_immune,002_UnityDataAssetPack_datapack__file110,4163,assassin_twine_immune,100x100,100.0x100.0,local,1
002_UnityDataAssetPack_datapack__file110,9396,pet_ruin_1,002_UnityDataAssetPack_datapack__file110,4164,pet_ruin_1,84x84,84.0x84.0,local,1
002_UnityDataAssetPack_datapack__file110,9397,197,002_UnityDataAssetPack_datapack__file110,4166,197,180x248,180.0x248.0,local,1
002_UnityDataAssetPack_datapack__file110,9398,6,002_UnityDataAssetPack_datapack__file110,4167,6,32x32,32.0x32.0,local,1
002_UnityDataAssetPack_datapack__file110,9399,tarven_star_1,002_UnityDataAssetPack_datapack__file110,4168,tarven_star_1,44x44,44.0x44.0,local,1
002_UnityDataAssetPack_datapack__file110,9400,40,002_UnityDataAssetPack_datapack__file110,4170,40,100x100,100.0x100.0,local,1
002_UnityDataAssetPack_datapack__file110,9401,236,002_UnityDataAssetPack_datapack__file110,4171,236,180x248,180.0x248.0,local,1
002_UnityDataAssetPack_datapack__file110,9402,231,002_UnityDataAssetPack_datapack__file110,4172,231,640x512,640.0x512.0,local,1
002_UnityDataAssetPack_datapack__file110,9403,icon_search,002_UnityDataAssetPack_datapack__file110,4173,icon_search,40x40,40.0x40.0,local,1
002_UnityDataAssetPack_datapack__file110,9404,180,002_UnityDataAssetPack_datapack__file110,4174,180,640x512,640.0x512.0,local,1
002_UnityDataAssetPack_datapack__file110,9405,Hero_1432,002_UnityDataAssetPack_datapack__file110,4175,Hero_1432,1000x968,1000.0x968.0,local,1
002_UnityDataAssetPack_datapack__file110,9406,warrior_speed,002_UnityDataAssetPack_datapack__file110,4176,warrior_speed,100x100,100.0x100.0,local,1
002_UnityDataAssetPack_datapack__file110,9407,icon_bird_feather,002_UnityDataAssetPack_datapack__file110,4177,icon_bird_feather,50x50,50.0x50.0,local,1
002_UnityDataAssetPack_datapack__file110,9408,Rate_18,002_UnityDataAssetPack_datapack__file110,4178,Rate_18,100x100,100.0x100.0,local,1
002_UnityDataAssetPack_datapack__file110,9409,tech_ranger,002_UnityDataAssetPack_datapack__file110,4179,tech_ranger,100x100,100.0x100.0,local,1
002_UnityDataAssetPack_datapack__file110,9410,41,002_UnityDataAssetPack_datapack__file110,4180,41,144x144,144.0x144.0,local,1
002_UnityDataAssetPack_datapack__file110,9411,tab_on,002_UnityDataAssetPack_datapack__file110,4181,tab_on,144x145,144.0x145.0,local,1
002_UnityDataAssetPack_datapack__file110,9412,icon_magnify,002_UnityDataAssetPack_datapack__file110,4182,icon_magnify,36x36,36.0x36.0,local,1
002_UnityDataAssetPack_datapack__file110,9413,head_shadow,002_UnityDataAssetPack_datapack__file110,4183,head_shadow,150x41,150.0x41.0,local,1
002_UnityDataAssetPack_datapack__file110,9414,icon_boss,002_UnityDataAssetPack_datapack__file110,4184,icon_boss,100x100,100.0x100.0,local,1
002_UnityDataAssetPack_datapack__file110,9415,banner_uu_dai_chieu_hoi,002_UnityDataAssetPack_datapack__file110,4185,banner_uu_dai_chieu_hoi,700x132,700.0x132.0,local,1
002_UnityDataAssetPack_datapack__file110,9416,banner_giangsinh,002_UnityDataAssetPack_datapack__file110,4186,banner_giangsinh,700x132,700.0x132.0,local,1
002_UnityDataAssetPack_datapack__file110,9417,dot_red,002_UnityDataAssetPack_datapack__file110,4187,dot_red,32x32,32.0x32.0,local,1
002_UnityDataAssetPack_datapack__file110,9418,58,002_UnityDataAssetPack_datapack__file110,4188,58,100x100,100.0x100.0,local,1
002_UnityDataAssetPack_datapack__file110,9419,warrior_anti_assassin,002_UnityDataAssetPack_datapack__file110,4189,warrior_anti_assassin,100x100,100.0x100.0,local,1
002_UnityDataAssetPack_datapack__file110,9420,skill_45,002_UnityDataAssetPack_datapack__file110,4190,skill_45,100x100,100.0x100.0,local,1
002_UnityDataAssetPack_datapack__file110,9421,339,002_UnityDataAssetPack_datapack__file110,4191,339,180x248,180.0x248.0,local,1
002_UnityDataAssetPack_datapack__file110,9422,4,002_UnityDataAssetPack_datapack__file110,4192,4,100x100,100.0x100.0,local,1
002_UnityDataAssetPack_datapack__file110,9423,button_help_3,002_UnityDataAssetPack_datapack__file110,4193,button_help_3,72x72,72.0x72.0,local,1
002_UnityDataAssetPack_datapack__file110,9424,skill_730,002_UnityDataAssetPack_datapack__file110,4194,skill_730,100x100,100.0x100.0,local,1
002_UnityDataAssetPack_datapack__file110,9425,hero_star_3,002_UnityDataAssetPack_datapack__file110,4195,hero_star_3,40x40,40.0x40.0,local,1
002_UnityDataAssetPack_datapack__file110,9426,168,002_UnityDataAssetPack_datapack__file110,4197,168,180x248,180.0x248.0,local,1
002_UnityDataAssetPack_datapack__file110,9427,tab_server_on,002_UnityDataAssetPack_datapack__file110,4198,tab_server_on,140x72,140.0x72.0,local,1
002_UnityDataAssetPack_datapack__file110,9428,Banner_luyentap,002_UnityDataAssetPack_datapack__file110,4199,Banner_luyentap,700x132,700.0x132.0,local,1
002_UnityDataAssetPack_datapack__file110,9429,skill_252,002_UnityDataAssetPack_datapack__file110,4200,skill_252,100x100,100.0x100.0,local,1
002_UnityDataAssetPack_datapack__file110,9430,skill_202,002_UnityDataAssetPack_datapack__file110,4202,skill_202,100x100,100.0x100.0,local,1
002_UnityDataAssetPack_datapack__file110,9431,rope_connect,002_UnityDataAssetPack_datapack__file110,4203,rope_connect,13x62,13.0x62.0,local,1
002_UnityDataAssetPack_datapack__file110,9432,frame_reward,002_UnityDataAssetPack_datapack__file110,4204,frame_reward,100x100,100.0x100.0,local,1
002_UnityDataAssetPack_datapack__file110,9433,3,002_UnityDataAssetPack_datapack__file110,4205,3,100x100,100.0x100.0,local,1
002_UnityDataAssetPack_datapack__file110,9434,icon_seal_book_dl,002_UnityDataAssetPack_datapack__file110,4206,icon_seal_book_dl,100x100,100.0x100.0,local,1
002_UnityDataAssetPack_datapack__file110,9435,boad_title_shop,002_UnityDataAssetPack_datapack__file110,4207,boad_title_shop,324x92,324.0x92.0,local,1
002_UnityDataAssetPack_datapack__file110,9436,tech_skill_dmg,002_UnityDataAssetPack_datapack__file110,4208,tech_skill_dmg,100x100,100.0x100.0,local,1
002_UnityDataAssetPack_datapack__file110,9437,skill_264,002_UnityDataAssetPack_datapack__file110,4210,skill_264,100x100,100.0x100.0,local,1
002_UnityDataAssetPack_datapack__file110,9438,icon_chocolate,002_UnityDataAssetPack_datapack__file110,4211,icon_chocolate,100x100,100.0x100.0,local,1
002_UnityDataAssetPack_datapack__file110,9439,skill_229,002_UnityDataAssetPack_datapack__file110,4212,skill_229,100x100,100.0x100.0,local,1
002_UnityDataAssetPack_datapack__file110,9440,icon_blessing_wood,002_UnityDataAssetPack_datapack__file110,4213,icon_blessing_wood,52x52,52.0x52.0,local,1
002_UnityDataAssetPack_datapack__file110,9441,ability_26,002_UnityDataAssetPack_datapack__file110,4214,ability_26,116x116,116.0x116.0,local,1
002_UnityDataAssetPack_datapack__file110,9442,ability_13,002_UnityDataAssetPack_datapack__file110,4215,ability_13,112x108,112.0x108.0,local,1
002_UnityDataAssetPack_datapack__file110,9443,gold_1,002_UnityDataAssetPack_datapack__file110,4216,gold_1,68x84,68.0x84.0,local,1
002_UnityDataAssetPack_datapack__file110,9444,skill_133,002_UnityDataAssetPack_datapack__file110,4217,skill_133,100x100,100.0x100.0,local,1
002_UnityDataAssetPack_datapack__file110,9445,zoro_bgr,002_UnityDataAssetPack_datapack__file110,4218,zoro_bgr,1280x720,1280.0x720.0,local,1
002_UnityDataAssetPack_datapack__file110,9446,notify_dot_3,002_UnityDataAssetPack_datapack__file110,4219,notify_dot_3,32x32,32.0x32.0,local,1
002_UnityDataAssetPack_datapack__file110,9447,button_add_home,002_UnityDataAssetPack_datapack__file110,4220,button_add_home,36x36,36.0x36.0,local,1
002_UnityDataAssetPack_datapack__file110,9448,progress_hp,002_UnityDataAssetPack_datapack__file110,4222,progress_hp,144x28,144.0x28.0,local,1
002_UnityDataAssetPack_datapack__file110,9449,board_hero_name,002_UnityDataAssetPack_datapack__file110,4223,board_hero_name,350x131,350.0x131.0,local,1
002_UnityDataAssetPack_datapack__file110,9450,180,002_UnityDataAssetPack_datapack__file110,4224,180,100x100,100.0x100.0,local,1
002_UnityDataAssetPack_datapack__file110,9451,171,002_UnityDataAssetPack_datapack__file110,4225,171,100x100,100.0x100.0,local,1
002_UnityDataAssetPack_datapack__file110,9452,tab_13,002_UnityDataAssetPack_datapack__file110,4226,tab_13,146x50,146.0x50.0,local,1
002_UnityDataAssetPack_datapack__file110,9453,home2_monster,002_UnityDataAssetPack_datapack__file110,4227,home2_monster,84x92,84.0x92.0,local,1
002_UnityDataAssetPack_datapack__file110,9454,tab_on,002_UnityDataAssetPack_datapack__file110,4228,tab_on,144x145,144.0x145.0,local,1
002_UnityDataAssetPack_datapack__file110,9455,B_6,002_UnityDataAssetPack_datapack__file110,4229,B_6,608x312,608.0x312.0,local,1
002_UnityDataAssetPack_datapack__file110,9456,icon_scroll_heroic,002_UnityDataAssetPack_datapack__file110,4230,icon_scroll_heroic,52x52,52.0x52.0,local,1
002_UnityDataAssetPack_datapack__file110,9457,tab_mission_on,002_UnityDataAssetPack_datapack__file110,4231,tab_mission_on,200x68,200.0x68.0,local,1
002_UnityDataAssetPack_datapack__file110,9458,event_nap_lan_dau,002_UnityDataAssetPack_datapack__file110,4233,event_nap_lan_dau,536x436,536.0x436.0,local,1
002_UnityDataAssetPack_datapack__file110,9459,war_map_e_1,002_UnityDataAssetPack_datapack__file110,4235,war_map_e_1,1136x640,1136.0x640.0,local,1
002_UnityDataAssetPack_datapack__file110,9460,icon_buff_block,002_UnityDataAssetPack_datapack__file110,4236,icon_buff_block,32x32,32.0x32.0,local,1
002_UnityDataAssetPack_datapack__file110,9461,chest2,002_UnityDataAssetPack_datapack__file110,4237,chest2,80x80,80.0x80.0,local,1
002_UnityDataAssetPack_datapack__file110,9462,button_top,002_UnityDataAssetPack_datapack__file110,4238,button_top,66x65,66.0x65.0,local,1
002_UnityDataAssetPack_datapack__file110,9463,ability_26,002_UnityDataAssetPack_datapack__file110,4239,ability_26,112x108,112.0x108.0,local,1
002_UnityDataAssetPack_datapack__file110,9464,mill_order_6,002_UnityDataAssetPack_datapack__file110,4240,mill_order_6,100x100,100.0x100.0,local,1
002_UnityDataAssetPack_datapack__file110,9465,ranger_speed,002_UnityDataAssetPack_datapack__file110,4241,ranger_speed,100x100,100.0x100.0,local,1
002_UnityDataAssetPack_datapack__file110,9466,priest_atk,002_UnityDataAssetPack_datapack__file110,4242,priest_atk,100x100,100.0x100.0,local,1
002_UnityDataAssetPack_datapack__file110,9467,skill_195,002_UnityDataAssetPack_datapack__file110,4244,skill_195,100x100,100.0x100.0,local,1
002_UnityDataAssetPack_datapack__file110,9468,skill_685,002_UnityDataAssetPack_datapack__file110,4245,skill_685,100x100,100.0x100.0,local,1
002_UnityDataAssetPack_datapack__file110,9469,ranger_atk,002_UnityDataAssetPack_datapack__file110,4247,ranger_atk,100x100,100.0x100.0,local,1
002_UnityDataAssetPack_datapack__file110,9470,popup_title,002_UnityDataAssetPack_datapack__file110,4248,popup_title,567x60,567.0x60.0,local,1
002_UnityDataAssetPack_datapack__file110,9471,frame_head_fk,002_UnityDataAssetPack_datapack__file110,4250,frame_head_fk,92x92,92.0x92.0,local,1
002_UnityDataAssetPack_datapack__file110,9472,box_text_3,002_UnityDataAssetPack_datapack__file110,4251,box_text_3,156x44,156.0x44.0,local,1
002_UnityDataAssetPack_datapack__file110,9473,icon_gem,002_UnityDataAssetPack_datapack__file110,4252,icon_gem,50x50,50.0x50.0,local,1
002_UnityDataAssetPack_datapack__file110,9474,button_chat,002_UnityDataAssetPack_datapack__file110,4253,button_chat,80x80,80.0x80.0,local,1
002_UnityDataAssetPack_datapack__file110,9475,event_3,002_UnityDataAssetPack_datapack__file110,4254,event_3,536x436,536.0x436.0,local,1
002_UnityDataAssetPack_datapack__file110,9476,34,002_UnityDataAssetPack_datapack__file110,4256,34,100x100,100.0x100.0,local,1
002_UnityDataAssetPack_datapack__file110,9477,Hit_190,002_UnityDataAssetPack_datapack__file110,4257,Hit_190,664x273,664.0x273.0,local,1
002_UnityDataAssetPack_datapack__file110,9478,99,002_UnityDataAssetPack_datapack__file110,4258,99,100x100,100.0x100.0,local,1
002_UnityDataAssetPack_datapack__file110,9479,text_boxchat,002_UnityDataAssetPack_datapack__file110,4259,text_boxchat,52x52,52.0x52.0,local,1
002_UnityDataAssetPack_datapack__file110,9480,xoay,002_UnityDataAssetPack_datapack__file110,4260,xoay,160x160,160.0x160.0,local,1
002_UnityDataAssetPack_datapack__file110,9481,33,002_UnityDataAssetPack_datapack__file110,4261,33,144x144,144.0x144.0,local,1
002_UnityDataAssetPack_datapack__file110,9482,bgr_tap_4,002_UnityDataAssetPack_datapack__file110,4262,bgr_tap_4,1476x880,1476.0x880.0,local,1
002_UnityDataAssetPack_datapack__file110,9483,87,002_UnityDataAssetPack_datapack__file110,4263,87,84x84,84.0x84.0,local,1
002_UnityDataAssetPack_datapack__file110,9484,dumb_island_6,002_UnityDataAssetPack_datapack__file110,4264,dumb_island_6,284x182,284.0x182.0,local,1
002_UnityDataAssetPack_datapack__file110,9485,home,002_UnityDataAssetPack_datapack__file110,4265,home,470x143,470.0x143.0,local,1
002_UnityDataAssetPack_datapack__file110,9486,164,002_UnityDataAssetPack_datapack__file110,4266,164,100x100,100.0x100.0,local,1
002_UnityDataAssetPack_datapack__file110,9487,gem_6_en,002_UnityDataAssetPack_datapack__file110,4267,gem_6_en,144x136,144.0x136.0,local,1
002_UnityDataAssetPack_datapack__file110,9488,181,002_UnityDataAssetPack_datapack__file110,4268,181,100x100,100.0x100.0,local,1
002_UnityDataAssetPack_datapack__file110,9489,skill_258,002_UnityDataAssetPack_datapack__file110,4269,skill_258,100x100,100.0x100.0,local,1
002_UnityDataAssetPack_datapack__file110,9490,board_title_1,002_UnityDataAssetPack_datapack__file110,4270,board_title_1,289x60,289.0x60.0,local,1
002_UnityDataAssetPack_datapack__file110,9491,b_light,002_UnityDataAssetPack_datapack__file110,4271,b_light,476x476,476.0x476.0,local,1
002_UnityDataAssetPack_datapack__file110,9492,button_back,002_UnityDataAssetPack_datapack__file110,4272,button_back,91x91,91.0x91.0,local,1
002_UnityDataAssetPack_datapack__file110,9493,180,002_UnityDataAssetPack_datapack__file110,4273,180,180x248,180.0x248.0,local,1
002_UnityDataAssetPack_datapack__file110,9494,icon_search_2,002_UnityDataAssetPack_datapack__file110,4274,icon_search_2,35x34,35.0x34.0,local,1
002_UnityDataAssetPack_datapack__file110,9495,battle_pos_3_hl,002_UnityDataAssetPack_datapack__file110,4275,battle_pos_3_hl,220x64,220.0x64.0,local,1
002_UnityDataAssetPack_datapack__file110,9496,icon_fill_progress,002_UnityDataAssetPack_datapack__file110,4276,icon_fill_progress,68x68,68.0x68.0,local,1
002_UnityDataAssetPack_datapack__file110,9497,robin_bgr,002_UnityDataAssetPack_datapack__file110,4277,robin_bgr,1136x640,1136.0x640.0,local,1
002_UnityDataAssetPack_datapack__file110,9498,bar_home2_bottom,002_UnityDataAssetPack_datapack__file110,4278,bar_home2_bottom,873x104,873.0x104.0,local,1
002_UnityDataAssetPack_datapack__file110,9499,59,002_UnityDataAssetPack_datapack__file110,4279,59,84x84,84.0x84.0,local,1
002_UnityDataAssetPack_datapack__file110,9500,ranger_stun_immune,002_UnityDataAssetPack_datapack__file110,4280,ranger_stun_immune,100x100,100.0x100.0,local,1
002_UnityDataAssetPack_datapack__file110,9501,skill_705,002_UnityDataAssetPack_datapack__file110,4282,skill_705,100x100,100.0x100.0,local,1
002_UnityDataAssetPack_datapack__file110,9502,26,002_UnityDataAssetPack_datapack__file110,4283,26,144x144,144.0x144.0,local,1
002_UnityDataAssetPack_datapack__file110,9503,frame_pet_ia,002_UnityDataAssetPack_datapack__file110,4285,frame_pet_ia,161x156,161.0x156.0,local,1
002_UnityDataAssetPack_datapack__file110,9504,mill_order_5,002_UnityDataAssetPack_datapack__file110,4286,mill_order_5,100x100,100.0x100.0,local,1
002_UnityDataAssetPack_datapack__file110,9505,button_yellow,002_UnityDataAssetPack_datapack__file110,4287,button_yellow,80x80,80.0x80.0,local,1
002_UnityDataAssetPack_datapack__file110,9506,frame_campaign,002_UnityDataAssetPack_datapack__file110,4288,frame_campaign,100x99,100.0x99.0,local,1
002_UnityDataAssetPack_datapack__file110,9507,inform_goiuudai,002_UnityDataAssetPack_datapack__file110,4289,inform_goiuudai,524x160,524.0x160.0,local,1
002_UnityDataAssetPack_datapack__file110,9508,icon_3,002_UnityDataAssetPack_datapack__file110,4290,icon_3,88x88,88.0x88.0,local,1
002_UnityDataAssetPack_datapack__file110,9509,icon_lose_2,002_UnityDataAssetPack_datapack__file110,4291,icon_lose_2,48x48,48.0x48.0,local,1
002_UnityDataAssetPack_datapack__file110,9510,icon_14,002_UnityDataAssetPack_datapack__file110,4292,icon_14,88x88,88.0x88.0,local,1
002_UnityDataAssetPack_datapack__file110,9511,67,002_UnityDataAssetPack_datapack__file110,4293,67,100x100,100.0x100.0,local,1
002_UnityDataAssetPack_datapack__file110,9512,ability_19,002_UnityDataAssetPack_datapack__file110,4294,ability_19,116x116,116.0x116.0,local,1
002_UnityDataAssetPack_datapack__file110,9513,guild_flag_16,002_UnityDataAssetPack_datapack__file110,4295,guild_flag_16,88x92,88.0x92.0,local,1
002_UnityDataAssetPack_datapack__file110,9514,button_shop_all_stars,002_UnityDataAssetPack_datapack__file110,4296,button_shop_all_stars,110x110,110.0x110.0,local,1
002_UnityDataAssetPack_datapack__file110,9515,regression_altar,002_UnityDataAssetPack_datapack__file110,4297,regression_altar,1024x428,1024.0x428.0,local,1
002_UnityDataAssetPack_datapack__file110,9516,ship_member_4_1,002_UnityDataAssetPack_datapack__file110,4298,ship_member_4_1,180x148,180.0x148.0,local,1
002_UnityDataAssetPack_datapack__file110,9517,icon_monster_chaos,002_UnityDataAssetPack_datapack__file110,4299,icon_monster_chaos,52x52,52.0x52.0,local,1
002_UnityDataAssetPack_datapack__file110,9518,bgr_store,002_UnityDataAssetPack_datapack__file110,4300,bgr_store,240x218,240.0x218.0,local,1
002_UnityDataAssetPack_datapack__file110,9519,knife_360,002_UnityDataAssetPack_datapack__file110,4301,knife_360,46x18,46.0x18.0,local,1
002_UnityDataAssetPack_datapack__file110,9520,line_sm,002_UnityDataAssetPack_datapack__file110,4302,line_sm,296x4,296.0x4.0,local,1
002_UnityDataAssetPack_datapack__file110,9521,icon_kimluan,002_UnityDataAssetPack_datapack__file110,4303,icon_kimluan,88x88,88.0x88.0,local,1
002_UnityDataAssetPack_datapack__file110,9522,dummy_island_2_3,002_UnityDataAssetPack_datapack__file110,4304,dummy_island_2_3,250x221,250.0x221.0,local,1
002_UnityDataAssetPack_datapack__file110,9523,ship_coleader_1,002_UnityDataAssetPack_datapack__file110,4305,ship_coleader_1,180x148,180.0x148.0,local,1
002_UnityDataAssetPack_datapack__file110,9524,71,002_UnityDataAssetPack_datapack__file110,4306,71,100x100,100.0x100.0,local,1
002_UnityDataAssetPack_datapack__file110,9525,7,002_UnityDataAssetPack_datapack__file110,4307,7,32x32,32.0x32.0,local,1
002_UnityDataAssetPack_datapack__file110,9526,icon_23,002_UnityDataAssetPack_datapack__file110,4308,icon_23,88x88,88.0x88.0,local,1
002_UnityDataAssetPack_datapack__file110,9527,gem_9_en,002_UnityDataAssetPack_datapack__file110,4309,gem_9_en,144x136,144.0x136.0,local,1
002_UnityDataAssetPack_datapack__file110,9528,icon_attack,002_UnityDataAssetPack_datapack__file110,4310,icon_attack,38x39,38.0x39.0,local,1
002_UnityDataAssetPack_datapack__file110,9529,button_shop_altar,002_UnityDataAssetPack_datapack__file110,4311,button_shop_altar,108x108,108.0x108.0,local,1
002_UnityDataAssetPack_datapack__file110,9530,sword_204,002_UnityDataAssetPack_datapack__file110,4312,sword_204,120x52,120.0x52.0,local,1
002_UnityDataAssetPack_datapack__file110,9531,tab_boost_on,002_UnityDataAssetPack_datapack__file110,4313,tab_boost_on,102x86,102.0x86.0,local,1
002_UnityDataAssetPack_datapack__file110,9532,1002,002_UnityDataAssetPack_datapack__file110,4314,1002,100x100,100.0x100.0,local,1
002_UnityDataAssetPack_datapack__file110,9533,priest_freeze_immune,002_UnityDataAssetPack_datapack__file110,4316,priest_freeze_immune,100x100,100.0x100.0,local,1
002_UnityDataAssetPack_datapack__file110,9534,icon_16,002_UnityDataAssetPack_datapack__file110,4317,icon_16,88x88,88.0x88.0,local,1
002_UnityDataAssetPack_datapack__file110,9535,159,002_UnityDataAssetPack_datapack__file110,4319,159,100x100,100.0x100.0,local,1
002_UnityDataAssetPack_datapack__file110,9536,island,002_UnityDataAssetPack_datapack__file110,4320,island,88x88,88.0x88.0,local,1
002_UnityDataAssetPack_datapack__file110,9537,assassin_anti_warrior,002_UnityDataAssetPack_datapack__file110,4322,assassin_anti_warrior,100x100,100.0x100.0,local,1
002_UnityDataAssetPack_datapack__file110,9538,warrior_hp_skill_dmg,002_UnityDataAssetPack_datapack__file110,4323,warrior_hp_skill_dmg,100x100,100.0x100.0,local,1
002_UnityDataAssetPack_datapack__file110,9539,bgr_title_exp,002_UnityDataAssetPack_datapack__file110,4324,bgr_title_exp,48x48,48.0x48.0,local,1
002_UnityDataAssetPack_datapack__file110,9540,tag_war_lose,002_UnityDataAssetPack_datapack__file110,4325,tag_war_lose,53x65,53.0x65.0,local,1
002_UnityDataAssetPack_datapack__file110,9541,10_on,002_UnityDataAssetPack_datapack__file110,4326,10_on,140x72,140.0x72.0,local,1
002_UnityDataAssetPack_datapack__file110,9542,popup,002_UnityDataAssetPack_datapack__file110,4327,popup,180x124,180.0x124.0,local,1
002_UnityDataAssetPack_datapack__file110,9543,Hit_113,002_UnityDataAssetPack_datapack__file110,4328,Hit_113,939x897,939.0x897.0,local,1
002_UnityDataAssetPack_datapack__file110,9544,rect_13,002_UnityDataAssetPack_datapack__file110,4329,rect_13,61x61,61.0x61.0,local,1
002_UnityDataAssetPack_datapack__file110,9545,skill_213,002_UnityDataAssetPack_datapack__file110,4331,skill_213,100x100,100.0x100.0,local,1
002_UnityDataAssetPack_datapack__file110,9546,boss_1,002_UnityDataAssetPack_datapack__file110,4332,boss_1,32x32,32.0x32.0,local,1
002_UnityDataAssetPack_datapack__file110,9547,183,002_UnityDataAssetPack_datapack__file110,4333,183,100x100,100.0x100.0,local,1
002_UnityDataAssetPack_datapack__file110,9548,decor_boss_1,002_UnityDataAssetPack_datapack__file110,4335,decor_boss_1,132x112,132.0x112.0,local,1
002_UnityDataAssetPack_datapack__file110,9549,tab_priest,002_UnityDataAssetPack_datapack__file110,4336,tab_priest,78x90,78.0x90.0,local,1
002_UnityDataAssetPack_datapack__file110,9550,46,002_UnityDataAssetPack_datapack__file110,4337,46,144x144,144.0x144.0,local,1
002_UnityDataAssetPack_datapack__file110,9551,button_shop_lucky,002_UnityDataAssetPack_datapack__file110,4338,button_shop_lucky,110x110,110.0x110.0,local,1
002_UnityDataAssetPack_datapack__file110,9552,banner_giftcode,002_UnityDataAssetPack_datapack__file110,4339,banner_giftcode,536x436,536.0x436.0,local,1
002_UnityDataAssetPack_datapack__file110,9553,158,002_UnityDataAssetPack_datapack__file110,4340,158,180x248,180.0x248.0,local,1
002_UnityDataAssetPack_datapack__file110,9554,124,002_UnityDataAssetPack_datapack__file110,4341,124,640x512,640.0x512.0,local,1
002_UnityDataAssetPack_datapack__file110,9555,bgr_regression,002_UnityDataAssetPack_datapack__file110,4342,bgr_regression,1388x828,1388.0x828.0,local,1
002_UnityDataAssetPack_datapack__file110,9556,campaign_map,002_UnityDataAssetPack_datapack__file110,4343,campaign_map,1096x640,1096.0x640.0,local,1
002_UnityDataAssetPack_datapack__file110,9557,home2_lucky,002_UnityDataAssetPack_datapack__file110,4344,home2_lucky,74x78,74.0x78.0,local,1
002_UnityDataAssetPack_datapack__file110,9558,mid_autumn_12_close,002_UnityDataAssetPack_datapack__file110,4345,mid_autumn_12_close,80x76,80.0x76.0,local,1
002_UnityDataAssetPack_datapack__file110,9559,ability_21,002_UnityDataAssetPack_datapack__file110,4346,ability_21,115x116,115.0x116.0,local,1
002_UnityDataAssetPack_datapack__file110,9560,tag_name_ia,002_UnityDataAssetPack_datapack__file110,4348,tag_name_ia,216x48,216.0x48.0,local,1
002_UnityDataAssetPack_datapack__file110,9561,building_main,002_UnityDataAssetPack_datapack__file110,4349,building_main,198x158,198.0x158.0,local,1
002_UnityDataAssetPack_datapack__file110,9562,tab_e_skill2,002_UnityDataAssetPack_datapack__file110,4350,tab_e_skill2,78x90,78.0x90.0,local,1
002_UnityDataAssetPack_datapack__file110,9563,button_info2,002_UnityDataAssetPack_datapack__file110,4351,button_info2,72x72,72.0x72.0,local,1
002_UnityDataAssetPack_datapack__file110,9564,Skill_107_1,002_UnityDataAssetPack_datapack__file110,4352,Skill_107_1,988x544,988.0x544.0,local,1
002_UnityDataAssetPack_datapack__file110,9565,94,002_UnityDataAssetPack_datapack__file110,4353,94,84x84,84.0x84.0,local,1
002_UnityDataAssetPack_datapack__file110,9566,skill_243,002_UnityDataAssetPack_datapack__file110,4354,skill_243,100x100,100.0x100.0,local,1
002_UnityDataAssetPack_datapack__file110,9567,hero_4_star,002_UnityDataAssetPack_datapack__file110,4356,hero_4_star,100x100,100.0x100.0,local,1
002_UnityDataAssetPack_datapack__file110,9568,155,002_UnityDataAssetPack_datapack__file110,4357,155,100x100,100.0x100.0,local,1
002_UnityDataAssetPack_datapack__file110,9569,decor_2,002_UnityDataAssetPack_datapack__file110,4358,decor_2,168x168,168.0x168.0,local,1
002_UnityDataAssetPack_datapack__file110,9570,da_xanh,002_UnityDataAssetPack_datapack__file110,4359,da_xanh,100x100,100.0x100.0,local,1
002_UnityDataAssetPack_datapack__file110,9571,arrow,002_UnityDataAssetPack_datapack__file110,4360,arrow,48x48,48.0x48.0,local,1
002_UnityDataAssetPack_datapack__file110,9572,guild_flag_9,002_UnityDataAssetPack_datapack__file110,4361,guild_flag_9,88x92,88.0x92.0,local,1
002_UnityDataAssetPack_datapack__file110,9573,icon_win,002_UnityDataAssetPack_datapack__file110,4362,icon_win,40x40,40.0x40.0,local,1
002_UnityDataAssetPack_datapack__file110,9574,ranger_crit,002_UnityDataAssetPack_datapack__file110,4363,ranger_crit,100x100,100.0x100.0,local,1
002_UnityDataAssetPack_datapack__file110,9575,rect_final_1_2,002_UnityDataAssetPack_datapack__file110,4365,rect_final_1_2,56x48,56.0x48.0,local,1
002_UnityDataAssetPack_datapack__file110,9576,assasin_crit_dmg,002_UnityDataAssetPack_datapack__file110,4366,assasin_crit_dmg,100x100,100.0x100.0,local,1
002_UnityDataAssetPack_datapack__file110,9577,home2_fb,002_UnityDataAssetPack_datapack__file110,4367,home2_fb,62x62,62.0x62.0,local,1
002_UnityDataAssetPack_datapack__file110,9578,local_enemy,002_UnityDataAssetPack_datapack__file110,4368,local_enemy,80x52,80.0x52.0,local,1
002_UnityDataAssetPack_datapack__file110,9579,tab_off,002_UnityDataAssetPack_datapack__file110,4369,tab_off,144x145,144.0x145.0,local,1
002_UnityDataAssetPack_datapack__file110,9580,icon_1,002_UnityDataAssetPack_datapack__file110,4370,icon_1,88x88,88.0x88.0,local,1
002_UnityDataAssetPack_datapack__file110,9581,tech_warrior,002_UnityDataAssetPack_datapack__file110,4371,tech_warrior,100x100,100.0x100.0,local,1
002_UnityDataAssetPack_datapack__file110,9582,icon_buff_controll_immune,002_UnityDataAssetPack_datapack__file110,4372,icon_buff_controll_immune,32x32,32.0x32.0,local,1
002_UnityDataAssetPack_datapack__file110,9583,skill_32,002_UnityDataAssetPack_datapack__file110,4373,skill_32,100x100,100.0x100.0,local,1
002_UnityDataAssetPack_datapack__file110,9584,rect_11,002_UnityDataAssetPack_datapack__file110,4374,rect_11,48x48,48.0x48.0,local,1
002_UnityDataAssetPack_datapack__file110,9585,hero_head_bgr,002_UnityDataAssetPack_datapack__file110,4375,hero_head_bgr,100x100,100.0x100.0,local,1
002_UnityDataAssetPack_datapack__file110,9586,floor_replace,002_UnityDataAssetPack_datapack__file110,4377,floor_replace,598x228,598.0x228.0,local,1
002_UnityDataAssetPack_datapack__file110,9587,Hero_1103,002_UnityDataAssetPack_datapack__file110,4378,Hero_1103,608x372,608.0x372.0,local,1
002_UnityDataAssetPack_datapack__file110,9588,inform_thongbao,002_UnityDataAssetPack_datapack__file110,4379,inform_thongbao,525x160,525.0x160.0,local,1
002_UnityDataAssetPack_datapack__file110,9589,arrow_restrain_2,002_UnityDataAssetPack_datapack__file110,4380,arrow_restrain_2,37x50,37.0x50.0,local,1
002_UnityDataAssetPack_datapack__file110,9590,BattleArena8,002_UnityDataAssetPack_datapack__file110,4381,BattleArena8,1476x880,1476.0x880.0,local,1
002_UnityDataAssetPack_datapack__file110,9591,Hero_1722,002_UnityDataAssetPack_datapack__file110,4382,Hero_1722,816x532,816.0x532.0,local,1
002_UnityDataAssetPack_datapack__file110,9592,icon_candy,002_UnityDataAssetPack_datapack__file110,4383,icon_candy,52x52,52.0x52.0,local,1
002_UnityDataAssetPack_datapack__file110,9593,faction_draklight_ia,002_UnityDataAssetPack_datapack__file110,4384,faction_draklight_ia,52x52,52.0x52.0,local,1
002_UnityDataAssetPack_datapack__file110,9594,skill_205,002_UnityDataAssetPack_datapack__file110,4385,skill_205,100x100,100.0x100.0,local,1
002_UnityDataAssetPack_datapack__file110,9595,button_apply_disable,002_UnityDataAssetPack_datapack__file110,4386,button_apply_disable,78x90,78.0x90.0,local,1
002_UnityDataAssetPack_datapack__file110,9596,25,002_UnityDataAssetPack_datapack__file110,4387,25,100x100,100.0x100.0,local,1
002_UnityDataAssetPack_datapack__file110,9597,icon_hoatdong,002_UnityDataAssetPack_datapack__file110,4388,icon_hoatdong,100x100,100.0x100.0,local,1
002_UnityDataAssetPack_datapack__file110,9598,icon_tap_healing,002_UnityDataAssetPack_datapack__file110,4392,icon_tap_healing,86x86,86.0x86.0,local,1
002_UnityDataAssetPack_datapack__file110,9599,ship_boss_shink,002_UnityDataAssetPack_datapack__file110,4393,ship_boss_shink,180x148,180.0x148.0,local,1
002_UnityDataAssetPack_datapack__file110,9600,icon_flower,002_UnityDataAssetPack_datapack__file110,4394,icon_flower,52x52,52.0x52.0,local,1
002_UnityDataAssetPack_datapack__file110,9601,tarven_star_4,002_UnityDataAssetPack_datapack__file110,4396,tarven_star_4,44x44,44.0x44.0,local,1
002_UnityDataAssetPack_datapack__file110,9602,tab_level,002_UnityDataAssetPack_datapack__file110,4397,tab_level,78x90,78.0x90.0,local,1
002_UnityDataAssetPack_datapack__file110,9603,icon_gold,002_UnityDataAssetPack_datapack__file110,4399,icon_gold,52x52,52.0x52.0,local,1
002_UnityDataAssetPack_datapack__file110,9604,164,002_UnityDataAssetPack_datapack__file110,4401,164,180x248,180.0x248.0,local,1
002_UnityDataAssetPack_datapack__file110,9605,skill_15,002_UnityDataAssetPack_datapack__file110,4403,skill_15,100x100,100.0x100.0,local,1
002_UnityDataAssetPack_datapack__file110,9606,65,002_UnityDataAssetPack_datapack__file110,4404,65,100x100,100.0x100.0,local,1
002_UnityDataAssetPack_datapack__file110,9607,215,002_UnityDataAssetPack_datapack__file110,4405,215,100x100,100.0x100.0,local,1
002_UnityDataAssetPack_datapack__file110,9608,icon_atk,002_UnityDataAssetPack_datapack__file110,4406,icon_atk,36x36,36.0x36.0,local,1
002_UnityDataAssetPack_datapack__file110,9609,mage_perify_immune,002_UnityDataAssetPack_datapack__file110,4407,mage_perify_immune,100x100,100.0x100.0,local,1
002_UnityDataAssetPack_datapack__file110,9610,ranger_anti_ranger,002_UnityDataAssetPack_datapack__file110,4408,ranger_anti_ranger,100x100,100.0x100.0,local,1
002_UnityDataAssetPack_datapack__file110,9611,hero_locked,002_UnityDataAssetPack_datapack__file110,4409,hero_locked,60x60,60.0x60.0,local,1
002_UnityDataAssetPack_datapack__file110,9612,93,002_UnityDataAssetPack_datapack__file110,4410,93,640x512,640.0x512.0,local,1
002_UnityDataAssetPack_datapack__file110,9613,ship_member_1_1,002_UnityDataAssetPack_datapack__file110,4411,ship_member_1_1,180x148,180.0x148.0,local,1
002_UnityDataAssetPack_datapack__file110,9614,107,002_UnityDataAssetPack_datapack__file110,4412,107,100x100,100.0x100.0,local,1
002_UnityDataAssetPack_datapack__file110,9615,217,002_UnityDataAssetPack_datapack__file110,4413,217,640x512,640.0x512.0,local,1
002_UnityDataAssetPack_datapack__file110,9616,faction_fortress_ia,002_UnityDataAssetPack_datapack__file110,4414,faction_fortress_ia,80x80,80.0x80.0,local,1
002_UnityDataAssetPack_datapack__file110,9617,event_nap_don,002_UnityDataAssetPack_datapack__file110,4415,event_nap_don,536x176,536.0x176.0,local,1
002_UnityDataAssetPack_datapack__file110,9618,128,002_UnityDataAssetPack_datapack__file110,4416,128,640x512,640.0x512.0,local,1
002_UnityDataAssetPack_datapack__file110,9619,icon_quest_scroll_senior,002_UnityDataAssetPack_datapack__file110,4417,icon_quest_scroll_senior,52x52,52.0x52.0,local,1
002_UnityDataAssetPack_datapack__file110,9620,icon_hp,002_UnityDataAssetPack_datapack__file110,4418,icon_hp,40x40,40.0x40.0,local,1
002_UnityDataAssetPack_datapack__file110,9621,skill_746,002_UnityDataAssetPack_datapack__file110,4421,skill_746,100x100,100.0x100.0,local,1
002_UnityDataAssetPack_datapack__file110,9622,Hit_105,002_UnityDataAssetPack_datapack__file110,4422,Hit_105,970x609,970.0x609.0,local,1
002_UnityDataAssetPack_datapack__file110,9623,ability_5,002_UnityDataAssetPack_datapack__file110,4423,ability_5,112x108,112.0x108.0,local,1
002_UnityDataAssetPack_datapack__file110,9624,80,002_UnityDataAssetPack_datapack__file110,4424,80,84x84,84.0x84.0,local,1
002_UnityDataAssetPack_datapack__file110,9625,skill_171,002_UnityDataAssetPack_datapack__file110,4425,skill_171,100x100,100.0x100.0,local,1
002_UnityDataAssetPack_datapack__file110,9626,187,002_UnityDataAssetPack_datapack__file110,4426,187,640x512,640.0x512.0,local,1
002_UnityDataAssetPack_datapack__file110,9627,bgr_toast,002_UnityDataAssetPack_datapack__file110,4427,bgr_toast,100x52,100.0x52.0,local,1
002_UnityDataAssetPack_datapack__file110,9628,banner_discount,002_UnityDataAssetPack_datapack__file110,4428,banner_discount,700x132,700.0x132.0,local,1
002_UnityDataAssetPack_datapack__file110,9629,109,002_UnityDataAssetPack_datapack__file110,4429,109,640x512,640.0x512.0,local,1
002_UnityDataAssetPack_datapack__file110,9630,icon_summon_energy,002_UnityDataAssetPack_datapack__file110,4430,icon_summon_energy,72x69,72.0x69.0,local,1
002_UnityDataAssetPack_datapack__file110,9631,111,002_UnityDataAssetPack_datapack__file110,4432,111,180x248,180.0x248.0,local,1
002_UnityDataAssetPack_datapack__file110,9632,75,002_UnityDataAssetPack_datapack__file110,4434,75,640x512,640.0x512.0,local,1
002_UnityDataAssetPack_datapack__file110,9633,3_on,002_UnityDataAssetPack_datapack__file110,4435,3_on,140x72,140.0x72.0,local,1
002_UnityDataAssetPack_datapack__file110,9634,bgr_cloud,002_UnityDataAssetPack_datapack__file110,4436,bgr_cloud,1799x172,1799.0x172.0,local,1
002_UnityDataAssetPack_datapack__file110,9635,181,002_UnityDataAssetPack_datapack__file110,4437,181,640x512,640.0x512.0,local,1
002_UnityDataAssetPack_datapack__file110,9636,sicbo,002_UnityDataAssetPack_datapack__file110,4438,sicbo,59x56,59.0x56.0,local,1
002_UnityDataAssetPack_datapack__file110,9637,tab_spin_off,002_UnityDataAssetPack_datapack__file110,4439,tab_spin_off,85x85,85.0x85.0,local,1
002_UnityDataAssetPack_datapack__file110,9638,tech_armor_break,002_UnityDataAssetPack_datapack__file110,4440,tech_armor_break,100x100,100.0x100.0,local,1
002_UnityDataAssetPack_datapack__file110,9639,148,002_UnityDataAssetPack_datapack__file110,4441,148,100x100,100.0x100.0,local,1
002_UnityDataAssetPack_datapack__file110,9640,ship_coleader_3,002_UnityDataAssetPack_datapack__file110,4442,ship_coleader_3,180x148,180.0x148.0,local,1
002_UnityDataAssetPack_datapack__file110,9641,bgr_drop_box_up,002_UnityDataAssetPack_datapack__file110,4443,bgr_drop_box_up,213x57,213.0x57.0,local,1
002_UnityDataAssetPack_datapack__file110,9642,button_help_2,002_UnityDataAssetPack_datapack__file110,4444,button_help_2,44x44,44.0x44.0,local,1
002_UnityDataAssetPack_datapack__file110,9643,home_icon_bgr,002_UnityDataAssetPack_datapack__file110,4446,home_icon_bgr,40x160,40.0x160.0,local,1
002_UnityDataAssetPack_datapack__file110,9644,ranger_armor_break,002_UnityDataAssetPack_datapack__file110,4447,ranger_armor_break,100x100,100.0x100.0,local,1
002_UnityDataAssetPack_datapack__file110,9645,round_rect_18,002_UnityDataAssetPack_datapack__file110,4448,round_rect_18,44x44,44.0x44.0,local,1
002_UnityDataAssetPack_datapack__file110,9646,thua,002_UnityDataAssetPack_datapack__file110,4449,thua,82x61,82.0x61.0,local,1
002_UnityDataAssetPack_datapack__file110,9647,home2_menu_right,002_UnityDataAssetPack_datapack__file110,4450,home2_menu_right,84x92,84.0x92.0,local,1
002_UnityDataAssetPack_datapack__file110,9648,button_yellow,002_UnityDataAssetPack_datapack__file110,4451,button_yellow,142x68,142.0x68.0,local,1
002_UnityDataAssetPack_datapack__file110,9649,90,002_UnityDataAssetPack_datapack__file110,4452,90,640x512,640.0x512.0,local,1
002_UnityDataAssetPack_datapack__file110,9650,328,002_UnityDataAssetPack_datapack__file110,4453,328,640x512,640.0x512.0,local,1
002_UnityDataAssetPack_datapack__file110,9651,icon_exp_vip,002_UnityDataAssetPack_datapack__file110,4454,icon_exp_vip,100x100,100.0x100.0,local,1
002_UnityDataAssetPack_datapack__file110,9652,home2_mastering_hero,002_UnityDataAssetPack_datapack__file110,4455,home2_mastering_hero,62x62,62.0x62.0,local,1
002_UnityDataAssetPack_datapack__file110,9653,ability_9,002_UnityDataAssetPack_datapack__file110,4457,ability_9,104x104,104.0x104.0,local,1
002_UnityDataAssetPack_datapack__file110,9654,icon_flower,002_UnityDataAssetPack_datapack__file110,4458,icon_flower,52x52,52.0x52.0,local,1
002_UnityDataAssetPack_datapack__file110,9655,331,002_UnityDataAssetPack_datapack__file110,4459,331,640x512,640.0x512.0,local,1
002_UnityDataAssetPack_datapack__file110,9656,trunk_1,002_UnityDataAssetPack_datapack__file110,4460,trunk_1,466x309,466.0x309.0,local,1
002_UnityDataAssetPack_datapack__file110,9657,97,002_UnityDataAssetPack_datapack__file110,4461,97,84x84,84.0x84.0,local,1
002_UnityDataAssetPack_datapack__file110,9658,69,002_UnityDataAssetPack_datapack__file110,4462,69,80x80,80.0x80.0,local,1
002_UnityDataAssetPack_datapack__file110,9659,event_quy_truong_thanh,002_UnityDataAssetPack_datapack__file110,4463,event_quy_truong_thanh,534x175,534.0x175.0,local,1
002_UnityDataAssetPack_datapack__file110,9660,khung_chan_le_2,002_UnityDataAssetPack_datapack__file110,4464,khung_chan_le_2,188x152,188.0x152.0,local,1
002_UnityDataAssetPack_datapack__file110,9661,MagicHit_1,002_UnityDataAssetPack_datapack__file110,4465,MagicHit_1,542x144,542.0x144.0,local,1
002_UnityDataAssetPack_datapack__file110,9662,icon_skchieumo,002_UnityDataAssetPack_datapack__file110,4466,icon_skchieumo,100x100,100.0x100.0,local,1
002_UnityDataAssetPack_datapack__file110,9663,tab_artifact,002_UnityDataAssetPack_datapack__file110,4467,tab_artifact,78x90,78.0x90.0,local,1
002_UnityDataAssetPack_datapack__file110,9664,chakra1,002_UnityDataAssetPack_datapack__file110,4468,chakra1,30x32,30.0x32.0,local,1
002_UnityDataAssetPack_datapack__file110,9665,169,002_UnityDataAssetPack_datapack__file110,4470,169,180x248,180.0x248.0,local,1
002_UnityDataAssetPack_datapack__file110,9666,warrior_crit_dmg,002_UnityDataAssetPack_datapack__file110,4471,warrior_crit_dmg,100x100,100.0x100.0,local,1
002_UnityDataAssetPack_datapack__file110,9667,img_crown,002_UnityDataAssetPack_datapack__file110,4472,img_crown,96x36,96.0x36.0,local,1
002_UnityDataAssetPack_datapack__file110,9668,slot_shoes,002_UnityDataAssetPack_datapack__file110,4474,slot_shoes,87x89,87.0x89.0,local,1
002_UnityDataAssetPack_datapack__file110,9669,156,002_UnityDataAssetPack_datapack__file110,4475,156,640x512,640.0x512.0,local,1
002_UnityDataAssetPack_datapack__file110,9670,priest_anti_warrior,002_UnityDataAssetPack_datapack__file110,4476,priest_anti_warrior,100x100,100.0x100.0,local,1
002_UnityDataAssetPack_datapack__file110,9671,hero_quality_3,002_UnityDataAssetPack_datapack__file110,4477,hero_quality_3,110x86,110.0x86.0,local,1
002_UnityDataAssetPack_datapack__file110,9672,Hero_1662,002_UnityDataAssetPack_datapack__file110,4478,Hero_1662,1016x920,1016.0x920.0,local,1
002_UnityDataAssetPack_datapack__file110,9673,213,002_UnityDataAssetPack_datapack__file110,4479,213,640x512,640.0x512.0,local,1
002_UnityDataAssetPack_datapack__file110,9674,77,002_UnityDataAssetPack_datapack__file110,4480,77,100x100,100.0x100.0,local,1
002_UnityDataAssetPack_datapack__file110,9675,tab_ranger,002_UnityDataAssetPack_datapack__file110,4481,tab_ranger,78x90,78.0x90.0,local,1
002_UnityDataAssetPack_datapack__file110,9676,box_field_red,002_UnityDataAssetPack_datapack__file110,4482,box_field_red,189x34,189.0x34.0,local,1
002_UnityDataAssetPack_datapack__file110,9677,8,002_UnityDataAssetPack_datapack__file110,4483,8,100x100,100.0x100.0,local,1
002_UnityDataAssetPack_datapack__file110,9678,69,002_UnityDataAssetPack_datapack__file110,4484,69,100x100,100.0x100.0,local,1
002_UnityDataAssetPack_datapack__file110,9679,khung_chan_le,002_UnityDataAssetPack_datapack__file110,4485,khung_chan_le,188x152,188.0x152.0,local,1
002_UnityDataAssetPack_datapack__file110,9680,Group 1,002_UnityDataAssetPack_datapack__file110,4486,Group 1,561x1008,561.0x1008.0,local,1
002_UnityDataAssetPack_datapack__file110,9681,faction_abyss,002_UnityDataAssetPack_datapack__file110,4488,faction_abyss,80x80,80.0x80.0,local,1
002_UnityDataAssetPack_datapack__file110,9682,field_fk,002_UnityDataAssetPack_datapack__file110,4489,field_fk,180x36,180.0x36.0,local,1
002_UnityDataAssetPack_datapack__file110,9683,92,002_UnityDataAssetPack_datapack__file110,4490,92,100x100,100.0x100.0,local,1
002_UnityDataAssetPack_datapack__file110,9684,40013,002_UnityDataAssetPack_datapack__file110,4491,40013,100x100,100.0x100.0,local,1
002_UnityDataAssetPack_datapack__file110,9685,bgr_0001_lua,002_UnityDataAssetPack_datapack__file110,4492,bgr_0001_lua,1136x640,1136.0x640.0,local,1
002_UnityDataAssetPack_datapack__file110,9686,guild_flag_19,002_UnityDataAssetPack_datapack__file110,4493,guild_flag_19,88x92,88.0x92.0,local,1
002_UnityDataAssetPack_datapack__file110,9687,600743,002_UnityDataAssetPack_datapack__file110,4494,600743,100x100,100.0x100.0,local,1
002_UnityDataAssetPack_datapack__file110,9688,faction_forest,002_UnityDataAssetPack_datapack__file110,4495,faction_forest,80x80,80.0x80.0,local,1
002_UnityDataAssetPack_datapack__file110,9689,x1,002_UnityDataAssetPack_datapack__file110,4496,x1,37x40,37.0x40.0,local,1
002_UnityDataAssetPack_datapack__file110,9690,316,002_UnityDataAssetPack_datapack__file110,4497,316,640x512,640.0x512.0,local,1
002_UnityDataAssetPack_datapack__file110,9691,skill_35,002_UnityDataAssetPack_datapack__file110,4498,skill_35,100x100,100.0x100.0,local,1
002_UnityDataAssetPack_datapack__file110,9692,quest_unlocked,002_UnityDataAssetPack_datapack__file110,4499,quest_unlocked,60x60,60.0x60.0,local,1
002_UnityDataAssetPack_datapack__file110,9693,ability_19,002_UnityDataAssetPack_datapack__file110,4500,ability_19,112x108,112.0x108.0,local,1
002_UnityDataAssetPack_datapack__file110,9694,event_tich_tieu_kim_cuong,002_UnityDataAssetPack_datapack__file110,4502,event_tich_tieu_kim_cuong,536x176,536.0x176.0,local,1
002_UnityDataAssetPack_datapack__file110,9695,frame_pray_boss2,002_UnityDataAssetPack_datapack__file110,4503,frame_pray_boss2,142x142,142.0x142.0,local,1
002_UnityDataAssetPack_datapack__file110,9696,bgr_dummy_campagin,002_UnityDataAssetPack_datapack__file110,4504,bgr_dummy_campagin,1360x640,1360.0x640.0,local,1
002_UnityDataAssetPack_datapack__file110,9697,bgr_hero_info,002_UnityDataAssetPack_datapack__file110,4505,bgr_hero_info,340x348,340.0x348.0,local,1
002_UnityDataAssetPack_datapack__file110,9698,boat_merry_1,002_UnityDataAssetPack_datapack__file110,4506,boat_merry_1,82x84,82.0x84.0,local,1
002_UnityDataAssetPack_datapack__file110,9699,ability_16,002_UnityDataAssetPack_datapack__file110,4507,ability_16,112x108,112.0x108.0,local,1
002_UnityDataAssetPack_datapack__file110,9700,building_black_smith,002_UnityDataAssetPack_datapack__file110,4508,building_black_smith,442x265,442.0x265.0,local,1
002_UnityDataAssetPack_datapack__file110,9701,150,002_UnityDataAssetPack_datapack__file110,4509,150,180x248,180.0x248.0,local,1
002_UnityDataAssetPack_datapack__file110,9702,87,002_UnityDataAssetPack_datapack__file110,4510,87,100x100,100.0x100.0,local,1
002_UnityDataAssetPack_datapack__file110,9703,109,002_UnityDataAssetPack_datapack__file110,4511,109,100x100,100.0x100.0,local,1
002_UnityDataAssetPack_datapack__file110,9704,icon_hoocmon,002_UnityDataAssetPack_datapack__file110,4512,icon_hoocmon,100x100,100.0x100.0,local,1
002_UnityDataAssetPack_datapack__file110,9705,Hero_694,002_UnityDataAssetPack_datapack__file110,4513,Hero_694,688x600,688.0x600.0,local,1
002_UnityDataAssetPack_datapack__file110,9706,hero_star_e,002_UnityDataAssetPack_datapack__file110,4515,hero_star_e,41x39,41.0x39.0,local,1
002_UnityDataAssetPack_datapack__file110,9707,154,002_UnityDataAssetPack_datapack__file110,4516,154,100x100,100.0x100.0,local,1
002_UnityDataAssetPack_datapack__file110,9708,rect_hero_fk,002_UnityDataAssetPack_datapack__file110,4517,rect_hero_fk,132x112,132.0x112.0,local,1
002_UnityDataAssetPack_datapack__file110,9709,icon_tanchuong,002_UnityDataAssetPack_datapack__file110,4518,icon_tanchuong,100x100,100.0x100.0,local,1
002_UnityDataAssetPack_datapack__file110,9710,rect_bottom,002_UnityDataAssetPack_datapack__file110,4519,rect_bottom,156x178,156.0x178.0,local,1
002_UnityDataAssetPack_datapack__file110,9711,assassin_perify_immune,002_UnityDataAssetPack_datapack__file110,4520,assassin_perify_immune,100x100,100.0x100.0,local,1
002_UnityDataAssetPack_datapack__file110,9712,18,002_UnityDataAssetPack_datapack__file110,4521,18,100x100,100.0x100.0,local,1
002_UnityDataAssetPack_datapack__file110,9713,185,002_UnityDataAssetPack_datapack__file110,4522,185,180x248,180.0x248.0,local,1
002_UnityDataAssetPack_datapack__file110,9714,cell_iap,002_UnityDataAssetPack_datapack__file110,4523,cell_iap,173x233,173.0x233.0,local,1
002_UnityDataAssetPack_datapack__file110,9715,icon_7,002_UnityDataAssetPack_datapack__file110,4524,icon_7,88x88,88.0x88.0,local,1
002_UnityDataAssetPack_datapack__file110,9716,bgr_clan,002_UnityDataAssetPack_datapack__file110,4527,bgr_clan,1408x860,1408.0x860.0,local,1
002_UnityDataAssetPack_datapack__file110,9717,106,002_UnityDataAssetPack_datapack__file110,4528,106,100x100,100.0x100.0,local,1
002_UnityDataAssetPack_datapack__file110,9718,icon_5,002_UnityDataAssetPack_datapack__file110,4529,icon_5,88x88,88.0x88.0,local,1
002_UnityDataAssetPack_datapack__file110,9719,bgr_tap_4,002_UnityDataAssetPack_datapack__file110,4530,bgr_tap_4,1476x880,1476.0x880.0,local,1
002_UnityDataAssetPack_datapack__file110,9720,41,002_UnityDataAssetPack_datapack__file110,4531,41,84x84,84.0x84.0,local,1
002_UnityDataAssetPack_datapack__file110,9721,170,002_UnityDataAssetPack_datapack__file110,4532,170,180x248,180.0x248.0,local,1
002_UnityDataAssetPack_datapack__file110,9722,gold_2_en,002_UnityDataAssetPack_datapack__file110,4533,gold_2_en,128x128,128.0x128.0,local,1
002_UnityDataAssetPack_datapack__file110,9723,skill_108,002_UnityDataAssetPack_datapack__file110,4535,skill_108,100x100,100.0x100.0,local,1
002_UnityDataAssetPack_datapack__file110,9724,rect_14,002_UnityDataAssetPack_datapack__file110,4536,rect_14,48x48,48.0x48.0,local,1
002_UnityDataAssetPack_datapack__file110,9725,event_34,002_UnityDataAssetPack_datapack__file110,4537,event_34,540x464,540.0x464.0,local,1
002_UnityDataAssetPack_datapack__file110,9726,Border,002_UnityDataAssetPack_datapack__file110,4539,Border,250x367,250.0x367.0,local,1
002_UnityDataAssetPack_datapack__file110,9727,66,002_UnityDataAssetPack_datapack__file110,4540,66,180x248,180.0x248.0,local,1
002_UnityDataAssetPack_datapack__file110,9728,91,002_UnityDataAssetPack_datapack__file110,4541,91,640x512,640.0x512.0,local,1
002_UnityDataAssetPack_datapack__file110,9729,event_tuu_quan,002_UnityDataAssetPack_datapack__file110,4542,event_tuu_quan,536x176,536.0x176.0,local,1
002_UnityDataAssetPack_datapack__file110,9730,frame_vip,002_UnityDataAssetPack_datapack__file110,4543,frame_vip,129x95,129.0x95.0,local,1
002_UnityDataAssetPack_datapack__file110,9731,193,002_UnityDataAssetPack_datapack__file110,4544,193,100x100,100.0x100.0,local,1
002_UnityDataAssetPack_datapack__file110,9732,28,002_UnityDataAssetPack_datapack__file110,4545,28,100x100,100.0x100.0,local,1
002_UnityDataAssetPack_datapack__file110,9733,gem_8,002_UnityDataAssetPack_datapack__file110,4546,gem_8,100x100,100.0x100.0,local,1
002_UnityDataAssetPack_datapack__file110,9734,Hero_1252,002_UnityDataAssetPack_datapack__file110,4547,Hero_1252,944x644,944.0x644.0,local,1
002_UnityDataAssetPack_datapack__file110,9735,title_db,002_UnityDataAssetPack_datapack__file110,4548,title_db,600x48,600.0x48.0,local,1
002_UnityDataAssetPack_datapack__file110,9736,45,002_UnityDataAssetPack_datapack__file110,4549,45,144x144,144.0x144.0,local,1
002_UnityDataAssetPack_datapack__file110,9737,skill_182,002_UnityDataAssetPack_datapack__file110,4550,skill_182,100x100,100.0x100.0,local,1
002_UnityDataAssetPack_datapack__file110,9738,event_13,002_UnityDataAssetPack_datapack__file110,4551,event_13,176x352,176.0x352.0,local,1
002_UnityDataAssetPack_datapack__file110,9739,tab_mill_donate_2,002_UnityDataAssetPack_datapack__file110,4552,tab_mill_donate_2,78x90,78.0x90.0,local,1
002_UnityDataAssetPack_datapack__file110,9740,guild_flag_29,002_UnityDataAssetPack_datapack__file110,4553,guild_flag_29,88x92,88.0x92.0,local,1
002_UnityDataAssetPack_datapack__file110,9741,text_win,002_UnityDataAssetPack_datapack__file110,4555,text_win,376x88,376.0x88.0,local,1
002_UnityDataAssetPack_datapack__file110,9742,icon_lua_monster,002_UnityDataAssetPack_datapack__file110,4556,icon_lua_monster,110x110,110.0x110.0,local,1
002_UnityDataAssetPack_datapack__file110,9743,157,002_UnityDataAssetPack_datapack__file110,4557,157,180x248,180.0x248.0,local,1
002_UnityDataAssetPack_datapack__file110,9744,20,002_UnityDataAssetPack_datapack__file110,4558,20,84x84,84.0x84.0,local,1
002_UnityDataAssetPack_datapack__file110,9745,Hero_1242,002_UnityDataAssetPack_datapack__file110,4560,Hero_1242,644x344,644.0x344.0,local,1
002_UnityDataAssetPack_datapack__file110,9746,38,002_UnityDataAssetPack_datapack__file110,4561,38,144x144,144.0x144.0,local,1
002_UnityDataAssetPack_datapack__file110,9747,icon_4,002_UnityDataAssetPack_datapack__file110,4562,icon_4,88x88,88.0x88.0,local,1
002_UnityDataAssetPack_datapack__file110,9748,building_daffodil,002_UnityDataAssetPack_datapack__file110,4563,building_daffodil,147x175,147.0x175.0,local,1
002_UnityDataAssetPack_datapack__file110,9749,47,002_UnityDataAssetPack_datapack__file110,4564,47,100x100,100.0x100.0,local,1
002_UnityDataAssetPack_datapack__file110,9750,2,002_UnityDataAssetPack_datapack__file110,4565,2,100x100,100.0x100.0,local,1
002_UnityDataAssetPack_datapack__file110,9751,button_info,002_UnityDataAssetPack_datapack__file110,4566,button_info,36x36,36.0x36.0,local,1
002_UnityDataAssetPack_datapack__file110,9752,icon_plus,002_UnityDataAssetPack_datapack__file110,4568,icon_plus,48x48,48.0x48.0,local,1
002_UnityDataAssetPack_datapack__file110,9753,icon_9,002_UnityDataAssetPack_datapack__file110,4569,icon_9,114x114,114.0x114.0,local,1
002_UnityDataAssetPack_datapack__file110,9754,2,002_UnityDataAssetPack_datapack__file110,4570,2,144x144,144.0x144.0,local,1
002_UnityDataAssetPack_datapack__file110,9755,icon_24,002_UnityDataAssetPack_datapack__file110,4571,icon_24,88x88,88.0x88.0,local,1
002_UnityDataAssetPack_datapack__file110,9756,Hit_131,002_UnityDataAssetPack_datapack__file110,4572,Hit_131,440x496,440.0x496.0,local,1
002_UnityDataAssetPack_datapack__file110,9757,event_18,002_UnityDataAssetPack_datapack__file110,4573,event_18,632x492,632.0x492.0,local,1
002_UnityDataAssetPack_datapack__file110,9758,skill_215,002_UnityDataAssetPack_datapack__file110,4574,skill_215,100x100,100.0x100.0,local,1
002_UnityDataAssetPack_datapack__file110,9759,pet_4,002_UnityDataAssetPack_datapack__file110,4576,pet_4,100x100,100.0x100.0,local,1
002_UnityDataAssetPack_datapack__file110,9760,ai_01,002_UnityDataAssetPack_datapack__file110,4577,ai_01,775x722,775.0x722.0,local,1
002_UnityDataAssetPack_datapack__file110,9761,bgr,002_UnityDataAssetPack_datapack__file110,4578,bgr,462x442,462.0x442.0,local,1
002_UnityDataAssetPack_datapack__file110,9762,button_attack,002_UnityDataAssetPack_datapack__file110,4581,button_attack,97x97,97.0x97.0,local,1
002_UnityDataAssetPack_datapack__file110,9763,5,002_UnityDataAssetPack_datapack__file110,4582,5,100x100,100.0x100.0,local,1
002_UnityDataAssetPack_datapack__file110,9764,1001,002_UnityDataAssetPack_datapack__file110,4583,1001,100x100,100.0x100.0,local,1
002_UnityDataAssetPack_datapack__file110,9765,170,002_UnityDataAssetPack_datapack__file110,4584,170,640x512,640.0x512.0,local,1
002_UnityDataAssetPack_datapack__file110,9766,icon_22,002_UnityDataAssetPack_datapack__file110,4585,icon_22,88x88,88.0x88.0,local,1
002_UnityDataAssetPack_datapack__file110,9767,skill_273,002_UnityDataAssetPack_datapack__file110,4586,skill_273,100x100,100.0x100.0,local,1
002_UnityDataAssetPack_datapack__file110,9768,border_equipment_1,002_UnityDataAssetPack_datapack__file110,4587,border_equipment_1,100x100,100.0x100.0,local,1
002_UnityDataAssetPack_datapack__file110,9769,bgr_equipment_2,002_UnityDataAssetPack_datapack__file110,4588,bgr_equipment_2,100x100,100.0x100.0,local,1
002_UnityDataAssetPack_datapack__file110,9770,button_apply,002_UnityDataAssetPack_datapack__file110,4589,button_apply,78x90,78.0x90.0,local,1
002_UnityDataAssetPack_datapack__file110,9771,tech_crit_dmg,002_UnityDataAssetPack_datapack__file110,4591,tech_crit_dmg,100x100,100.0x100.0,local,1
002_UnityDataAssetPack_datapack__file110,9772,Rounded_Rectangle_0,002_UnityDataAssetPack_datapack__file110,4592,Rounded_Rectangle_0,75x37,75.0x37.0,local,1
002_UnityDataAssetPack_datapack__file110,9773,button_shop_guild,002_UnityDataAssetPack_datapack__file110,4594,button_shop_guild,110x110,110.0x110.0,local,1
002_UnityDataAssetPack_datapack__file110,9774,b_water,002_UnityDataAssetPack_datapack__file110,4595,b_water,476x476,476.0x476.0,local,1
002_UnityDataAssetPack_datapack__file110,9775,battle_pos_6_hl,002_UnityDataAssetPack_datapack__file110,4596,battle_pos_6_hl,284x64,284.0x64.0,local,1
002_UnityDataAssetPack_datapack__file110,9776,191,002_UnityDataAssetPack_datapack__file110,4597,191,100x100,100.0x100.0,local,1
002_UnityDataAssetPack_datapack__file110,9777,home2_events,002_UnityDataAssetPack_datapack__file110,4598,home2_events,74x78,74.0x78.0,local,1
002_UnityDataAssetPack_datapack__file110,9778,72,002_UnityDataAssetPack_datapack__file110,4599,72,100x100,100.0x100.0,local,1
002_UnityDataAssetPack_datapack__file110,9779,skill_683,002_UnityDataAssetPack_datapack__file110,4600,skill_683,100x100,100.0x100.0,local,1
002_UnityDataAssetPack_datapack__file110,9780,14,002_UnityDataAssetPack_datapack__file110,4601,14,259x96,259.0x96.0,local,1
002_UnityDataAssetPack_datapack__file110,9781,decor_boss_2,002_UnityDataAssetPack_datapack__file110,4602,decor_boss_2,132x112,132.0x112.0,local,1
002_UnityDataAssetPack_datapack__file110,9782,bg_24,002_UnityDataAssetPack_datapack__file110,4603,bg_24,44x44,44.0x44.0,local,1
002_UnityDataAssetPack_datapack__file110,9783,icon_13,002_UnityDataAssetPack_datapack__file110,4604,icon_13,88x88,88.0x88.0,local,1
002_UnityDataAssetPack_datapack__file110,9784,bar_exp,002_UnityDataAssetPack_datapack__file110,4605,bar_exp,600x30,600.0x30.0,local,1
002_UnityDataAssetPack_datapack__file110,9785,skill_678,002_UnityDataAssetPack_datapack__file110,4606,skill_678,100x100,100.0x100.0,local,1
002_UnityDataAssetPack_datapack__file110,9786,Fly_chu_bigwater,002_UnityDataAssetPack_datapack__file110,4607,Fly_chu_bigwater,149x81,149.0x81.0,local,1
002_UnityDataAssetPack_datapack__file110,9787,trunk_4,002_UnityDataAssetPack_datapack__file110,4608,trunk_4,466x309,466.0x309.0,local,1
002_UnityDataAssetPack_datapack__file110,9788,assassin_anti_priest,002_UnityDataAssetPack_datapack__file110,4609,assassin_anti_priest,100x100,100.0x100.0,local,1
002_UnityDataAssetPack_datapack__file110,9789,event_chieu_mo_dac_biet,002_UnityDataAssetPack_datapack__file110,4610,event_chieu_mo_dac_biet,700x132,700.0x132.0,local,1
002_UnityDataAssetPack_datapack__file110,9790,gem_1,002_UnityDataAssetPack_datapack__file110,4611,gem_1,36x36,36.0x36.0,local,1
002_UnityDataAssetPack_datapack__file110,9791,button_sound_off,002_UnityDataAssetPack_datapack__file110,4612,button_sound_off,88x88,88.0x88.0,local,1
002_UnityDataAssetPack_datapack__file110,9792,event_qtt_toan_sever,002_UnityDataAssetPack_datapack__file110,4613,event_qtt_toan_sever,536x176,536.0x176.0,local,1
002_UnityDataAssetPack_datapack__file110,9793,button_atk,002_UnityDataAssetPack_datapack__file110,4615,button_atk,76x68,76.0x68.0,local,1
002_UnityDataAssetPack_datapack__file110,9794,165,002_UnityDataAssetPack_datapack__file110,4616,165,640x512,640.0x512.0,local,1
002_UnityDataAssetPack_datapack__file110,9795,30006,002_UnityDataAssetPack_datapack__file110,4617,30006,100x100,100.0x100.0,local,1
002_UnityDataAssetPack_datapack__file110,9796,merchant_2_stuff,002_UnityDataAssetPack_datapack__file110,4618,merchant_2_stuff,174x95,174.0x95.0,local,1
002_UnityDataAssetPack_datapack__file110,9797,button_skip_dungeon,002_UnityDataAssetPack_datapack__file110,4619,button_skip_dungeon,182x43,182.0x43.0,local,1
002_UnityDataAssetPack_datapack__file110,9798,30001,002_UnityDataAssetPack_datapack__file110,4620,30001,100x100,100.0x100.0,local,1
002_UnityDataAssetPack_datapack__file110,9799,merchant_1_stuff,002_UnityDataAssetPack_datapack__file110,4621,merchant_1_stuff,109x116,109.0x116.0,local,1
002_UnityDataAssetPack_datapack__file110,9800,map1a,002_UnityDataAssetPack_datapack__file110,4622,map1a,1068x564,1068.0x564.0,local,1
002_UnityDataAssetPack_datapack__file110,9801,85,002_UnityDataAssetPack_datapack__file110,4624,85,640x512,640.0x512.0,local,1
002_UnityDataAssetPack_datapack__file110,9802,dice_red_6,002_UnityDataAssetPack_datapack__file110,4625,dice_red_6,116x116,116.0x116.0,local,1
002_UnityDataAssetPack_datapack__file110,9803,skill_pet_passive_4,002_UnityDataAssetPack_datapack__file110,4626,skill_pet_passive_4,100x100,100.0x100.0,local,1
002_UnityDataAssetPack_datapack__file110,9804,event_46,002_UnityDataAssetPack_datapack__file110,4627,event_46,704x552,704.0x552.0,local,1
002_UnityDataAssetPack_datapack__file110,9805,icon_marineford_coin,002_UnityDataAssetPack_datapack__file110,4628,icon_marineford_coin,50x50,50.0x50.0,local,1
002_UnityDataAssetPack_datapack__file110,9806,tab_equipment2,002_UnityDataAssetPack_datapack__file110,4629,tab_equipment2,78x90,78.0x90.0,local,1
002_UnityDataAssetPack_datapack__file110,9807,hero_name_bgr,002_UnityDataAssetPack_datapack__file110,4630,hero_name_bgr,212x42,212.0x42.0,local,1
002_UnityDataAssetPack_datapack__file110,9808,icon_4,002_UnityDataAssetPack_datapack__file110,4633,icon_4,88x88,88.0x88.0,local,1
002_UnityDataAssetPack_datapack__file110,9809,frame_pet,002_UnityDataAssetPack_datapack__file110,4634,frame_pet,161x156,161.0x156.0,local,1
002_UnityDataAssetPack_datapack__file110,9810,button_dictionary,002_UnityDataAssetPack_datapack__file110,4636,button_dictionary,66x65,66.0x65.0,local,1
002_UnityDataAssetPack_datapack__file110,9811,skill_173,002_UnityDataAssetPack_datapack__file110,4637,skill_173,100x100,100.0x100.0,local,1
002_UnityDataAssetPack_datapack__file110,9812,slot_armor,002_UnityDataAssetPack_datapack__file110,4638,slot_armor,91x92,91.0x92.0,local,1
002_UnityDataAssetPack_datapack__file110,9813,176,002_UnityDataAssetPack_datapack__file110,4639,176,180x248,180.0x248.0,local,1
002_UnityDataAssetPack_datapack__file110,9814,48,002_UnityDataAssetPack_datapack__file110,4640,48,100x100,100.0x100.0,local,1
002_UnityDataAssetPack_datapack__file110,9815,110,002_UnityDataAssetPack_datapack__file110,4642,110,100x100,100.0x100.0,local,1
002_UnityDataAssetPack_datapack__file110,9816,75,002_UnityDataAssetPack_datapack__file110,4643,75,100x100,100.0x100.0,local,1
002_UnityDataAssetPack_datapack__file110,9817,109,002_UnityDataAssetPack_datapack__file110,4644,109,180x248,180.0x248.0,local,1
002_UnityDataAssetPack_datapack__file110,9818,icon_bs_locked,002_UnityDataAssetPack_datapack__file110,4645,icon_bs_locked,61x59,61.0x59.0,local,1
002_UnityDataAssetPack_datapack__file110,9819,94,002_UnityDataAssetPack_datapack__file110,4647,94,100x100,100.0x100.0,local,1
002_UnityDataAssetPack_datapack__file110,9820,tab_heroes,002_UnityDataAssetPack_datapack__file110,4649,tab_heroes,78x90,78.0x90.0,local,1
002_UnityDataAssetPack_datapack__file110,9821,home_button_hero,002_UnityDataAssetPack_datapack__file110,4650,home_button_hero,80x80,80.0x80.0,local,1
002_UnityDataAssetPack_datapack__file110,9822,button_list_apply_disable,002_UnityDataAssetPack_datapack__file110,4651,button_list_apply_disable,78x90,78.0x90.0,local,1
002_UnityDataAssetPack_datapack__file110,9823,icon_18_plus,002_UnityDataAssetPack_datapack__file110,4652,icon_18_plus,52x52,52.0x52.0,local,1
002_UnityDataAssetPack_datapack__file110,9824,icon_19,002_UnityDataAssetPack_datapack__file110,4653,icon_19,88x88,88.0x88.0,local,1
002_UnityDataAssetPack_datapack__file110,9825,Hero_172,002_UnityDataAssetPack_datapack__file110,4654,Hero_172,1024x952,1024.0x952.0,local,1
002_UnityDataAssetPack_datapack__file110,9826,ship_member_5_2,002_UnityDataAssetPack_datapack__file110,4655,ship_member_5_2,180x148,180.0x148.0,local,1
002_UnityDataAssetPack_datapack__file110,9827,bgr_lucky,002_UnityDataAssetPack_datapack__file110,4656,bgr_lucky,1136x640,1136.0x640.0,local,1
002_UnityDataAssetPack_datapack__file110,9828,56,002_UnityDataAssetPack_datapack__file110,4657,56,144x144,144.0x144.0,local,1
002_UnityDataAssetPack_datapack__file110,9829,tag_hard,002_UnityDataAssetPack_datapack__file110,4658,tag_hard,248x132,248.0x132.0,local,1
002_UnityDataAssetPack_datapack__file110,9830,Hero_1413,002_UnityDataAssetPack_datapack__file110,4659,Hero_1413,956x656,956.0x656.0,local,1
002_UnityDataAssetPack_datapack__file110,9831,da_tim,002_UnityDataAssetPack_datapack__file110,4660,da_tim,100x100,100.0x100.0,local,1
002_UnityDataAssetPack_datapack__file110,9832,94,002_UnityDataAssetPack_datapack__file110,4661,94,640x512,640.0x512.0,local,1
002_UnityDataAssetPack_datapack__file110,9833,skill_697,002_UnityDataAssetPack_datapack__file110,4662,skill_697,100x100,100.0x100.0,local,1
002_UnityDataAssetPack_datapack__file110,9834,round_rect_3,002_UnityDataAssetPack_datapack__file110,4663,round_rect_3,44x44,44.0x44.0,local,1
002_UnityDataAssetPack_datapack__file110,9835,21,002_UnityDataAssetPack_datapack__file110,4664,21,144x144,144.0x144.0,local,1
002_UnityDataAssetPack_datapack__file110,9836,55,002_UnityDataAssetPack_datapack__file110,4665,55,144x144,144.0x144.0,local,1
002_UnityDataAssetPack_datapack__file110,9837,bar_energy_bgr,002_UnityDataAssetPack_datapack__file110,4667,bar_energy_bgr,524x46,524.0x46.0,local,1
002_UnityDataAssetPack_datapack__file110,9838,frame_pray_boss,002_UnityDataAssetPack_datapack__file110,4668,frame_pray_boss,242x242,242.0x242.0,local,1
002_UnityDataAssetPack_datapack__file110,9839,bgr_text_4,002_UnityDataAssetPack_datapack__file110,4669,bgr_text_4,196x52,196.0x52.0,local,1
002_UnityDataAssetPack_datapack__file110,9840,decor_2,002_UnityDataAssetPack_datapack__file110,4670,decor_2,180x192,180.0x192.0,local,1
002_UnityDataAssetPack_datapack__file110,9841,189,002_UnityDataAssetPack_datapack__file110,4671,189,180x248,180.0x248.0,local,1
002_UnityDataAssetPack_datapack__file110,9842,1000,002_UnityDataAssetPack_datapack__file110,4672,1000,100x100,100.0x100.0,local,1
002_UnityDataAssetPack_datapack__file110,9843,guild_flag_31,002_UnityDataAssetPack_datapack__file110,4673,guild_flag_31,88x92,88.0x92.0,local,1
002_UnityDataAssetPack_datapack__file110,9844,icon_clock,002_UnityDataAssetPack_datapack__file110,4674,icon_clock,32x40,32.0x40.0,local,1
002_UnityDataAssetPack_datapack__file110,9845,skill_33,002_UnityDataAssetPack_datapack__file110,4675,skill_33,100x100,100.0x100.0,local,1
002_UnityDataAssetPack_datapack__file110,9846,Hero_1572,002_UnityDataAssetPack_datapack__file110,4676,Hero_1572,756x788,756.0x788.0,local,1
002_UnityDataAssetPack_datapack__file110,9847,gold_2,002_UnityDataAssetPack_datapack__file110,4677,gold_2,128x128,128.0x128.0,local,1
002_UnityDataAssetPack_datapack__file110,9848,1_on,002_UnityDataAssetPack_datapack__file110,4678,1_on,140x72,140.0x72.0,local,1
002_UnityDataAssetPack_datapack__file110,9849,ship_member_5_3,002_UnityDataAssetPack_datapack__file110,4679,ship_member_5_3,180x148,180.0x148.0,local,1
002_UnityDataAssetPack_datapack__file110,9850,Hero_872,002_UnityDataAssetPack_datapack__file110,4680,Hero_872,616x484,616.0x484.0,local,1
002_UnityDataAssetPack_datapack__file110,9851,71,002_UnityDataAssetPack_datapack__file110,4681,71,84x84,84.0x84.0,local,1
002_UnityDataAssetPack_datapack__file110,9852,rect_cell_mastering,002_UnityDataAssetPack_datapack__file110,4682,rect_cell_mastering,124x104,124.0x104.0,local,1
002_UnityDataAssetPack_datapack__file110,9853,slot_altar,002_UnityDataAssetPack_datapack__file110,4684,slot_altar,88x88,88.0x88.0,local,1
002_UnityDataAssetPack_datapack__file110,9854,thin_loader_bgr,002_UnityDataAssetPack_datapack__file110,4685,thin_loader_bgr,64x16,64.0x16.0,local,1
002_UnityDataAssetPack_datapack__file110,9855,button_add,002_UnityDataAssetPack_datapack__file110,4686,button_add,52x52,52.0x52.0,local,1
002_UnityDataAssetPack_datapack__file110,9856,tab_account_on,002_UnityDataAssetPack_datapack__file110,4687,tab_account_on,78x90,78.0x90.0,local,1
002_UnityDataAssetPack_datapack__file110,9857,167,002_UnityDataAssetPack_datapack__file110,4688,167,180x248,180.0x248.0,local,1
002_UnityDataAssetPack_datapack__file110,9858,button_fk,002_UnityDataAssetPack_datapack__file110,4689,button_fk,220x80,220.0x80.0,local,1
002_UnityDataAssetPack_datapack__file110,9859,227,002_UnityDataAssetPack_datapack__file110,4690,227,640x512,640.0x512.0,local,1
002_UnityDataAssetPack_datapack__file110,9860,15,002_UnityDataAssetPack_datapack__file110,4692,15,144x144,144.0x144.0,local,1
002_UnityDataAssetPack_datapack__file110,9861,icon_7,002_UnityDataAssetPack_datapack__file110,4693,icon_7,114x114,114.0x114.0,local,1
002_UnityDataAssetPack_datapack__file110,9862,307,002_UnityDataAssetPack_datapack__file110,4695,307,180x248,180.0x248.0,local,1
002_UnityDataAssetPack_datapack__file110,9863,button_music_on_2,002_UnityDataAssetPack_datapack__file110,4696,button_music_on_2,88x88,88.0x88.0,local,1
002_UnityDataAssetPack_datapack__file110,9864,bgr_star_4,002_UnityDataAssetPack_datapack__file110,4697,bgr_star_4,168x44,168.0x44.0,local,1
002_UnityDataAssetPack_datapack__file110,9865,bgr_light2,002_UnityDataAssetPack_datapack__file110,4698,bgr_light2,52x52,52.0x52.0,local,1
002_UnityDataAssetPack_datapack__file110,9866,class_warrior,002_UnityDataAssetPack_datapack__file110,4699,class_warrior,38x38,38.0x38.0,local,1
002_UnityDataAssetPack_datapack__file110,9867,127,002_UnityDataAssetPack_datapack__file110,4700,127,100x100,100.0x100.0,local,1
002_UnityDataAssetPack_datapack__file110,9868,world_bgr_3,002_UnityDataAssetPack_datapack__file110,4701,world_bgr_3,608x640,608.0x640.0,local,1
002_UnityDataAssetPack_datapack__file110,9869,arrow_left,002_UnityDataAssetPack_datapack__file110,4702,arrow_left,45x70,45.0x70.0,local,1
002_UnityDataAssetPack_datapack__file110,9870,221,002_UnityDataAssetPack_datapack__file110,4703,221,100x100,100.0x100.0,local,1
002_UnityDataAssetPack_datapack__file110,9871,59,002_UnityDataAssetPack_datapack__file110,4704,59,144x144,144.0x144.0,local,1
002_UnityDataAssetPack_datapack__file110,9872,skill_679,002_UnityDataAssetPack_datapack__file110,4705,skill_679,100x100,100.0x100.0,local,1
002_UnityDataAssetPack_datapack__file110,9873,roof_stick,002_UnityDataAssetPack_datapack__file110,4706,roof_stick,100x32,100.0x32.0,local,1
002_UnityDataAssetPack_datapack__file110,9874,button_menu,002_UnityDataAssetPack_datapack__file110,4707,button_menu,66x65,66.0x65.0,local,1
002_UnityDataAssetPack_datapack__file110,9875,mill_8,002_UnityDataAssetPack_datapack__file110,4708,mill_8,173x142,173.0x142.0,local,1
002_UnityDataAssetPack_datapack__file110,9876,mill_7,002_UnityDataAssetPack_datapack__file110,4709,mill_7,173x142,173.0x142.0,local,1
002_UnityDataAssetPack_datapack__file110,9877,home2_friend,002_UnityDataAssetPack_datapack__file110,4710,home2_friend,62x62,62.0x62.0,local,1
002_UnityDataAssetPack_datapack__file110,9878,skill_204,002_UnityDataAssetPack_datapack__file110,4711,skill_204,100x100,100.0x100.0,local,1
002_UnityDataAssetPack_datapack__file110,9879,shape-copy-25,002_UnityDataAssetPack_datapack__file110,4712,shape-copy-25,279x254,279.0x254.0,local,1
002_UnityDataAssetPack_datapack__file110,9880,tag_war_enemy,002_UnityDataAssetPack_datapack__file110,4713,tag_war_enemy,212x48,212.0x48.0,local,1
002_UnityDataAssetPack_datapack__file110,9881,tab_consumable_2,002_UnityDataAssetPack_datapack__file110,4715,tab_consumable_2,78x90,78.0x90.0,local,1
002_UnityDataAssetPack_datapack__file110,9882,round_rect_8,002_UnityDataAssetPack_datapack__file110,4716,round_rect_8,64x64,64.0x64.0,local,1
002_UnityDataAssetPack_datapack__file110,9883,gem_4,002_UnityDataAssetPack_datapack__file110,4717,gem_4,80x84,80.0x84.0,local,1
002_UnityDataAssetPack_datapack__file110,9884,icon_refresh,002_UnityDataAssetPack_datapack__file110,4718,icon_refresh,35x35,35.0x35.0,local,1
002_UnityDataAssetPack_datapack__file110,9885,160,002_UnityDataAssetPack_datapack__file110,4719,160,100x100,100.0x100.0,local,1
002_UnityDataAssetPack_datapack__file110,9886,230,002_UnityDataAssetPack_datapack__file110,4720,230,100x100,100.0x100.0,local,1
002_UnityDataAssetPack_datapack__file110,9887,3,002_UnityDataAssetPack_datapack__file110,4721,3,100x100,100.0x100.0,local,1
002_UnityDataAssetPack_datapack__file110,9888,dummy_island_2_7,002_UnityDataAssetPack_datapack__file110,4722,dummy_island_2_7,250x250,250.0x250.0,local,1
002_UnityDataAssetPack_datapack__file110,9889,tech_crit,002_UnityDataAssetPack_datapack__file110,4723,tech_crit,100x100,100.0x100.0,local,1
002_UnityDataAssetPack_datapack__file110,9890,dice_green_1,002_UnityDataAssetPack_datapack__file110,4724,dice_green_1,116x116,116.0x116.0,local,1
002_UnityDataAssetPack_datapack__file110,9891,icon_game_sea,002_UnityDataAssetPack_datapack__file110,4725,icon_game_sea,1024x1024,1024.0x1024.0,local,1
002_UnityDataAssetPack_datapack__file110,9892,178,002_UnityDataAssetPack_datapack__file110,4727,178,100x100,100.0x100.0,local,1
002_UnityDataAssetPack_datapack__file110,9893,skill_34,002_UnityDataAssetPack_datapack__file110,4728,skill_34,100x100,100.0x100.0,local,1
002_UnityDataAssetPack_datapack__file110,9894,1001,002_UnityDataAssetPack_datapack__file110,4729,1001,100x100,100.0x100.0,local,1
002_UnityDataAssetPack_datapack__file110,9895,3_off,002_UnityDataAssetPack_datapack__file110,4731,3_off,140x72,140.0x72.0,local,1
002_UnityDataAssetPack_datapack__file110,9896,icon_boost,002_UnityDataAssetPack_datapack__file110,4733,icon_boost,88x88,88.0x88.0,local,1
002_UnityDataAssetPack_datapack__file110,9897,ability_25,002_UnityDataAssetPack_datapack__file110,4734,ability_25,116x116,116.0x116.0,local,1
002_UnityDataAssetPack_datapack__file110,9898,select_23,002_UnityDataAssetPack_datapack__file110,4735,select_23,28x100,28.0x100.0,local,1
002_UnityDataAssetPack_datapack__file110,9899,team_box,002_UnityDataAssetPack_datapack__file110,4736,team_box,112x112,112.0x112.0,local,1
002_UnityDataAssetPack_datapack__file110,9900,btn_close_1a,002_UnityDataAssetPack_datapack__file110,4738,btn_close_1a,44x44,44.0x44.0,local,1
002_UnityDataAssetPack_datapack__file110,9901,icon_trophy,002_UnityDataAssetPack_datapack__file110,4739,icon_trophy,32x32,32.0x32.0,local,1
002_UnityDataAssetPack_datapack__file110,9902,rect_final_4_4,002_UnityDataAssetPack_datapack__file110,4740,rect_final_4_4,56x48,56.0x48.0,local,1
002_UnityDataAssetPack_datapack__file110,9903,pet_thumb_4,002_UnityDataAssetPack_datapack__file110,4741,pet_thumb_4,240x300,240.0x300.0,local,1
002_UnityDataAssetPack_datapack__file110,9904,52,002_UnityDataAssetPack_datapack__file110,4742,52,84x84,84.0x84.0,local,1
002_UnityDataAssetPack_datapack__file110,9905,dot_yellow,002_UnityDataAssetPack_datapack__file110,4743,dot_yellow,20x20,20.0x20.0,local,1
002_UnityDataAssetPack_datapack__file110,9906,179,002_UnityDataAssetPack_datapack__file110,4744,179,640x512,640.0x512.0,local,1
002_UnityDataAssetPack_datapack__file110,9907,gem_4,002_UnityDataAssetPack_datapack__file110,4745,gem_4,80x84,80.0x84.0,local,1
002_UnityDataAssetPack_datapack__file110,9908,gem_2,002_UnityDataAssetPack_datapack__file110,4746,gem_2,68x44,68.0x44.0,local,1
002_UnityDataAssetPack_datapack__file110,9909,shader_chest,002_UnityDataAssetPack_datapack__file110,4747,shader_chest,145x38,145.0x38.0,local,1
002_UnityDataAssetPack_datapack__file110,9910,192,002_UnityDataAssetPack_datapack__file110,4748,192,180x248,180.0x248.0,local,1
002_UnityDataAssetPack_datapack__file110,9911,event_42,002_UnityDataAssetPack_datapack__file110,4749,event_42,536x436,536.0x436.0,local,1
002_UnityDataAssetPack_datapack__file110,9912,skill_267,002_UnityDataAssetPack_datapack__file110,4750,skill_267,100x100,100.0x100.0,local,1
002_UnityDataAssetPack_datapack__file110,9913,character_0014_c1,002_UnityDataAssetPack_datapack__file110,4751,character_0014_c1,640x512,640.0x512.0,local,1
002_UnityDataAssetPack_datapack__file110,9914,208,002_UnityDataAssetPack_datapack__file110,4753,208,100x100,100.0x100.0,local,1
002_UnityDataAssetPack_datapack__file110,9915,skill_161,002_UnityDataAssetPack_datapack__file110,4754,skill_161,100x100,100.0x100.0,local,1
002_UnityDataAssetPack_datapack__file110,9916,icon_17,002_UnityDataAssetPack_datapack__file110,4755,icon_17,88x88,88.0x88.0,local,1
002_UnityDataAssetPack_datapack__file110,9917,bar_hp1,002_UnityDataAssetPack_datapack__file110,4756,bar_hp1,84x8,84.0x8.0,local,1
002_UnityDataAssetPack_datapack__file110,9918,rect,002_UnityDataAssetPack_datapack__file110,4757,rect,786x416,786.0x416.0,local,1
002_UnityDataAssetPack_datapack__file110,9919,box_info,002_UnityDataAssetPack_datapack__file110,4758,box_info,420x490,420.0x490.0,local,1
002_UnityDataAssetPack_datapack__file110,9920,207,002_UnityDataAssetPack_datapack__file110,4759,207,100x100,100.0x100.0,local,1
002_UnityDataAssetPack_datapack__file110,9921,round_rect_4,002_UnityDataAssetPack_datapack__file110,4760,round_rect_4,44x44,44.0x44.0,local,1
002_UnityDataAssetPack_datapack__file110,9922,tab_artifact_2,002_UnityDataAssetPack_datapack__file110,4765,tab_artifact_2,78x90,78.0x90.0,local,1
002_UnityDataAssetPack_datapack__file110,9923,bgr_item_checkin,002_UnityDataAssetPack_datapack__file110,4766,bgr_item_checkin,142x204,142.0x204.0,local,1
002_UnityDataAssetPack_datapack__file110,9924,9,002_UnityDataAssetPack_datapack__file110,4767,9,144x144,144.0x144.0,local,1
002_UnityDataAssetPack_datapack__file110,9925,gate_7,002_UnityDataAssetPack_datapack__file110,4768,gate_7,300x216,300.0x216.0,local,1
002_UnityDataAssetPack_datapack__file110,9926,button_cool_event,002_UnityDataAssetPack_datapack__file110,4775,button_cool_event,92x92,92.0x92.0,local,1
002_UnityDataAssetPack_datapack__file110,9927,65,002_UnityDataAssetPack_datapack__file110,4776,65,84x84,84.0x84.0,local,1
002_UnityDataAssetPack_datapack__file110,9928,priest_stun_immune,002_UnityDataAssetPack_datapack__file110,4777,priest_stun_immune,100x100,100.0x100.0,local,1
002_UnityDataAssetPack_datapack__file110,9929,aura_background,002_UnityDataAssetPack_datapack__file110,4778,aura_background,116x116,116.0x116.0,local,1
002_UnityDataAssetPack_datapack__file110,9930,button_loot,002_UnityDataAssetPack_datapack__file110,4780,button_loot,72x64,72.0x64.0,local,1
002_UnityDataAssetPack_datapack__file110,9931,gate_8,002_UnityDataAssetPack_datapack__file110,4781,gate_8,300x239,300.0x239.0,local,1
002_UnityDataAssetPack_datapack__file110,9932,button_blue,002_UnityDataAssetPack_datapack__file110,4782,button_blue,80x80,80.0x80.0,local,1
002_UnityDataAssetPack_datapack__file110,9933,41,002_UnityDataAssetPack_datapack__file110,4783,41,88x88,88.0x88.0,local,1
002_UnityDataAssetPack_datapack__file110,9934,142,002_UnityDataAssetPack_datapack__file110,4784,142,640x512,640.0x512.0,local,1
002_UnityDataAssetPack_datapack__file110,9935,gold_2,002_UnityDataAssetPack_datapack__file110,4785,gold_2,68x84,68.0x84.0,local,1
002_UnityDataAssetPack_datapack__file110,9936,tag_boss_3,002_UnityDataAssetPack_datapack__file110,4786,tag_boss_3,36x36,36.0x36.0,local,1
002_UnityDataAssetPack_datapack__file110,9937,197,002_UnityDataAssetPack_datapack__file110,4787,197,100x100,100.0x100.0,local,1
002_UnityDataAssetPack_datapack__file110,9938,skill_5,002_UnityDataAssetPack_datapack__file110,4788,skill_5,100x100,100.0x100.0,local,1
002_UnityDataAssetPack_datapack__file110,9939,64,002_UnityDataAssetPack_datapack__file110,4789,64,80x80,80.0x80.0,local,1
002_UnityDataAssetPack_datapack__file110,9940,box_left_inside,002_UnityDataAssetPack_datapack__file110,4790,box_left_inside,248x108,248.0x108.0,local,1
002_UnityDataAssetPack_datapack__file110,9941,building_seal_land,002_UnityDataAssetPack_datapack__file110,4791,building_seal_land,169x192,169.0x192.0,local,1
002_UnityDataAssetPack_datapack__file110,9942,tab_weapon_ia,002_UnityDataAssetPack_datapack__file110,4792,tab_weapon_ia,78x90,78.0x90.0,local,1
002_UnityDataAssetPack_datapack__file110,9943,Hit_123,002_UnityDataAssetPack_datapack__file110,4793,Hit_123,994x439,994.0x439.0,local,1
002_UnityDataAssetPack_datapack__file110,9944,sword,002_UnityDataAssetPack_datapack__file110,4795,sword,471x156,471.0x156.0,local,1
002_UnityDataAssetPack_datapack__file110,9945,93,002_UnityDataAssetPack_datapack__file110,4796,93,84x84,84.0x84.0,local,1
002_UnityDataAssetPack_datapack__file110,9946,53,002_UnityDataAssetPack_datapack__file110,4797,53,100x100,100.0x100.0,local,1
002_UnityDataAssetPack_datapack__file110,9947,icon_debuff_crit,002_UnityDataAssetPack_datapack__file110,4798,icon_debuff_crit,32x32,32.0x32.0,local,1
002_UnityDataAssetPack_datapack__file110,9948,guild_flag_1,002_UnityDataAssetPack_datapack__file110,4799,guild_flag_1,88x92,88.0x92.0,local,1
002_UnityDataAssetPack_datapack__file110,9949,home_button_guild,002_UnityDataAssetPack_datapack__file110,4800,home_button_guild,80x80,80.0x80.0,local,1
002_UnityDataAssetPack_datapack__file110,9950,black_veil,002_UnityDataAssetPack_datapack__file110,4801,black_veil,356x200,356.0x200.0,local,1
002_UnityDataAssetPack_datapack__file110,9951,195,002_UnityDataAssetPack_datapack__file110,4802,195,100x100,100.0x100.0,local,1
002_UnityDataAssetPack_datapack__file110,9952,skill_128,002_UnityDataAssetPack_datapack__file110,4803,skill_128,100x100,100.0x100.0,local,1
002_UnityDataAssetPack_datapack__file110,9953,bgr_item_selected,002_UnityDataAssetPack_datapack__file110,4805,bgr_item_selected,50x50,50.0x50.0,local,1
002_UnityDataAssetPack_datapack__file110,9954,50003,002_UnityDataAssetPack_datapack__file110,4806,50003,100x100,100.0x100.0,local,1
002_UnityDataAssetPack_datapack__file110,9955,tick_green_2,002_UnityDataAssetPack_datapack__file110,4807,tick_green_2,36x36,36.0x36.0,local,1
002_UnityDataAssetPack_datapack__file110,9956,building_altar,002_UnityDataAssetPack_datapack__file110,4808,building_altar,197x265,197.0x265.0,local,1
002_UnityDataAssetPack_datapack__file110,9957,fire_5,002_UnityDataAssetPack_datapack__file110,1648,fire,544x312,37.0x38.0,local,6
002_UnityDataAssetPack_datapack__file110,9958,coin_spin_6,002_UnityDataAssetPack_datapack__file110,3328,coin_spin,1120x154,160.0x154.0,local,7
002_UnityDataAssetPack_datapack__file110,9959,coin_spin_5,002_UnityDataAssetPack_datapack__file110,3328,coin_spin,1120x154,160.0x154.0,local,7
002_UnityDataAssetPack_datapack__file110,9960,gold_5,002_UnityDataAssetPack_datapack__file110,3524,gold,268x37,32.0x37.0,local,7
002_UnityDataAssetPack_datapack__file110,9961,coin_spin_1,002_UnityDataAssetPack_datapack__file110,3328,coin_spin,1120x154,160.0x154.0,local,7
002_UnityDataAssetPack_datapack__file110,9962,fire_3,002_UnityDataAssetPack_datapack__file110,1648,fire,544x312,93.0x126.0,local,6
002_UnityDataAssetPack_datapack__file110,9963,fire_0,002_UnityDataAssetPack_datapack__file110,1648,fire,544x312,84.0x107.0,local,6
002_UnityDataAssetPack_datapack__file110,9964,gold_3,002_UnityDataAssetPack_datapack__file110,3524,gold,268x37,10.0x37.0,local,7
002_UnityDataAssetPack_datapack__file110,9965,fire_1,002_UnityDataAssetPack_datapack__file110,1648,fire,544x312,81.0x128.0,local,6
