bundle,component_id,ui_path,root,gameobject,active,gameobject_id,finding
000_com.mobi389.murom_data__file004,60,/Canvas/BlackBgr,Canvas,BlackBgr,True,1,no_static_sprite_pptr_found
002_UnityDataAssetPack_datapack__file001,514,/Canvas/PanelBlock,Canvas,PanelBlock,False,74,no_static_sprite_pptr_found
002_UnityDataAssetPack_datapack__file001,548,/Canvas/PanelInitData/BgrBar,Canvas,BgrBar,True,97,no_static_sprite_pptr_found
002_UnityDataAssetPack_datapack__file001,565,/Canvas/BoxRegister/PanelFieldRegister/Viewport,Canvas,Viewport,True,108,no_static_sprite_pptr_found
002_UnityDataAssetPack_datapack__file003,1293,/Canvas/PopupFormationTest2/PanelTop/PanelFormation/DropdownPet1/Template/Viewport/Content/Item/Item Background,Canvas,Item Background,True,1,no_static_sprite_pptr_found
002_UnityDataAssetPack_datapack__file003,1319,/Canvas/BoxSkillDesc/SkillTitle/SkillIcon,Canvas,SkillIcon,True,19,no_static_sprite_pptr_found
002_UnityDataAssetPack_datapack__file003,1345,/Canvas/PopupFormationTest1/PanelTop/PanelFormation/DropdownPet1/Template/Viewport/Content/Item/Item Background,Canvas,Item Background,True,42,no_static_sprite_pptr_found
002_UnityDataAssetPack_datapack__file003,1398,/Canvas/PopupFormationTest2/PanelHeroList/PanelFilter/TabClass1,Canvas,TabClass1,True,121,no_static_sprite_pptr_found
002_UnityDataAssetPack_datapack__file003,1399,/Canvas/PopupFormationTest1/PanelHeroList/PanelFilter/TabClass1,Canvas,TabClass1,True,122,no_static_sprite_pptr_found
002_UnityDataAssetPack_datapack__file003,1414,/Canvas/PopupFormationTest2/PanelHeroList/PanelFilter/TabClass3,Canvas,TabClass3,True,178,no_static_sprite_pptr_found
002_UnityDataAssetPack_datapack__file003,1415,/Canvas/PopupFormationTest1/PanelHeroList/PanelFilter/TabClass3,Canvas,TabClass3,True,177,no_static_sprite_pptr_found
002_UnityDataAssetPack_datapack__file003,1579,/Canvas/PopupFormationTest2/PopupStat/Detail/IconHero,Canvas,IconHero,True,225,no_static_sprite_pptr_found
002_UnityDataAssetPack_datapack__file003,1580,/Canvas/PopupFormationTest1/PopupStat/Detail/IconHero,Canvas,IconHero,True,226,no_static_sprite_pptr_found
002_UnityDataAssetPack_datapack__file003,1683,/Canvas/PopupFormationTest1/PanelHeroList/PanelFilter/TabClass2,Canvas,TabClass2,True,210,no_static_sprite_pptr_found
002_UnityDataAssetPack_datapack__file003,1684,/Canvas/PopupFormationTest2/PanelHeroList/PanelFilter/TabClass2,Canvas,TabClass2,True,209,no_static_sprite_pptr_found
002_UnityDataAssetPack_datapack__file003,1707,/Canvas/PopupFormationTest1/PanelHeroList/PanelFilter,Canvas,PanelFilter,False,109,no_static_sprite_pptr_found
002_UnityDataAssetPack_datapack__file003,1708,/Canvas/PopupFormationTest2/PanelHeroList/PanelFilter,Canvas,PanelFilter,False,110,no_static_sprite_pptr_found
002_UnityDataAssetPack_datapack__file003,1799,/Canvas/PopupFormationTest1/PopupRelics/Content/ScrollView/Viewport/Content/Relics/Line,Canvas,Line,True,444,no_static_sprite_pptr_found
002_UnityDataAssetPack_datapack__file003,1800,/Canvas/PopupFormationTest2/PopupRelics/Content/ScrollView/Viewport/Content/Relics/Line,Canvas,Line,True,443,no_static_sprite_pptr_found
002_UnityDataAssetPack_datapack__file003,1813,/Canvas/PopupFormationTest2/PopupRelics/Bgr,Canvas,Bgr,True,446,no_static_sprite_pptr_found
002_UnityDataAssetPack_datapack__file003,1814,/Canvas/PopupFormationTest1/PopupRelics/Bgr,Canvas,Bgr,True,445,no_static_sprite_pptr_found
002_UnityDataAssetPack_datapack__file007,1361,/Canvas/PopupSetting/Content/Dropdown/Template/Viewport/Content/Item/Item Background,Canvas,Item Background,True,33,no_static_sprite_pptr_found
002_UnityDataAssetPack_datapack__file007,1362,/Canvas/PopupSetting/Image,Canvas,Image,True,34,no_static_sprite_pptr_found
002_UnityDataAssetPack_datapack__file007,1501,/Canvas/Team1/HeroHome0/GroupHero/GroupStars,Canvas,GroupStars,True,213,no_static_sprite_pptr_found
002_UnityDataAssetPack_datapack__file007,1513,/Canvas/Team2/HeroHome3/GroupHero/GroupStars,Canvas,GroupStars,True,220,no_static_sprite_pptr_found
002_UnityDataAssetPack_datapack__file007,1516,/Canvas/Team1/HeroHome4/GroupHero/GroupStars,Canvas,GroupStars,True,224,no_static_sprite_pptr_found
002_UnityDataAssetPack_datapack__file007,1517,/Canvas/Team1/HeroHome1/GroupHero/GroupStars,Canvas,GroupStars,True,226,no_static_sprite_pptr_found
002_UnityDataAssetPack_datapack__file007,1518,/Canvas/Team1/HeroHome2/GroupHero/GroupStars,Canvas,GroupStars,True,227,no_static_sprite_pptr_found
002_UnityDataAssetPack_datapack__file007,1519,/Canvas/Team1/HeroHome3/GroupHero/GroupStars,Canvas,GroupStars,True,232,no_static_sprite_pptr_found
002_UnityDataAssetPack_datapack__file007,1520,/Canvas/Team1/HeroHome5/GroupHero/GroupStars,Canvas,GroupStars,True,235,no_static_sprite_pptr_found
002_UnityDataAssetPack_datapack__file007,1522,/Canvas/Team2/HeroHome5/GroupHero/GroupStars,Canvas,GroupStars,True,239,no_static_sprite_pptr_found
002_UnityDataAssetPack_datapack__file007,1523,/Canvas/Team2/HeroHome1/GroupHero/GroupStars,Canvas,GroupStars,True,240,no_static_sprite_pptr_found
002_UnityDataAssetPack_datapack__file007,1528,/Canvas/Team2/HeroHome4/GroupHero/GroupStars,Canvas,GroupStars,True,248,no_static_sprite_pptr_found
002_UnityDataAssetPack_datapack__file007,1529,/Canvas/Team2/HeroHome2/GroupHero/GroupStars,Canvas,GroupStars,True,251,no_static_sprite_pptr_found
002_UnityDataAssetPack_datapack__file007,1530,/Canvas/Team2/HeroHome0/GroupHero/GroupStars,Canvas,GroupStars,True,253,no_static_sprite_pptr_found
002_UnityDataAssetPack_datapack__file007,1606,/Canvas/Team2/HeroHome2/GroupHero/CanvasHero/ClickArea,Canvas,ClickArea,True,194,no_static_sprite_pptr_found
002_UnityDataAssetPack_datapack__file007,1607,/Canvas/Team2/HeroHome0/GroupHero/CanvasHero/ClickArea,Canvas,ClickArea,True,195,no_static_sprite_pptr_found
002_UnityDataAssetPack_datapack__file007,1608,/Canvas/Team2/HeroHome4/GroupHero/CanvasHero/ClickArea,Canvas,ClickArea,True,193,no_static_sprite_pptr_found
002_UnityDataAssetPack_datapack__file007,1609,/Canvas/Team2/HeroHome1/GroupHero/CanvasHero/ClickArea,Canvas,ClickArea,True,192,no_static_sprite_pptr_found
002_UnityDataAssetPack_datapack__file007,1610,/Canvas/Team2/HeroHome5/GroupHero/CanvasHero/ClickArea,Canvas,ClickArea,True,191,no_static_sprite_pptr_found
002_UnityDataAssetPack_datapack__file007,1611,/Canvas/Team1/HeroHome5/GroupHero/CanvasHero/ClickArea,Canvas,ClickArea,True,190,no_static_sprite_pptr_found
002_UnityDataAssetPack_datapack__file007,1612,/Canvas/Team1/HeroHome3/GroupHero/CanvasHero/ClickArea,Canvas,ClickArea,True,189,no_static_sprite_pptr_found
002_UnityDataAssetPack_datapack__file007,1613,/Canvas/Team1/HeroHome2/GroupHero/CanvasHero/ClickArea,Canvas,ClickArea,True,198,no_static_sprite_pptr_found
002_UnityDataAssetPack_datapack__file007,1614,/Canvas/Team1/HeroHome4/GroupHero/CanvasHero/ClickArea,Canvas,ClickArea,True,196,no_static_sprite_pptr_found
002_UnityDataAssetPack_datapack__file007,1615,/Canvas/Team1/HeroHome1/GroupHero/CanvasHero/ClickArea,Canvas,ClickArea,True,197,no_static_sprite_pptr_found
002_UnityDataAssetPack_datapack__file007,1616,/Canvas/Team2/HeroHome3/GroupHero/CanvasHero/ClickArea,Canvas,ClickArea,True,200,no_static_sprite_pptr_found
002_UnityDataAssetPack_datapack__file007,1617,/Canvas/Team1/HeroHome0/GroupHero/CanvasHero/ClickArea,Canvas,ClickArea,True,199,no_static_sprite_pptr_found
002_UnityDataAssetPack_datapack__file009,419,/Canvas/BoxTop/BoxList/CellTopArena/PlayerAvatar,Canvas,PlayerAvatar,True,75,no_static_sprite_pptr_found
002_UnityDataAssetPack_datapack__file009,420,/Canvas/BoxInfo/BoxInside/PlayerAvatar,Canvas,PlayerAvatar,True,74,no_static_sprite_pptr_found
002_UnityDataAssetPack_datapack__file011,1405,/Canvas/PanelAltar/ListAltar,Canvas,ListAltar,True,1,no_static_sprite_pptr_found
002_UnityDataAssetPack_datapack__file011,1641,/Canvas/PanelAltar/ListAltar/SlotAltar6/HeroHeadClickable,Canvas,HeroHeadClickable,True,152,no_static_sprite_pptr_found
002_UnityDataAssetPack_datapack__file011,1642,/Canvas/PanelAltar/ListAltar/SlotAltar2/HeroHeadClickable,Canvas,HeroHeadClickable,True,153,no_static_sprite_pptr_found
002_UnityDataAssetPack_datapack__file011,1643,/Canvas/PanelAltar/ListAltar/SlotAltar4/HeroHeadClickable,Canvas,HeroHeadClickable,True,154,no_static_sprite_pptr_found
002_UnityDataAssetPack_datapack__file011,1644,/Canvas/PanelAltar/ListAltar/SlotAltar1/HeroHeadClickable,Canvas,HeroHeadClickable,True,146,no_static_sprite_pptr_found
002_UnityDataAssetPack_datapack__file011,1645,/Canvas/PanelAltar/ListAltar/SlotAltar7/HeroHeadClickable,Canvas,HeroHeadClickable,True,147,no_static_sprite_pptr_found
002_UnityDataAssetPack_datapack__file011,1646,/Canvas/PanelReturnHero/SlotAltar/HeroHeadClickable,Canvas,HeroHeadClickable,True,148,no_static_sprite_pptr_found
002_UnityDataAssetPack_datapack__file011,1647,/Canvas/PanelAltar/ListAltar/SlotAltar5/HeroHeadClickable,Canvas,HeroHeadClickable,True,149,no_static_sprite_pptr_found
002_UnityDataAssetPack_datapack__file011,1648,/Canvas/PanelAltar/ListAltar/SlotAltar3/HeroHeadClickable,Canvas,HeroHeadClickable,True,150,no_static_sprite_pptr_found
002_UnityDataAssetPack_datapack__file011,1649,/Canvas/PanelAltar/ListAltar/SlotAltar0/HeroHeadClickable,Canvas,HeroHeadClickable,True,151,no_static_sprite_pptr_found
002_UnityDataAssetPack_datapack__file011,1650,/Canvas/PanelAltar/ListAltar/SlotAltar1/HeroHeadClickable/HeroHeadUI/Mask/Death,Canvas,Death,False,235,no_static_sprite_pptr_found
002_UnityDataAssetPack_datapack__file011,1651,/Canvas/PanelAltar/ListAltar/SlotAltar7/HeroHeadClickable/HeroHeadUI/Mask/Death,Canvas,Death,False,236,no_static_sprite_pptr_found
002_UnityDataAssetPack_datapack__file011,1652,/Canvas/PanelReturnHero/SlotAltar/HeroHeadClickable/HeroHeadUI/Mask/Death,Canvas,Death,False,231,no_static_sprite_pptr_found
002_UnityDataAssetPack_datapack__file011,1653,/Canvas/PanelAltar/ListAltar/SlotAltar5/HeroHeadClickable/HeroHeadUI/Mask/Death,Canvas,Death,False,233,no_static_sprite_pptr_found
002_UnityDataAssetPack_datapack__file011,1654,/Canvas/PanelAltar/ListAltar/SlotAltar3/HeroHeadClickable/HeroHeadUI/Mask/Death,Canvas,Death,False,232,no_static_sprite_pptr_found
002_UnityDataAssetPack_datapack__file011,1655,/Canvas/PanelAltar/ListAltar/SlotAltar0/HeroHeadClickable/HeroHeadUI/Mask/Death,Canvas,Death,False,234,no_static_sprite_pptr_found
002_UnityDataAssetPack_datapack__file011,1656,/Canvas/PanelAltar/ListAltar/SlotAltar6/HeroHeadClickable/HeroHeadUI/Mask/Death,Canvas,Death,False,230,no_static_sprite_pptr_found
002_UnityDataAssetPack_datapack__file011,1657,/Canvas/PanelAltar/ListAltar/SlotAltar2/HeroHeadClickable/HeroHeadUI/Mask/Death,Canvas,Death,False,228,no_static_sprite_pptr_found
002_UnityDataAssetPack_datapack__file011,1658,/Canvas/PanelAltar/ListAltar/SlotAltar4/HeroHeadClickable/HeroHeadUI/Mask/Death,Canvas,Death,False,229,no_static_sprite_pptr_found
002_UnityDataAssetPack_datapack__file011,1830,/Canvas/PanelAltar/ListAltar/SlotAltar0/HeroHeadClickable/HeroHeadUI/Mask/Check,Canvas,Check,False,209,no_static_sprite_pptr_found
002_UnityDataAssetPack_datapack__file011,1831,/Canvas/PanelReturnHero/SlotAltar/HeroHeadClickable/HeroHeadUI/Mask/Check,Canvas,Check,False,208,no_static_sprite_pptr_found
002_UnityDataAssetPack_datapack__file011,1832,/Canvas/PanelAltar/ListAltar/SlotAltar5/HeroHeadClickable/HeroHeadUI/Mask/Check,Canvas,Check,False,206,no_static_sprite_pptr_found
002_UnityDataAssetPack_datapack__file011,1833,/Canvas/PanelAltar/ListAltar/SlotAltar3/HeroHeadClickable/HeroHeadUI/Mask/Check,Canvas,Check,False,207,no_static_sprite_pptr_found
002_UnityDataAssetPack_datapack__file011,1834,/Canvas/PanelAltar/ListAltar/SlotAltar1/HeroHeadClickable/HeroHeadUI/Mask/Check,Canvas,Check,False,205,no_static_sprite_pptr_found
002_UnityDataAssetPack_datapack__file011,1835,/Canvas/PanelAltar/ListAltar/SlotAltar7/HeroHeadClickable/HeroHeadUI/Mask/Check,Canvas,Check,False,204,no_static_sprite_pptr_found
002_UnityDataAssetPack_datapack__file011,1836,/Canvas/PanelAltar/ListAltar/SlotAltar4/HeroHeadClickable/HeroHeadUI/Mask/Check,Canvas,Check,False,203,no_static_sprite_pptr_found
002_UnityDataAssetPack_datapack__file011,1837,/Canvas/PanelAltar/ListAltar/SlotAltar2/HeroHeadClickable/HeroHeadUI/Mask/Check,Canvas,Check,False,202,no_static_sprite_pptr_found
002_UnityDataAssetPack_datapack__file011,1838,/Canvas/PanelAltar/ListAltar/SlotAltar6/HeroHeadClickable/HeroHeadUI/Mask/Check,Canvas,Check,False,201,no_static_sprite_pptr_found
002_UnityDataAssetPack_datapack__file011,1893,/Canvas/PanelAltar/ListAltar/SlotAltar4/HeroHeadClickable/HeroHeadUI/HeroStar,Canvas,HeroStar,True,302,no_static_sprite_pptr_found
002_UnityDataAssetPack_datapack__file011,1894,/Canvas/PanelAltar/ListAltar/SlotAltar2/HeroHeadClickable/HeroHeadUI/HeroStar,Canvas,HeroStar,True,301,no_static_sprite_pptr_found
002_UnityDataAssetPack_datapack__file011,1895,/Canvas/PanelAltar/ListAltar/SlotAltar6/HeroHeadClickable/HeroHeadUI/HeroStar,Canvas,HeroStar,True,300,no_static_sprite_pptr_found
002_UnityDataAssetPack_datapack__file011,1896,/Canvas/PanelAltar/ListAltar/SlotAltar0/HeroHeadClickable/HeroHeadUI/HeroStar,Canvas,HeroStar,True,308,no_static_sprite_pptr_found
002_UnityDataAssetPack_datapack__file011,1897,/Canvas/PanelAltar/ListAltar/SlotAltar5/HeroHeadClickable/HeroHeadUI/HeroStar,Canvas,HeroStar,True,306,no_static_sprite_pptr_found
002_UnityDataAssetPack_datapack__file011,1898,/Canvas/PanelAltar/ListAltar/SlotAltar3/HeroHeadClickable/HeroHeadUI/HeroStar,Canvas,HeroStar,True,307,no_static_sprite_pptr_found
002_UnityDataAssetPack_datapack__file011,1899,/Canvas/PanelReturnHero/SlotAltar/HeroHeadClickable/HeroHeadUI/HeroStar,Canvas,HeroStar,True,305,no_static_sprite_pptr_found
002_UnityDataAssetPack_datapack__file011,1900,/Canvas/PanelAltar/ListAltar/SlotAltar7/HeroHeadClickable/HeroHeadUI/HeroStar,Canvas,HeroStar,True,304,no_static_sprite_pptr_found
002_UnityDataAssetPack_datapack__file011,1901,/Canvas/PanelAltar/ListAltar/SlotAltar1/HeroHeadClickable/HeroHeadUI/HeroStar,Canvas,HeroStar,True,303,no_static_sprite_pptr_found
002_UnityDataAssetPack_datapack__file011,1920,/Canvas/PanelAltar/ListAltar/SlotAltar4/HeroHeadClickable/HeroHeadUI/Mask/Lock,Canvas,Lock,False,432,no_static_sprite_pptr_found
002_UnityDataAssetPack_datapack__file011,1921,/Canvas/PanelAltar/ListAltar/SlotAltar2/HeroHeadClickable/HeroHeadUI/Mask/Lock,Canvas,Lock,False,433,no_static_sprite_pptr_found
002_UnityDataAssetPack_datapack__file011,1922,/Canvas/PanelAltar/ListAltar/SlotAltar6/HeroHeadClickable/HeroHeadUI/Mask/Lock,Canvas,Lock,False,434,no_static_sprite_pptr_found
002_UnityDataAssetPack_datapack__file011,1923,/Canvas/PanelAltar/ListAltar/SlotAltar0/HeroHeadClickable/HeroHeadUI/Mask/Lock,Canvas,Lock,False,426,no_static_sprite_pptr_found
002_UnityDataAssetPack_datapack__file011,1924,/Canvas/PanelReturnHero/SlotAltar/HeroHeadClickable/HeroHeadUI/Mask/Lock,Canvas,Lock,False,427,no_static_sprite_pptr_found
002_UnityDataAssetPack_datapack__file011,1925,/Canvas/PanelAltar/ListAltar/SlotAltar3/HeroHeadClickable/HeroHeadUI/Mask/Lock,Canvas,Lock,False,429,no_static_sprite_pptr_found
002_UnityDataAssetPack_datapack__file011,1926,/Canvas/PanelAltar/ListAltar/SlotAltar5/HeroHeadClickable/HeroHeadUI/Mask/Lock,Canvas,Lock,False,428,no_static_sprite_pptr_found
002_UnityDataAssetPack_datapack__file011,1927,/Canvas/PanelAltar/ListAltar/SlotAltar1/HeroHeadClickable/HeroHeadUI/Mask/Lock,Canvas,Lock,False,430,no_static_sprite_pptr_found
002_UnityDataAssetPack_datapack__file011,1928,/Canvas/PanelAltar/ListAltar/SlotAltar7/HeroHeadClickable/HeroHeadUI/Mask/Lock,Canvas,Lock,False,431,no_static_sprite_pptr_found
002_UnityDataAssetPack_datapack__file013,290,/Canvas/PanelBody/CellHeroThumb,Canvas,CellHeroThumb,False,1,no_static_sprite_pptr_found
002_UnityDataAssetPack_datapack__file013,370,/Canvas/PanelMenuSort/BoxSort/ImageSeperator,Canvas,ImageSeperator,True,52,no_static_sprite_pptr_found
002_UnityDataAssetPack_datapack__file017,1118,/Canvas/PanelDebugPoint,Canvas,PanelDebugPoint,False,43,no_static_sprite_pptr_found
002_UnityDataAssetPack_datapack__file017,1472,/CanvasBattle/StatusEffect/ImageEff,CanvasBattle,ImageEff,True,181,no_static_sprite_pptr_found
002_UnityDataAssetPack_datapack__file017,1473,/CanvasBattle/TextLeftHpLost/TextHp/Image,CanvasBattle,Image,False,382,no_static_sprite_pptr_found
002_UnityDataAssetPack_datapack__file017,1474,/CanvasBattle/TextRightHpLost/TextHp/Image,CanvasBattle,Image,False,383,no_static_sprite_pptr_found
002_UnityDataAssetPack_datapack__file019,178,/Canvas/bgrContent/TabEventGroup/Viewport,Canvas,Viewport,True,30,no_static_sprite_pptr_found
002_UnityDataAssetPack_datapack__file021,141,/Canvas/ButtonMill,Canvas,ButtonMill,True,5,no_static_sprite_pptr_found
002_UnityDataAssetPack_datapack__file021,143,/Canvas/ButtonHall,Canvas,ButtonHall,True,6,no_static_sprite_pptr_found
002_UnityDataAssetPack_datapack__file021,145,/Canvas/ButtonTech,Canvas,ButtonTech,True,7,no_static_sprite_pptr_found
002_UnityDataAssetPack_datapack__file021,164,/Canvas/BuidingBoss,Canvas,BuidingBoss,True,19,no_static_sprite_pptr_found
002_UnityDataAssetPack_datapack__file021,183,/Canvas/BuidingWar,Canvas,BuidingWar,True,38,no_static_sprite_pptr_found
002_UnityDataAssetPack_datapack__file025,1578,/Canvas/PanelHomeBottom/GroupContent/GroupButton/ButtonSummon/BoxSelect/ClickArea,Canvas,ClickArea,True,83,no_static_sprite_pptr_found
002_UnityDataAssetPack_datapack__file025,1586,/Canvas/PanelHomeTopLeft/PlayerInfo/GroupAvatar,Canvas,GroupAvatar,True,88,no_static_sprite_pptr_found
002_UnityDataAssetPack_datapack__file025,1644,/Canvas/PanelMenu,Canvas,PanelMenu,False,117,no_static_sprite_pptr_found
002_UnityDataAssetPack_datapack__file025,1664,/Canvas/PanelHomeTopLeft/PanelHomeQuest/Content/TagContent,Canvas,TagContent,True,128,no_static_sprite_pptr_found
002_UnityDataAssetPack_datapack__file025,1706,/Canvas/PanelHomeTopLeft/PanelHomeQuest/Content/ClickBox,Canvas,ClickBox,True,148,no_static_sprite_pptr_found
002_UnityDataAssetPack_datapack__file025,1732,/Canvas/PanelHomeBottomLeft/18Plus,Canvas,18Plus,True,162,no_static_sprite_pptr_found
002_UnityDataAssetPack_datapack__file025,1761,/Canvas/PanelHomeTopLeft/PanelHomeQuest/Content/ItemWrapper/GameItem/HeroHeadClickable/HeroHeadUI/Mask/Lock,Canvas,Lock,False,202,no_static_sprite_pptr_found
002_UnityDataAssetPack_datapack__file025,1764,/Canvas/PanelHomeTopLeft/PanelHomeQuest/Content/ItemWrapper/GameItem/HeroHeadClickable/HeroHeadUI/HeroStar,Canvas,HeroStar,True,199,no_static_sprite_pptr_found
002_UnityDataAssetPack_datapack__file025,1785,/Canvas/PanelHomeTopLeft/PanelHomeQuest/Content/ItemWrapper/GameItem/HeroHeadClickable/HeroHeadUI/Mask/Check,Canvas,Check,False,185,no_static_sprite_pptr_found
002_UnityDataAssetPack_datapack__file025,1791,/Canvas/PanelHomeTopLeft/PanelHomeQuest/Content/ItemWrapper/GameItem/HeroHeadClickable/HeroHeadUI/Mask/Death,Canvas,Death,False,212,no_static_sprite_pptr_found
002_UnityDataAssetPack_datapack__file025,1803,/Canvas/PanelHomeTopLeft/PanelHomeQuest/Content/ItemWrapper/GameItem/ItemEquipmentUI,Canvas,ItemEquipmentUI,False,221,no_static_sprite_pptr_found
002_UnityDataAssetPack_datapack__file025,1804,/Canvas/PanelHomeTopLeft/PanelHomeQuest/Content/ItemWrapper/GameItem/ItemEquipmentUI/Mask/Check,Canvas,Check,False,232,no_static_sprite_pptr_found
002_UnityDataAssetPack_datapack__file025,1820,/Canvas/PanelHomeTopLeft/PanelHomeQuest/Content/ItemWrapper/GameItem/HeroHeadClickable,Canvas,HeroHeadClickable,False,217,no_static_sprite_pptr_found
002_UnityDataAssetPack_datapack__file025,1835,/Canvas/PanelHomeTopLeft/PanelHomeQuest/Content/ItemWrapper/GameItem/ItemArtifactUI,Canvas,ItemArtifactUI,True,238,no_static_sprite_pptr_found
002_UnityDataAssetPack_datapack__file025,1837,/Canvas/PanelHomeTopLeft/PanelHomeQuest/Content/ItemWrapper/GameItem/ItemArtifactUI/Mask/Check,Canvas,Check,False,241,no_static_sprite_pptr_found
002_UnityDataAssetPack_datapack__file025,1876,/Canvas/PanelHomeTopLeft/PanelHomeQuest/Content/ItemWrapper/GameItem/GroupDone/ImageCover/Image,Canvas,Image,True,478,no_static_sprite_pptr_found
002_UnityDataAssetPack_datapack__file025,1881,/Canvas/PlayerHeroes/HeroHome2 (2)/GroupHero/GroupStars,Canvas,GroupStars,True,309,no_static_sprite_pptr_found
002_UnityDataAssetPack_datapack__file025,1892,/Canvas/PlayerHeroes/HeroHome2 (4)/GroupHero/GroupStars,Canvas,GroupStars,True,316,no_static_sprite_pptr_found
002_UnityDataAssetPack_datapack__file025,1897,/Canvas/PlayerHeroes/HeroHome2 (5)/GroupHero/GroupStars,Canvas,GroupStars,True,322,no_static_sprite_pptr_found
002_UnityDataAssetPack_datapack__file025,1902,/Canvas/PlayerHeroes/HeroHome2 (1)/GroupHero/GroupStars,Canvas,GroupStars,True,328,no_static_sprite_pptr_found
002_UnityDataAssetPack_datapack__file025,1907,/Canvas/PlayerHeroes/HeroHome2 (3)/GroupHero/GroupStars,Canvas,GroupStars,True,334,no_static_sprite_pptr_found
002_UnityDataAssetPack_datapack__file025,1908,/Canvas/PlayerHeroes/HeroHome2 (0)/GroupHero/GroupStars,Canvas,GroupStars,True,336,no_static_sprite_pptr_found
002_UnityDataAssetPack_datapack__file025,1939,/Canvas/PlayerHeroes/HeroHome2 (0)/GroupHero/CanvasHero/ClickArea,Canvas,ClickArea,True,302,no_static_sprite_pptr_found
002_UnityDataAssetPack_datapack__file025,1940,/Canvas/PlayerHeroes/HeroHome2 (3)/GroupHero/CanvasHero/ClickArea,Canvas,ClickArea,True,304,no_static_sprite_pptr_found
002_UnityDataAssetPack_datapack__file025,1941,/Canvas/PlayerHeroes/HeroHome2 (1)/GroupHero/CanvasHero/ClickArea,Canvas,ClickArea,True,303,no_static_sprite_pptr_found
002_UnityDataAssetPack_datapack__file025,1942,/Canvas/PlayerHeroes/HeroHome2 (5)/GroupHero/CanvasHero/ClickArea,Canvas,ClickArea,True,301,no_static_sprite_pptr_found
002_UnityDataAssetPack_datapack__file025,1943,/Canvas/PlayerHeroes/HeroHome2 (4)/GroupHero/CanvasHero/ClickArea,Canvas,ClickArea,True,306,no_static_sprite_pptr_found
002_UnityDataAssetPack_datapack__file025,1944,/Canvas/PlayerHeroes/HeroHome2 (2)/GroupHero/CanvasHero/ClickArea,Canvas,ClickArea,True,305,no_static_sprite_pptr_found
002_UnityDataAssetPack_datapack__file025,1959,/Canvas/PanelHomeTopLeft/PanelHomeQuest/Content/ItemWrapper/GameItem/ItemVipExpUI,Canvas,ItemVipExpUI,False,352,no_static_sprite_pptr_found
002_UnityDataAssetPack_datapack__file025,1973,/Canvas/PanelHomeTopLeft/PanelHomeQuest/Content/ItemWrapper/GameItem/ItemAvatarUI,Canvas,ItemAvatarUI,True,358,no_static_sprite_pptr_found
002_UnityDataAssetPack_datapack__file025,2079,/Canvas/PanelHomeTopLeft/PanelHomeQuest/Content/ItemWrapper/GameItem/ItemConsumableUI,Canvas,ItemConsumableUI,False,482,no_static_sprite_pptr_found
002_UnityDataAssetPack_datapack__file025,2086,/Canvas/PanelHomeTopLeft/PanelHomeQuest/Content/ItemWrapper/GameItem/ItemConsumableUI/Mask/Check,Canvas,Check,False,485,no_static_sprite_pptr_found
002_UnityDataAssetPack_datapack__file025,2103,/Canvas/PanelHomeTopLeft/PanelHomeQuest/Content/ItemWrapper/GameItem/ItemShardUI/Mask/Check,Canvas,Check,False,497,no_static_sprite_pptr_found
002_UnityDataAssetPack_datapack__file025,2105,/Canvas/PanelHomeTopLeft/PanelHomeQuest/Content/ItemWrapper/GameItem/ItemShardUI,Canvas,ItemShardUI,False,500,no_static_sprite_pptr_found
002_UnityDataAssetPack_datapack__file027,479,/Canvas/ImageBgr/FusingStage,Canvas,FusingStage,True,25,no_static_sprite_pptr_found
002_UnityDataAssetPack_datapack__file027,492,/Canvas/ImageBgr/FusingStage/PanelLegendFusing,Canvas,PanelLegendFusing,False,37,no_static_sprite_pptr_found
002_UnityDataAssetPack_datapack__file027,567,/Canvas/ImageBgr/FusingStage/CanvasHero/ClickArea,Canvas,ClickArea,True,109,no_static_sprite_pptr_found
002_UnityDataAssetPack_datapack__file027,612,/Canvas/ImageBgr/FusingStage/GroupSlotMaterial/HeroSlotMaterial1/TagName,Canvas,TagName,True,90,no_static_sprite_pptr_found
002_UnityDataAssetPack_datapack__file027,613,/Canvas/ImageBgr/FusingStage/GroupSlotMaterial/HeroSlotMaterial2/TagName,Canvas,TagName,True,91,no_static_sprite_pptr_found
002_UnityDataAssetPack_datapack__file027,614,/Canvas/ImageBgr/FusingStage/GroupSlotMaterial/HeroSlotMaterial3/TagName,Canvas,TagName,True,92,no_static_sprite_pptr_found
002_UnityDataAssetPack_datapack__file027,627,/Canvas/ImageBgr/FusingStage/GroupSlotMaterial/HeroSlotMaterial3/HeroStar,Canvas,HeroStar,True,134,no_static_sprite_pptr_found
002_UnityDataAssetPack_datapack__file027,628,/Canvas/ImageBgr/FusingStage/GroupSlotMaterial/HeroSlotMaterial2/HeroStar,Canvas,HeroStar,True,133,no_static_sprite_pptr_found
002_UnityDataAssetPack_datapack__file027,629,/Canvas/ImageBgr/FusingStage/GroupSlotMaterial/HeroSlotMaterial1/HeroStar,Canvas,HeroStar,True,132,no_static_sprite_pptr_found
002_UnityDataAssetPack_datapack__file029,214,/Canvas/DotIndicator/DotObject/ImageOff,Canvas,ImageOff,True,1,no_static_sprite_pptr_found
002_UnityDataAssetPack_datapack__file029,215,/Canvas/BoxPet/CellPet3/ImageName,Canvas,ImageName,True,2,no_static_sprite_pptr_found
002_UnityDataAssetPack_datapack__file029,254,/Canvas/BoxPet/CellPet3,Canvas,CellPet3,True,25,no_static_sprite_pptr_found
002_UnityDataAssetPack_datapack__file029,271,/Canvas/BoxPet/CellPet2/ImageName,Canvas,ImageName,True,34,no_static_sprite_pptr_found
002_UnityDataAssetPack_datapack__file029,294,/Canvas/BoxPet/CellPet2,Canvas,CellPet2,True,47,no_static_sprite_pptr_found
002_UnityDataAssetPack_datapack__file029,301,/Canvas/BoxPet/CellPet1/ImageName,Canvas,ImageName,True,52,no_static_sprite_pptr_found
002_UnityDataAssetPack_datapack__file029,305,/Canvas/BoxPet/CellPet1,Canvas,CellPet1,True,54,no_static_sprite_pptr_found
002_UnityDataAssetPack_datapack__file031,213,/Canvas/PanelMenuSort/BoxSort/ImageSeperator,Canvas,ImageSeperator,True,34,no_static_sprite_pptr_found
002_UnityDataAssetPack_datapack__file035,907,/Canvas/PanelHomeRight,Canvas,PanelHomeRight,True,20,no_static_sprite_pptr_found
002_UnityDataAssetPack_datapack__file035,1018,/Canvas/PanelHomeLeft/GroupButton/ButtonSupport/Image,Canvas,Image,False,77,no_static_sprite_pptr_found
002_UnityDataAssetPack_datapack__file035,1021,/Canvas/ParallaxLayers/Contents,Canvas,Contents,True,80,no_static_sprite_pptr_found
002_UnityDataAssetPack_datapack__file035,1219,/Canvas/PanelHomeLeft/PlayerAvatar,Canvas,PlayerAvatar,True,173,no_static_sprite_pptr_found
002_UnityDataAssetPack_datapack__file035,1235,/Canvas/PanelHomeLeft/GiftOnline/GameItem/HeroHeadClickable/HeroHeadUI/Mask/Lock,Canvas,Lock,False,202,no_static_sprite_pptr_found
002_UnityDataAssetPack_datapack__file035,1238,/Canvas/PanelHomeLeft/GiftOnline/GameItem/HeroHeadClickable/HeroHeadUI/HeroStar,Canvas,HeroStar,True,199,no_static_sprite_pptr_found
002_UnityDataAssetPack_datapack__file035,1259,/Canvas/PanelHomeLeft/GiftOnline/GameItem/HeroHeadClickable/HeroHeadUI/Mask/Check,Canvas,Check,False,185,no_static_sprite_pptr_found
002_UnityDataAssetPack_datapack__file035,1265,/Canvas/PanelHomeLeft/GiftOnline/GameItem/HeroHeadClickable/HeroHeadUI/Mask/Death,Canvas,Death,False,212,no_static_sprite_pptr_found
002_UnityDataAssetPack_datapack__file035,1271,/Canvas/PanelHomeLeft/GiftOnline/GameItem/ItemEquipmentUI,Canvas,ItemEquipmentUI,False,221,no_static_sprite_pptr_found
002_UnityDataAssetPack_datapack__file035,1272,/Canvas/PanelHomeLeft/GiftOnline/GameItem/ItemEquipmentUI/Mask/Check,Canvas,Check,False,232,no_static_sprite_pptr_found
002_UnityDataAssetPack_datapack__file035,1288,/Canvas/PanelHomeLeft/GiftOnline/GameItem/HeroHeadClickable,Canvas,HeroHeadClickable,False,217,no_static_sprite_pptr_found
002_UnityDataAssetPack_datapack__file035,1297,/Canvas/PanelHomeLeft/GiftOnline/GameItem/ItemArtifactUI,Canvas,ItemArtifactUI,True,238,no_static_sprite_pptr_found
002_UnityDataAssetPack_datapack__file035,1299,/Canvas/PanelHomeLeft/GiftOnline/GameItem/ItemArtifactUI/Mask/Check,Canvas,Check,False,241,no_static_sprite_pptr_found
002_UnityDataAssetPack_datapack__file035,1314,/Canvas/PanelHomeLeft/GiftOnline/GameItem/GroupDone/ImageCover/Image,Canvas,Image,True,274,no_static_sprite_pptr_found
002_UnityDataAssetPack_datapack__file035,1320,/Canvas/PanelHomeLeft/GiftOnline/GameItem/ItemVipExpUI,Canvas,ItemVipExpUI,False,256,no_static_sprite_pptr_found
002_UnityDataAssetPack_datapack__file035,1334,/Canvas/PanelHomeLeft/GiftOnline/GameItem/ItemAvatarUI,Canvas,ItemAvatarUI,True,262,no_static_sprite_pptr_found
002_UnityDataAssetPack_datapack__file035,1350,/Canvas/PanelHomeLeft/GiftOnline/GameItem/ItemConsumableUI,Canvas,ItemConsumableUI,False,278,no_static_sprite_pptr_found
002_UnityDataAssetPack_datapack__file035,1357,/Canvas/PanelHomeLeft/GiftOnline/GameItem/ItemConsumableUI/Mask/Check,Canvas,Check,False,281,no_static_sprite_pptr_found
002_UnityDataAssetPack_datapack__file035,1368,/Canvas/PanelHomeLeft/GiftOnline/GameItem/ItemShardUI/Mask/Check,Canvas,Check,False,293,no_static_sprite_pptr_found
002_UnityDataAssetPack_datapack__file035,1370,/Canvas/PanelHomeLeft/GiftOnline/GameItem/ItemShardUI,Canvas,ItemShardUI,False,296,no_static_sprite_pptr_found
002_UnityDataAssetPack_datapack__file037,505,/Canvas/BoxReplace/InputMaterial/ItemMaterial/ItemConsumableUI,Canvas,ItemConsumableUI,True,88,no_static_sprite_pptr_found
002_UnityDataAssetPack_datapack__file037,564,/Canvas/BoxReplace/InputMaterial/ItemMaterial/ItemConsumableUI/Mask/Check,Canvas,Check,False,73,no_static_sprite_pptr_found
002_UnityDataAssetPack_datapack__file037,593,/Canvas/BoxRegress/InputMaterial/HeroMaterial/TagName,Canvas,TagName,True,86,no_static_sprite_pptr_found
002_UnityDataAssetPack_datapack__file037,594,/Canvas/BoxReplace/InputMaterial/HeroMaterial1/TagName,Canvas,TagName,True,85,no_static_sprite_pptr_found
002_UnityDataAssetPack_datapack__file037,595,/Canvas/BoxReplace/InputMaterial/HeroMaterial2/TagName,Canvas,TagName,True,87,no_static_sprite_pptr_found
002_UnityDataAssetPack_datapack__file037,607,/Canvas/BoxReplace/InputMaterial/HeroMaterial2/HeroStar,Canvas,HeroStar,True,130,no_static_sprite_pptr_found
002_UnityDataAssetPack_datapack__file037,608,/Canvas/BoxRegress/InputMaterial/HeroMaterial/HeroStar,Canvas,HeroStar,True,129,no_static_sprite_pptr_found
002_UnityDataAssetPack_datapack__file037,609,/Canvas/BoxReplace/InputMaterial/HeroMaterial1/HeroStar,Canvas,HeroStar,True,128,no_static_sprite_pptr_found
002_UnityDataAssetPack_datapack__file037,628,/Canvas/BoxRegress/InputMaterial/ItemMaterial/ItemConsumableUI/Mask/Check,Canvas,Check,False,151,no_static_sprite_pptr_found
002_UnityDataAssetPack_datapack__file037,636,/Canvas/BoxRegress/InputMaterial/ItemMaterial/ItemConsumableUI,Canvas,ItemConsumableUI,True,152,no_static_sprite_pptr_found
002_UnityDataAssetPack_datapack__file039,336,/Canvas/BoxInfo/BoxInside/PlayerAvatar,Canvas,PlayerAvatar,True,61,no_static_sprite_pptr_found
002_UnityDataAssetPack_datapack__file039,337,/Canvas/BoxTop/BoxList/CellTopArena/PlayerAvatar,Canvas,PlayerAvatar,True,60,no_static_sprite_pptr_found
002_UnityDataAssetPack_datapack__file041,353,/Canvas/BoxForge,Canvas,BoxForge,True,5,no_static_sprite_pptr_found
002_UnityDataAssetPack_datapack__file041,420,/Canvas/BoxForge/BoxOutput,Canvas,BoxOutput,True,52,no_static_sprite_pptr_found
002_UnityDataAssetPack_datapack__file041,457,/Canvas/BoxForge/BoxInput/ItemForgeInput/Mask/Check,Canvas,Check,False,86,no_static_sprite_pptr_found
002_UnityDataAssetPack_datapack__file041,458,/Canvas/BoxItemForge/CellItemForge/ItemEquipmentUI/Mask/Check,Canvas,Check,False,87,no_static_sprite_pptr_found
002_UnityDataAssetPack_datapack__file041,459,/Canvas/BoxForge/BoxOutput/ItemForgeOutput/Mask/Check,Canvas,Check,False,85,no_static_sprite_pptr_found
002_UnityDataAssetPack_datapack__file041,461,/Canvas/BoxItemForge/CellItemForge/ItemEquipmentUI,Canvas,ItemEquipmentUI,True,105,no_static_sprite_pptr_found
002_UnityDataAssetPack_datapack__file041,462,/Canvas/BoxForge/BoxInput/ItemForgeInput,Canvas,ItemForgeInput,True,104,no_static_sprite_pptr_found
002_UnityDataAssetPack_datapack__file041,463,/Canvas/BoxForge/BoxOutput/ItemForgeOutput,Canvas,ItemForgeOutput,True,106,no_static_sprite_pptr_found
002_UnityDataAssetPack_datapack__file043,445,/Canvas/MapEdgeRight,Canvas,MapEdgeRight,True,9,no_static_sprite_pptr_found
002_UnityDataAssetPack_datapack__file043,489,/Canvas/ScrollWarMap/ViewPort,Canvas,ViewPort,True,45,no_static_sprite_pptr_found
002_UnityDataAssetPack_datapack__file043,497,/Canvas/MapEdgeLeft,Canvas,MapEdgeLeft,True,49,no_static_sprite_pptr_found
002_UnityDataAssetPack_datapack__file043,508,/Canvas/WarTent,Canvas,WarTent,False,82,no_static_sprite_pptr_found
002_UnityDataAssetPack_datapack__file043,533,/Canvas/WarStronghold,Canvas,WarStronghold,False,117,no_static_sprite_pptr_found
002_UnityDataAssetPack_datapack__file043,541,/Canvas/WarFortress,Canvas,WarFortress,False,71,no_static_sprite_pptr_found
002_UnityDataAssetPack_datapack__file045,896,/Canvas/AnchorLeft/BoxBuffLotion/FieldLotionBuff1,Canvas,FieldLotionBuff1,True,19,no_static_sprite_pptr_found
002_UnityDataAssetPack_datapack__file045,898,/Canvas/AnchorLeft/BoxBuffLotion,Canvas,BoxBuffLotion,True,21,no_static_sprite_pptr_found
002_UnityDataAssetPack_datapack__file045,899,/Canvas/DungeonLotion/ClickArea,Canvas,ClickArea,True,22,no_static_sprite_pptr_found
002_UnityDataAssetPack_datapack__file045,906,/Canvas/AnchorLeft/BoxBuffLotion/FieldLotionBuff 3,Canvas,FieldLotionBuff 3,True,23,no_static_sprite_pptr_found
002_UnityDataAssetPack_datapack__file045,967,/Canvas/AnchorLeft/BoxBuffLotion/FieldLotionBuff2,Canvas,FieldLotionBuff2,True,69,no_static_sprite_pptr_found
002_UnityDataAssetPack_datapack__file045,997,/Canvas/CanvasHero1/ClickArea,Canvas,ClickArea,False,102,no_static_sprite_pptr_found
002_UnityDataAssetPack_datapack__file045,998,/Canvas/CanvasHeroStage/ClickArea,Canvas,ClickArea,True,103,no_static_sprite_pptr_found
002_UnityDataAssetPack_datapack__file045,1001,/Canvas/DungeonMerchantMen/ClickArea,Canvas,ClickArea,True,93,no_static_sprite_pptr_found
002_UnityDataAssetPack_datapack__file045,1032,/Canvas/BottomPart/BoxHeroes/GroupHeroes/HeroHeadClickable5,Canvas,HeroHeadClickable5,True,89,no_static_sprite_pptr_found
002_UnityDataAssetPack_datapack__file045,1033,/Canvas/BottomPart/BoxHeroes/GroupHeroes/HeroHeadClickable1,Canvas,HeroHeadClickable1,True,90,no_static_sprite_pptr_found
002_UnityDataAssetPack_datapack__file045,1034,/Canvas/BottomPart/BoxHeroes/GroupHeroes/HeroHeadClickable4,Canvas,HeroHeadClickable4,True,87,no_static_sprite_pptr_found
002_UnityDataAssetPack_datapack__file045,1035,/Canvas/BottomPart/BoxHeroes/GroupHeroes/HeroHeadClickable2,Canvas,HeroHeadClickable2,True,86,no_static_sprite_pptr_found
002_UnityDataAssetPack_datapack__file045,1036,/Canvas/BottomPart/BoxHeroes/GroupHeroes/HeroHeadClickable3,Canvas,HeroHeadClickable3,True,88,no_static_sprite_pptr_found
002_UnityDataAssetPack_datapack__file045,1037,/Canvas/BottomPart/BoxHeroes/GroupHeroes/HeroHeadClickable4/HeroHeadUI/Mask/Death,Canvas,Death,False,157,no_static_sprite_pptr_found
002_UnityDataAssetPack_datapack__file045,1038,/Canvas/BottomPart/BoxHeroes/GroupHeroes/HeroHeadClickable2/HeroHeadUI/Mask/Death,Canvas,Death,False,156,no_static_sprite_pptr_found
002_UnityDataAssetPack_datapack__file045,1039,/Canvas/BottomPart/BoxHeroes/GroupHeroes/HeroHeadClickable3/HeroHeadUI/Mask/Death,Canvas,Death,False,155,no_static_sprite_pptr_found
002_UnityDataAssetPack_datapack__file045,1040,/Canvas/BottomPart/BoxHeroes/GroupHeroes/HeroHeadClickable5/HeroHeadUI/Mask/Death,Canvas,Death,False,154,no_static_sprite_pptr_found
002_UnityDataAssetPack_datapack__file045,1041,/Canvas/BottomPart/BoxHeroes/GroupHeroes/HeroHeadClickable1/HeroHeadUI/Mask/Death,Canvas,Death,False,153,no_static_sprite_pptr_found
002_UnityDataAssetPack_datapack__file045,1137,/Canvas/BottomPart/BoxHeroes/GroupHeroes/HeroHeadClickable3/HeroHeadUI/Mask/Check,Canvas,Check,False,142,no_static_sprite_pptr_found
002_UnityDataAssetPack_datapack__file045,1138,/Canvas/BottomPart/BoxHeroes/GroupHeroes/HeroHeadClickable4/HeroHeadUI/Mask/Check,Canvas,Check,False,140,no_static_sprite_pptr_found
002_UnityDataAssetPack_datapack__file045,1139,/Canvas/BottomPart/BoxHeroes/GroupHeroes/HeroHeadClickable2/HeroHeadUI/Mask/Check,Canvas,Check,False,141,no_static_sprite_pptr_found
002_UnityDataAssetPack_datapack__file045,1140,/Canvas/BottomPart/BoxHeroes/GroupHeroes/HeroHeadClickable1/HeroHeadUI/Mask/Check,Canvas,Check,False,139,no_static_sprite_pptr_found
002_UnityDataAssetPack_datapack__file045,1141,/Canvas/BottomPart/BoxHeroes/GroupHeroes/HeroHeadClickable5/HeroHeadUI/Mask/Check,Canvas,Check,False,138,no_static_sprite_pptr_found
002_UnityDataAssetPack_datapack__file045,1172,/Canvas/BottomPart/BoxHeroes/GroupHeroes/HeroHeadClickable1/HeroHeadUI/HeroStar,Canvas,HeroStar,True,194,no_static_sprite_pptr_found
002_UnityDataAssetPack_datapack__file045,1173,/Canvas/BottomPart/BoxHeroes/GroupHeroes/HeroHeadClickable5/HeroHeadUI/HeroStar,Canvas,HeroStar,True,193,no_static_sprite_pptr_found
002_UnityDataAssetPack_datapack__file045,1174,/Canvas/BottomPart/BoxHeroes/GroupHeroes/HeroHeadClickable3/HeroHeadUI/HeroStar,Canvas,HeroStar,True,197,no_static_sprite_pptr_found
002_UnityDataAssetPack_datapack__file045,1175,/Canvas/BottomPart/BoxHeroes/GroupHeroes/HeroHeadClickable4/HeroHeadUI/HeroStar,Canvas,HeroStar,True,196,no_static_sprite_pptr_found
002_UnityDataAssetPack_datapack__file045,1176,/Canvas/BottomPart/BoxHeroes/GroupHeroes/HeroHeadClickable2/HeroHeadUI/HeroStar,Canvas,HeroStar,True,195,no_static_sprite_pptr_found
002_UnityDataAssetPack_datapack__file045,1187,/Canvas/BottomPart/BoxHeroes/GroupHeroes/HeroHeadClickable1/HeroHeadUI/Mask/Lock,Canvas,Lock,False,266,no_static_sprite_pptr_found
002_UnityDataAssetPack_datapack__file045,1188,/Canvas/BottomPart/BoxHeroes/GroupHeroes/HeroHeadClickable5/HeroHeadUI/Mask/Lock,Canvas,Lock,False,267,no_static_sprite_pptr_found
002_UnityDataAssetPack_datapack__file045,1189,/Canvas/BottomPart/BoxHeroes/GroupHeroes/HeroHeadClickable3/HeroHeadUI/Mask/Lock,Canvas,Lock,False,263,no_static_sprite_pptr_found
002_UnityDataAssetPack_datapack__file045,1190,/Canvas/BottomPart/BoxHeroes/GroupHeroes/HeroHeadClickable2/HeroHeadUI/Mask/Lock,Canvas,Lock,False,265,no_static_sprite_pptr_found
002_UnityDataAssetPack_datapack__file045,1191,/Canvas/BottomPart/BoxHeroes/GroupHeroes/HeroHeadClickable4/HeroHeadUI/Mask/Lock,Canvas,Lock,False,264,no_static_sprite_pptr_found
002_UnityDataAssetPack_datapack__file047,625,/Canvas/PanelBlessing/ReplaceHeroes/HeroReplace2/ClickArea,Canvas,ClickArea,True,69,no_static_sprite_pptr_found
002_UnityDataAssetPack_datapack__file047,709,/Canvas/PanelBlessing/ReplaceHeroes/HeroReplace1/ClickArea,Canvas,ClickArea,True,132,no_static_sprite_pptr_found
002_UnityDataAssetPack_datapack__file047,733,/Canvas/PanelBlessing/PanelHeroList/PanelFilter/TabClass4,Canvas,TabClass4,True,154,no_static_sprite_pptr_found
002_UnityDataAssetPack_datapack__file047,734,/Canvas/PanelBlessing/PanelHeroList/PanelFilter/TabClass6,Canvas,TabClass6,True,157,no_static_sprite_pptr_found
002_UnityDataAssetPack_datapack__file047,747,/Canvas/PanelBlessing/ReplaceHeroes/HeroReplace2/CanvasHero/ClickArea,Canvas,ClickArea,True,171,no_static_sprite_pptr_found
002_UnityDataAssetPack_datapack__file047,748,/Canvas/PanelBlessing/ReplaceHeroes/HeroReplace1/CanvasHero/ClickArea,Canvas,ClickArea,True,170,no_static_sprite_pptr_found
002_UnityDataAssetPack_datapack__file047,754,/Canvas/PanelBlessing/PanelHeroList/PanelFilter/TabClass2,Canvas,TabClass2,True,143,no_static_sprite_pptr_found
002_UnityDataAssetPack_datapack__file047,761,/Canvas/PanelBlessing/PanelHeroList/PanelFilter/TabClass5,Canvas,TabClass5,True,179,no_static_sprite_pptr_found
002_UnityDataAssetPack_datapack__file047,764,/Canvas/PanelBlessing/PanelHeroList/PanelFilter/TabClass3,Canvas,TabClass3,True,163,no_static_sprite_pptr_found
002_UnityDataAssetPack_datapack__file047,781,/Canvas/PanelBlessing/PanelHeroList/PanelFilter/TabClass1,Canvas,TabClass1,True,172,no_static_sprite_pptr_found
002_UnityDataAssetPack_datapack__file049,326,/Canvas/BoxReplacement/HeroReplace2/ClickArea,Canvas,ClickArea,True,40,no_static_sprite_pptr_found
002_UnityDataAssetPack_datapack__file049,365,/Canvas/BoxReplacement/HeroReplace1/ClickArea,Canvas,ClickArea,True,74,no_static_sprite_pptr_found
002_UnityDataAssetPack_datapack__file049,381,/Canvas/BoxReplacement/HeroReplace2/CanvasHero/ClickArea,Canvas,ClickArea,True,92,no_static_sprite_pptr_found
002_UnityDataAssetPack_datapack__file049,382,/Canvas/BoxReplacement/HeroReplace1/CanvasHero/ClickArea,Canvas,ClickArea,True,91,no_static_sprite_pptr_found
002_UnityDataAssetPack_datapack__file051,287,/Canvas/BoxHeroic/HeroHeroic,Canvas,HeroHeroic,True,36,no_static_sprite_pptr_found
002_UnityDataAssetPack_datapack__file051,326,/Canvas/BoxHeroic/ImageTitle/ImageText,Canvas,ImageText,False,62,no_static_sprite_pptr_found
002_UnityDataAssetPack_datapack__file051,348,/Canvas/BoxBasic/HeroBasic,Canvas,HeroBasic,True,77,no_static_sprite_pptr_found
002_UnityDataAssetPack_datapack__file053,635,/Canvas/GroupBottomRight/ButtonChest,Canvas,ButtonChest,True,44,no_static_sprite_pptr_found
002_UnityDataAssetPack_datapack__file053,726,/Canvas/BraveMap/Stage14,Canvas,Stage14,True,81,no_static_sprite_pptr_found
002_UnityDataAssetPack_datapack__file053,727,/Canvas/BraveMap/Stage4,Canvas,Stage4,True,82,no_static_sprite_pptr_found
002_UnityDataAssetPack_datapack__file053,728,/Canvas/BraveMap/Stage3,Canvas,Stage3,True,83,no_static_sprite_pptr_found
002_UnityDataAssetPack_datapack__file053,729,/Canvas/BraveMap/Stage8,Canvas,Stage8,True,84,no_static_sprite_pptr_found
002_UnityDataAssetPack_datapack__file053,730,/Canvas/BraveMap/Stage7,Canvas,Stage7,True,85,no_static_sprite_pptr_found
002_UnityDataAssetPack_datapack__file053,731,/Canvas/BraveMap/Stage6,Canvas,Stage6,True,86,no_static_sprite_pptr_found
002_UnityDataAssetPack_datapack__file053,732,/Canvas/BraveMap/Stage11,Canvas,Stage11,True,87,no_static_sprite_pptr_found
002_UnityDataAssetPack_datapack__file053,733,/Canvas/BraveMap/Stage9,Canvas,Stage9,True,75,no_static_sprite_pptr_found
002_UnityDataAssetPack_datapack__file053,734,/Canvas/BraveMap/Stage15,Canvas,Stage15,True,76,no_static_sprite_pptr_found
002_UnityDataAssetPack_datapack__file053,735,/Canvas/BraveMap/Stage1,Canvas,Stage1,True,77,no_static_sprite_pptr_found
002_UnityDataAssetPack_datapack__file053,736,/Canvas/BraveMap/Stage13,Canvas,Stage13,True,79,no_static_sprite_pptr_found
002_UnityDataAssetPack_datapack__file053,737,/Canvas/BraveMap/BraveTrialStage,Canvas,BraveTrialStage,False,78,no_static_sprite_pptr_found
002_UnityDataAssetPack_datapack__file053,738,/Canvas/BraveMap/Stage2,Canvas,Stage2,True,80,no_static_sprite_pptr_found
002_UnityDataAssetPack_datapack__file053,739,/Canvas/BraveMap/Stage5,Canvas,Stage5,True,90,no_static_sprite_pptr_found
002_UnityDataAssetPack_datapack__file053,740,/Canvas/BraveMap/Stage12,Canvas,Stage12,True,88,no_static_sprite_pptr_found
002_UnityDataAssetPack_datapack__file053,741,/Canvas/BraveMap/Stage10,Canvas,Stage10,True,89,no_static_sprite_pptr_found
002_UnityDataAssetPack_datapack__file055,364,/Canvas/ImageBgr,Canvas,ImageBgr,True,19,no_static_sprite_pptr_found
002_UnityDataAssetPack_datapack__file059,524,/Canvas/UIFront/PanelPoints/GroupUpgradeBakup/Hp/Panel_Grey/Image,Canvas,Image,True,50,no_static_sprite_pptr_found
002_UnityDataAssetPack_datapack__file059,623,/Canvas/UIFront/PanelPoints/GroupUpgradeBakup/Hp,Canvas,Hp,True,116,no_static_sprite_pptr_found
002_UnityDataAssetPack_datapack__file059,647,/Canvas/UIFront/PanelPoints/GroupUpgradeBakup/Attack/Panel_Grey/Icon,Canvas,Icon,True,130,no_static_sprite_pptr_found
002_UnityDataAssetPack_datapack__file059,654,/Canvas/UIFront/PanelPoints/GroupUpgradeBakup/Hand/Panel_Grey/Image,Canvas,Image,True,137,no_static_sprite_pptr_found
002_UnityDataAssetPack_datapack__file059,655,/Canvas/UIFront/PanelPoints/GroupUpgradeBakup/Attack/Panel_Grey/Image,Canvas,Image,True,138,no_static_sprite_pptr_found
002_UnityDataAssetPack_datapack__file059,669,/Canvas/UIFront/PanelPoints/GroupUpgradeBakup/Hand,Canvas,Hand,True,144,no_static_sprite_pptr_found
002_UnityDataAssetPack_datapack__file059,670,/Canvas/UIFront/PanelPoints/GroupUpgradeBakup/Attack/Icon,Canvas,Icon,True,145,no_static_sprite_pptr_found
002_UnityDataAssetPack_datapack__file059,678,/Canvas/UIFront/PanelPoints/GroupUpgradeBakup/Attack,Canvas,Attack,True,148,no_static_sprite_pptr_found
002_UnityDataAssetPack_datapack__file061,692,/Canvas/BoxQuest/CellTarvenQuest/GameItem/GroupDone/ImageCover/Image,Canvas,Image,True,181,no_static_sprite_pptr_found
002_UnityDataAssetPack_datapack__file061,697,/Canvas/BoxQuest/CellTarvenQuest/GameItem/ItemVipExpUI,Canvas,ItemVipExpUI,False,69,no_static_sprite_pptr_found
002_UnityDataAssetPack_datapack__file061,708,/Canvas/BoxQuest/CellTarvenQuest/GameItem/HeroHeadClickable/HeroHeadUI/HeroStar,Canvas,HeroStar,True,89,no_static_sprite_pptr_found
002_UnityDataAssetPack_datapack__file061,711,/Canvas/BoxQuest/CellTarvenQuest/GameItem/HeroHeadClickable/HeroHeadUI/Mask/Lock,Canvas,Lock,False,87,no_static_sprite_pptr_found
002_UnityDataAssetPack_datapack__file061,722,/Canvas/BoxQuest/CellTarvenQuest/GameItem/HeroHeadClickable/HeroHeadUI/Mask/Check,Canvas,Check,False,79,no_static_sprite_pptr_found
002_UnityDataAssetPack_datapack__file061,737,/Canvas/BoxQuest/CellTarvenQuest/GameItem/HeroHeadClickable/HeroHeadUI/Mask/Death,Canvas,Death,False,100,no_static_sprite_pptr_found
002_UnityDataAssetPack_datapack__file061,752,/Canvas/BoxQuest/CellTarvenQuest/GameItem/ItemEquipmentUI,Canvas,ItemEquipmentUI,False,111,no_static_sprite_pptr_found
002_UnityDataAssetPack_datapack__file061,753,/Canvas/BoxQuest/CellTarvenQuest/GameItem/ItemEquipmentUI/Mask/Check,Canvas,Check,False,116,no_static_sprite_pptr_found
002_UnityDataAssetPack_datapack__file061,762,/Canvas/BoxQuest/CellTarvenQuest/GameItem/HeroHeadClickable,Canvas,HeroHeadClickable,False,109,no_static_sprite_pptr_found
002_UnityDataAssetPack_datapack__file061,768,/Canvas/BoxQuest/CellTarvenQuest/GameItem/ItemArtifactUI,Canvas,ItemArtifactUI,True,139,no_static_sprite_pptr_found
002_UnityDataAssetPack_datapack__file061,784,/Canvas/BoxQuest/CellTarvenQuest/GameItem/ItemArtifactUI/Mask/Check,Canvas,Check,False,136,no_static_sprite_pptr_found
002_UnityDataAssetPack_datapack__file061,801,/Canvas/BoxQuest/CellTarvenQuest/GameItem/ItemConsumableUI,Canvas,ItemConsumableUI,False,151,no_static_sprite_pptr_found
002_UnityDataAssetPack_datapack__file061,804,/Canvas/BoxQuest/CellTarvenQuest/GameItem/ItemConsumableUI/Mask/Check,Canvas,Check,False,150,no_static_sprite_pptr_found
002_UnityDataAssetPack_datapack__file061,812,/Canvas/BoxQuest/CellTarvenQuest/GameItem/ItemShardUI,Canvas,ItemShardUI,False,170,no_static_sprite_pptr_found
002_UnityDataAssetPack_datapack__file061,814,/Canvas/BoxQuest/CellTarvenQuest/GameItem/ItemShardUI/Mask/Check,Canvas,Check,False,172,no_static_sprite_pptr_found
002_UnityDataAssetPack_datapack__file061,845,/Canvas/BoxQuest/CellTarvenQuest/GameItem/ItemAvatarUI,Canvas,ItemAvatarUI,True,189,no_static_sprite_pptr_found
002_UnityDataAssetPack_datapack__file065,335,/Canvas/BoxInfo/BoxInside/PlayerAvatar,Canvas,PlayerAvatar,True,61,no_static_sprite_pptr_found
002_UnityDataAssetPack_datapack__file065,336,/Canvas/BoxTop/BoxList/CellTopArena/PlayerAvatar,Canvas,PlayerAvatar,True,60,no_static_sprite_pptr_found
002_UnityDataAssetPack_datapack__file067,253,/Canvas/PanelLootDrop,Canvas,PanelLootDrop,True,46,no_static_sprite_pptr_found
002_UnityDataAssetPack_datapack__file067,261,/Canvas/ImageBgr,Canvas,ImageBgr,False,52,no_static_sprite_pptr_found
002_UnityDataAssetPack_datapack__file069,676,/Canvas/Map/Viewport/LayoutElement/GroupCamp/CampMinion,Canvas,CampMinion,True,1,no_static_sprite_pptr_found
002_UnityDataAssetPack_datapack__file069,685,/Canvas/Map/Viewport,Canvas,Viewport,True,5,no_static_sprite_pptr_found
002_UnityDataAssetPack_datapack__file069,714,/Canvas/Map/Viewport/LayoutElement/MainBuilding/SpineBuilding,Canvas,SpineBuilding,True,22,no_static_sprite_pptr_found
002_UnityDataAssetPack_datapack__file069,720,/Canvas/Map/Viewport/LayoutElement/AgiBuilding/Agi_Building,Canvas,Agi_Building,False,24,no_static_sprite_pptr_found
002_UnityDataAssetPack_datapack__file069,733,/Canvas/Map/Viewport/LayoutElement/MainBuilding,Canvas,MainBuilding,True,31,no_static_sprite_pptr_found
002_UnityDataAssetPack_datapack__file069,745,/Canvas/Map/Viewport/LayoutElement/MilitaryBuilding/Mili_Building,Canvas,Mili_Building,False,37,no_static_sprite_pptr_found
002_UnityDataAssetPack_datapack__file069,762,/Canvas/Map/Viewport/LayoutElement/Group_Mine/CelesMine/Progress/Icon,Canvas,Icon,True,50,no_static_sprite_pptr_found
002_UnityDataAssetPack_datapack__file069,772,/Canvas/Map/Viewport/LayoutElement/Group_Mine/CelesMine/Mine_Building,Canvas,Mine_Building,False,57,no_static_sprite_pptr_found
002_UnityDataAssetPack_datapack__file069,797,/Canvas/Map/Viewport/LayoutElement/DaffodilBuilding/Harvest_Building,Canvas,Harvest_Building,False,71,no_static_sprite_pptr_found
002_UnityDataAssetPack_datapack__file069,851,/Canvas/Map/Viewport/LayoutElement/Group_Mine/CelesMine (1)/Progress/Icon,Canvas,Icon,True,100,no_static_sprite_pptr_found
002_UnityDataAssetPack_datapack__file069,854,/Canvas/Map/Viewport/LayoutElement/Group_Mine/CelesMine (5)/Progress/Icon,Canvas,Icon,True,105,no_static_sprite_pptr_found
002_UnityDataAssetPack_datapack__file069,856,/Canvas/Map/Viewport/LayoutElement/Group_Mine/CelesMine (3)/Progress/Icon,Canvas,Icon,True,109,no_static_sprite_pptr_found
002_UnityDataAssetPack_datapack__file069,858,/Canvas/Map/Viewport/LayoutElement/Group_Mine/CelesMine (4)/Progress/Icon,Canvas,Icon,True,111,no_static_sprite_pptr_found
002_UnityDataAssetPack_datapack__file069,865,/Canvas/Map/Viewport/LayoutElement/Group_Mine/CelesMine (2)/Progress/Icon,Canvas,Icon,True,115,no_static_sprite_pptr_found
002_UnityDataAssetPack_datapack__file069,890,/Canvas/Map/Viewport/LayoutElement/Group_Mine/CelesMine (2)/Mine_Building,Canvas,Mine_Building,False,130,no_static_sprite_pptr_found
002_UnityDataAssetPack_datapack__file069,895,/Canvas/Map/Viewport/LayoutElement/Group_Mine/CelesMine (4)/Mine_Building,Canvas,Mine_Building,False,135,no_static_sprite_pptr_found
002_UnityDataAssetPack_datapack__file069,903,/Canvas/Map/Viewport/LayoutElement/Group_Mine/CelesMine (3)/Mine_Building,Canvas,Mine_Building,False,137,no_static_sprite_pptr_found
002_UnityDataAssetPack_datapack__file069,911,/Canvas/Map/Viewport/LayoutElement/Group_Mine/CelesMine (1)/Mine_Building,Canvas,Mine_Building,False,141,no_static_sprite_pptr_found
002_UnityDataAssetPack_datapack__file069,919,/Canvas/Map/Viewport/LayoutElement/Group_Mine/CelesMine (5)/Mine_Building,Canvas,Mine_Building,False,143,no_static_sprite_pptr_found
002_UnityDataAssetPack_datapack__file069,951,/Canvas/Map/Viewport/LayoutElement/GroupCamp/CampMinion (7),Canvas,CampMinion (7),True,151,no_static_sprite_pptr_found
002_UnityDataAssetPack_datapack__file069,956,/Canvas/Map/Viewport/LayoutElement/GroupCamp/CampMinion (10),Canvas,CampMinion (10),True,152,no_static_sprite_pptr_found
002_UnityDataAssetPack_datapack__file069,977,/Canvas/Map/Viewport/LayoutElement/GroupCamp/CampMinion (3),Canvas,CampMinion (3),True,169,no_static_sprite_pptr_found
002_UnityDataAssetPack_datapack__file069,981,/Canvas/Map/Viewport/LayoutElement/GroupCamp/CampMinion (13),Canvas,CampMinion (13),True,170,no_static_sprite_pptr_found
002_UnityDataAssetPack_datapack__file069,995,/Canvas/Map/Viewport/LayoutElement/GroupCamp/CampMinion (9),Canvas,CampMinion (9),True,178,no_static_sprite_pptr_found
002_UnityDataAssetPack_datapack__file069,1002,/Canvas/Map/Viewport/LayoutElement/GroupCamp/CampMinion (11),Canvas,CampMinion (11),True,181,no_static_sprite_pptr_found
002_UnityDataAssetPack_datapack__file069,1014,/Canvas/Map/Viewport/LayoutElement/GroupCamp/CampMinion (6),Canvas,CampMinion (6),True,190,no_static_sprite_pptr_found
002_UnityDataAssetPack_datapack__file069,1023,/Canvas/Map/Viewport/LayoutElement/GroupCamp/CampMinion (8),Canvas,CampMinion (8),True,193,no_static_sprite_pptr_found
002_UnityDataAssetPack_datapack__file069,1028,/Canvas/Map/Viewport/LayoutElement/GroupCamp/CampMinion (12),Canvas,CampMinion (12),True,196,no_static_sprite_pptr_found
002_UnityDataAssetPack_datapack__file069,1044,/Canvas/Map/Viewport/LayoutElement/GroupCamp/CampMinion (5),Canvas,CampMinion (5),True,206,no_static_sprite_pptr_found
002_UnityDataAssetPack_datapack__file069,1053,/Canvas/Map/Viewport/LayoutElement/GroupCamp/CampMinion (2),Canvas,CampMinion (2),True,211,no_static_sprite_pptr_found
002_UnityDataAssetPack_datapack__file069,1066,/Canvas/Map/Viewport/LayoutElement/GroupCamp/CampMinion (4),Canvas,CampMinion (4),True,221,no_static_sprite_pptr_found
002_UnityDataAssetPack_datapack__file069,1079,/Canvas/Map/Viewport/LayoutElement/GroupCamp/CampMinion (1),Canvas,CampMinion (1),True,228,no_static_sprite_pptr_found
002_UnityDataAssetPack_datapack__file071,1578,/Canvas/PanelHomeBottom/GroupContent/GroupButton/ButtonSummon/BoxSelect/ClickArea,Canvas,ClickArea,True,83,no_static_sprite_pptr_found
002_UnityDataAssetPack_datapack__file071,1586,/Canvas/PanelHomeTopLeft/PlayerInfo/GroupAvatar,Canvas,GroupAvatar,True,88,no_static_sprite_pptr_found
002_UnityDataAssetPack_datapack__file071,1644,/Canvas/PanelMenu,Canvas,PanelMenu,False,117,no_static_sprite_pptr_found
002_UnityDataAssetPack_datapack__file071,1664,/Canvas/PanelHomeTopLeft/PanelHomeQuest/Content/TagContent,Canvas,TagContent,True,128,no_static_sprite_pptr_found
002_UnityDataAssetPack_datapack__file071,1706,/Canvas/PanelHomeTopLeft/PanelHomeQuest/Content/ClickBox,Canvas,ClickBox,True,148,no_static_sprite_pptr_found
002_UnityDataAssetPack_datapack__file071,1732,/Canvas/PanelHomeBottomLeft/18Plus,Canvas,18Plus,True,162,no_static_sprite_pptr_found
002_UnityDataAssetPack_datapack__file071,1761,/Canvas/PanelHomeTopLeft/PanelHomeQuest/Content/ItemWrapper/GameItem/HeroHeadClickable/HeroHeadUI/Mask/Lock,Canvas,Lock,False,202,no_static_sprite_pptr_found
002_UnityDataAssetPack_datapack__file071,1764,/Canvas/PanelHomeTopLeft/PanelHomeQuest/Content/ItemWrapper/GameItem/HeroHeadClickable/HeroHeadUI/HeroStar,Canvas,HeroStar,True,199,no_static_sprite_pptr_found
002_UnityDataAssetPack_datapack__file071,1785,/Canvas/PanelHomeTopLeft/PanelHomeQuest/Content/ItemWrapper/GameItem/HeroHeadClickable/HeroHeadUI/Mask/Check,Canvas,Check,False,185,no_static_sprite_pptr_found
002_UnityDataAssetPack_datapack__file071,1791,/Canvas/PanelHomeTopLeft/PanelHomeQuest/Content/ItemWrapper/GameItem/HeroHeadClickable/HeroHeadUI/Mask/Death,Canvas,Death,False,212,no_static_sprite_pptr_found
002_UnityDataAssetPack_datapack__file071,1803,/Canvas/PanelHomeTopLeft/PanelHomeQuest/Content/ItemWrapper/GameItem/ItemEquipmentUI,Canvas,ItemEquipmentUI,False,221,no_static_sprite_pptr_found
002_UnityDataAssetPack_datapack__file071,1804,/Canvas/PanelHomeTopLeft/PanelHomeQuest/Content/ItemWrapper/GameItem/ItemEquipmentUI/Mask/Check,Canvas,Check,False,232,no_static_sprite_pptr_found
002_UnityDataAssetPack_datapack__file071,1820,/Canvas/PanelHomeTopLeft/PanelHomeQuest/Content/ItemWrapper/GameItem/HeroHeadClickable,Canvas,HeroHeadClickable,False,217,no_static_sprite_pptr_found
002_UnityDataAssetPack_datapack__file071,1835,/Canvas/PanelHomeTopLeft/PanelHomeQuest/Content/ItemWrapper/GameItem/ItemArtifactUI,Canvas,ItemArtifactUI,True,238,no_static_sprite_pptr_found
002_UnityDataAssetPack_datapack__file071,1837,/Canvas/PanelHomeTopLeft/PanelHomeQuest/Content/ItemWrapper/GameItem/ItemArtifactUI/Mask/Check,Canvas,Check,False,241,no_static_sprite_pptr_found
002_UnityDataAssetPack_datapack__file071,1876,/Canvas/PanelHomeTopLeft/PanelHomeQuest/Content/ItemWrapper/GameItem/GroupDone/ImageCover/Image,Canvas,Image,True,478,no_static_sprite_pptr_found
002_UnityDataAssetPack_datapack__file071,1881,/Canvas/PlayerHeroes/HeroHome2 (2)/GroupHero/GroupStars,Canvas,GroupStars,True,309,no_static_sprite_pptr_found
002_UnityDataAssetPack_datapack__file071,1892,/Canvas/PlayerHeroes/HeroHome2 (4)/GroupHero/GroupStars,Canvas,GroupStars,True,316,no_static_sprite_pptr_found
002_UnityDataAssetPack_datapack__file071,1897,/Canvas/PlayerHeroes/HeroHome2 (5)/GroupHero/GroupStars,Canvas,GroupStars,True,322,no_static_sprite_pptr_found
002_UnityDataAssetPack_datapack__file071,1902,/Canvas/PlayerHeroes/HeroHome2 (1)/GroupHero/GroupStars,Canvas,GroupStars,True,328,no_static_sprite_pptr_found
002_UnityDataAssetPack_datapack__file071,1907,/Canvas/PlayerHeroes/HeroHome2 (3)/GroupHero/GroupStars,Canvas,GroupStars,True,334,no_static_sprite_pptr_found
002_UnityDataAssetPack_datapack__file071,1908,/Canvas/PlayerHeroes/HeroHome2 (0)/GroupHero/GroupStars,Canvas,GroupStars,True,336,no_static_sprite_pptr_found
002_UnityDataAssetPack_datapack__file071,1939,/Canvas/PlayerHeroes/HeroHome2 (0)/GroupHero/CanvasHero/ClickArea,Canvas,ClickArea,True,302,no_static_sprite_pptr_found
002_UnityDataAssetPack_datapack__file071,1940,/Canvas/PlayerHeroes/HeroHome2 (3)/GroupHero/CanvasHero/ClickArea,Canvas,ClickArea,True,304,no_static_sprite_pptr_found
002_UnityDataAssetPack_datapack__file071,1941,/Canvas/PlayerHeroes/HeroHome2 (1)/GroupHero/CanvasHero/ClickArea,Canvas,ClickArea,True,303,no_static_sprite_pptr_found
002_UnityDataAssetPack_datapack__file071,1942,/Canvas/PlayerHeroes/HeroHome2 (5)/GroupHero/CanvasHero/ClickArea,Canvas,ClickArea,True,301,no_static_sprite_pptr_found
002_UnityDataAssetPack_datapack__file071,1943,/Canvas/PlayerHeroes/HeroHome2 (4)/GroupHero/CanvasHero/ClickArea,Canvas,ClickArea,True,306,no_static_sprite_pptr_found
002_UnityDataAssetPack_datapack__file071,1944,/Canvas/PlayerHeroes/HeroHome2 (2)/GroupHero/CanvasHero/ClickArea,Canvas,ClickArea,True,305,no_static_sprite_pptr_found
002_UnityDataAssetPack_datapack__file071,1959,/Canvas/PanelHomeTopLeft/PanelHomeQuest/Content/ItemWrapper/GameItem/ItemVipExpUI,Canvas,ItemVipExpUI,False,352,no_static_sprite_pptr_found
002_UnityDataAssetPack_datapack__file071,1973,/Canvas/PanelHomeTopLeft/PanelHomeQuest/Content/ItemWrapper/GameItem/ItemAvatarUI,Canvas,ItemAvatarUI,True,358,no_static_sprite_pptr_found
002_UnityDataAssetPack_datapack__file071,2079,/Canvas/PanelHomeTopLeft/PanelHomeQuest/Content/ItemWrapper/GameItem/ItemConsumableUI,Canvas,ItemConsumableUI,False,482,no_static_sprite_pptr_found
002_UnityDataAssetPack_datapack__file071,2086,/Canvas/PanelHomeTopLeft/PanelHomeQuest/Content/ItemWrapper/GameItem/ItemConsumableUI/Mask/Check,Canvas,Check,False,485,no_static_sprite_pptr_found
002_UnityDataAssetPack_datapack__file071,2103,/Canvas/PanelHomeTopLeft/PanelHomeQuest/Content/ItemWrapper/GameItem/ItemShardUI/Mask/Check,Canvas,Check,False,497,no_static_sprite_pptr_found
002_UnityDataAssetPack_datapack__file071,2105,/Canvas/PanelHomeTopLeft/PanelHomeQuest/Content/ItemWrapper/GameItem/ItemShardUI,Canvas,ItemShardUI,False,500,no_static_sprite_pptr_found
002_UnityDataAssetPack_datapack__file077,290,/Canvas/PanelBody/CellHeroThumb,Canvas,CellHeroThumb,False,1,no_static_sprite_pptr_found
002_UnityDataAssetPack_datapack__file077,370,/Canvas/PanelMenuSort/BoxSort/ImageSeperator,Canvas,ImageSeperator,True,52,no_static_sprite_pptr_found
002_UnityDataAssetPack_datapack__file079,378,/Canvas/GroupBottomLeft/BoxDailyReward/Contents/Rewards,Canvas,Rewards,True,8,no_static_sprite_pptr_found
002_UnityDataAssetPack_datapack__file079,391,/Canvas/GroupBottomRight/GroupButtons/ButtonTab1,Canvas,ButtonTab1,True,19,no_static_sprite_pptr_found
002_UnityDataAssetPack_datapack__file079,403,/Canvas/GroupBottomLeft/BoxDailyReward/Contents,Canvas,Contents,True,30,no_static_sprite_pptr_found
002_UnityDataAssetPack_datapack__file079,426,/Canvas/GroupBottomRight/GroupButtons/ButtonTab2,Canvas,ButtonTab2,True,47,no_static_sprite_pptr_found
002_UnityDataAssetPack_datapack__file079,485,/Canvas/ScrollWorld/Viewport/Content/Enemies/TowerStage (3)/HeroWrapper/CanvasHero/ClickArea,Canvas,ClickArea,True,86,no_static_sprite_pptr_found
002_UnityDataAssetPack_datapack__file079,486,/Canvas/ScrollWorld/Viewport/Content/Enemies/TowerStage (2)/HeroWrapper/CanvasHero/ClickArea,Canvas,ClickArea,True,88,no_static_sprite_pptr_found
002_UnityDataAssetPack_datapack__file079,487,/Canvas/ScrollWorld/Viewport/Content/Enemies/TowerStage (1)/HeroWrapper/CanvasHero/ClickArea,Canvas,ClickArea,True,87,no_static_sprite_pptr_found
002_UnityDataAssetPack_datapack__file079,534,/Canvas/ScrollWorld/Viewport/Content/Enemies/TowerStage/HeroWrapper/CanvasHero/ClickArea,Canvas,ClickArea,True,127,no_static_sprite_pptr_found
002_UnityDataAssetPack_datapack__file081,694,/Canvas/GroupBottomLeft/GroupButton/Storm,Canvas,Storm,True,18,no_static_sprite_pptr_found
002_UnityDataAssetPack_datapack__file081,785,/Canvas/GroupBottomRight/ButtonChest,Canvas,ButtonChest,False,91,no_static_sprite_pptr_found
002_UnityDataAssetPack_datapack__file081,850,/Canvas/BraveMap/Stage13,Canvas,Stage13,False,107,no_static_sprite_pptr_found
002_UnityDataAssetPack_datapack__file081,851,/Canvas/BraveMap/Stage7,Canvas,Stage7,False,108,no_static_sprite_pptr_found
002_UnityDataAssetPack_datapack__file081,852,/Canvas/BraveMap/Stage15,Canvas,Stage15,False,109,no_static_sprite_pptr_found
002_UnityDataAssetPack_datapack__file081,853,/Canvas/BraveMap/Stage3,Canvas,Stage3,False,110,no_static_sprite_pptr_found
002_UnityDataAssetPack_datapack__file081,854,/Canvas/BraveMap/Stage6,Canvas,Stage6,False,111,no_static_sprite_pptr_found
002_UnityDataAssetPack_datapack__file081,855,/Canvas/BraveMap/Stage5,Canvas,Stage5,False,112,no_static_sprite_pptr_found
002_UnityDataAssetPack_datapack__file081,856,/Canvas/BraveMap/Stage9,Canvas,Stage9,False,103,no_static_sprite_pptr_found
002_UnityDataAssetPack_datapack__file081,857,/Canvas/BraveMap/Stage10,Canvas,Stage10,False,104,no_static_sprite_pptr_found
002_UnityDataAssetPack_datapack__file081,858,/Canvas/BraveMap/Stage11,Canvas,Stage11,False,105,no_static_sprite_pptr_found
002_UnityDataAssetPack_datapack__file081,859,/Canvas/BraveMap/Stage12,Canvas,Stage12,False,106,no_static_sprite_pptr_found
002_UnityDataAssetPack_datapack__file081,860,/Canvas/BraveMap/Stage2,Canvas,Stage2,False,117,no_static_sprite_pptr_found
002_UnityDataAssetPack_datapack__file081,861,/Canvas/BraveMap/BraveTrialStage,Canvas,BraveTrialStage,False,118,no_static_sprite_pptr_found
002_UnityDataAssetPack_datapack__file081,862,/Canvas/BraveMap/Stage14,Canvas,Stage14,False,113,no_static_sprite_pptr_found
002_UnityDataAssetPack_datapack__file081,863,/Canvas/BraveMap/Stage1,Canvas,Stage1,False,115,no_static_sprite_pptr_found
002_UnityDataAssetPack_datapack__file081,864,/Canvas/BraveMap/Stage8,Canvas,Stage8,False,114,no_static_sprite_pptr_found
002_UnityDataAssetPack_datapack__file081,865,/Canvas/BraveMap/Stage4,Canvas,Stage4,False,116,no_static_sprite_pptr_found
002_UnityDataAssetPack_datapack__file083,253,/Canvas/Image,Canvas,Image,True,25,no_static_sprite_pptr_found
002_UnityDataAssetPack_datapack__file085,359,/Canvas/Image,Canvas,Image,True,10,no_static_sprite_pptr_found
002_UnityDataAssetPack_datapack__file087,165,/Canvas/JoystickController,Canvas,JoystickController,True,43,no_static_sprite_pptr_found
002_UnityDataAssetPack_datapack__file089,400,/Canvas/Joystick,Canvas,Joystick,True,17,no_static_sprite_pptr_found
002_UnityDataAssetPack_datapack__file089,404,/Canvas/Help/TipRight/GameObject (1),Canvas,GameObject (1),True,21,no_static_sprite_pptr_found
002_UnityDataAssetPack_datapack__file089,410,/Canvas/Help,Canvas,Help,False,27,no_static_sprite_pptr_found
002_UnityDataAssetPack_datapack__file089,418,/Canvas/Help/TipRight/GameObject (3),Canvas,GameObject (3),True,33,no_static_sprite_pptr_found
002_UnityDataAssetPack_datapack__file089,436,/Canvas/Help/TipRight/GameObject (4),Canvas,GameObject (4),True,47,no_static_sprite_pptr_found
002_UnityDataAssetPack_datapack__file089,437,/CanvasTopMost/PopupMarket,CanvasTopMost,PopupMarket,False,48,no_static_sprite_pptr_found
002_UnityDataAssetPack_datapack__file089,448,/Canvas/Help/TipLeft/Arrow1 (1),Canvas,Arrow1 (1),True,56,no_static_sprite_pptr_found
002_UnityDataAssetPack_datapack__file089,456,/Canvas/Help/TipRight/GameObject,Canvas,GameObject,True,62,no_static_sprite_pptr_found
002_UnityDataAssetPack_datapack__file089,457,/Canvas/ButtonItem2/IconItemUse2,Canvas,IconItemUse2,True,68,no_static_sprite_pptr_found
002_UnityDataAssetPack_datapack__file089,461,/Canvas/Help/TipRight/GameObject (2),Canvas,GameObject (2),True,71,no_static_sprite_pptr_found
002_UnityDataAssetPack_datapack__file089,468,/CanvasTopMost/PopupMarket/Bgr/Image (2)/Image3,CanvasTopMost,Image3,True,78,no_static_sprite_pptr_found
002_UnityDataAssetPack_datapack__file089,476,/CanvasTopMost/PopupMarket/Bgr/Image (1)/Image2,CanvasTopMost,Image2,True,85,no_static_sprite_pptr_found
002_UnityDataAssetPack_datapack__file089,481,/Canvas/Help/TipLeft/Arrow1,Canvas,Arrow1,True,89,no_static_sprite_pptr_found
002_UnityDataAssetPack_datapack__file089,503,/CanvasBattle/StatusEffect/ImageEff,CanvasBattle,ImageEff,True,91,no_static_sprite_pptr_found
002_UnityDataAssetPack_datapack__file089,507,/CanvasBattle/HealthBar/Bar/ManaBarBgr/GameObject/Index1,CanvasBattle,Index1,True,110,no_static_sprite_pptr_found
002_UnityDataAssetPack_datapack__file089,510,/CanvasBattle/HealthBar/Bar/ManaBarBgr/GameObject/Index3,CanvasBattle,Index3,False,107,no_static_sprite_pptr_found
002_UnityDataAssetPack_datapack__file089,512,/CanvasBattle/HealthBar/Bar/ManaBarBgr/GameObject/None,CanvasBattle,None,True,109,no_static_sprite_pptr_found
002_UnityDataAssetPack_datapack__file089,514,/CanvasBattle/HealthBar/Bar/ManaBarBgr/GameObject/Index2,CanvasBattle,Index2,True,115,no_static_sprite_pptr_found
002_UnityDataAssetPack_datapack__file089,515,/CanvasBattle/TextLeftHpLost/TextHp/Image,CanvasBattle,Image,False,106,no_static_sprite_pptr_found
002_UnityDataAssetPack_datapack__file089,518,/CanvasBattle/TextRightHpLost/TextHp/Image,CanvasBattle,Image,False,113,no_static_sprite_pptr_found
002_UnityDataAssetPack_datapack__file091,115,/Canvas/PanelLoading,Canvas,PanelLoading,False,5,no_static_sprite_pptr_found
002_UnityDataAssetPack_datapack__file091,122,/Canvas/Image,Canvas,Image,True,12,no_static_sprite_pptr_found
002_UnityDataAssetPack_datapack__file091,125,/Canvas/TouchMapProcessor,Canvas,TouchMapProcessor,True,15,no_static_sprite_pptr_found
002_UnityDataAssetPack_datapack__file095,158,/Canvas/Content/BoxEventDetail,Canvas,BoxEventDetail,True,18,no_static_sprite_pptr_found
002_UnityDataAssetPack_datapack__file097,408,/Canvas/Joystick,Canvas,Joystick,True,17,no_static_sprite_pptr_found
002_UnityDataAssetPack_datapack__file097,412,/Canvas/Help/TipRight/GameObject (1),Canvas,GameObject (1),True,21,no_static_sprite_pptr_found
002_UnityDataAssetPack_datapack__file097,418,/Canvas/Help,Canvas,Help,False,27,no_static_sprite_pptr_found
002_UnityDataAssetPack_datapack__file097,426,/Canvas/Help/TipRight/GameObject (3),Canvas,GameObject (3),True,33,no_static_sprite_pptr_found
002_UnityDataAssetPack_datapack__file097,445,/Canvas/Help/TipRight/GameObject (4),Canvas,GameObject (4),True,48,no_static_sprite_pptr_found
002_UnityDataAssetPack_datapack__file097,446,/CanvasTopMost/PopupMarket,CanvasTopMost,PopupMarket,False,49,no_static_sprite_pptr_found
002_UnityDataAssetPack_datapack__file097,459,/Canvas/Help/TipLeft/Arrow1 (1),Canvas,Arrow1 (1),True,59,no_static_sprite_pptr_found
002_UnityDataAssetPack_datapack__file097,467,/Canvas/Help/TipRight/GameObject,Canvas,GameObject,True,65,no_static_sprite_pptr_found
002_UnityDataAssetPack_datapack__file097,468,/Canvas/ButtonItem2/IconItemUse2,Canvas,IconItemUse2,True,71,no_static_sprite_pptr_found
002_UnityDataAssetPack_datapack__file097,472,/Canvas/Help/TipRight/GameObject (2),Canvas,GameObject (2),True,74,no_static_sprite_pptr_found
002_UnityDataAssetPack_datapack__file097,479,/CanvasTopMost/PopupMarket/Bgr/Image (2)/Image3,CanvasTopMost,Image3,True,81,no_static_sprite_pptr_found
002_UnityDataAssetPack_datapack__file097,487,/CanvasTopMost/PopupMarket/Bgr/Image (1)/Image2,CanvasTopMost,Image2,True,88,no_static_sprite_pptr_found
002_UnityDataAssetPack_datapack__file097,513,/CanvasBattle/StatusEffect/ImageEff,CanvasBattle,ImageEff,True,93,no_static_sprite_pptr_found
002_UnityDataAssetPack_datapack__file097,517,/CanvasBattle/HealthBar/Bar/ManaBarBgr/GameObject/Index1,CanvasBattle,Index1,True,112,no_static_sprite_pptr_found
002_UnityDataAssetPack_datapack__file097,520,/CanvasBattle/HealthBar/Bar/ManaBarBgr/GameObject/Index3,CanvasBattle,Index3,False,109,no_static_sprite_pptr_found
002_UnityDataAssetPack_datapack__file097,522,/CanvasBattle/HealthBar/Bar/ManaBarBgr/GameObject/None,CanvasBattle,None,True,111,no_static_sprite_pptr_found
002_UnityDataAssetPack_datapack__file097,524,/CanvasBattle/HealthBar/Bar/ManaBarBgr/GameObject/Index2,CanvasBattle,Index2,True,117,no_static_sprite_pptr_found
002_UnityDataAssetPack_datapack__file097,525,/CanvasBattle/TextLeftHpLost/TextHp/Image,CanvasBattle,Image,False,108,no_static_sprite_pptr_found
002_UnityDataAssetPack_datapack__file097,528,/CanvasBattle/TextRightHpLost/TextHp/Image,CanvasBattle,Image,False,115,no_static_sprite_pptr_found
002_UnityDataAssetPack_datapack__file099,359,/Canvas/Image,Canvas,Image,True,10,no_static_sprite_pptr_found
002_UnityDataAssetPack_datapack__file101,277,/Canvas/Image,Canvas,Image,True,27,no_static_sprite_pptr_found
002_UnityDataAssetPack_datapack__file103,30,/Canvas/ImageBgr,Canvas,ImageBgr,True,6,no_static_sprite_pptr_found
002_UnityDataAssetPack_datapack__file107,532,/Canvas/AnchorBottom/BottomMenu/TabManager/TabButton1,Canvas,TabButton1,True,26,no_static_sprite_pptr_found
002_UnityDataAssetPack_datapack__file107,534,/Canvas/PanelPause/ImageBgr,Canvas,ImageBgr,True,28,no_static_sprite_pptr_found
002_UnityDataAssetPack_datapack__file107,543,/Canvas/AnchorBottom/BottomMenu/TabManager/TabButton4,Canvas,TabButton4,True,35,no_static_sprite_pptr_found
002_UnityDataAssetPack_datapack__file107,563,/Canvas/AnchorBottom/BottomMenu/Contents/BgrBlock,Canvas,BgrBlock,False,52,no_static_sprite_pptr_found
002_UnityDataAssetPack_datapack__file107,571,/Canvas/AnchorBottom/BottomMenu/Contents/BoxUpgradeSidekick/ButtonUpSk2/ImageSk2,Canvas,ImageSk2,True,59,no_static_sprite_pptr_found
002_UnityDataAssetPack_datapack__file107,573,/Canvas/AnchorBottom/BottomMenu/Contents/BoxShop/PanelLoading/Contents,Canvas,Contents,False,61,no_static_sprite_pptr_found
002_UnityDataAssetPack_datapack__file107,594,/Canvas/PanelTutorial,Canvas,PanelTutorial,True,80,no_static_sprite_pptr_found
002_UnityDataAssetPack_datapack__file107,601,/Canvas/AnchorBottomRight/ButtonSpellFreeze,Canvas,ButtonSpellFreeze,True,86,no_static_sprite_pptr_found
002_UnityDataAssetPack_datapack__file107,607,/Canvas/AnchorBottom/BottomMenu/TabManager/TabButton2,Canvas,TabButton2,True,89,no_static_sprite_pptr_found
002_UnityDataAssetPack_datapack__file107,612,/Canvas/AnchorBottomRight/ButtonSpellBurn,Canvas,ButtonSpellBurn,True,92,no_static_sprite_pptr_found
002_UnityDataAssetPack_datapack__file107,634,/Canvas/AnchorBottom/BottomMenu/Contents/BoxUpgradeSidekick/ButtonUpSk3/ImageSk3,Canvas,ImageSk3,True,116,no_static_sprite_pptr_found
002_UnityDataAssetPack_datapack__file107,641,/Canvas/AnchorBottom/BottomMenu/Contents/BoxUpgradeSidekick/ButtonUpSk1/ImageSk1,Canvas,ImageSk1,True,123,no_static_sprite_pptr_found
002_UnityDataAssetPack_datapack__file107,651,/Canvas/AnchorBottom/BottomMenu/TabManager/TabButton5,Canvas,TabButton5,True,130,no_static_sprite_pptr_found
002_UnityDataAssetPack_datapack__file107,667,/Canvas/AnchorBottom/BottomMenu/TabManager/TabButton3,Canvas,TabButton3,True,142,no_static_sprite_pptr_found
002_UnityDataAssetPack_datapack__file107,669,/Canvas/PanelCurtain/BgrBlock,Canvas,BgrBlock,True,144,no_static_sprite_pptr_found
002_UnityDataAssetPack_datapack__file107,681,/Canvas/AnchorBottom/BottomMenu/Contents/BoxLuckySpin/Contents/RouletteCenter,Canvas,RouletteCenter,True,169,no_static_sprite_pptr_found
002_UnityDataAssetPack_datapack__file109,510,/Canvas/AnchorBottomLeft/TabMenu/TabButton2,Canvas,TabButton2,True,26,no_static_sprite_pptr_found
002_UnityDataAssetPack_datapack__file109,516,/Canvas/PanelPause/ImageBgr,Canvas,ImageBgr,True,31,no_static_sprite_pptr_found
002_UnityDataAssetPack_datapack__file109,541,/Canvas/AnchorBottom/BottomMenu/Contents/BgrBlock,Canvas,BgrBlock,False,53,no_static_sprite_pptr_found
002_UnityDataAssetPack_datapack__file109,545,/Canvas/AnchorBottomLeft/TabMenu/TabButton3,Canvas,TabButton3,True,55,no_static_sprite_pptr_found
002_UnityDataAssetPack_datapack__file109,554,/Canvas/AnchorBottomLeft/TabMenu/TabButton4,Canvas,TabButton4,True,61,no_static_sprite_pptr_found
002_UnityDataAssetPack_datapack__file109,555,/Canvas/AnchorBottom/BottomMenu/Contents/BoxUpgradeSidekick/ButtonUpSk2/ImageSk2,Canvas,ImageSk2,True,62,no_static_sprite_pptr_found
002_UnityDataAssetPack_datapack__file109,557,/Canvas/AnchorBottom/BottomMenu/Contents/BoxShop/PanelLoading/Contents,Canvas,Contents,False,64,no_static_sprite_pptr_found
002_UnityDataAssetPack_datapack__file109,573,/Canvas/PanelTutorial,Canvas,PanelTutorial,False,79,no_static_sprite_pptr_found
002_UnityDataAssetPack_datapack__file109,580,/Canvas/AnchorBottomRight/ButtonSpellFreeze,Canvas,ButtonSpellFreeze,True,85,no_static_sprite_pptr_found
002_UnityDataAssetPack_datapack__file109,585,/Canvas/AnchorBottomRight/ButtonSpellBurn,Canvas,ButtonSpellBurn,True,88,no_static_sprite_pptr_found
002_UnityDataAssetPack_datapack__file109,592,/Canvas/AnchorBottomLeft/TabMenu/TabButton5,Canvas,TabButton5,True,92,no_static_sprite_pptr_found
002_UnityDataAssetPack_datapack__file109,611,/Canvas/AnchorBottom/BottomMenu/Contents/BoxUpgradeSidekick/ButtonUpSk3/ImageSk3,Canvas,ImageSk3,True,113,no_static_sprite_pptr_found
002_UnityDataAssetPack_datapack__file109,617,/Canvas/AnchorBottom/BottomMenu/Contents/BoxUpgradeSidekick/ButtonUpSk1/ImageSk1,Canvas,ImageSk1,True,120,no_static_sprite_pptr_found
002_UnityDataAssetPack_datapack__file109,638,/Canvas/PanelCurtain/BgrBlock,Canvas,BgrBlock,True,137,no_static_sprite_pptr_found
002_UnityDataAssetPack_datapack__file109,643,/Canvas/AnchorBottomLeft/TabMenu/TabButton1,Canvas,TabButton1,True,140,no_static_sprite_pptr_found
002_UnityDataAssetPack_datapack__file109,653,/Canvas/AnchorBottom/BottomMenu/Contents/BoxLuckySpin/Contents/RouletteCenter,Canvas,RouletteCenter,True,163,no_static_sprite_pptr_found
002_UnityDataAssetPack_datapack__file110,76223,/PopupUpgradeArtifact/Body/BoxUpgrade/BoxMaterialSlots/SlotArtifactMaterial7/ItemArtifactUI,PopupUpgradeArtifact,ItemArtifactUI,False,9980,no_static_sprite_pptr_found
002_UnityDataAssetPack_datapack__file110,76225,/PopupTutorialFK/Tap3/Image,PopupTutorialFK,Image,True,9981,no_static_sprite_pptr_found
002_UnityDataAssetPack_datapack__file110,76260,/PopupUpgradeArtifact/Body/BoxUpgrade/BoxMaterialSlots/SlotArtifactMaterial6/ItemArtifactUI/Mask/Check,PopupUpgradeArtifact,Check,False,10007,no_static_sprite_pptr_found
002_UnityDataAssetPack_datapack__file110,76262,/PopupTutorialFK/Tap2/Image,PopupTutorialFK,Image,True,10008,no_static_sprite_pptr_found
002_UnityDataAssetPack_datapack__file110,76265,/PopupUpgradeArtifact/Body/BoxUpgrade/BoxMaterialSlots/SlotArtifactMaterial6/ItemArtifactUI/Mask/ImageBgr,PopupUpgradeArtifact,ImageBgr,True,10010,no_static_sprite_pptr_found
002_UnityDataAssetPack_datapack__file110,76276,/PopupUpgradeArtifact/Body/BoxUpgrade/BoxMaterialSlots/SlotArtifactMaterial5/ItemArtifactUI/Mask/Check,PopupUpgradeArtifact,Check,False,10018,no_static_sprite_pptr_found
002_UnityDataAssetPack_datapack__file110,76290,/PopupUpgradeArtifact/Body/BoxUpgrade/BoxMaterialSlots/SlotArtifactMaterial6/ItemArtifactUI,PopupUpgradeArtifact,ItemArtifactUI,False,10028,no_static_sprite_pptr_found
002_UnityDataAssetPack_datapack__file110,76299,/PopupUpgradeArtifact/Body/BoxUpgrade/BoxMaterialSlots/SlotArtifactMaterial7/ItemArtifactUI/Mask/Check,PopupUpgradeArtifact,Check,False,10035,no_static_sprite_pptr_found
002_UnityDataAssetPack_datapack__file110,76306,/PopupUpgradeArtifact/Body/BoxUpgrade/BoxMaterialSlots/SlotArtifactMaterial5/ItemArtifactUI,PopupUpgradeArtifact,ItemArtifactUI,False,10038,no_static_sprite_pptr_found
002_UnityDataAssetPack_datapack__file110,76348,/PopupUpgradeArtifact/Body/BoxUpgrade/BoxMaterialSlots/SlotArtifactMaterial8/ItemArtifactUI/Mask/ImageBgr,PopupUpgradeArtifact,ImageBgr,True,10070,no_static_sprite_pptr_found
002_UnityDataAssetPack_datapack__file110,76361,/PopupUpgradeArtifact/Body/BoxUpgrade/BoxMaterialSlots/SlotArtifactMaterial7/ItemArtifactUI/Mask/ImageBgr,PopupUpgradeArtifact,ImageBgr,True,10082,no_static_sprite_pptr_found
002_UnityDataAssetPack_datapack__file110,76399,/PopupFormationTest/PanelTop/PanelFormation/DropdownPet1/Template/Viewport/Content/Item/Item Background,PopupFormationTest,Item Background,True,10107,no_static_sprite_pptr_found
002_UnityDataAssetPack_datapack__file110,76414,/PopupUpgradeArtifact/Body/BoxUpgrade/BoxMaterialSlots/SlotArtifactMaterial8/ItemArtifactUI/Mask/Check,PopupUpgradeArtifact,Check,False,10116,no_static_sprite_pptr_found
002_UnityDataAssetPack_datapack__file110,76417,/PopupUpgradeArtifact/Body/BoxUpgrade/BoxMaterialSlots/SlotArtifactMaterial5/ItemArtifactUI/Mask/ImageBgr,PopupUpgradeArtifact,ImageBgr,True,10118,no_static_sprite_pptr_found
002_UnityDataAssetPack_datapack__file110,76430,/PopupUpgradeArtifact/Body/BoxUpgrade/BoxMaterialSlots/SlotArtifactMaterial8/ItemArtifactUI,PopupUpgradeArtifact,ItemArtifactUI,False,10125,no_static_sprite_pptr_found
002_UnityDataAssetPack_datapack__file110,76435,/PopupSelectGameItem/PanelBody/GameItemTick/ClickArea,PopupSelectGameItem,ClickArea,True,10129,no_static_sprite_pptr_found
002_UnityDataAssetPack_datapack__file110,76456,/PopupTutorialFK/Tap1/Image,PopupTutorialFK,Image,True,10142,no_static_sprite_pptr_found
002_UnityDataAssetPack_datapack__file110,76472,/PanelEasterPrayEvent/Bgr/PanelStatue/GroupStatue/ItemStatue (1)/SkinStatue,PanelEasterPrayEvent,SkinStatue,True,21568,no_static_sprite_pptr_found
002_UnityDataAssetPack_datapack__file110,76475,/PopupPlayerInfo/Content/Body/Lineup/HeroesLineup/BackLine/HeroHeadClickable6/HeroHeadUI/Mask/Lock,PopupPlayerInfo,Lock,False,15850,no_static_sprite_pptr_found
002_UnityDataAssetPack_datapack__file110,76483,/PopupPlayerInfo/Content/Body/Lineup/HeroesLineup/BackLine/HeroHeadClickable6/HeroHeadUI/HeroStar,PopupPlayerInfo,HeroStar,True,15844,no_static_sprite_pptr_found
002_UnityDataAssetPack_datapack__file110,76498,/PopupPlayerInfo/Content/Body/Lineup/HeroesLineup/BackLine/HeroHeadClickable6/HeroHeadUI/Mask/Check,PopupPlayerInfo,Check,False,15838,no_static_sprite_pptr_found
002_UnityDataAssetPack_datapack__file110,76504,/PopupPlayerInfo/Content/Body/Lineup/HeroesLineup/BackLine/HeroHeadClickable6/HeroHeadUI/Mask/Death,PopupPlayerInfo,Death,False,15863,no_static_sprite_pptr_found
002_UnityDataAssetPack_datapack__file110,76508,/PopupLuckySpinFK/Content/BoxSpin/Spin/Arcs/Arc8,PopupLuckySpinFK,Arc8,False,23455,no_static_sprite_pptr_found
002_UnityDataAssetPack_datapack__file110,76522,/PanelTravelEvent/BgrTrip/PanelChest/chest_4,PanelTravelEvent,chest_4,True,31034,no_static_sprite_pptr_found
002_UnityDataAssetPack_datapack__file110,76527,/PanelHeroInfo/RightPart/BoxInfo/PanelEnable/BoxEnable/SlotMaterial/HeroMaterial4/TagName,PanelHeroInfo,TagName,True,15902,no_static_sprite_pptr_found
002_UnityDataAssetPack_datapack__file110,76531,/PanelHeroInfo/RightPart/BoxInfo/PanelEnable/BoxEnable/SlotMaterial/HeroMaterial4/HeroStar,PanelHeroInfo,HeroStar,True,15882,no_static_sprite_pptr_found
002_UnityDataAssetPack_datapack__file110,76540,/PopupGuildBossTopDmg/Body/CellGuildBossDmg/GameItem1/GameItem1/ItemConsumableUI,PopupGuildBossTopDmg,ItemConsumableUI,False,15880,no_static_sprite_pptr_found
002_UnityDataAssetPack_datapack__file110,76559,/PopupGuildBossTopDmg/Body/CellGuildBossDmg/GameItem1/GameItem1/ItemConsumableUI/Mask/Check,PopupGuildBossTopDmg,Check,False,15885,no_static_sprite_pptr_found
002_UnityDataAssetPack_datapack__file110,76587,/GGEasterPrayEvent/Content/BoxStatues/GroupStatue/EasterStatue (2)/RootScale/GameItem/ItemEquipmentUI/Mask/Check,GGEasterPrayEvent,Check,False,15926,no_static_sprite_pptr_found
002_UnityDataAssetPack_datapack__file110,76588,/GGEasterPrayEvent/Content/BoxStatues/GroupStatue/EasterStatue (2)/RootScale/GameItem/ItemEquipmentUI,GGEasterPrayEvent,ItemEquipmentUI,False,15918,no_static_sprite_pptr_found
002_UnityDataAssetPack_datapack__file110,76600,/PopupDiceTarotCardFake,PopupDiceTarotCardFake,PopupDiceTarotCardFake,True,16208,no_static_sprite_pptr_found
002_UnityDataAssetPack_datapack__file110,76613,/PanelBrokenSpacesEvent2/Bgr/GroupStage/Stage6,PanelBrokenSpacesEvent2,Stage6,True,16161,no_static_sprite_pptr_found
002_UnityDataAssetPack_datapack__file110,76620,/TapPopupSettings,TapPopupSettings,TapPopupSettings,True,15738,no_static_sprite_pptr_found
002_UnityDataAssetPack_datapack__file110,76621,/TapPopupSettings,TapPopupSettings,TapPopupSettings,True,15739,no_static_sprite_pptr_found
002_UnityDataAssetPack_datapack__file110,76728,/PanelEasterPrayEvent/Bgr/PanelStatue/GroupStatue/ItemStatue (1)/SkinStatue/avatar_statue/GameItem/ItemAvatarUI,PanelEasterPrayEvent,ItemAvatarUI,True,15759,no_static_sprite_pptr_found
002_UnityDataAssetPack_datapack__file110,76755,/PopupMFStage/Content/ImageBody/GroupTop/BoxLineUp/Lineup/HeroesLineup/BackLine/MFHeroHead (4),PopupMFStage,MFHeroHead (4),True,22460,no_static_sprite_pptr_found
002_UnityDataAssetPack_datapack__file110,76765,/PopupUpgradeArtifact/Body/BoxUpgrade/BoxMaterialSlots/SlotArtifactMaterial2/ItemArtifactUI/Mask/Check,PopupUpgradeArtifact,Check,False,13863,no_static_sprite_pptr_found
002_UnityDataAssetPack_datapack__file110,76767,/PopupSettings,PopupSettings,PopupSettings,True,10169,no_static_sprite_pptr_found
002_UnityDataAssetPack_datapack__file110,76768,/PopupChangeLanguage,PopupChangeLanguage,PopupChangeLanguage,True,10170,no_static_sprite_pptr_found
002_UnityDataAssetPack_datapack__file110,76802,/PopupItemExchangeDetail/Bgr/Content/Info/GameItem/ItemConsumableUI,PopupItemExchangeDetail,ItemConsumableUI,True,13353,no_static_sprite_pptr_found
002_UnityDataAssetPack_datapack__file110,76821,/PopupHeroAwakenResult/Body/BoxSkill/BoxSkillDescFrom/SkillTitle/SkillIcon,PopupHeroAwakenResult,SkillIcon,True,11840,no_static_sprite_pptr_found
002_UnityDataAssetPack_datapack__file110,76844,/PopupFormationTest/PanelHeroList/PanelFilter/TabClass1,PopupFormationTest,TabClass1,True,10928,no_static_sprite_pptr_found
002_UnityDataAssetPack_datapack__file110,76850,/GGPackValueEvent/GGCellPackValue/ScrollRewards/Viewport,GGPackValueEvent,Viewport,True,10452,no_static_sprite_pptr_found
002_UnityDataAssetPack_datapack__file110,76851,/PanelPackValueEvent/CellPack/Scrollview/Viewport,PanelPackValueEvent,Viewport,True,10453,no_static_sprite_pptr_found
002_UnityDataAssetPack_datapack__file110,76874,/ItemSetEquip/GroupItem/ReqEquip/ItemEquipmentUI,ItemSetEquip,ItemEquipmentUI,False,15668,no_static_sprite_pptr_found
002_UnityDataAssetPack_datapack__file110,76879,/PopupUpgradeMine/Bgr/Content/BgrInfo/PanelLevelNext/IconMine2,PopupUpgradeMine,IconMine2,True,11578,no_static_sprite_pptr_found
002_UnityDataAssetPack_datapack__file110,76897,/GGGemExchangeEvent/CellGemExchange/Scrollview/Viewport,GGGemExchangeEvent,Viewport,True,12976,no_static_sprite_pptr_found
002_UnityDataAssetPack_datapack__file110,76898,/PanelExchangeGemEvent/CellExchangeGem/Scrollview/Viewport,PanelExchangeGemEvent,Viewport,True,12977,no_static_sprite_pptr_found
002_UnityDataAssetPack_datapack__file110,76907,/HeroHeadUI/Mask/Lock,HeroHeadUI,Lock,False,12822,no_static_sprite_pptr_found
002_UnityDataAssetPack_datapack__file110,76909,/PopupCheckin/Bgr/Decor/line,PopupCheckin,line,True,12023,no_static_sprite_pptr_found
002_UnityDataAssetPack_datapack__file110,76954,/PopupFriend/Bgr/Content/PanelContent/FriendList/ScrollListFriend/Viewport,PopupFriend,Viewport,True,13668,no_static_sprite_pptr_found
002_UnityDataAssetPack_datapack__file110,76957,/PopupUpgradeMine/Bgr/Content/BgrInfo/PanelLevelCurr/IconMine1,PopupUpgradeMine,IconMine1,True,10250,no_static_sprite_pptr_found
002_UnityDataAssetPack_datapack__file110,76959,/PopupHeroEquipmentInfo/Content/ImgBgr/GroupSet/Sets/ItemEquipmentUI3,PopupHeroEquipmentInfo,ItemEquipmentUI3,True,13386,no_static_sprite_pptr_found
002_UnityDataAssetPack_datapack__file110,76960,/PopupPet/BoxInfo/Tabs,PopupPet,Tabs,True,13444,no_static_sprite_pptr_found
002_UnityDataAssetPack_datapack__file110,76972,/PopupItemExchangeDetail/Bgr/Content/Info/GameItem/ItemEquipmentUI/ImageBorder,PopupItemExchangeDetail,ImageBorder,True,11311,no_static_sprite_pptr_found
002_UnityDataAssetPack_datapack__file110,76989,/PopupSelectPet/Content/ImageBody/BoxPets/CellPetSelection,PopupSelectPet,CellPetSelection,True,13452,no_static_sprite_pptr_found
002_UnityDataAssetPack_datapack__file110,77018,/PanelCheckinEvent/CellCheckinReward/GameItem/ItemShardUI,PanelCheckinEvent,ItemShardUI,False,11427,no_static_sprite_pptr_found
002_UnityDataAssetPack_datapack__file110,77030,/PopupGuildBossAttack/Body/BoxBoss/BossFrame/Clip/CanvasHero/ClickArea,PopupGuildBossAttack,ClickArea,True,10234,no_static_sprite_pptr_found
002_UnityDataAssetPack_datapack__file110,77031,/ItemVipExpUI,ItemVipExpUI,ItemVipExpUI,True,13553,no_static_sprite_pptr_found
002_UnityDataAssetPack_datapack__file110,77032,/ItemArtifactUI,ItemArtifactUI,ItemArtifactUI,True,13554,no_static_sprite_pptr_found
002_UnityDataAssetPack_datapack__file110,77041,/FactionRestrain/arrow3,FactionRestrain,arrow3,True,11923,no_static_sprite_pptr_found
002_UnityDataAssetPack_datapack__file110,77048,/PopupSendMail/Bgr,PopupSendMail,Bgr,True,11659,no_static_sprite_pptr_found
002_UnityDataAssetPack_datapack__file110,77055,/ButtonLineupAura/AuraActive,ButtonLineupAura,AuraActive,True,10546,no_static_sprite_pptr_found
002_UnityDataAssetPack_datapack__file110,77061,/PanelGroupEvent/Bgr_popup,PanelGroupEvent,Bgr_popup,False,14505,no_static_sprite_pptr_found
002_UnityDataAssetPack_datapack__file110,77099,/HeroesLineup/FrontLine/HeroHeadClickable1/HeroHeadUI/ImageBorder,HeroesLineup,ImageBorder,True,10294,no_static_sprite_pptr_found
002_UnityDataAssetPack_datapack__file110,77117,/PopupUseItemConsume,PopupUseItemConsume,PopupUseItemConsume,True,11250,no_static_sprite_pptr_found
002_UnityDataAssetPack_datapack__file110,77118,/PopupSummonShard,PopupSummonShard,PopupSummonShard,True,11251,no_static_sprite_pptr_found
002_UnityDataAssetPack_datapack__file110,77119,/PopupSellItem,PopupSellItem,PopupSellItem,True,11252,no_static_sprite_pptr_found
002_UnityDataAssetPack_datapack__file110,77132,/PopupFormation/PanelHeroList/PanelFilter/TabClass6,PopupFormation,TabClass6,True,12487,no_static_sprite_pptr_found
002_UnityDataAssetPack_datapack__file110,77148,/PopupCampaignReward,PopupCampaignReward,PopupCampaignReward,True,11638,no_static_sprite_pptr_found
002_UnityDataAssetPack_datapack__file110,77149,/PopupCampaignInfo,PopupCampaignInfo,PopupCampaignInfo,True,11639,no_static_sprite_pptr_found
002_UnityDataAssetPack_datapack__file110,77150,/PopupCampaignFirst,PopupCampaignFirst,PopupCampaignFirst,True,11640,no_static_sprite_pptr_found
002_UnityDataAssetPack_datapack__file110,77190,/PanelMonthCardEvent/BgrPopup,PanelMonthCardEvent,BgrPopup,False,14429,no_static_sprite_pptr_found
002_UnityDataAssetPack_datapack__file110,77193,/PopupBossIsland/Bgr,PopupBossIsland,Bgr,True,13062,no_static_sprite_pptr_found
002_UnityDataAssetPack_datapack__file110,77198,/PanelExchangeEquipEvent/CellExchangeEquip/GroupEquipReceive/ReceiveEquip (1)/ItemEquipmentUI/Mask/Check,PanelExchangeEquipEvent,Check,False,12589,no_static_sprite_pptr_found
002_UnityDataAssetPack_datapack__file110,77266,/PanelExchangeEquipEvent/CellExchangeEquip/GroupEquipReceive/ReceiveEquip (2)/ItemEquipmentUI,PanelExchangeEquipEvent,ItemEquipmentUI,False,11626,no_static_sprite_pptr_found
002_UnityDataAssetPack_datapack__file110,77267,/PopupPlayerInfo3/Content/Body/PlayerInfo/PlayerAvatar,PopupPlayerInfo3,PlayerAvatar,True,12384,no_static_sprite_pptr_found
002_UnityDataAssetPack_datapack__file110,77287,/PopupBxhEvent/Bgr,PopupBxhEvent,Bgr,True,10215,no_static_sprite_pptr_found
002_UnityDataAssetPack_datapack__file110,77292,/PopupUpgradeArtifact/Body/BoxUpgrade/BoxMaterialSlots/SlotArtifactMaterial3/ItemArtifactUI,PopupUpgradeArtifact,ItemArtifactUI,False,14450,no_static_sprite_pptr_found
002_UnityDataAssetPack_datapack__file110,77308,/WarTent,WarTent,WarTent,True,12614,no_static_sprite_pptr_found
002_UnityDataAssetPack_datapack__file110,77313,/ItemSetEquip/GroupItem/ReqEquip (2)/GroupMystique,ItemSetEquip,GroupMystique,True,13432,no_static_sprite_pptr_found
002_UnityDataAssetPack_datapack__file110,77315,/PopupFormationTest/PanelHeroList/PanelFilter/TabClass3,PopupFormationTest,TabClass3,True,12050,no_static_sprite_pptr_found
002_UnityDataAssetPack_datapack__file110,77334,/PopupHeroBriefInfo/Body/PanelPoint/HeroHeadUI/Mask/Check,PopupHeroBriefInfo,Check,False,11282,no_static_sprite_pptr_found
002_UnityDataAssetPack_datapack__file110,77337,/PopupEventRaid,PopupEventRaid,PopupEventRaid,True,10940,no_static_sprite_pptr_found
002_UnityDataAssetPack_datapack__file110,77350,/PanelHeroInfo/RightPart/BoxInfo/PanelEquipment/SlotStone/HeroStoneUI,PanelHeroInfo,HeroStoneUI,False,12872,no_static_sprite_pptr_found
002_UnityDataAssetPack_datapack__file110,77352,/PopupHeroAwakenResult/Body/BoxSkill/BoxSkillDescTo/SkillTitle/SkillIcon,PopupHeroAwakenResult,SkillIcon,True,14783,no_static_sprite_pptr_found
002_UnityDataAssetPack_datapack__file110,77360,/ItemConsumableUI,ItemConsumableUI,ItemConsumableUI,True,13173,no_static_sprite_pptr_found
002_UnityDataAssetPack_datapack__file110,77373,/PopupStoreAndBenefit/Bgr/Content/PanelBenefit/ImgBenefit/Scrollrect/Viewport/LayoutElement/ContentReward/ScrollrectBonus/Viewport,PopupStoreAndBenefit,Viewport,True,14245,no_static_sprite_pptr_found
002_UnityDataAssetPack_datapack__file110,77391,/PopupChatNew/Bgr,PopupChatNew,Bgr,True,10729,no_static_sprite_pptr_found
002_UnityDataAssetPack_datapack__file110,77408,/PopupSelectPet,PopupSelectPet,PopupSelectPet,True,12183,no_static_sprite_pptr_found
002_UnityDataAssetPack_datapack__file110,77455,/PopupFormation/PanelHeroList/PanelFilter/TabClass3,PopupFormation,TabClass3,True,14909,no_static_sprite_pptr_found
002_UnityDataAssetPack_datapack__file110,77460,/PopupPet/ImageBgr,PopupPet,ImageBgr,True,10329,no_static_sprite_pptr_found
002_UnityDataAssetPack_datapack__file110,77469,/HeroShadow,HeroShadow,HeroShadow,True,11889,no_static_sprite_pptr_found
002_UnityDataAssetPack_datapack__file110,77492,/HeroesLineup/FrontLine/HeroHeadClickable2/HeroHeadUI/Mask/Check,HeroesLineup,Check,False,12250,no_static_sprite_pptr_found
002_UnityDataAssetPack_datapack__file110,77548,/PanelFirstPurchaseEvent/Bgr/Scrollview/Viewport,PanelFirstPurchaseEvent,Viewport,True,14643,no_static_sprite_pptr_found
002_UnityDataAssetPack_datapack__file110,77549,/GGEquipmentExchangeEvent/BgrPopup,GGEquipmentExchangeEvent,BgrPopup,True,10527,no_static_sprite_pptr_found
002_UnityDataAssetPack_datapack__file110,77550,/PanelExchangeEquipEvent/BgrPopup,PanelExchangeEquipEvent,BgrPopup,False,10528,no_static_sprite_pptr_found
002_UnityDataAssetPack_datapack__file110,77559,/PopupChatNew/AnchorLeft/Content/BoxChatScroll/Scrollrect/Viewport,PopupChatNew,Viewport,True,10311,no_static_sprite_pptr_found
002_UnityDataAssetPack_datapack__file110,77568,/PopupTextInput,PopupTextInput,PopupTextInput,True,15591,no_static_sprite_pptr_found
002_UnityDataAssetPack_datapack__file110,77569,/PopupTestKeyboard,PopupTestKeyboard,PopupTestKeyboard,True,15592,no_static_sprite_pptr_found
002_UnityDataAssetPack_datapack__file110,77629,/PopupShop,PopupShop,PopupShop,True,14149,no_static_sprite_pptr_found
002_UnityDataAssetPack_datapack__file110,77630,/PopupBuyItem,PopupBuyItem,PopupBuyItem,True,14150,no_static_sprite_pptr_found
002_UnityDataAssetPack_datapack__file110,77631,/PopupBuyItemFake,PopupBuyItemFake,PopupBuyItemFake,True,14151,no_static_sprite_pptr_found
002_UnityDataAssetPack_datapack__file110,77638,/HeroesLineup/BackLine/HeroHeadClickable5/HeroHeadUI/Mask/Check,HeroesLineup,Check,False,10187,no_static_sprite_pptr_found
002_UnityDataAssetPack_datapack__file110,77650,/PanelDiscountItemEvent/Bgr/BoxGameEventInfo/PanelInfo/GroupButton/ButtonBxh,PanelDiscountItemEvent,ButtonBxh,True,13610,no_static_sprite_pptr_found
002_UnityDataAssetPack_datapack__file110,77672,/PopupGuildWarPlayerInfo/Content/Body/WarStatus,PopupGuildWarPlayerInfo,WarStatus,True,15527,no_static_sprite_pptr_found
002_UnityDataAssetPack_datapack__file110,77717,/PopupBxhEvent/Bgr/Content/CellBxh/ImageFeat,PopupBxhEvent,ImageFeat,True,10549,no_static_sprite_pptr_found
002_UnityDataAssetPack_datapack__file110,77721,/PopupGuildRename,PopupGuildRename,PopupGuildRename,True,10716,no_static_sprite_pptr_found
002_UnityDataAssetPack_datapack__file110,77722,/PopupPlayerInfo,PopupPlayerInfo,PopupPlayerInfo,True,10717,no_static_sprite_pptr_found
002_UnityDataAssetPack_datapack__file110,77723,/PopupShowGameItems,PopupShowGameItems,PopupShowGameItems,True,10718,no_static_sprite_pptr_found
002_UnityDataAssetPack_datapack__file110,77724,/PopupChangeAvatar,PopupChangeAvatar,PopupChangeAvatar,True,10719,no_static_sprite_pptr_found
002_UnityDataAssetPack_datapack__file110,77725,/PopupRename,PopupRename,PopupRename,True,10720,no_static_sprite_pptr_found
002_UnityDataAssetPack_datapack__file110,77726,/PopupLevelUp,PopupLevelUp,PopupLevelUp,True,10721,no_static_sprite_pptr_found
002_UnityDataAssetPack_datapack__file110,77727,/PopupMaintenance,PopupMaintenance,PopupMaintenance,True,10722,no_static_sprite_pptr_found
002_UnityDataAssetPack_datapack__file110,77728,/PopupShowGameItems2,PopupShowGameItems2,PopupShowGameItems2,True,10723,no_static_sprite_pptr_found
002_UnityDataAssetPack_datapack__file110,77747,/HeroesLineup/FrontLine/HeroHeadClickable2/HeroHeadUI/Mask/ImageHead,HeroesLineup,ImageHead,True,11295,no_static_sprite_pptr_found
002_UnityDataAssetPack_datapack__file110,77764,/PopupGuildSkill/Body/BoxDetail/Image,PopupGuildSkill,Image,True,14710,no_static_sprite_pptr_found
002_UnityDataAssetPack_datapack__file110,77788,/HeroReplace/ClickArea,HeroReplace,ClickArea,True,11631,no_static_sprite_pptr_found
002_UnityDataAssetPack_datapack__file110,77841,/PanelCheckinEvent/Bgr/BoxGameEventInfo/PanelInfo/GroupButton/ButtonHelp,PanelCheckinEvent,ButtonHelp,True,10555,no_static_sprite_pptr_found
002_UnityDataAssetPack_datapack__file110,77878,/PanelExchangeEquipEvent/CellExchangeEquip/GroupEquipReceive/ReceiveEquip (1)/ItemEquipmentUI,PanelExchangeEquipEvent,ItemEquipmentUI,False,13812,no_static_sprite_pptr_found
002_UnityDataAssetPack_datapack__file110,77892,/PopupGiftCode/Bgr,PopupGiftCode,Bgr,True,10472,no_static_sprite_pptr_found
002_UnityDataAssetPack_datapack__file110,77918,/PopupMiLi/Bgr,PopupMiLi,Bgr,True,10709,no_static_sprite_pptr_found
002_UnityDataAssetPack_datapack__file110,77919,/GGShelterMissionEvent/Content/ImageBgr,GGShelterMissionEvent,ImageBgr,True,14731,no_static_sprite_pptr_found
002_UnityDataAssetPack_datapack__file110,77920,/PanelShelterMissionEvent/BgrPopup,PanelShelterMissionEvent,BgrPopup,False,14732,no_static_sprite_pptr_found
002_UnityDataAssetPack_datapack__file110,77939,/HeroesLineup/BackLine/HeroHeadClickable4/HeroHeadUI/ImageBorder,HeroesLineup,ImageBorder,True,12580,no_static_sprite_pptr_found
002_UnityDataAssetPack_datapack__file110,77991,/PopupHeroEquipmentInfo/Content/ImgBgr/GroupSet/Sets/ItemEquipmentUI2/Mask/Check,PopupHeroEquipmentInfo,Check,False,10871,no_static_sprite_pptr_found
002_UnityDataAssetPack_datapack__file110,77992,/SlotHeroQuest/HeroHeadUI/Mask/ImageHead,SlotHeroQuest,ImageHead,True,13331,no_static_sprite_pptr_found
002_UnityDataAssetPack_datapack__file110,78015,/PopupHeroEquipmentInfo/Content/ImgBgr/GroupSet/Sets/ItemEquipmentUI1,PopupHeroEquipmentInfo,ItemEquipmentUI1,True,15666,no_static_sprite_pptr_found
002_UnityDataAssetPack_datapack__file110,78031,/PanelHeroList/PanelFilter/TabClass4,PanelHeroList,TabClass4,True,12082,no_static_sprite_pptr_found
002_UnityDataAssetPack_datapack__file110,78047,/PanelHeroList/PanelFilter/TabClass6,PanelHeroList,TabClass6,True,12184,no_static_sprite_pptr_found
002_UnityDataAssetPack_datapack__file110,78050,/PopupMFStage/Content/ImageBody/GroupTop,PopupMFStage,GroupTop,True,10590,no_static_sprite_pptr_found
002_UnityDataAssetPack_datapack__file110,78051,/PopupBravePlayer/Content/ImageBody/Top,PopupBravePlayer,Top,True,10591,no_static_sprite_pptr_found
002_UnityDataAssetPack_datapack__file110,78055,/PopupFormation/PanelTop/ImageBody/BoxAura/BoxAuraDetail/AuraTitle/ButtonLineupAura,PopupFormation,ButtonLineupAura,True,13071,no_static_sprite_pptr_found
002_UnityDataAssetPack_datapack__file110,78078,/PetHeadDragDrop/PetHeadUI/Mask/ImageHeadPet,PetHeadDragDrop,ImageHeadPet,True,10877,no_static_sprite_pptr_found
002_UnityDataAssetPack_datapack__file110,78102,/HeroReplace/StandingBase,HeroReplace,StandingBase,True,14007,no_static_sprite_pptr_found
002_UnityDataAssetPack_datapack__file110,78130,/PopupBraveReward/PanelBody/GroupChest/ChestBraveReward5,PopupBraveReward,ChestBraveReward5,True,13982,no_static_sprite_pptr_found
002_UnityDataAssetPack_datapack__file110,78137,/PopupMakeBuilding/Bgr,PopupMakeBuilding,Bgr,True,12377,no_static_sprite_pptr_found
002_UnityDataAssetPack_datapack__file110,78228,/PanelExchangeEquipEvent/CellExchangeEquip/GroupReqEquip/ReqEquip (2)/ItemEquipmentUI/Mask/Check,PanelExchangeEquipEvent,Check,False,14257,no_static_sprite_pptr_found
002_UnityDataAssetPack_datapack__file110,78229,/PopupFormation2/PanelHeroList/PanelFilter/TabClass6,PopupFormation2,TabClass6,True,12563,no_static_sprite_pptr_found
002_UnityDataAssetPack_datapack__file110,78230,/PopupFormation3/PanelHeroList/PanelFilter/TabClass6,PopupFormation3,TabClass6,True,12564,no_static_sprite_pptr_found
002_UnityDataAssetPack_datapack__file110,78250,/PopupBraveReward/PanelBody/GroupChest/ChestBraveReward1,PopupBraveReward,ChestBraveReward1,True,13254,no_static_sprite_pptr_found
002_UnityDataAssetPack_datapack__file110,78252,/PopupUpgradeArtifact/Body/BoxUpgrade/BoxMaterialSlots/SlotArtifactMaterial2/ItemArtifactUI,PopupUpgradeArtifact,ItemArtifactUI,False,10652,no_static_sprite_pptr_found
002_UnityDataAssetPack_datapack__file110,78258,/PopupItemExchangeDetail/Bgr/Content/Info/GameItem/ItemArtifactUI/Mask/Check,PopupItemExchangeDetail,Check,False,14047,no_static_sprite_pptr_found
002_UnityDataAssetPack_datapack__file110,78275,/PopupCreateGuild,PopupCreateGuild,PopupCreateGuild,True,12996,no_static_sprite_pptr_found
002_UnityDataAssetPack_datapack__file110,78276,/PopupEditGuild,PopupEditGuild,PopupEditGuild,True,12997,no_static_sprite_pptr_found
002_UnityDataAssetPack_datapack__file110,78277,/PopupGuildHall,PopupGuildHall,PopupGuildHall,True,12998,no_static_sprite_pptr_found
002_UnityDataAssetPack_datapack__file110,78278,/PopupArenaBattleRecord,PopupArenaBattleRecord,PopupArenaBattleRecord,True,12999,no_static_sprite_pptr_found
002_UnityDataAssetPack_datapack__file110,78279,/PopupArenaRival,PopupArenaRival,PopupArenaRival,True,13000,no_static_sprite_pptr_found
002_UnityDataAssetPack_datapack__file110,78290,/PopupSafeArea,PopupSafeArea,PopupSafeArea,True,13116,no_static_sprite_pptr_found
002_UnityDataAssetPack_datapack__file110,78321,/HeroesLineup/FrontLine/HeroHeadClickable3/HeroHeadUI/Mask/ImageHead,HeroesLineup,ImageHead,True,10585,no_static_sprite_pptr_found
002_UnityDataAssetPack_datapack__file110,78379,/PanelExchangeEquipEvent/CellExchangeEquip/GroupReqEquip/ReqEquip/ItemEquipmentUI/Mask/Check,PanelExchangeEquipEvent,Check,False,15128,no_static_sprite_pptr_found
002_UnityDataAssetPack_datapack__file110,78422,/PanelCheckinEvent/BgrPopup,PanelCheckinEvent,BgrPopup,False,15578,no_static_sprite_pptr_found
002_UnityDataAssetPack_datapack__file110,78435,/PopupCheckin/Bgr/Decor/right,PopupCheckin,right,True,10946,no_static_sprite_pptr_found
002_UnityDataAssetPack_datapack__file110,78449,/PopupGuildBossTopDmg,PopupGuildBossTopDmg,PopupGuildBossTopDmg,True,10504,no_static_sprite_pptr_found
002_UnityDataAssetPack_datapack__file110,78462,/PanelCheckinEvent/CellCheckinReward/GameItem/ItemEquipmentUI,PanelCheckinEvent,ItemEquipmentUI,False,14588,no_static_sprite_pptr_found
002_UnityDataAssetPack_datapack__file110,78469,/PopupSelectPet/Content/ImageBody/BoxPets/CellPetSelection/GoCheck,PopupSelectPet,GoCheck,False,13695,no_static_sprite_pptr_found
002_UnityDataAssetPack_datapack__file110,78498,/PopupItemExchangeDetail/Bgr,PopupItemExchangeDetail,Bgr,True,11201,no_static_sprite_pptr_found
002_UnityDataAssetPack_datapack__file110,78500,/PopupFormation/PanelHeroList/PanelFilter/TabClass2,PopupFormation,TabClass2,True,15339,no_static_sprite_pptr_found
002_UnityDataAssetPack_datapack__file110,78525,/HeroHeadUI/HeroStar,HeroHeadUI,HeroStar,True,11993,no_static_sprite_pptr_found
002_UnityDataAssetPack_datapack__file110,78563,/PanelHeroInfo/RightPart/BoxInfo/Tabs,PanelHeroInfo,Tabs,True,10160,no_static_sprite_pptr_found
002_UnityDataAssetPack_datapack__file110,78573,/PanelBrokenSpacesEvent/Bgr/ScrollViewReward/Viewport,PanelBrokenSpacesEvent,Viewport,True,10445,no_static_sprite_pptr_found
002_UnityDataAssetPack_datapack__file110,78576,/PanelCheckinEvent/CellCheckinReward/GameItem/ItemArtifactUI,PanelCheckinEvent,ItemArtifactUI,False,15389,no_static_sprite_pptr_found
002_UnityDataAssetPack_datapack__file110,78592,/ButtonHeadlineEvent,ButtonHeadlineEvent,ButtonHeadlineEvent,True,13939,no_static_sprite_pptr_found
002_UnityDataAssetPack_datapack__file110,78600,/PopupBuyDaffodil/Bgr/Content/GameItem/ItemConsumableUI,PopupBuyDaffodil,ItemConsumableUI,True,14129,no_static_sprite_pptr_found
002_UnityDataAssetPack_datapack__file110,78610,/ButtonHeadlineEvent/ImageIcon,ButtonHeadlineEvent,ImageIcon,True,12586,no_static_sprite_pptr_found
002_UnityDataAssetPack_datapack__file110,78613,/PopupTowerLevelInfo/PanelBody/BoxReward/GroupReward/ItemPromoStone/Mask/Check,PopupTowerLevelInfo,Check,False,15683,no_static_sprite_pptr_found
002_UnityDataAssetPack_datapack__file110,78628,/PopupSelectPet/Content/ImageBody/BoxPets/CellPetSelection/ImagePet,PopupSelectPet,ImagePet,True,13725,no_static_sprite_pptr_found
002_UnityDataAssetPack_datapack__file110,78640,/HeroesLineup/FrontLine/HeroHeadClickable3/HeroHeadUI/Mask/Check,HeroesLineup,Check,False,15561,no_static_sprite_pptr_found
002_UnityDataAssetPack_datapack__file110,78668,/SlotHeroQuest/HeroHeadUI/Mask/Check,SlotHeroQuest,Check,False,14717,no_static_sprite_pptr_found
002_UnityDataAssetPack_datapack__file110,78679,/PopupTowerLevelInfo/PanelBody/BoxReward/GroupReward/ItemGold,PopupTowerLevelInfo,ItemGold,True,12035,no_static_sprite_pptr_found
002_UnityDataAssetPack_datapack__file110,78700,/PopupChangeAvatar/Body/BoxAvatars/CellAvatar,PopupChangeAvatar,CellAvatar,False,14407,no_static_sprite_pptr_found
002_UnityDataAssetPack_datapack__file110,78707,/PopupFriend/Bgr/Content/PanelContent/FriendListApply/ScrollListApply/Viewport,PopupFriend,Viewport,True,14745,no_static_sprite_pptr_found
002_UnityDataAssetPack_datapack__file110,78727,/PopupItemExchangeDetail/Bgr/Content/Info/GameItem/ItemShardUI/Mask/Check,PopupItemExchangeDetail,Check,False,10459,no_static_sprite_pptr_found
002_UnityDataAssetPack_datapack__file110,78741,/PanelExchangeEquipEvent/CellExchangeEquip/GroupReqEquip/ReqEquip (1)/ItemEquipmentUI,PanelExchangeEquipEvent,ItemEquipmentUI,False,15406,no_static_sprite_pptr_found
002_UnityDataAssetPack_datapack__file110,78747,/PopupItemExchangeDetail/Bgr/Content/Info/GameItem/ItemArtifactUI/Mask/ImageItem,PopupItemExchangeDetail,ImageItem,True,10219,no_static_sprite_pptr_found
002_UnityDataAssetPack_datapack__file110,78776,/ItemPotionDungeon,ItemPotionDungeon,ItemPotionDungeon,True,12335,no_static_sprite_pptr_found
002_UnityDataAssetPack_datapack__file110,78783,/PopupCheckin/Bgr/ScrollViewReward/Viewport,PopupCheckin,Viewport,True,12946,no_static_sprite_pptr_found
002_UnityDataAssetPack_datapack__file110,78786,/PopupBraveReward/PanelBody/GroupChest/ChestBraveReward4,PopupBraveReward,ChestBraveReward4,True,10502,no_static_sprite_pptr_found
002_UnityDataAssetPack_datapack__file110,78808,/PopupTarvenQuest,PopupTarvenQuest,PopupTarvenQuest,True,11932,no_static_sprite_pptr_found
002_UnityDataAssetPack_datapack__file110,78844,/PanelItemExchangeEvent/BgrPopup,PanelItemExchangeEvent,BgrPopup,False,14824,no_static_sprite_pptr_found
002_UnityDataAssetPack_datapack__file110,78845,/GGItemExchangeEvent/ImageBgr,GGItemExchangeEvent,ImageBgr,True,14825,no_static_sprite_pptr_found
002_UnityDataAssetPack_datapack__file110,78858,/PopupAllStarsReward/ImageBgr/Content/RewardContent/TabCrystalCrown,PopupAllStarsReward,TabCrystalCrown,True,11553,no_static_sprite_pptr_found
002_UnityDataAssetPack_datapack__file110,78878,/Panel7DaysLoginEvent/Bgr/BoxGameEventInfo/PanelInfo/GroupButton/ButtonHelp,Panel7DaysLoginEvent,ButtonHelp,True,10831,no_static_sprite_pptr_found
002_UnityDataAssetPack_datapack__file110,78893,/BraveTrialStage,BraveTrialStage,BraveTrialStage,True,10369,no_static_sprite_pptr_found
002_UnityDataAssetPack_datapack__file110,78904,/PanelEventTemp/Bgr/BoxGameEventInfo/PanelInfo/GroupButton/ButtonReward,PanelEventTemp,ButtonReward,True,13922,no_static_sprite_pptr_found
002_UnityDataAssetPack_datapack__file110,78924,/PopupUpgradeDaffodil/Bgr,PopupUpgradeDaffodil,Bgr,True,13016,no_static_sprite_pptr_found
002_UnityDataAssetPack_datapack__file110,78946,/PopupRewardTrailOfChampion/Bgr/Content/GroupContent/Viewport,PopupRewardTrailOfChampion,Viewport,True,12475,no_static_sprite_pptr_found
002_UnityDataAssetPack_datapack__file110,78972,/PopupChangeAvatar/Body/BoxAvatars/ScrollView/Viewport,PopupChangeAvatar,Viewport,True,15062,no_static_sprite_pptr_found
002_UnityDataAssetPack_datapack__file110,78996,/PanelGrowthFundEventV2/Bgr/ScrollViewReward/Viewport,PanelGrowthFundEventV2,Viewport,True,11455,no_static_sprite_pptr_found
002_UnityDataAssetPack_datapack__file110,78997,/PanelGrowthFundEvent/Bgr/ScrollViewReward/Viewport,PanelGrowthFundEvent,Viewport,True,11456,no_static_sprite_pptr_found
002_UnityDataAssetPack_datapack__file110,78998,/GGGrowthFundEventV2/ScrollViewReward/Viewport,GGGrowthFundEventV2,Viewport,True,11457,no_static_sprite_pptr_found
002_UnityDataAssetPack_datapack__file110,79001,/PopupHeroEquipmentInfo/Content/ImgBgr/GroupSet/Sets/ItemEquipmentUI3/Mask/Check,PopupHeroEquipmentInfo,Check,False,13290,no_static_sprite_pptr_found
002_UnityDataAssetPack_datapack__file110,79041,/FactionRestrain/arrow6,FactionRestrain,arrow6,True,11056,no_static_sprite_pptr_found
002_UnityDataAssetPack_datapack__file110,79046,/PanelCheckinEvent/CellCheckinReward/GameItem/ItemConsumableUI,PanelCheckinEvent,ItemConsumableUI,True,11398,no_static_sprite_pptr_found
002_UnityDataAssetPack_datapack__file110,79053,/HeroesLineup/BackLine/HeroHeadClickable6/HeroHeadUI/HeroStar,HeroesLineup,HeroStar,True,11231,no_static_sprite_pptr_found
002_UnityDataAssetPack_datapack__file110,79092,/PopupCheckin/BgrPopup,PopupCheckin,BgrPopup,True,14844,no_static_sprite_pptr_found
002_UnityDataAssetPack_datapack__file110,79099,/PopupNotify/Bgr/Content/ContentNotify/Viewport,PopupNotify,Viewport,True,15667,no_static_sprite_pptr_found
002_UnityDataAssetPack_datapack__file110,79108,/PopupCheckin/Bgr/Decor/left,PopupCheckin,left,True,14668,no_static_sprite_pptr_found
002_UnityDataAssetPack_datapack__file110,79126,/PanelTopRacingEvent/Bgr/ScrollViewReward/Viewport,PanelTopRacingEvent,Viewport,True,11495,no_static_sprite_pptr_found
002_UnityDataAssetPack_datapack__file110,79148,/PopupItemExchangeDetail/Bgr/Content/Info/GameItem/ItemEquipmentUI,PopupItemExchangeDetail,ItemEquipmentUI,True,14393,no_static_sprite_pptr_found
002_UnityDataAssetPack_datapack__file110,79165,/PanelEventTemp/Bgr/BoxGameEventInfo/PanelInfo/Feat/ImgFeat,PanelEventTemp,ImgFeat,True,14493,no_static_sprite_pptr_found
002_UnityDataAssetPack_datapack__file110,79197,/PopupBossIsland/Bgr/Content/Image/Image/PanelBoss/Viewport,PopupBossIsland,Viewport,True,12030,no_static_sprite_pptr_found
002_UnityDataAssetPack_datapack__file110,79236,/PopupGuildSkill/Body/BoxTech/ButtonTechSkill2,PopupGuildSkill,ButtonTechSkill2,True,13763,no_static_sprite_pptr_found
002_UnityDataAssetPack_datapack__file110,79251,/PopupChatNew/AnchorLeft/Content/BoxChatScroll/ItemChatMe,PopupChatNew,ItemChatMe,True,11918,no_static_sprite_pptr_found
002_UnityDataAssetPack_datapack__file110,79258,/ItemEquipmentUI/Mask/Check,ItemEquipmentUI,Check,False,13617,no_static_sprite_pptr_found
002_UnityDataAssetPack_datapack__file110,79268,/PopupItemExchangeDetail/Bgr/Content/Info/GameItem/ItemArtifactUI/Mask/ImageBgr,PopupItemExchangeDetail,ImageBgr,True,12712,no_static_sprite_pptr_found
002_UnityDataAssetPack_datapack__file110,79273,/PopupSelectServer,PopupSelectServer,PopupSelectServer,True,14650,no_static_sprite_pptr_found
002_UnityDataAssetPack_datapack__file110,79276,/PopupAllStarsFinal,PopupAllStarsFinal,PopupAllStarsFinal,True,11763,no_static_sprite_pptr_found
002_UnityDataAssetPack_datapack__file110,79277,/PopupAllStarsTop2,PopupAllStarsTop2,PopupAllStarsTop2,True,11764,no_static_sprite_pptr_found
002_UnityDataAssetPack_datapack__file110,79278,/PopupAllStarsTop4,PopupAllStarsTop4,PopupAllStarsTop4,True,11765,no_static_sprite_pptr_found
002_UnityDataAssetPack_datapack__file110,79279,/PopupAllStarsResult,PopupAllStarsResult,PopupAllStarsResult,True,11766,no_static_sprite_pptr_found
002_UnityDataAssetPack_datapack__file110,79280,/PopupAllStarsTop8,PopupAllStarsTop8,PopupAllStarsTop8,True,11767,no_static_sprite_pptr_found
002_UnityDataAssetPack_datapack__file110,79328,/PanelShelterMissionEvent/Bgr/BoxGameEventInfo/PanelInfo/GroupButton/ButtonReward,PanelShelterMissionEvent,ButtonReward,True,11957,no_static_sprite_pptr_found
002_UnityDataAssetPack_datapack__file110,79329,/PopupMFStage,PopupMFStage,PopupMFStage,True,11186,no_static_sprite_pptr_found
002_UnityDataAssetPack_datapack__file110,79330,/PopupBravePlayer,PopupBravePlayer,PopupBravePlayer,True,11187,no_static_sprite_pptr_found
002_UnityDataAssetPack_datapack__file110,79331,/HeroesLineup/BackLine/HeroHeadClickable6/HeroHeadUI/Mask/ImageHead,HeroesLineup,ImageHead,True,14181,no_static_sprite_pptr_found
002_UnityDataAssetPack_datapack__file110,79332,/PopupInvitationList/Bgr,PopupInvitationList,Bgr,True,13361,no_static_sprite_pptr_found
002_UnityDataAssetPack_datapack__file110,79354,/ItemEquipmentUI,ItemEquipmentUI,ItemEquipmentUI,True,15575,no_static_sprite_pptr_found
002_UnityDataAssetPack_datapack__file110,79362,/PopupGuildSkill/Body/BoxTech/ButtonTechSkill7,PopupGuildSkill,ButtonTechSkill7,True,12634,no_static_sprite_pptr_found
002_UnityDataAssetPack_datapack__file110,79385,/PopupHeroBriefInfo/Body/PanelPoint/HeroHeadUI/Mask/Death,PopupHeroBriefInfo,Death,False,12875,no_static_sprite_pptr_found
002_UnityDataAssetPack_datapack__file110,79387,/GGShelterMissionEvent/Content/GroupHeroes/SlotHeroShelter,GGShelterMissionEvent,SlotHeroShelter,True,14829,no_static_sprite_pptr_found
002_UnityDataAssetPack_datapack__file110,79388,/PanelShelterMissionEvent/Bgr/ScrollViewReward/SlotHero,PanelShelterMissionEvent,SlotHero,False,14830,no_static_sprite_pptr_found
002_UnityDataAssetPack_datapack__file110,79424,/PanelPrepareScene,PanelPrepareScene,PanelPrepareScene,True,12084,no_static_sprite_pptr_found
002_UnityDataAssetPack_datapack__file110,79425,/PopupUpgradeMine/Bgr,PopupUpgradeMine,Bgr,True,13501,no_static_sprite_pptr_found
002_UnityDataAssetPack_datapack__file110,79431,/PopupMailBox,PopupMailBox,PopupMailBox,True,12887,no_static_sprite_pptr_found
002_UnityDataAssetPack_datapack__file110,79433,/PanelEventTemp/Bgr/BoxGameEventInfo/PanelInfo/GroupButton/ButtonHelp,PanelEventTemp,ButtonHelp,True,15353,no_static_sprite_pptr_found
002_UnityDataAssetPack_datapack__file110,79460,/PopupUpgradeArtifact/Body/BoxUpgrade/BoxMaterialSlots/SlotArtifactMaterial1/ItemArtifactUI/Mask/Check,PopupUpgradeArtifact,Check,False,11026,no_static_sprite_pptr_found
002_UnityDataAssetPack_datapack__file110,79467,/Panel7DaysLoginEvent/Bgr/ScrollViewReward/Viewport,Panel7DaysLoginEvent,Viewport,True,11340,no_static_sprite_pptr_found
002_UnityDataAssetPack_datapack__file110,79471,/PanelDiscountItemEvent/CellDiscountItemReward/Scrollview/Viewport,PanelDiscountItemEvent,Viewport,True,14562,no_static_sprite_pptr_found
002_UnityDataAssetPack_datapack__file110,79502,/HeroesLineup/FrontLine/HeroHeadClickable3/HeroHeadUI/HeroStar,HeroesLineup,HeroStar,True,12156,no_static_sprite_pptr_found
002_UnityDataAssetPack_datapack__file110,79522,/PanelCheckinEvent/CellCheckinReward/GameItem/HeroHeadClickable/HeroHeadUI/HeroStar,PanelCheckinEvent,HeroStar,True,10785,no_static_sprite_pptr_found
002_UnityDataAssetPack_datapack__file110,79529,/PopupUpgradeArtifact/Body/BoxUpgrade/BoxMaterialSlots/SlotArtifactMaterial1/ItemArtifactUI,PopupUpgradeArtifact,ItemArtifactUI,False,12122,no_static_sprite_pptr_found
002_UnityDataAssetPack_datapack__file110,79620,/ItemSetEquip/GroupItem/ReqEquip (2)/ItemEquipmentUI,ItemSetEquip,ItemEquipmentUI,False,12199,no_static_sprite_pptr_found
002_UnityDataAssetPack_datapack__file110,79639,/PopupBattleDetail/Body/CellDetailBattleAttacker/PetHeadUI/Mask/ImageHeadPet,PopupBattleDetail,ImageHeadPet,True,11536,no_static_sprite_pptr_found
002_UnityDataAssetPack_datapack__file110,79667,/PopupFriend/Bgr/Content/PanelContent/FriendApply/Scroll/Viewport,PopupFriend,Viewport,True,11893,no_static_sprite_pptr_found
002_UnityDataAssetPack_datapack__file110,79702,/PopupFormation2/PanelHeroList/PanelFilter/TabClass1,PopupFormation2,TabClass1,True,11677,no_static_sprite_pptr_found
002_UnityDataAssetPack_datapack__file110,79703,/PopupFormation3/PanelHeroList/PanelFilter/TabClass1,PopupFormation3,TabClass1,True,11678,no_static_sprite_pptr_found
002_UnityDataAssetPack_datapack__file110,79735,/PopupShowRewards/Bgr/Content/PanelReward/ScrollReward1/Viewport,PopupShowRewards,Viewport,True,14517,no_static_sprite_pptr_found
002_UnityDataAssetPack_datapack__file110,79752,/PlayerAvatar,PlayerAvatar,PlayerAvatar,True,11078,no_static_sprite_pptr_found
002_UnityDataAssetPack_datapack__file110,79757,/HeroesLineup/FrontLine/HeroHeadClickable1/HeroHeadUI/HeroStar,HeroesLineup,HeroStar,True,13320,no_static_sprite_pptr_found
002_UnityDataAssetPack_datapack__file110,79762,/PanelDiscountItemEvent/Bgr/BoxGameEventInfo/PanelInfo/GroupButton/ButtonHelp,PanelDiscountItemEvent,ButtonHelp,True,13857,no_static_sprite_pptr_found
002_UnityDataAssetPack_datapack__file110,79763,/PanelHeroInfo/PanelHeroList/PanelFilter/TabClass5,PanelHeroInfo,TabClass5,True,13607,no_static_sprite_pptr_found
002_UnityDataAssetPack_datapack__file110,79779,/PopupGuildWarLog,PopupGuildWarLog,PopupGuildWarLog,True,12386,no_static_sprite_pptr_found
002_UnityDataAssetPack_datapack__file110,79780,/PopupGuildWarHistory,PopupGuildWarHistory,PopupGuildWarHistory,True,12387,no_static_sprite_pptr_found
002_UnityDataAssetPack_datapack__file110,79781,/HeroesLineup/FrontLine/HeroHeadClickable2/HeroHeadUI/ImageBorder,HeroesLineup,ImageBorder,True,11306,no_static_sprite_pptr_found
002_UnityDataAssetPack_datapack__file110,79825,/PanelExchangeEquipEvent/CellExchangeEquip/GroupEquipReceive/ReceiveEquip/ItemEquipmentUI/Mask/Check,PanelExchangeEquipEvent,Check,False,15383,no_static_sprite_pptr_found
002_UnityDataAssetPack_datapack__file110,79848,/PopupSettings/Body/PanelHelp/ContentNotify/Viewport,PopupSettings,Viewport,True,13034,no_static_sprite_pptr_found
002_UnityDataAssetPack_datapack__file110,79859,/ItemShardUI2/Mask/Check,ItemShardUI2,Check,False,14308,no_static_sprite_pptr_found
002_UnityDataAssetPack_datapack__file110,79866,/ButtonTechSkill/ImageOn,ButtonTechSkill,ImageOn,True,11667,no_static_sprite_pptr_found
002_UnityDataAssetPack_datapack__file110,79887,/PopupTowerLevelInfo,PopupTowerLevelInfo,PopupTowerLevelInfo,True,14476,no_static_sprite_pptr_found
002_UnityDataAssetPack_datapack__file110,79951,/PanelExchangeEquipEvent/CellExchangeEquip/GroupEquipReceive/ReceiveEquip (2)/ItemEquipmentUI/Mask/Check,PanelExchangeEquipEvent,Check,False,13786,no_static_sprite_pptr_found
002_UnityDataAssetPack_datapack__file110,79979,/PopupUpgradeArtifact/Body/BoxUpgrade/BoxMaterialSlots/SlotArtifactMaterial1/ItemArtifactUI/Mask/ImageBgr,PopupUpgradeArtifact,ImageBgr,True,11925,no_static_sprite_pptr_found
002_UnityDataAssetPack_datapack__file110,79982,/PanelTopRacingEvent/BgrPopup,PanelTopRacingEvent,BgrPopup,False,14973,no_static_sprite_pptr_found
002_UnityDataAssetPack_datapack__file110,80003,/HeroesLineup/BackLine/HeroHeadClickable6/HeroHeadUI/Mask/Check,HeroesLineup,Check,False,10662,no_static_sprite_pptr_found
002_UnityDataAssetPack_datapack__file110,80014,/PanelDiscountItemEvent/CellDiscountItemReward/PanelCost/BasePrice/line,PanelDiscountItemEvent,line,True,15165,no_static_sprite_pptr_found
002_UnityDataAssetPack_datapack__file110,80017,/PopupGuildWarReward/BgPopup,PopupGuildWarReward,BgPopup,True,13629,no_static_sprite_pptr_found
002_UnityDataAssetPack_datapack__file110,80018,/PopupHelp/BgPopup,PopupHelp,BgPopup,True,13630,no_static_sprite_pptr_found
002_UnityDataAssetPack_datapack__file110,80049,/PanelBrokenSpacesEvent/BgrPopup,PanelBrokenSpacesEvent,BgrPopup,False,10342,no_static_sprite_pptr_found
002_UnityDataAssetPack_datapack__file110,80064,/PopupHeroStoneInfo,PopupHeroStoneInfo,PopupHeroStoneInfo,True,14478,no_static_sprite_pptr_found
002_UnityDataAssetPack_datapack__file110,80078,/PopupRewardShelterMissionEvent/Bgr/Content/HeroSlotMaterial/HeroHead/Mask/ImageHead,PopupRewardShelterMissionEvent,ImageHead,False,11021,no_static_sprite_pptr_found
002_UnityDataAssetPack_datapack__file110,80080,/IslandDown,IslandDown,IslandDown,True,10564,no_static_sprite_pptr_found
002_UnityDataAssetPack_datapack__file110,80084,/HeroHeadDragDrop,HeroHeadDragDrop,HeroHeadDragDrop,True,13945,no_static_sprite_pptr_found
002_UnityDataAssetPack_datapack__file110,80109,/PanelFightBossEvent/Bgr/BoxGameEventInfo/PanelInfo/GroupButton/ButtonBxh,PanelFightBossEvent,ButtonBxh,False,11933,no_static_sprite_pptr_found
002_UnityDataAssetPack_datapack__file110,80112,/PopupNap/Bgr,PopupNap,Bgr,True,12483,no_static_sprite_pptr_found
002_UnityDataAssetPack_datapack__file110,80156,/PanelTopRacingEvent/Bgr/BoxGameEventInfo/PanelInfo/GroupButton/ButtonReward,PanelTopRacingEvent,ButtonReward,True,11085,no_static_sprite_pptr_found
002_UnityDataAssetPack_datapack__file110,80176,/PopupHeroUpTier,PopupHeroUpTier,PopupHeroUpTier,True,14581,no_static_sprite_pptr_found
002_UnityDataAssetPack_datapack__file110,80177,/PopupHeroBriefInfo,PopupHeroBriefInfo,PopupHeroBriefInfo,True,14582,no_static_sprite_pptr_found
002_UnityDataAssetPack_datapack__file110,80226,/PopupFormation/PanelTop/ImageBody/BoxAura/BoxAuraDetail/AuraTitle/ButtonLineupAura/AuraActive,PopupFormation,AuraActive,True,11404,no_static_sprite_pptr_found
002_UnityDataAssetPack_datapack__file110,80234,/PanelCheckinEvent/CellCheckinReward/GameItem/ItemVipExpUI,PanelCheckinEvent,ItemVipExpUI,False,12449,no_static_sprite_pptr_found
002_UnityDataAssetPack_datapack__file110,80236,/CanvasHero/ClickArea,CanvasHero,ClickArea,True,14153,no_static_sprite_pptr_found
002_UnityDataAssetPack_datapack__file110,80237,/CanvasHeroFk/ClickArea,CanvasHeroFk,ClickArea,True,14154,no_static_sprite_pptr_found
002_UnityDataAssetPack_datapack__file110,80238,/PopupGuildManageMember,PopupGuildManageMember,PopupGuildManageMember,True,11447,no_static_sprite_pptr_found
002_UnityDataAssetPack_datapack__file110,80241,/PopupBuyDaffodil/Bgr,PopupBuyDaffodil,Bgr,True,10328,no_static_sprite_pptr_found
002_UnityDataAssetPack_datapack__file110,80266,/PopupFormation2/PanelTop/ImageBody/PanelFormationPet/PetHeadDragDrop/PetHeadUI/Mask/ImageHeadPet,PopupFormation2,ImageHeadPet,True,14467,no_static_sprite_pptr_found
002_UnityDataAssetPack_datapack__file110,80267,/PopupFormation3/PanelTop/ImageBody/PanelFormationPet/PetHeadDragDrop/PetHeadUI/Mask/ImageHeadPet,PopupFormation3,ImageHeadPet,True,14468,no_static_sprite_pptr_found
002_UnityDataAssetPack_datapack__file110,80290,/PopupUpgradeArtifact/Body/BoxUpgrade/BoxMaterialSlots/SlotArtifactMaterial4/ItemArtifactUI,PopupUpgradeArtifact,ItemArtifactUI,False,13770,no_static_sprite_pptr_found
002_UnityDataAssetPack_datapack__file110,80298,/PopupHeroBriefInfo/Body/PanelPoint/HeroHeadUI/HeroStar,PopupHeroBriefInfo,HeroStar,True,12026,no_static_sprite_pptr_found
002_UnityDataAssetPack_datapack__file110,80309,/PopupPrepareGuildWar/PanelBody/FrameScroll/CellWarRegister/GroupAction,PopupPrepareGuildWar,GroupAction,True,11483,no_static_sprite_pptr_found
002_UnityDataAssetPack_datapack__file110,80314,/PopupFormationTest/PopupStat/Detail/IconHero,PopupFormationTest,IconHero,True,12835,no_static_sprite_pptr_found
002_UnityDataAssetPack_datapack__file110,80321,/PanelHeroInfo/BoxShare,PanelHeroInfo,BoxShare,False,15577,no_static_sprite_pptr_found
002_UnityDataAssetPack_datapack__file110,80324,/PopupChatNew/AnchorLeft/Content/BoxChatScroll/ItemChatMe/PanelContent/ImageContent/ContentChat/ActionText,PopupChatNew,ActionText,False,11472,no_static_sprite_pptr_found
002_UnityDataAssetPack_datapack__file110,80335,/PopupMakeBuilding/Bgr/Content/ScrollviewMine/Viewport,PopupMakeBuilding,Viewport,True,14786,no_static_sprite_pptr_found
002_UnityDataAssetPack_datapack__file110,80339,/PanelCheckinEvent/CellCheckinReward/GameItem/ItemAvatarUI,PanelCheckinEvent,ItemAvatarUI,False,15399,no_static_sprite_pptr_found
002_UnityDataAssetPack_datapack__file110,80364,/ItemShardUI,ItemShardUI,ItemShardUI,True,12477,no_static_sprite_pptr_found
002_UnityDataAssetPack_datapack__file110,80410,/PopupFriend/Bgr/Content/PanelContent/FriendApply/FriendRecommend/PlayerAvatar,PopupFriend,PlayerAvatar,True,11142,no_static_sprite_pptr_found
002_UnityDataAssetPack_datapack__file110,80415,/PopupSelectPet/Content/ImageBody/BoxPets/CellPetSelection/GoNotAllow,PopupSelectPet,GoNotAllow,True,10780,no_static_sprite_pptr_found
002_UnityDataAssetPack_datapack__file110,80457,/PopupUpgradeArtifact/Body/BoxUpgrade/BoxMaterialSlots/SlotArtifactMaterial2/ItemArtifactUI/Mask/ImageBgr,PopupUpgradeArtifact,ImageBgr,True,12209,no_static_sprite_pptr_found
002_UnityDataAssetPack_datapack__file110,80465,/PopupSmashedShop,PopupSmashedShop,PopupSmashedShop,True,14362,no_static_sprite_pptr_found
002_UnityDataAssetPack_datapack__file110,80478,/PopupBraveReward,PopupBraveReward,PopupBraveReward,True,11487,no_static_sprite_pptr_found
002_UnityDataAssetPack_datapack__file110,80487,/PopupSelectMaterial,PopupSelectMaterial,PopupSelectMaterial,True,10875,no_static_sprite_pptr_found
002_UnityDataAssetPack_datapack__file110,80488,/PopupSelectEquipmentSet,PopupSelectEquipmentSet,PopupSelectEquipmentSet,True,10876,no_static_sprite_pptr_found
002_UnityDataAssetPack_datapack__file110,80508,/PopupPlayerInfo/Content/Body/PlayerInfo/PlayerAvatar,PopupPlayerInfo,PlayerAvatar,True,15450,no_static_sprite_pptr_found
002_UnityDataAssetPack_datapack__file110,80557,/HeroStoneUI/Mask/ImageBgr,HeroStoneUI,ImageBgr,True,12015,no_static_sprite_pptr_found
002_UnityDataAssetPack_datapack__file110,80605,/PanelCheckinEvent/CellCheckinReward/GameItem/ItemArtifactUI/Mask/Check,PanelCheckinEvent,Check,False,13363,no_static_sprite_pptr_found
002_UnityDataAssetPack_datapack__file110,80643,/PopupBattleEnd/Body/Content/Results,PopupBattleEnd,Results,True,11624,no_static_sprite_pptr_found
002_UnityDataAssetPack_datapack__file110,80644,/PopupBattleEndFakeEn/Content/Body/Content/Results,PopupBattleEndFakeEn,Results,True,11625,no_static_sprite_pptr_found
002_UnityDataAssetPack_datapack__file110,80654,/ItemShardUI/Mask/Check,ItemShardUI,Check,False,13349,no_static_sprite_pptr_found
002_UnityDataAssetPack_datapack__file110,80656,/DungeonMerchantMen/ClickArea,DungeonMerchantMen,ClickArea,True,12653,no_static_sprite_pptr_found
002_UnityDataAssetPack_datapack__file110,80661,/PopupTowerLevelInfo/PanelBody/BoxReward/GroupReward/ItemGold/Mask/Check,PopupTowerLevelInfo,Check,False,13583,no_static_sprite_pptr_found
002_UnityDataAssetPack_datapack__file110,80668,/PopupHelp/Content/Descr/ScrollView/Viewport,PopupHelp,Viewport,True,15423,no_static_sprite_pptr_found
002_UnityDataAssetPack_datapack__file110,80676,/HeroesLineup/BackLine/HeroHeadClickable4/HeroHeadUI/HeroStar,HeroesLineup,HeroStar,True,11702,no_static_sprite_pptr_found
002_UnityDataAssetPack_datapack__file110,80695,/HeroesLineup/BackLine/HeroHeadClickable4/HeroHeadUI/Mask/Check,HeroesLineup,Check,False,14998,no_static_sprite_pptr_found
002_UnityDataAssetPack_datapack__file110,80699,/PopupItemExchangeDetail/Bgr/Content/Info/GameItem/ItemArtifactUI,PopupItemExchangeDetail,ItemArtifactUI,True,11725,no_static_sprite_pptr_found
002_UnityDataAssetPack_datapack__file110,80704,/PopupGuildBossAttack/Body/BoxBoss,PopupGuildBossAttack,BoxBoss,True,11255,no_static_sprite_pptr_found
002_UnityDataAssetPack_datapack__file110,80713,/PanelShelterMissionEvent/Bgr/BoxGameEventInfo/PanelInfo/GroupButton/ButtonBxh,PanelShelterMissionEvent,ButtonBxh,True,11936,no_static_sprite_pptr_found
002_UnityDataAssetPack_datapack__file110,80734,/PopupEnemyInfo/Bgr/Content/Image/PanelBoss/Viewport,PopupEnemyInfo,Viewport,True,12506,no_static_sprite_pptr_found
002_UnityDataAssetPack_datapack__file110,80751,/PopupInvitationList/Bgr/Content/Scrollview/Viewport,PopupInvitationList,Viewport,True,15194,no_static_sprite_pptr_found
002_UnityDataAssetPack_datapack__file110,80807,/PopupCheckin/Bgr/Decor/circle,PopupCheckin,circle,True,11718,no_static_sprite_pptr_found
002_UnityDataAssetPack_datapack__file110,80810,/PopupBravePlayer/Content/ImageBody/Top/Lineup/SlotPet/PetHeadUI/Mask/ImageHeadPet,PopupBravePlayer,ImageHeadPet,True,14244,no_static_sprite_pptr_found
002_UnityDataAssetPack_datapack__file110,80817,/PanelHeroInfo,PanelHeroInfo,PanelHeroInfo,True,15687,no_static_sprite_pptr_found
002_UnityDataAssetPack_datapack__file110,80855,/HeroesLineup/FrontLine/HeroHeadClickable2/HeroHeadUI/HeroStar,HeroesLineup,HeroStar,True,11069,no_static_sprite_pptr_found
002_UnityDataAssetPack_datapack__file110,80865,/PanelTutorialFk2,PanelTutorialFk2,PanelTutorialFk2,True,13080,no_static_sprite_pptr_found
002_UnityDataAssetPack_datapack__file110,80866,/PanelNewFeatureIntro,PanelNewFeatureIntro,PanelNewFeatureIntro,True,13081,no_static_sprite_pptr_found
002_UnityDataAssetPack_datapack__file110,80867,/PanelTutorialFk,PanelTutorialFk,PanelTutorialFk,True,13082,no_static_sprite_pptr_found
002_UnityDataAssetPack_datapack__file110,80868,/PanelTutorial,PanelTutorial,PanelTutorial,True,13083,no_static_sprite_pptr_found
002_UnityDataAssetPack_datapack__file110,80879,/PanelHeroList/PanelFilter/TabClass2,PanelHeroList,TabClass2,True,10157,no_static_sprite_pptr_found
002_UnityDataAssetPack_datapack__file110,80886,/PopupTowerLevelInfo/PanelBody/BoxReward/GroupReward/ItemPromoStone,PopupTowerLevelInfo,ItemPromoStone,True,14790,no_static_sprite_pptr_found
002_UnityDataAssetPack_datapack__file110,80896,/PopupPlayerInfo3,PopupPlayerInfo3,PopupPlayerInfo3,True,12044,no_static_sprite_pptr_found
002_UnityDataAssetPack_datapack__file110,80922,/PopupTopPlayer,PopupTopPlayer,PopupTopPlayer,True,11529,no_static_sprite_pptr_found
002_UnityDataAssetPack_datapack__file110,80923,/PopupHeroEquipmentInfo,PopupHeroEquipmentInfo,PopupHeroEquipmentInfo,True,13929,no_static_sprite_pptr_found
002_UnityDataAssetPack_datapack__file110,80924,/PopupUpgradeArtifact,PopupUpgradeArtifact,PopupUpgradeArtifact,True,13930,no_static_sprite_pptr_found
002_UnityDataAssetPack_datapack__file110,80940,/PopupTowerHistory,PopupTowerHistory,PopupTowerHistory,True,14196,no_static_sprite_pptr_found
002_UnityDataAssetPack_datapack__file110,80941,/PopupListRaidChallenge,PopupListRaidChallenge,PopupListRaidChallenge,True,14197,no_static_sprite_pptr_found
002_UnityDataAssetPack_datapack__file110,80942,/PopupGameChallenge,PopupGameChallenge,PopupGameChallenge,True,14198,no_static_sprite_pptr_found
002_UnityDataAssetPack_datapack__file110,80943,/PopupDailyQuest,PopupDailyQuest,PopupDailyQuest,True,14199,no_static_sprite_pptr_found
002_UnityDataAssetPack_datapack__file110,80944,/PopupMasteringHero,PopupMasteringHero,PopupMasteringHero,True,14200,no_static_sprite_pptr_found
002_UnityDataAssetPack_datapack__file110,80962,/PopupRewardTrailOfChampion/Bgr,PopupRewardTrailOfChampion,Bgr,True,11327,no_static_sprite_pptr_found
002_UnityDataAssetPack_datapack__file110,81019,/PopupBraveReward/PanelBody/GroupChest/ChestBraveReward2,PopupBraveReward,ChestBraveReward2,True,13817,no_static_sprite_pptr_found
002_UnityDataAssetPack_datapack__file110,81031,/PanelCheckinEvent/CellCheckinReward/GameItem/ItemShardUI/Mask/Check,PanelCheckinEvent,Check,False,15529,no_static_sprite_pptr_found
002_UnityDataAssetPack_datapack__file110,81046,/ItemShardUI2,ItemShardUI2,ItemShardUI2,True,13584,no_static_sprite_pptr_found
002_UnityDataAssetPack_datapack__file110,81072,/PanelCheckinEvent/Bgr/BoxGameEventInfo/PanelInfo/GroupButton/ButtonReward,PanelCheckinEvent,ButtonReward,True,11880,no_static_sprite_pptr_found
002_UnityDataAssetPack_datapack__file110,81080,/HeroesLineup/BackLine/HeroHeadClickable6/HeroHeadUI/ImageBorder,HeroesLineup,ImageBorder,True,13110,no_static_sprite_pptr_found
002_UnityDataAssetPack_datapack__file110,81086,/Panel7DaysLoginEvent/BgrPopup,Panel7DaysLoginEvent,BgrPopup,False,12528,no_static_sprite_pptr_found
002_UnityDataAssetPack_datapack__file110,81092,/PopupGuildRaid/Body/BoxBoss/GuildBossUI /GroupNormalBoss/GroupDeath,PopupGuildRaid,GroupDeath,False,14299,no_static_sprite_pptr_found
002_UnityDataAssetPack_datapack__file110,81118,/PopupSelectHeroFk,PopupSelectHeroFk,PopupSelectHeroFk,True,15144,no_static_sprite_pptr_found
002_UnityDataAssetPack_datapack__file110,81119,/PopupSelectHero,PopupSelectHero,PopupSelectHero,True,15145,no_static_sprite_pptr_found
002_UnityDataAssetPack_datapack__file110,81120,/PopupSelectEquipment,PopupSelectEquipment,PopupSelectEquipment,True,15146,no_static_sprite_pptr_found
002_UnityDataAssetPack_datapack__file110,81121,/PopupSelectGameItem,PopupSelectGameItem,PopupSelectGameItem,True,15147,no_static_sprite_pptr_found
002_UnityDataAssetPack_datapack__file110,81122,/PopupSelectArtifact,PopupSelectArtifact,PopupSelectArtifact,True,15148,no_static_sprite_pptr_found
002_UnityDataAssetPack_datapack__file110,81136,/Panel7DaysLoginEvent/Cell7DaysLoginReward/Scrollview/Viewport,Panel7DaysLoginEvent,Viewport,True,12454,no_static_sprite_pptr_found
002_UnityDataAssetPack_datapack__file110,81139,/PopupGuildSkill/Body/BoxTech/ButtonTechSkill4,PopupGuildSkill,ButtonTechSkill4,True,12123,no_static_sprite_pptr_found
002_UnityDataAssetPack_datapack__file110,81151,/PanelCheckinEvent/CellCheckinReward/GameItem/HeroHeadClickable/HeroHeadUI/Mask/ImageHead,PanelCheckinEvent,ImageHead,True,10548,no_static_sprite_pptr_found
002_UnityDataAssetPack_datapack__file110,81153,/PopupTemp/Bgr,PopupTemp,Bgr,True,13493,no_static_sprite_pptr_found
002_UnityDataAssetPack_datapack__file110,81163,/ButtonLineupAura,ButtonLineupAura,ButtonLineupAura,True,12231,no_static_sprite_pptr_found
002_UnityDataAssetPack_datapack__file110,81174,/ItemSetEquip/GroupItem/ReqEquip (3)/GroupMystique,ItemSetEquip,GroupMystique,True,14228,no_static_sprite_pptr_found
002_UnityDataAssetPack_datapack__file110,81181,/PopupRewardShelterMissionEvent/Bgr/Content/PanelReward/PanelReward/Viewport,PopupRewardShelterMissionEvent,Viewport,True,12072,no_static_sprite_pptr_found
002_UnityDataAssetPack_datapack__file110,81184,/PanelExchangeEquipEvent/CellExchangeEquip/GroupReqEquip/ReqEquip/ItemEquipmentUI,PanelExchangeEquipEvent,ItemEquipmentUI,False,14826,no_static_sprite_pptr_found
002_UnityDataAssetPack_datapack__file110,81216,/PopupMessage,PopupMessage,PopupMessage,True,10903,no_static_sprite_pptr_found
002_UnityDataAssetPack_datapack__file110,81217,/PopupBuyConfirm,PopupBuyConfirm,PopupBuyConfirm,True,10904,no_static_sprite_pptr_found
002_UnityDataAssetPack_datapack__file110,81218,/PopupUnlockHeroConfirm,PopupUnlockHeroConfirm,PopupUnlockHeroConfirm,True,10905,no_static_sprite_pptr_found
002_UnityDataAssetPack_datapack__file110,81219,/PopupPurchaseIAP,PopupPurchaseIAP,PopupPurchaseIAP,True,10906,no_static_sprite_pptr_found
002_UnityDataAssetPack_datapack__file110,81220,/PopupConfirmClearAsset,PopupConfirmClearAsset,PopupConfirmClearAsset,True,10907,no_static_sprite_pptr_found
002_UnityDataAssetPack_datapack__file110,81231,/PopupBattleEnd,PopupBattleEnd,PopupBattleEnd,True,10960,no_static_sprite_pptr_found
002_UnityDataAssetPack_datapack__file110,81232,/PopupUpgradeHeroStone,PopupUpgradeHeroStone,PopupUpgradeHeroStone,True,10961,no_static_sprite_pptr_found
002_UnityDataAssetPack_datapack__file110,81233,/PopupSelectReward,PopupSelectReward,PopupSelectReward,True,10962,no_static_sprite_pptr_found
002_UnityDataAssetPack_datapack__file110,81234,/PopupBattleEndFakeEn,PopupBattleEndFakeEn,PopupBattleEndFakeEn,True,10963,no_static_sprite_pptr_found
002_UnityDataAssetPack_datapack__file110,81237,/PopupUpgradeDaffodil/Bgr/Content/BgrInfo/PanelLevelCurr/IconBuidling1,PopupUpgradeDaffodil,IconBuidling1,True,12687,no_static_sprite_pptr_found
002_UnityDataAssetPack_datapack__file110,81246,/PopupBattleNext,PopupBattleNext,PopupBattleNext,True,15129,no_static_sprite_pptr_found
002_UnityDataAssetPack_datapack__file110,81291,/PopupFormation2/PanelHeroList/PanelFilter/TabClass2,PopupFormation2,TabClass2,True,12372,no_static_sprite_pptr_found
002_UnityDataAssetPack_datapack__file110,81292,/PopupFormation3/PanelHeroList/PanelFilter/TabClass2,PopupFormation3,TabClass2,True,12373,no_static_sprite_pptr_found
002_UnityDataAssetPack_datapack__file110,81295,/ItemSetEquip/GroupItem/ReqEquip/GroupMystique,ItemSetEquip,GroupMystique,True,14090,no_static_sprite_pptr_found
002_UnityDataAssetPack_datapack__file110,81318,/PopupCounter/Bgr,PopupCounter,Bgr,True,10391,no_static_sprite_pptr_found
002_UnityDataAssetPack_datapack__file110,81324,/HeroStoneUI,HeroStoneUI,HeroStoneUI,True,11675,no_static_sprite_pptr_found
002_UnityDataAssetPack_datapack__file110,81356,/ItemSetEquip/GroupItem/ReqEquip/ItemEquipmentUI/Mask/Check,ItemSetEquip,Check,False,11982,no_static_sprite_pptr_found
002_UnityDataAssetPack_datapack__file110,81377,/PopupGuildBossRewards,PopupGuildBossRewards,PopupGuildBossRewards,True,15110,no_static_sprite_pptr_found
002_UnityDataAssetPack_datapack__file110,81378,/PopupGuildActivities,PopupGuildActivities,PopupGuildActivities,True,15111,no_static_sprite_pptr_found
002_UnityDataAssetPack_datapack__file110,81380,/PopupItemExchangeDetail/Bgr/Content/Info/GameItem/ItemArtifactUI/ImageBorder,PopupItemExchangeDetail,ImageBorder,True,14008,no_static_sprite_pptr_found
002_UnityDataAssetPack_datapack__file110,81385,/PopupShowBonus,PopupShowBonus,PopupShowBonus,True,13233,no_static_sprite_pptr_found
002_UnityDataAssetPack_datapack__file110,81386,/PopupShowAllArtifact,PopupShowAllArtifact,PopupShowAllArtifact,True,13234,no_static_sprite_pptr_found
002_UnityDataAssetPack_datapack__file110,81390,/HeadHeroFusing/Mask/ImageHead,HeadHeroFusing,ImageHead,True,12746,no_static_sprite_pptr_found
002_UnityDataAssetPack_datapack__file110,81402,/ItemSetEquip/GroupItem/ReqEquip (3)/ItemEquipmentUI,ItemSetEquip,ItemEquipmentUI,False,11760,no_static_sprite_pptr_found
002_UnityDataAssetPack_datapack__file110,81429,/HeroesLineup/FrontLine/HeroHeadClickable3/HeroHeadUI/ImageBorder,HeroesLineup,ImageBorder,True,12574,no_static_sprite_pptr_found
002_UnityDataAssetPack_datapack__file110,81449,/PopupItemExchangeDetail/Bgr/Content/Info/GameItem/ItemConsumableUI/Mask/Check,PopupItemExchangeDetail,Check,False,12683,no_static_sprite_pptr_found
002_UnityDataAssetPack_datapack__file110,81463,/PopupGameEvent/Bgr,PopupGameEvent,Bgr,True,15070,no_static_sprite_pptr_found
002_UnityDataAssetPack_datapack__file110,81483,/FactionRestrain/arrow2,FactionRestrain,arrow2,True,11623,no_static_sprite_pptr_found
002_UnityDataAssetPack_datapack__file110,81484,/PopupUpgradeBuilding/Bgr/Content/BgrInfo/PanelLevelCurr/IconBuidling1,PopupUpgradeBuilding,IconBuidling1,True,11388,no_static_sprite_pptr_found
002_UnityDataAssetPack_datapack__file110,81493,/PopupShowRewards/Bgr,PopupShowRewards,Bgr,True,14697,no_static_sprite_pptr_found
002_UnityDataAssetPack_datapack__file110,81494,/PopupShowListRewards/Bgr,PopupShowListRewards,Bgr,True,14698,no_static_sprite_pptr_found
002_UnityDataAssetPack_datapack__file110,81495,/PopupShowListRewards/Bgr,PopupShowListRewards,Bgr,True,14699,no_static_sprite_pptr_found
002_UnityDataAssetPack_datapack__file110,81496,/PopupShowListRewardRandom/Bgr,PopupShowListRewardRandom,Bgr,True,14700,no_static_sprite_pptr_found
002_UnityDataAssetPack_datapack__file110,81571,/PanelExchangeEquipEvent/CellExchangeEquip/GroupReqEquip/ReqEquip (1)/ItemEquipmentUI/Mask/Check,PanelExchangeEquipEvent,Check,False,14421,no_static_sprite_pptr_found
002_UnityDataAssetPack_datapack__file110,81588,/FactionRestrain/arrow1,FactionRestrain,arrow1,True,13648,no_static_sprite_pptr_found
002_UnityDataAssetPack_datapack__file110,81589,/PopupUpgradeBuilding/Bgr,PopupUpgradeBuilding,Bgr,True,11997,no_static_sprite_pptr_found
002_UnityDataAssetPack_datapack__file110,81611,/PanelExchangeEquipEvent/CellExchangeEquip/GroupReqEquip/ReqEquip (3)/ItemEquipmentUI,PanelExchangeEquipEvent,ItemEquipmentUI,False,12456,no_static_sprite_pptr_found
002_UnityDataAssetPack_datapack__file110,81618,/ItemConsumableUI/Mask/Check,ItemConsumableUI,Check,False,12776,no_static_sprite_pptr_found
002_UnityDataAssetPack_datapack__file110,81625,/PopupUpgradeArtifact/Body/BoxUpgrade/BoxMaterialSlots/SlotArtifactMaterial4/ItemArtifactUI/Mask/ImageBgr,PopupUpgradeArtifact,ImageBgr,True,15057,no_static_sprite_pptr_found
002_UnityDataAssetPack_datapack__file110,81638,/PopupShowBonusEffect,PopupShowBonusEffect,PopupShowBonusEffect,True,13158,no_static_sprite_pptr_found
002_UnityDataAssetPack_datapack__file110,81639,/PopupShowBonusEffect2,PopupShowBonusEffect2,PopupShowBonusEffect2,True,13159,no_static_sprite_pptr_found
002_UnityDataAssetPack_datapack__file110,81672,/WarStronghold,WarStronghold,WarStronghold,True,15391,no_static_sprite_pptr_found
002_UnityDataAssetPack_datapack__file110,81688,/PopupAtkBossScout/Bgr/Content/Image/PanelBoss/Viewport,PopupAtkBossScout,Viewport,True,13901,no_static_sprite_pptr_found
002_UnityDataAssetPack_datapack__file110,81706,/HeroesLineup/BackLine/HeroHeadClickable5,HeroesLineup,HeroHeadClickable5,True,10503,no_static_sprite_pptr_found
002_UnityDataAssetPack_datapack__file110,81713,/PopupShowRewards/Bgr/Content/PanelReward/ScrollReward2/Viewport,PopupShowRewards,Viewport,True,10844,no_static_sprite_pptr_found
002_UnityDataAssetPack_datapack__file110,81721,/FactionRestrain/arrow5,FactionRestrain,arrow5,True,11771,no_static_sprite_pptr_found
002_UnityDataAssetPack_datapack__file110,81726,/HeroesLineup/BackLine/HeroHeadClickable6,HeroesLineup,HeroHeadClickable6,True,15382,no_static_sprite_pptr_found
002_UnityDataAssetPack_datapack__file110,81729,/PopupDungeonSmashItem,PopupDungeonSmashItem,PopupDungeonSmashItem,True,12532,no_static_sprite_pptr_found
002_UnityDataAssetPack_datapack__file110,81736,/IslandFirst,IslandFirst,IslandFirst,True,14688,no_static_sprite_pptr_found
002_UnityDataAssetPack_datapack__file110,81745,/PopupCheckin/Bgr/CellCheckinReward/ImageCover/Image,PopupCheckin,Image,True,10763,no_static_sprite_pptr_found
002_UnityDataAssetPack_datapack__file110,81753,/PopupItemExchangeDetail/Bgr/Content/Info/Cost/icon_price,PopupItemExchangeDetail,icon_price,True,12745,no_static_sprite_pptr_found
002_UnityDataAssetPack_datapack__file110,81775,/PanelFirstPurchaseEvent/BgrPopup,PanelFirstPurchaseEvent,BgrPopup,False,11379,no_static_sprite_pptr_found
002_UnityDataAssetPack_datapack__file110,81778,/GGPackValueEvent/BgrPopup,GGPackValueEvent,BgrPopup,True,10615,no_static_sprite_pptr_found
002_UnityDataAssetPack_datapack__file110,81779,/PanelPackValueEvent/BgrPopup,PanelPackValueEvent,BgrPopup,False,10616,no_static_sprite_pptr_found
002_UnityDataAssetPack_datapack__file110,81833,/PanelHeroInfo/PanelHeroList/PanelFilter/TabClass1,PanelHeroInfo,TabClass1,True,13176,no_static_sprite_pptr_found
002_UnityDataAssetPack_datapack__file110,81836,/PopupItemExchangeDetail/Bgr/Content/Info/GameItem/ItemConsumableUI/ImageBorder,PopupItemExchangeDetail,ImageBorder,True,10298,no_static_sprite_pptr_found
002_UnityDataAssetPack_datapack__file110,81885,/HeroHeadUI/Mask/Check,HeroHeadUI,Check,False,10641,no_static_sprite_pptr_found
002_UnityDataAssetPack_datapack__file110,81895,/PanelShelterMissionEvent/Bgr/ScrollViewReward/Viewport,PanelShelterMissionEvent,Viewport,True,13903,no_static_sprite_pptr_found
002_UnityDataAssetPack_datapack__file110,81913,/PanelCheckinEvent/Bgr/ScrollViewReward/Viewport,PanelCheckinEvent,Viewport,True,13151,no_static_sprite_pptr_found
002_UnityDataAssetPack_datapack__file110,81914,/PanelCheckinEvent/Bgr/ScrollViewReward/Viewport,PanelCheckinEvent,Viewport,True,13152,no_static_sprite_pptr_found
002_UnityDataAssetPack_datapack__file110,81936,/PopupGuildBossAttack/Body/BoxBoss/BossFrame,PopupGuildBossAttack,BossFrame,True,11992,no_static_sprite_pptr_found
002_UnityDataAssetPack_datapack__file110,81970,/PopupHandOfMidas/Bgr,PopupHandOfMidas,Bgr,True,15276,no_static_sprite_pptr_found
002_UnityDataAssetPack_datapack__file110,81988,/HeroesLineup/FrontLine/HeroHeadClickable3,HeroesLineup,HeroHeadClickable3,True,15293,no_static_sprite_pptr_found
002_UnityDataAssetPack_datapack__file110,81991,/PanelTopRacingEvent/Bgr/BoxGameEventInfo/PanelInfo/GroupButton/ButtonBxh,PanelTopRacingEvent,ButtonBxh,True,13658,no_static_sprite_pptr_found
002_UnityDataAssetPack_datapack__file110,82002,/PopupFormation2,PopupFormation2,PopupFormation2,True,11063,no_static_sprite_pptr_found
002_UnityDataAssetPack_datapack__file110,82003,/PopupFormation3,PopupFormation3,PopupFormation3,True,11064,no_static_sprite_pptr_found
002_UnityDataAssetPack_datapack__file110,82004,/PopupFormation,PopupFormation,PopupFormation,True,11065,no_static_sprite_pptr_found
002_UnityDataAssetPack_datapack__file110,82054,/PopupSmashedMerchants,PopupSmashedMerchants,PopupSmashedMerchants,True,12485,no_static_sprite_pptr_found
002_UnityDataAssetPack_datapack__file110,82061,/PopupStoreAndBenefit/Bgr/Content/PanelStore,PopupStoreAndBenefit,PanelStore,False,13049,no_static_sprite_pptr_found
002_UnityDataAssetPack_datapack__file110,82074,/PopupFormation2/PanelHeroList/PanelFilter/TabClass5,PopupFormation2,TabClass5,True,11096,no_static_sprite_pptr_found
002_UnityDataAssetPack_datapack__file110,82075,/PopupFormation3/PanelHeroList/PanelFilter/TabClass5,PopupFormation3,TabClass5,True,11097,no_static_sprite_pptr_found
002_UnityDataAssetPack_datapack__file110,82089,/HeroesLineup/FrontLine/HeroHeadClickable1,HeroesLineup,HeroHeadClickable1,True,11040,no_static_sprite_pptr_found
002_UnityDataAssetPack_datapack__file110,82135,/HeroesLineup/FrontLine/HeroHeadClickable1/HeroHeadUI/Mask/Check,HeroesLineup,Check,False,14114,no_static_sprite_pptr_found
002_UnityDataAssetPack_datapack__file110,82144,/PanelCheckinEvent/CellCheckinReward/GameItem/HeroHeadClickable,PanelCheckinEvent,HeroHeadClickable,False,13757,no_static_sprite_pptr_found
002_UnityDataAssetPack_datapack__file110,82149,/PanelHeroList/PanelFilter/TabClass5,PanelHeroList,TabClass5,True,15285,no_static_sprite_pptr_found
002_UnityDataAssetPack_datapack__file110,82187,/SlotHeroQuest/HeroHeadUI/HeroStar,SlotHeroQuest,HeroStar,True,13202,no_static_sprite_pptr_found
002_UnityDataAssetPack_datapack__file110,82199,/PopupRewardShelterMissionEvent/Bgr/Content/HeroSlotMaterial/HeroStar,PopupRewardShelterMissionEvent,HeroStar,True,11522,no_static_sprite_pptr_found
002_UnityDataAssetPack_datapack__file110,82209,/HeroesLineup/BackLine/HeroHeadClickable5/HeroHeadUI/Mask/ImageHead,HeroesLineup,ImageHead,True,12298,no_static_sprite_pptr_found
002_UnityDataAssetPack_datapack__file110,82210,/PanelAccumulatedEvent/CellAccumulateReward2/Scrollview/Viewport,PanelAccumulatedEvent,Viewport,True,10833,no_static_sprite_pptr_found
002_UnityDataAssetPack_datapack__file110,82258,/PanelCheckinEvent/CellCheckinReward/GameItem/ItemArtifactUI/Mask/ImageBgr,PanelCheckinEvent,ImageBgr,True,11587,no_static_sprite_pptr_found
002_UnityDataAssetPack_datapack__file110,82266,/PopupGuildSkill/Body/BoxTech/ButtonTechSkill3,PopupGuildSkill,ButtonTechSkill3,True,12001,no_static_sprite_pptr_found
002_UnityDataAssetPack_datapack__file110,82271,/HeroesLineup/FrontLine/HeroHeadClickable1/HeroHeadUI/Mask/ImageHead,HeroesLineup,ImageHead,True,13427,no_static_sprite_pptr_found
002_UnityDataAssetPack_datapack__file110,82273,/PopupBxhEvent/Bgr/Content/Scrollview/Viewport,PopupBxhEvent,Viewport,True,14768,no_static_sprite_pptr_found
002_UnityDataAssetPack_datapack__file110,82276,/PopupHeroEquipmentInfo/Content/ImgBgr/GroupSet/Sets/ItemEquipmentUI2,PopupHeroEquipmentInfo,ItemEquipmentUI2,True,15491,no_static_sprite_pptr_found
002_UnityDataAssetPack_datapack__file110,82284,/PopupGuildRaid/Body/BoxBoss/GuildBossUI ,PopupGuildRaid,GuildBossUI ,True,10417,no_static_sprite_pptr_found
002_UnityDataAssetPack_datapack__file110,82335,/PopupSelectGuildAvatar,PopupSelectGuildAvatar,PopupSelectGuildAvatar,True,10908,no_static_sprite_pptr_found
002_UnityDataAssetPack_datapack__file110,82348,/ItemArtifactUI/Mask/Check,ItemArtifactUI,Check,False,12497,no_static_sprite_pptr_found
002_UnityDataAssetPack_datapack__file110,82366,/PopupHeroEquipmentInfo/Content/ImgBgr/Infor/ItemEquipmentUI,PopupHeroEquipmentInfo,ItemEquipmentUI,True,15464,no_static_sprite_pptr_found
002_UnityDataAssetPack_datapack__file110,82385,/PanelDiscountItemEvent/Bgr/BoxGameEventInfo/PanelInfo/GroupButton/ButtonReward,PanelDiscountItemEvent,ButtonReward,True,13114,no_static_sprite_pptr_found
002_UnityDataAssetPack_datapack__file110,82398,/PopupStoreAndBenefit/Bgr/Content/PanelBenefit/ImgBenefit/Scrollrect/Viewport/LayoutElement/ContentDailyReward/ScrollrectDailyBonus/Viewport,PopupStoreAndBenefit,Viewport,True,12247,no_static_sprite_pptr_found
002_UnityDataAssetPack_datapack__file110,82419,/PopupFormation/PanelHeroList/PanelFilter/TabClass5,PopupFormation,TabClass5,True,15343,no_static_sprite_pptr_found
002_UnityDataAssetPack_datapack__file110,82460,/ItemSetEquip/GroupItem/ReqEquip (1)/ItemEquipmentUI,ItemSetEquip,ItemEquipmentUI,False,10893,no_static_sprite_pptr_found
002_UnityDataAssetPack_datapack__file110,82489,/PopupFriend/Bgr/Content/PanelContent/FriendList/FriendItem/PlayerAvatar,PopupFriend,PlayerAvatar,True,11148,no_static_sprite_pptr_found
002_UnityDataAssetPack_datapack__file110,82505,/PanelHeroList/PanelFilter/TabClass3,PanelHeroList,TabClass3,True,13078,no_static_sprite_pptr_found
002_UnityDataAssetPack_datapack__file110,82519,/PanelItemExchangeEvent/Bgr/ScrollViewReward/Viewport,PanelItemExchangeEvent,Viewport,True,10702,no_static_sprite_pptr_found
002_UnityDataAssetPack_datapack__file110,82520,/GGItemExchangeEvent/ScrollViewContent/Viewport,GGItemExchangeEvent,Viewport,True,10703,no_static_sprite_pptr_found
002_UnityDataAssetPack_datapack__file110,82565,/PanelCheckinEvent/CellCheckinReward/GameItem/ItemEquipmentUI/Mask/Check,PanelCheckinEvent,Check,False,15138,no_static_sprite_pptr_found
002_UnityDataAssetPack_datapack__file110,82574,/Panel7DaysLoginEvent/Bgr/BoxGameEventInfo/PanelInfo/GroupButton/ButtonBxh,Panel7DaysLoginEvent,ButtonBxh,True,10381,no_static_sprite_pptr_found
002_UnityDataAssetPack_datapack__file110,82596,/PanelTopRacingEvent/CellTopRacingReward/Scrollview/Viewport,PanelTopRacingEvent,Viewport,True,15203,no_static_sprite_pptr_found
002_UnityDataAssetPack_datapack__file110,82597,/PopupTarvenQuest/Content/Body/GroupRequirement/GroupSlot,PopupTarvenQuest,GroupSlot,True,15425,no_static_sprite_pptr_found
002_UnityDataAssetPack_datapack__file110,82599,/PopupBattleDetail/Body/CellDetailBattleDefender/PetHeadUI/Mask/ImageHeadPet,PopupBattleDetail,ImageHeadPet,True,11929,no_static_sprite_pptr_found
002_UnityDataAssetPack_datapack__file110,82604,/PanelHeroInfo/PanelHeroList/PanelFilter/TabClass3,PanelHeroInfo,TabClass3,True,12839,no_static_sprite_pptr_found
002_UnityDataAssetPack_datapack__file110,82620,/PopupStoreAndBenefit/Bgr/Content/PanelBenefit/ImgBenefit/Scrollrect/Viewport,PopupStoreAndBenefit,Viewport,True,12480,no_static_sprite_pptr_found
002_UnityDataAssetPack_datapack__file110,82628,/HeroesLineup/BackLine/HeroHeadClickable5/HeroHeadUI/ImageBorder,HeroesLineup,ImageBorder,True,14555,no_static_sprite_pptr_found
002_UnityDataAssetPack_datapack__file110,82637,/PanelCheckinEvent/CellCheckinReward/GameItem/HeroHeadClickable/HeroHeadUI/Mask/Check,PanelCheckinEvent,Check,False,15639,no_static_sprite_pptr_found
002_UnityDataAssetPack_datapack__file110,82645,/PopupChatNew/AnchorLeft/Content/BoxChatScroll/ItemChatOther/PanelContent/ImageContent/ContentChat/ActionText,PopupChatNew,ActionText,False,11108,no_static_sprite_pptr_found
002_UnityDataAssetPack_datapack__file110,82662,/PopupGuildSkill/Body/BoxTech/ButtonTechSkill6,PopupGuildSkill,ButtonTechSkill6,True,14590,no_static_sprite_pptr_found
002_UnityDataAssetPack_datapack__file110,82692,/GGEquipmentExchangeEvent/ScrollViewContent/Viewport,GGEquipmentExchangeEvent,Viewport,True,11082,no_static_sprite_pptr_found
002_UnityDataAssetPack_datapack__file110,82693,/PanelExchangeEquipEvent/Bgr/ScrollViewReward/Viewport,PanelExchangeEquipEvent,Viewport,True,11083,no_static_sprite_pptr_found
002_UnityDataAssetPack_datapack__file110,82721,/PopupItemExchangeDetail/Bgr/Content/Info/GameItem/ItemEquipmentUI/Mask/ImageBgr,PopupItemExchangeDetail,ImageBgr,True,12285,no_static_sprite_pptr_found
002_UnityDataAssetPack_datapack__file110,82752,/PopupHeroBriefInfo/Body/PanelPoint/HeroHeadUI/Mask/Lock,PopupHeroBriefInfo,Lock,False,12548,no_static_sprite_pptr_found
002_UnityDataAssetPack_datapack__file110,82759,/PanelTopRacingEvent/Bgr/BoxGameEventInfo/PanelInfo/GroupButton/ButtonHelp,PanelTopRacingEvent,ButtonHelp,True,14100,no_static_sprite_pptr_found
002_UnityDataAssetPack_datapack__file110,82762,/WarFortress,WarFortress,WarFortress,True,11720,no_static_sprite_pptr_found
002_UnityDataAssetPack_datapack__file110,82772,/PopupAtkBossScout/Bgr,PopupAtkBossScout,Bgr,True,15419,no_static_sprite_pptr_found
002_UnityDataAssetPack_datapack__file110,82777,/PanelExchangeEquipEvent/CellExchangeEquip/GroupReqEquip/ReqEquip (2)/ItemEquipmentUI,PanelExchangeEquipEvent,ItemEquipmentUI,False,13838,no_static_sprite_pptr_found
002_UnityDataAssetPack_datapack__file110,82834,/GGGemExchangeEvent/ScrollViewContent/Viewport,GGGemExchangeEvent,Viewport,True,14872,no_static_sprite_pptr_found
002_UnityDataAssetPack_datapack__file110,82835,/PanelExchangeGemEvent/Bgr/ScrollViewReward/Viewport,PanelExchangeGemEvent,Viewport,True,14873,no_static_sprite_pptr_found
002_UnityDataAssetPack_datapack__file110,82850,/PopupPrepareGuildWar/PanelBody/FrameScroll/CellWarRegister/GroupPlayer,PopupPrepareGuildWar,GroupPlayer,True,15430,no_static_sprite_pptr_found
002_UnityDataAssetPack_datapack__file110,82853,/PanelAccumulatedEvent/Bgr/ScrollViewReward/Viewport,PanelAccumulatedEvent,Viewport,True,14287,no_static_sprite_pptr_found
002_UnityDataAssetPack_datapack__file110,82859,/PanelAccumulatedEvent/CellAccumulateReward1/Scrollview/Viewport,PanelAccumulatedEvent,Viewport,True,15492,no_static_sprite_pptr_found
002_UnityDataAssetPack_datapack__file110,82862,/HeroesLineup/BackLine/HeroHeadClickable4,HeroesLineup,HeroHeadClickable4,True,13485,no_static_sprite_pptr_found
002_UnityDataAssetPack_datapack__file110,82886,/PanelHeroInfo/PanelHeroList/PanelFilter/TabClass2,PanelHeroInfo,TabClass2,True,14436,no_static_sprite_pptr_found
002_UnityDataAssetPack_datapack__file110,82909,/PopupStoreAndBenefit/Bgr,PopupStoreAndBenefit,Bgr,True,10337,no_static_sprite_pptr_found
002_UnityDataAssetPack_datapack__file110,82915,/PopupPetPreview/ImageBgr,PopupPetPreview,ImageBgr,True,12221,no_static_sprite_pptr_found
002_UnityDataAssetPack_datapack__file110,82957,/ItemSetEquip/GroupItem/ReqEquip (1)/ItemEquipmentUI/Mask/Check,ItemSetEquip,Check,False,13579,no_static_sprite_pptr_found
002_UnityDataAssetPack_datapack__file110,82968,/PanelHeroInfo/RightPart/BoxInfo/PanelEquipment/SlotStone/HeroStoneUI/Mask/ImageBgr,PanelHeroInfo,ImageBgr,True,11964,no_static_sprite_pptr_found
002_UnityDataAssetPack_datapack__file110,82973,/ItemSetEquip/GroupItem/ReqEquip (2)/ItemEquipmentUI/Mask/Check,ItemSetEquip,Check,False,14001,no_static_sprite_pptr_found
002_UnityDataAssetPack_datapack__file110,82991,/PopupChatNew/AnchorLeft/Content/BoxChatScroll/ItemChatOther,PopupChatNew,ItemChatOther,True,12076,no_static_sprite_pptr_found
002_UnityDataAssetPack_datapack__file110,82998,/PopupStoreAndBenefit/Bgr/Content/PanelStore/Viewport,PopupStoreAndBenefit,Viewport,True,13905,no_static_sprite_pptr_found
002_UnityDataAssetPack_datapack__file110,82999,/PopupArenaReward/ImageBgr/Content/RewardContent/RewardDetail/CellArenaPossibleReward/RewardContainer,PopupArenaReward,RewardContainer,True,15371,no_static_sprite_pptr_found
002_UnityDataAssetPack_datapack__file110,83003,/ItemAvatarUI,ItemAvatarUI,ItemAvatarUI,True,14737,no_static_sprite_pptr_found
002_UnityDataAssetPack_datapack__file110,83032,/PopupNotify/Bgr,PopupNotify,Bgr,True,11991,no_static_sprite_pptr_found
002_UnityDataAssetPack_datapack__file110,83070,/PopupAGI/Bgr,PopupAGI,Bgr,True,11278,no_static_sprite_pptr_found
002_UnityDataAssetPack_datapack__file110,83071,/PanelCheckinEvent/CellCheckinReward/ImageCover/Image,PanelCheckinEvent,Image,True,10467,no_static_sprite_pptr_found
002_UnityDataAssetPack_datapack__file110,83089,/PopupFormation/PanelTop/ImageBody/PanelFormation/SlotPet/PetHeadUI/Mask/ImageHeadPet,PopupFormation,ImageHeadPet,True,13132,no_static_sprite_pptr_found
002_UnityDataAssetPack_datapack__file110,83090,/PopupSettings/Body/PanelHelp/ListItem/Viewport,PopupSettings,Viewport,True,10501,no_static_sprite_pptr_found
002_UnityDataAssetPack_datapack__file110,83094,/PopupDungeonStageHero,PopupDungeonStageHero,PopupDungeonStageHero,True,12832,no_static_sprite_pptr_found
002_UnityDataAssetPack_datapack__file110,83106,/PopupStoreAndBenefit/Bgr/Content/PanelBenefit/ImgBenefit/Top/Image,PopupStoreAndBenefit,Image,True,11450,no_static_sprite_pptr_found
002_UnityDataAssetPack_datapack__file110,83112,/PanelGroupEvent/PanelTabSub/Viewport,PanelGroupEvent,Viewport,True,15480,no_static_sprite_pptr_found
002_UnityDataAssetPack_datapack__file110,83116,/PopupAllStarsReward/ImageBgr/Content/RewardContent,PopupAllStarsReward,RewardContent,True,10592,no_static_sprite_pptr_found
002_UnityDataAssetPack_datapack__file110,83117,/PopupArenaReward/ImageBgr/Content/RewardContent,PopupArenaReward,RewardContent,True,10593,no_static_sprite_pptr_found
002_UnityDataAssetPack_datapack__file110,83125,/HeroesLineup/BackLine/HeroHeadClickable4/HeroHeadUI/Mask/ImageHead,HeroesLineup,ImageHead,True,14890,no_static_sprite_pptr_found
002_UnityDataAssetPack_datapack__file110,83145,/PanelGrowthFundEventV2/BgrPopup,PanelGrowthFundEventV2,BgrPopup,False,11334,no_static_sprite_pptr_found
002_UnityDataAssetPack_datapack__file110,83146,/PanelGrowthFundEvent/BgrPopup,PanelGrowthFundEvent,BgrPopup,False,11335,no_static_sprite_pptr_found
002_UnityDataAssetPack_datapack__file110,83147,/GGGrowthFundEventV2/ImageBgr,GGGrowthFundEventV2,ImageBgr,True,11336,no_static_sprite_pptr_found
002_UnityDataAssetPack_datapack__file110,83153,/PanelHeroInfo/PanelHeroList/PanelFilter/TabClass6,PanelHeroInfo,TabClass6,True,12578,no_static_sprite_pptr_found
002_UnityDataAssetPack_datapack__file110,83161,/PopupCheckin/Bgr/Decor/line (1),PopupCheckin,line (1),True,14278,no_static_sprite_pptr_found
002_UnityDataAssetPack_datapack__file110,83185,/PopupUpgradeArtifact/Body/BoxUpgrade/BoxMaterialSlots/SlotArtifactMaterial3/ItemArtifactUI/Mask/Check,PopupUpgradeArtifact,Check,False,12881,no_static_sprite_pptr_found
002_UnityDataAssetPack_datapack__file110,83205,/PopupFormationTest/PanelHeroList/PanelFilter/TabClass2,PopupFormationTest,TabClass2,True,12612,no_static_sprite_pptr_found
002_UnityDataAssetPack_datapack__file110,83209,/PopupHeroEquipmentInfo/Content/ImgBgr/Infor/ItemEquipmentUI/Mask/Check,PopupHeroEquipmentInfo,Check,False,13154,no_static_sprite_pptr_found
002_UnityDataAssetPack_datapack__file110,83229,/PopupItemExchangeDetail/Bgr/Content/Info/GameItem/ItemShardUI,PopupItemExchangeDetail,ItemShardUI,True,12071,no_static_sprite_pptr_found
002_UnityDataAssetPack_datapack__file110,83230,/PopupGuildSkill/Body/BoxTech/ButtonTechSkill5,PopupGuildSkill,ButtonTechSkill5,True,12892,no_static_sprite_pptr_found
002_UnityDataAssetPack_datapack__file110,83265,/PopupFormation2/PanelHeroList/PanelFilter/TabClass4,PopupFormation2,TabClass4,True,15036,no_static_sprite_pptr_found
002_UnityDataAssetPack_datapack__file110,83266,/PopupFormation3/PanelHeroList/PanelFilter/TabClass4,PopupFormation3,TabClass4,True,15037,no_static_sprite_pptr_found
002_UnityDataAssetPack_datapack__file110,83296,/ItemSetEquip/GroupItem/ReqEquip (1)/GroupMystique,ItemSetEquip,GroupMystique,True,10210,no_static_sprite_pptr_found
002_UnityDataAssetPack_datapack__file110,83311,/PopupInfoBuilding/Bgr,PopupInfoBuilding,Bgr,True,10429,no_static_sprite_pptr_found
002_UnityDataAssetPack_datapack__file110,83332,/HeroesLineup/BackLine/HeroHeadClickable5/HeroHeadUI/HeroStar,HeroesLineup,HeroStar,True,12592,no_static_sprite_pptr_found
002_UnityDataAssetPack_datapack__file110,83337,/PopupBattleDetail,PopupBattleDetail,PopupBattleDetail,True,13026,no_static_sprite_pptr_found
002_UnityDataAssetPack_datapack__file110,83361,/HeroesLineup/FrontLine/HeroHeadClickable2,HeroesLineup,HeroHeadClickable2,True,12091,no_static_sprite_pptr_found
002_UnityDataAssetPack_datapack__file110,83402,/PanelHeroInfo/PanelHeroList/PanelFilter/TabClass4,PanelHeroInfo,TabClass4,True,14506,no_static_sprite_pptr_found
002_UnityDataAssetPack_datapack__file110,83409,/HeroMaterial/TagName,HeroMaterial,TagName,True,13162,no_static_sprite_pptr_found
002_UnityDataAssetPack_datapack__file110,83427,/PanelExchangeEquipEvent/CellExchangeEquip/GroupEquipReceive/ReceiveEquip (3)/ItemEquipmentUI,PanelExchangeEquipEvent,ItemEquipmentUI,False,13395,no_static_sprite_pptr_found
002_UnityDataAssetPack_datapack__file110,83438,/PanelCheckinEvent/CellCheckinReward/GameItem/ItemConsumableUI/Mask/Check,PanelCheckinEvent,Check,False,11908,no_static_sprite_pptr_found
002_UnityDataAssetPack_datapack__file110,83441,/PopupFormation/PanelHeroList/PanelFilter/TabClass4,PopupFormation,TabClass4,True,12029,no_static_sprite_pptr_found
002_UnityDataAssetPack_datapack__file110,83450,/PopupBraveReward/PanelBody/GroupChest/ChestBraveReward3,PopupBraveReward,ChestBraveReward3,True,10594,no_static_sprite_pptr_found
002_UnityDataAssetPack_datapack__file110,83480,/PopupShop/Content/bgr/child_bgr/CellPopupShop/ShopItem,PopupShop,ShopItem,False,13121,no_static_sprite_pptr_found
002_UnityDataAssetPack_datapack__file110,83481,/ButtonTechSkill,ButtonTechSkill,ButtonTechSkill,True,14355,no_static_sprite_pptr_found
002_UnityDataAssetPack_datapack__file110,83489,/FactionRestrain/arrow4,FactionRestrain,arrow4,True,15321,no_static_sprite_pptr_found
002_UnityDataAssetPack_datapack__file110,83499,/GGGemExchangeEvent/ImageBgr,GGGemExchangeEvent,ImageBgr,True,14053,no_static_sprite_pptr_found
002_UnityDataAssetPack_datapack__file110,83500,/PanelExchangeGemEvent/BgrPopup,PanelExchangeGemEvent,BgrPopup,False,14054,no_static_sprite_pptr_found
002_UnityDataAssetPack_datapack__file110,83516,/PopupGuildSkill,PopupGuildSkill,PopupGuildSkill,True,12990,no_static_sprite_pptr_found
002_UnityDataAssetPack_datapack__file110,83525,/PopupMFSelectRelic/Background,PopupMFSelectRelic,Background,True,13306,no_static_sprite_pptr_found
002_UnityDataAssetPack_datapack__file110,83526,/PopupMFChooseDifficulty/Background,PopupMFChooseDifficulty,Background,True,13308,no_static_sprite_pptr_found
002_UnityDataAssetPack_datapack__file110,83527,/PopupChangePassword/Bgr,PopupChangePassword,Bgr,True,13309,no_static_sprite_pptr_found
002_UnityDataAssetPack_datapack__file110,83528,/PopupMFShowRelic/Background,PopupMFShowRelic,Background,True,13312,no_static_sprite_pptr_found
002_UnityDataAssetPack_datapack__file110,83607,/PanelShelterMissionEvent/Bgr/BoxGameEventInfo/PanelInfo/GroupButton/ButtonHelp,PanelShelterMissionEvent,ButtonHelp,True,10447,no_static_sprite_pptr_found
002_UnityDataAssetPack_datapack__file110,83623,/ButtonTechSkill/ImageOff,ButtonTechSkill,ImageOff,True,12283,no_static_sprite_pptr_found
002_UnityDataAssetPack_datapack__file110,83672,/PanelCheckinEvent/CellCheckinReward/Flowing/Image,PanelCheckinEvent,Image,True,11114,no_static_sprite_pptr_found
002_UnityDataAssetPack_datapack__file110,83685,/PopupHeroEquipmentInfo/Content/ImgBgr/GroupSet/Sets/ItemEquipmentUI1/Mask/Check,PopupHeroEquipmentInfo,Check,False,12858,no_static_sprite_pptr_found
002_UnityDataAssetPack_datapack__file110,83709,/PanelExchangeEquipEvent/CellExchangeEquip/GroupReqEquip/ReqEquip (3)/ItemEquipmentUI/Mask/Check,PanelExchangeEquipEvent,Check,False,11237,no_static_sprite_pptr_found
002_UnityDataAssetPack_datapack__file110,83718,/HeroHeadUI/Mask/Death,HeroHeadUI,Death,False,14835,no_static_sprite_pptr_found
002_UnityDataAssetPack_datapack__file110,83762,/PopupGuildPromote,PopupGuildPromote,PopupGuildPromote,True,11877,no_static_sprite_pptr_found
002_UnityDataAssetPack_datapack__file110,83767,/PopupFormationTest/PanelHeroList/PanelFilter,PopupFormationTest,PanelFilter,False,10786,no_static_sprite_pptr_found
002_UnityDataAssetPack_datapack__file110,83772,/PopupDungeonBuyItem,PopupDungeonBuyItem,PopupDungeonBuyItem,True,14946,no_static_sprite_pptr_found
002_UnityDataAssetPack_datapack__file110,83781,/PopupSelectPet/Content/ImageBody/BoxPets/CellPetSelection/ImageName,PopupSelectPet,ImageName,True,10302,no_static_sprite_pptr_found
002_UnityDataAssetPack_datapack__file110,83793,/Panel7DaysLoginEvent/Bgr/BoxGameEventInfo/PanelInfo/GroupButton/ButtonReward,Panel7DaysLoginEvent,ButtonReward,True,12930,no_static_sprite_pptr_found
002_UnityDataAssetPack_datapack__file110,83819,/PopupItemExchangeDetail/Bgr/Content/Info/GameItem/ItemShardUI/ImageBorder,PopupItemExchangeDetail,ImageBorder,True,14177,no_static_sprite_pptr_found
002_UnityDataAssetPack_datapack__file110,83832,/PopupShelterExchangeHero/ImageBgr,PopupShelterExchangeHero,ImageBgr,True,10335,no_static_sprite_pptr_found
002_UnityDataAssetPack_datapack__file110,83833,/PopupRewardShelterMissionEvent/Bgr,PopupRewardShelterMissionEvent,Bgr,True,10336,no_static_sprite_pptr_found
002_UnityDataAssetPack_datapack__file110,83845,/PopupGuildBossAttack/Body/BoxBoss/BossFrame/Clip,PopupGuildBossAttack,Clip,True,11087,no_static_sprite_pptr_found
002_UnityDataAssetPack_datapack__file110,83846,/PopupGuildRaid,PopupGuildRaid,PopupGuildRaid,True,13133,no_static_sprite_pptr_found
002_UnityDataAssetPack_datapack__file110,83847,/PopupGuildMill,PopupGuildMill,PopupGuildMill,True,13134,no_static_sprite_pptr_found
002_UnityDataAssetPack_datapack__file110,83848,/PopupGuildBossAttack,PopupGuildBossAttack,PopupGuildBossAttack,True,13135,no_static_sprite_pptr_found
002_UnityDataAssetPack_datapack__file110,83884,/PopupItemExchangeDetail/Bgr/Content/Info/GameItem/ItemEquipmentUI/Mask/Check,PopupItemExchangeDetail,Check,False,12027,no_static_sprite_pptr_found
002_UnityDataAssetPack_datapack__file110,83889,/PanelFightBossEvent/BgrPopup,PanelFightBossEvent,BgrPopup,False,12540,no_static_sprite_pptr_found
002_UnityDataAssetPack_datapack__file110,83891,/IslandUp,IslandUp,IslandUp,True,13285,no_static_sprite_pptr_found
002_UnityDataAssetPack_datapack__file110,83930,/PopupGuildSkill/Body/BoxTech/ButtonTechSkill8,PopupGuildSkill,ButtonTechSkill8,True,11465,no_static_sprite_pptr_found
002_UnityDataAssetPack_datapack__file110,83965,/PanelShelterMissionEvent/Bgr,PanelShelterMissionEvent,Bgr,True,14251,no_static_sprite_pptr_found
002_UnityDataAssetPack_datapack__file110,83987,/PanelEventTemp/Bgr/BoxGameEventInfo/PanelInfo/GroupButton/ButtonBxh,PanelEventTemp,ButtonBxh,True,10738,no_static_sprite_pptr_found
002_UnityDataAssetPack_datapack__file110,83991,/PanelPackValueEvent/Bgr/ScrollViewReward/Viewport,PanelPackValueEvent,Viewport,True,11643,no_static_sprite_pptr_found
002_UnityDataAssetPack_datapack__file110,83998,/PopupUpgradeArtifact/Body/BoxUpgrade/BoxMaterialSlots/SlotArtifactMaterial3/ItemArtifactUI/Mask/ImageBgr,PopupUpgradeArtifact,ImageBgr,True,14492,no_static_sprite_pptr_found
002_UnityDataAssetPack_datapack__file110,84052,/PanelCheckinEvent/CellCheckinReward/GameItem/HeroHeadClickable/HeroHeadUI/Mask/Image,PanelCheckinEvent,Image,True,12117,no_static_sprite_pptr_found
002_UnityDataAssetPack_datapack__file110,84083,/PanelCheckinEvent/Bgr,PanelCheckinEvent,Bgr,True,11651,no_static_sprite_pptr_found
002_UnityDataAssetPack_datapack__file110,84119,/PopupUpgradeArtifact/Body/BoxUpgrade/BoxMaterialSlots/SlotArtifactMaterial4/ItemArtifactUI/Mask/Check,PopupUpgradeArtifact,Check,False,12685,no_static_sprite_pptr_found
002_UnityDataAssetPack_datapack__file110,84126,/PanelDiscountItemEvent/Bgr/ScrollViewReward/Viewport,PanelDiscountItemEvent,Viewport,True,13624,no_static_sprite_pptr_found
002_UnityDataAssetPack_datapack__file110,84132,/PopupPrepareGuildWar,PopupPrepareGuildWar,PopupPrepareGuildWar,True,13388,no_static_sprite_pptr_found
002_UnityDataAssetPack_datapack__file110,84146,/ItemSetEquip/GroupItem/ReqEquip (3)/ItemEquipmentUI/Mask/Check,ItemSetEquip,Check,False,15311,no_static_sprite_pptr_found
002_UnityDataAssetPack_datapack__file110,84161,/GameItemEvent/GroupDone/ImageCover/Image,GameItemEvent,Image,True,11966,no_static_sprite_pptr_found
002_UnityDataAssetPack_datapack__file110,84178,/PopupSelectServer/Content/CellServer/Avatar/Mask/ImageAvt,PopupSelectServer,ImageAvt,True,10483,no_static_sprite_pptr_found
002_UnityDataAssetPack_datapack__file110,84202,/PopupEnemyInfo/Bgr,PopupEnemyInfo,Bgr,True,11572,no_static_sprite_pptr_found
002_UnityDataAssetPack_datapack__file110,84219,/PopupAllStarsReward/ImageBgr,PopupAllStarsReward,ImageBgr,True,13950,no_static_sprite_pptr_found
002_UnityDataAssetPack_datapack__file110,84220,/PopupArenaReward/ImageBgr,PopupArenaReward,ImageBgr,True,13951,no_static_sprite_pptr_found
002_UnityDataAssetPack_datapack__file110,84233,/PopupGuildSkill/Body/BoxTech/ButtonTechSkill1,PopupGuildSkill,ButtonTechSkill1,True,14252,no_static_sprite_pptr_found
002_UnityDataAssetPack_datapack__file110,84241,/PopupGuildWarPlayerInfo,PopupGuildWarPlayerInfo,PopupGuildWarPlayerInfo,True,14226,no_static_sprite_pptr_found
002_UnityDataAssetPack_datapack__file110,84258,/PanelAccumulatedEvent/CellAccumulateReward3/Scrollview/Viewport,PanelAccumulatedEvent,Viewport,True,15642,no_static_sprite_pptr_found
002_UnityDataAssetPack_datapack__file110,84279,/PopupFormation2/PanelHeroList/PanelFilter/TabClass3,PopupFormation2,TabClass3,True,12944,no_static_sprite_pptr_found
002_UnityDataAssetPack_datapack__file110,84280,/PopupFormation3/PanelHeroList/PanelFilter/TabClass3,PopupFormation3,TabClass3,True,12945,no_static_sprite_pptr_found
002_UnityDataAssetPack_datapack__file110,84299,/PopupArenaReward/ImageBgr/Content/RewardContent/RewardDetail/CellArenaReward/RewardContainer,PopupArenaReward,RewardContainer,True,12790,no_static_sprite_pptr_found
002_UnityDataAssetPack_datapack__file110,84314,/StatusEffect/ImageEff,StatusEffect,ImageEff,True,11171,no_static_sprite_pptr_found
002_UnityDataAssetPack_datapack__file110,84345,/PanelAccumulatedEvent/BgrPopup,PanelAccumulatedEvent,BgrPopup,False,11738,no_static_sprite_pptr_found
002_UnityDataAssetPack_datapack__file110,84347,/PanelExchangeEquipEvent/CellExchangeEquip/GroupEquipReceive/ReceiveEquip (3)/ItemEquipmentUI/Mask/Check,PanelExchangeEquipEvent,Check,False,15677,no_static_sprite_pptr_found
002_UnityDataAssetPack_datapack__file110,84354,/PanelExchangeEquipEvent/CellExchangeEquip/GroupEquipReceive/ReceiveEquip/ItemEquipmentUI,PanelExchangeEquipEvent,ItemEquipmentUI,False,11307,no_static_sprite_pptr_found
002_UnityDataAssetPack_datapack__file110,84355,/PanelCheckinEvent/Bgr/BoxGameEventInfo/PanelInfo/GroupButton/ButtonBxh,PanelCheckinEvent,ButtonBxh,True,12558,no_static_sprite_pptr_found
002_UnityDataAssetPack_datapack__file110,84365,/PopupUpgradeDaffodil/Bgr/Content/BgrInfo/PanelLevelNext/IconBuilding2,PopupUpgradeDaffodil,IconBuilding2,True,14791,no_static_sprite_pptr_found
002_UnityDataAssetPack_datapack__file110,84373,/PopupFriend/Bgr/Content/PanelContent/FriendListApply/FriendApplication/PlayerAvatar,PopupFriend,PlayerAvatar,True,12956,no_static_sprite_pptr_found
002_UnityDataAssetPack_datapack__file110,84385,/PanelEventTemp/Bgr/ScrollViewReward/Viewport,PanelEventTemp,Viewport,True,10731,no_static_sprite_pptr_found
002_UnityDataAssetPack_datapack__file110,84396,/PanelHeroList/PanelFilter/TabClass1,PanelHeroList,TabClass1,True,14188,no_static_sprite_pptr_found
002_UnityDataAssetPack_datapack__file110,84400,/PanelDiscountItemEvent/BgrPopup,PanelDiscountItemEvent,BgrPopup,False,13157,no_static_sprite_pptr_found
002_UnityDataAssetPack_datapack__file110,84416,/PopupSettings/Body/PanelHelp/Content/Content/Viewport,PopupSettings,Viewport,True,15065,no_static_sprite_pptr_found
002_UnityDataAssetPack_datapack__file110,84438,/PopupUpgradeBuilding/Bgr/Content/BgrInfo/PanelLevelNext/IconBuilding2,PopupUpgradeBuilding,IconBuilding2,True,13614,no_static_sprite_pptr_found
002_UnityDataAssetPack_datapack__file110,84441,/HeroMaterialInput/HeroStar,HeroMaterialInput,HeroStar,True,15289,no_static_sprite_pptr_found
002_UnityDataAssetPack_datapack__file110,84442,/HeroMaterial/HeroStar,HeroMaterial,HeroStar,True,15290,no_static_sprite_pptr_found
002_UnityDataAssetPack_datapack__file110,84456,/HeroHeadClickable,HeroHeadClickable,HeroHeadClickable,True,11535,no_static_sprite_pptr_found
002_UnityDataAssetPack_datapack__file110,84460,/PopupGameEvent/Bgr/Content/TabGroup/Viewport,PopupGameEvent,Viewport,True,10580,no_static_sprite_pptr_found
002_UnityDataAssetPack_datapack__file110,84467,/PopupHeroAwakenResult/ImageBgr,PopupHeroAwakenResult,ImageBgr,True,10671,no_static_sprite_pptr_found
002_UnityDataAssetPack_datapack__file110,84468,/PopupHeroUpTier/ImageBgr,PopupHeroUpTier,ImageBgr,True,10672,no_static_sprite_pptr_found
002_UnityDataAssetPack_datapack__file110,84469,/PopupHeroBriefInfo/ImageBgr,PopupHeroBriefInfo,ImageBgr,True,10673,no_static_sprite_pptr_found
002_UnityDataAssetPack_datapack__file110,84470,/PopupHeroESkill/ImageBgr,PopupHeroESkill,ImageBgr,True,10674,no_static_sprite_pptr_found
002_UnityDataAssetPack_datapack__file110,84471,/PopupFormation/PanelHeroList/PanelFilter/TabClass1,PopupFormation,TabClass1,True,12800,no_static_sprite_pptr_found
002_UnityDataAssetPack_datapack__file110,84473,/PopupFriend/Bgr,PopupFriend,Bgr,True,10820,no_static_sprite_pptr_found
002_UnityDataAssetPack_datapack__file110,84501,/PanelEventMiniGame/GroupContent/GroupRight/GroupLevelReward/Level/ImageRecived,PanelEventMiniGame,ImageRecived,False,25629,no_static_sprite_pptr_found
002_UnityDataAssetPack_datapack__file110,84506,/GGEasterPrayEvent/Content/BoxStatues/GroupStatue/EasterStatue (2)/RootScale/GameItem/HeroHeadClickable,GGEasterPrayEvent,HeroHeadClickable,False,15722,no_static_sprite_pptr_found
002_UnityDataAssetPack_datapack__file110,84539,/PopupEquipActionUpgradeOrReup/Content/ImgBgr/GroupInfo/GroupImage/Mask/Image/IconTier,PopupEquipActionUpgradeOrReup,IconTier,True,23641,no_static_sprite_pptr_found
002_UnityDataAssetPack_datapack__file110,84549,/CellGameChallenge/GroupReward/GameItemWrapper1/GameItem/ItemShardUI/Mask/Check,CellGameChallenge,Check,False,16228,no_static_sprite_pptr_found
002_UnityDataAssetPack_datapack__file110,84550,/CellGameChallenge/GroupReward/GameItemWrapper1/GameItem/ItemShardUI,CellGameChallenge,ItemShardUI,False,16231,no_static_sprite_pptr_found
002_UnityDataAssetPack_datapack__file110,84576,/PopupHeroAwakenResult/Body/BoxHead/HeroHeadUI/Mask/Death,PopupHeroAwakenResult,Death,False,16261,no_static_sprite_pptr_found
002_UnityDataAssetPack_datapack__file110,84578,/PopupAllStarBetHistory/Body/PanelBetHistory/ScrollViewBetHistory/CellBetHistory/BgrBetAndResult/LineSerperatorVertical,PopupAllStarBetHistory,LineSerperatorVertical,True,22703,no_static_sprite_pptr_found
002_UnityDataAssetPack_datapack__file110,84595,/PopupHeroAwakenResult/Body/BoxHead/HeroHeadUI/Mask/Check,PopupHeroAwakenResult,Check,False,16247,no_static_sprite_pptr_found
002_UnityDataAssetPack_datapack__file110,84602,/PopupHeroAwakenResult/Body/BoxHead/HeroHeadUI/Mask/Lock,PopupHeroAwakenResult,Lock,False,16277,no_static_sprite_pptr_found
002_UnityDataAssetPack_datapack__file110,84605,/PopupHeroAwakenResult/Body/BoxHead/HeroHeadUI/HeroStar,PopupHeroAwakenResult,HeroStar,True,16274,no_static_sprite_pptr_found
002_UnityDataAssetPack_datapack__file110,84640,/CellRaidChallenge/GroupReward/GI_Wrapper/GameItem/HeroHeadClickable/HeroHeadUI/Mask/Death,CellRaidChallenge,Death,False,16173,no_static_sprite_pptr_found
002_UnityDataAssetPack_datapack__file110,84643,/PopupSelectBattleCase,PopupSelectBattleCase,PopupSelectBattleCase,True,18129,no_static_sprite_pptr_found
002_UnityDataAssetPack_datapack__file110,84649,/CellRaidChallenge/GroupReward/GI_Wrapper/GameItem/HeroHeadClickable/HeroHeadUI/Mask/Check,CellRaidChallenge,Check,False,16170,no_static_sprite_pptr_found
002_UnityDataAssetPack_datapack__file110,84666,/CellRaidChallenge/GroupReward/GI_Wrapper/GameItem/HeroHeadClickable/HeroHeadUI/HeroStar,CellRaidChallenge,HeroStar,True,16189,no_static_sprite_pptr_found
002_UnityDataAssetPack_datapack__file110,84669,/CellRaidChallenge/GroupReward/GI_Wrapper/GameItem/HeroHeadClickable/HeroHeadUI/Mask/Lock,CellRaidChallenge,Lock,False,16187,no_static_sprite_pptr_found
002_UnityDataAssetPack_datapack__file110,84684,/GameItemEvent/GameItem/ItemVipExpUI,GameItemEvent,ItemVipExpUI,False,16199,no_static_sprite_pptr_found
002_UnityDataAssetPack_datapack__file110,84727,/GGEasterPrayEvent/Content/BoxStatues/GroupStatue/EasterStatue (1)/RootScale/GameItem/ItemShardUI,GGEasterPrayEvent,ItemShardUI,False,16100,no_static_sprite_pptr_found
002_UnityDataAssetPack_datapack__file110,84729,/GGEasterPrayEvent/Content/BoxStatues/GroupStatue/EasterStatue (1)/RootScale/GameItem/ItemShardUI/Mask/Check,GGEasterPrayEvent,Check,False,16103,no_static_sprite_pptr_found
002_UnityDataAssetPack_datapack__file110,84754,/PopupLuckySpinFK/Content/BoxSpin/Spin/Arcs/Arc5,PopupLuckySpinFK,Arc5,False,24905,no_static_sprite_pptr_found
002_UnityDataAssetPack_datapack__file110,84764,/GGEasterPrayEvent/Content/BoxStatues/GroupStatue/EasterStatue/RootScale,GGEasterPrayEvent,RootScale,True,30109,no_static_sprite_pptr_found
002_UnityDataAssetPack_datapack__file110,84785,/PopupMasteringHero/Contents/BoxGameChallenge/BgrScroll/CellGameChallenge/GroupReward/GameItemWrapper2/GameItem/ItemShardUI/Mask/Check,PopupMasteringHero,Check,False,16128,no_static_sprite_pptr_found
002_UnityDataAssetPack_datapack__file110,84787,/PopupMasteringHero/Contents/BoxGameChallenge/BgrScroll/CellGameChallenge/GroupReward/GameItemWrapper2/GameItem/ItemShardUI,PopupMasteringHero,ItemShardUI,False,16131,no_static_sprite_pptr_found
002_UnityDataAssetPack_datapack__file110,84827,/PopupPlayerInfo3/Content/Body/Lineup/HeroesLineup1/BackLine/HeroHeadClickable5/HeroHeadUI/Mask/Check,PopupPlayerInfo3,Check,False,15951,no_static_sprite_pptr_found
002_UnityDataAssetPack_datapack__file110,84832,/PopupPlayerInfo3/Content/Body/Lineup/HeroesLineup1/BackLine/HeroHeadClickable5/HeroHeadUI/Mask/Lock,PopupPlayerInfo3,Lock,False,15975,no_static_sprite_pptr_found
002_UnityDataAssetPack_datapack__file110,84840,/PopupPlayerInfo3/Content/Body/Lineup/HeroesLineup1/BackLine/HeroHeadClickable5/HeroHeadUI/HeroStar,PopupPlayerInfo3,HeroStar,True,15968,no_static_sprite_pptr_found
002_UnityDataAssetPack_datapack__file110,84844,/PopupPlayerInfo3/Content/Body/Lineup/HeroesLineup1/BackLine/HeroHeadClickable5/HeroHeadUI/Mask/Death,PopupPlayerInfo3,Death,False,15958,no_static_sprite_pptr_found
002_UnityDataAssetPack_datapack__file110,84851,/PopupSelectReward/Body/GroupSlot/RewardSelect3/GameItem/ItemVipExpUI,PopupSelectReward,ItemVipExpUI,False,15939,no_static_sprite_pptr_found
002_UnityDataAssetPack_datapack__file110,84869,/PopupMFStage/Content/ImageBody/GroupTop/BoxLineUp/Lineup/HeroesLineup/BackLine/MFHeroHead (5),PopupMFStage,MFHeroHead (5),True,22193,no_static_sprite_pptr_found
002_UnityDataAssetPack_datapack__file110,84880,/PopupPlayerInfo3/Content/Body/Lineup/HeroesLineup3/BackLine/HeroHeadClickable4/HeroHeadUI/Mask/Check,PopupPlayerInfo3,Check,False,16071,no_static_sprite_pptr_found
002_UnityDataAssetPack_datapack__file110,84898,/PopupPlayerInfo3/Content/Body/Lineup/HeroesLineup3/BackLine/HeroHeadClickable4/HeroHeadUI/HeroStar,PopupPlayerInfo3,HeroStar,True,16066,no_static_sprite_pptr_found
002_UnityDataAssetPack_datapack__file110,84906,/PopupPlayerInfo3/Content/Body/Lineup/HeroesLineup3/BackLine/HeroHeadClickable4/HeroHeadUI/Mask/Lock,PopupPlayerInfo3,Lock,False,16060,no_static_sprite_pptr_found
002_UnityDataAssetPack_datapack__file110,84919,/PopupPlayerInfo3/Content/Body/Lineup/HeroesLineup3/BackLine/HeroHeadClickable4/HeroHeadUI/Mask/Death,PopupPlayerInfo3,Death,False,16048,no_static_sprite_pptr_found
002_UnityDataAssetPack_datapack__file110,84923,/PopupTarvenQuest/Content/Body/TopGroup/GameItem/HeroHeadClickable/HeroHeadUI/Mask/Death,PopupTarvenQuest,Death,False,16013,no_static_sprite_pptr_found
002_UnityDataAssetPack_datapack__file110,84976,/PopupTarvenQuest/Content/Body/TopGroup/GameItem/HeroHeadClickable/HeroHeadUI/Mask/Check,PopupTarvenQuest,Check,False,15996,no_static_sprite_pptr_found
002_UnityDataAssetPack_datapack__file110,84985,/PopupSellItem/Content/GameItem/ItemVipExpUI,PopupSellItem,ItemVipExpUI,False,16022,no_static_sprite_pptr_found
002_UnityDataAssetPack_datapack__file110,84989,/PopupTarvenQuest/Content/Body/TopGroup/GameItem/HeroHeadClickable/HeroHeadUI/Mask/Lock,PopupTarvenQuest,Lock,False,16035,no_static_sprite_pptr_found
002_UnityDataAssetPack_datapack__file110,84992,/PopupTarvenQuest/Content/Body/TopGroup/GameItem/HeroHeadClickable/HeroHeadUI/HeroStar,PopupTarvenQuest,HeroStar,True,16031,no_static_sprite_pptr_found
002_UnityDataAssetPack_datapack__file110,85002,/PopupGuildWarPlayerInfo/Content/Body/PlayerInfo/BoxRewards/HLayout,PopupGuildWarPlayerInfo,HLayout,True,26797,no_static_sprite_pptr_found
002_UnityDataAssetPack_datapack__file110,85037,/GameItemWrapper/GameItem/GroupDone/ImageCover/Image,GameItemWrapper,Image,True,26612,no_static_sprite_pptr_found
002_UnityDataAssetPack_datapack__file110,85044,/PopupMailBox/Body/BoxMail/BoxRight/MailContent/VeritalContent,PopupMailBox,VeritalContent,True,27992,no_static_sprite_pptr_found
002_UnityDataAssetPack_datapack__file110,85071,/CellRaidChallenge/GroupReward/GI_Wrapper/GameItem/ItemEquipmentUI,CellRaidChallenge,ItemEquipmentUI,False,16508,no_static_sprite_pptr_found
002_UnityDataAssetPack_datapack__file110,85072,/CellRaidChallenge/GroupReward/GI_Wrapper/GameItem/ItemEquipmentUI/Mask/Check,CellRaidChallenge,Check,False,16497,no_static_sprite_pptr_found
002_UnityDataAssetPack_datapack__file110,85077,/PopupNotifyNewEvent/BackgroundArea,PopupNotifyNewEvent,BackgroundArea,True,21920,no_static_sprite_pptr_found
002_UnityDataAssetPack_datapack__file110,85081,/PopupAllStarBetHistory/Body/PanelBetHistory/ScrollViewBetHistory/CellBetHistory/BgrBetAndResult/ImageBet,PopupAllStarBetHistory,ImageBet,True,21579,no_static_sprite_pptr_found
002_UnityDataAssetPack_datapack__file110,85095,/PopupDungeonBuyItem/Content/GameItem/ItemAvatarUI,PopupDungeonBuyItem,ItemAvatarUI,True,16528,no_static_sprite_pptr_found
002_UnityDataAssetPack_datapack__file110,85114,/PopupPlayerInfo3/Content/Body/Lineup/HeroesLineup1/BackLine/HeroHeadClickable5,PopupPlayerInfo3,HeroHeadClickable5,True,16443,no_static_sprite_pptr_found
002_UnityDataAssetPack_datapack__file110,85142,/PopupGuildWarPlayerInfo/Content/Body/PlayerInfo/BoxRewards/HLayout/Wrapper2/GameItem/ItemArtifactUI/Mask/Check,PopupGuildWarPlayerInfo,Check,False,16462,no_static_sprite_pptr_found
002_UnityDataAssetPack_datapack__file110,85151,/PopupGuildWarPlayerInfo/Content/Body/PlayerInfo/BoxRewards/HLayout/Wrapper2/GameItem/ItemArtifactUI,PopupGuildWarPlayerInfo,ItemArtifactUI,True,16459,no_static_sprite_pptr_found
002_UnityDataAssetPack_datapack__file110,85166,/PopupPlayerInfo3/Content/Body/Lineup/HeroesLineup3/BackLine/HeroHeadClickable4,PopupPlayerInfo3,HeroHeadClickable4,True,16472,no_static_sprite_pptr_found
002_UnityDataAssetPack_datapack__file110,85178,/PopupTarvenQuest/Content/Body/TopGroup/GameItem/HeroHeadClickable,PopupTarvenQuest,HeroHeadClickable,False,16468,no_static_sprite_pptr_found
002_UnityDataAssetPack_datapack__file110,85197,/PopupEventMonopoly/ImageBgr/DiceMap/Tiles/DiceTile10/TileResource/ImageItem,PopupEventMonopoly,ImageItem,True,16432,no_static_sprite_pptr_found
002_UnityDataAssetPack_datapack__file110,85225,/PopupDailyQuest/PanelBody/CellDailyQuest/GroupReward/GameItemContainer2/GameItem/ItemShardUI,PopupDailyQuest,ItemShardUI,False,16334,no_static_sprite_pptr_found
002_UnityDataAssetPack_datapack__file110,85228,/PopupDailyQuest/PanelBody/CellDailyQuest/GroupReward/GameItemContainer2/GameItem/ItemShardUI/Mask/Check,PopupDailyQuest,Check,False,16330,no_static_sprite_pptr_found
002_UnityDataAssetPack_datapack__file110,85248,/EasterStatue/RootScale/GameItem/ItemShardUI/Mask/Check,EasterStatue,Check,False,16366,no_static_sprite_pptr_found
002_UnityDataAssetPack_datapack__file110,85253,/EasterStatue/RootScale/GameItem/ItemShardUI,EasterStatue,ItemShardUI,False,16361,no_static_sprite_pptr_found
002_UnityDataAssetPack_datapack__file110,85273,/PanelEasterPrayEvent/Bgr/PanelStatue/GroupStatue/ItemStatue (2)/ArtifactStatue/avatar_statue/GameItem/ItemShardUI,PanelEasterPrayEvent,ItemShardUI,False,16391,no_static_sprite_pptr_found
002_UnityDataAssetPack_datapack__file110,85275,/PanelEasterPrayEvent/Bgr/PanelStatue/GroupStatue/ItemStatue (2)/ArtifactStatue/avatar_statue/GameItem/ItemShardUI/Mask/Check,PanelEasterPrayEvent,Check,False,16387,no_static_sprite_pptr_found
002_UnityDataAssetPack_datapack__file110,85300,/GGEquipmentExchangeEvent/CellEquipmentExchange/GroupEquipReceive/GGEquipmentSlot,GGEquipmentExchangeEvent,GGEquipmentSlot,True,17486,no_static_sprite_pptr_found
002_UnityDataAssetPack_datapack__file110,85313,/PopupTarvenQuest/Content/Body/TopGroup/GameItem/ItemEquipmentUI,PopupTarvenQuest,ItemEquipmentUI,False,16418,no_static_sprite_pptr_found
002_UnityDataAssetPack_datapack__file110,85314,/PopupTarvenQuest/Content/Body/TopGroup/GameItem/ItemEquipmentUI/Mask/Check,PopupTarvenQuest,Check,False,16411,no_static_sprite_pptr_found
002_UnityDataAssetPack_datapack__file110,85353,/CellRaidChallenge/GroupReward/GI_Wrapper/GameItem/HeroHeadClickable,CellRaidChallenge,HeroHeadClickable,False,16317,no_static_sprite_pptr_found
002_UnityDataAssetPack_datapack__file110,85355,/GGBrokenSpaceEventV2/Content/GroupStage/BrokenSpaceStage (1),GGBrokenSpaceEventV2,BrokenSpaceStage (1),True,23738,no_static_sprite_pptr_found
002_UnityDataAssetPack_datapack__file110,85371,/PanelItemExchangeEvent/CellExchangeItem/GameItem/GroupDone/ImageCover/Image,PanelItemExchangeEvent,Image,True,26399,no_static_sprite_pptr_found
002_UnityDataAssetPack_datapack__file110,85372,/GGItemExchangeEvent/CellExchangeItem/GameItem/GroupDone/ImageCover/Image,GGItemExchangeEvent,Image,True,26400,no_static_sprite_pptr_found
002_UnityDataAssetPack_datapack__file110,85377,/PopupCheckin/Bgr/CellCheckinReward/GameItem/ItemConsumableUI,PopupCheckin,ItemConsumableUI,False,16692,no_static_sprite_pptr_found
002_UnityDataAssetPack_datapack__file110,85381,/PopupCheckin/Bgr/CellCheckinReward/GameItem/ItemConsumableUI/Mask/Check,PopupCheckin,Check,False,16690,no_static_sprite_pptr_found
002_UnityDataAssetPack_datapack__file110,85424,/PopupMessageFK2,PopupMessageFK2,PopupMessageFK2,True,16715,no_static_sprite_pptr_found
002_UnityDataAssetPack_datapack__file110,85425,/PopupMessageFK,PopupMessageFK,PopupMessageFK,True,16716,no_static_sprite_pptr_found
002_UnityDataAssetPack_datapack__file110,85446,/TowerStage/HeroWrapper/CanvasHero/ClickArea,TowerStage,ClickArea,True,16732,no_static_sprite_pptr_found
002_UnityDataAssetPack_datapack__file110,85457,/PopupSpecialEvent/Bgr,PopupSpecialEvent,Bgr,True,16743,no_static_sprite_pptr_found
002_UnityDataAssetPack_datapack__file110,85458,/PopupSpecialEvent/Bgr/Content,PopupSpecialEvent,Content,True,16742,no_static_sprite_pptr_found
002_UnityDataAssetPack_datapack__file110,85476,/PopupBuyItem/Content/GameItem/ItemAvatarUI,PopupBuyItem,ItemAvatarUI,True,16778,no_static_sprite_pptr_found
002_UnityDataAssetPack_datapack__file110,85477,/PopupBuyItemFake/Content/GameItem/ItemAvatarUI,PopupBuyItemFake,ItemAvatarUI,True,16779,no_static_sprite_pptr_found
002_UnityDataAssetPack_datapack__file110,85491,/PanelHeroLotteryEvent/BgrPopup,PanelHeroLotteryEvent,BgrPopup,False,16754,no_static_sprite_pptr_found
002_UnityDataAssetPack_datapack__file110,85492,/GGHeroLotteryEvent/ImageBgr,GGHeroLotteryEvent,ImageBgr,True,16755,no_static_sprite_pptr_found
002_UnityDataAssetPack_datapack__file110,85504,/PanelHeroLotteryEvent/Bgr/ScrollViewReward/Viewport,PanelHeroLotteryEvent,Viewport,True,16748,no_static_sprite_pptr_found
002_UnityDataAssetPack_datapack__file110,85505,/GGHeroLotteryEvent/ScrollViewContent/Viewport,GGHeroLotteryEvent,Viewport,True,16749,no_static_sprite_pptr_found
002_UnityDataAssetPack_datapack__file110,85515,/PanelHeroLotteryEvent/CellHeroLottery/ScrollviewItemFrom/Viewport,PanelHeroLotteryEvent,Viewport,True,16768,no_static_sprite_pptr_found
002_UnityDataAssetPack_datapack__file110,85516,/GGHeroLotteryEvent/CellHeroLottery/ScrollRewards/Viewport,GGHeroLotteryEvent,Viewport,True,16769,no_static_sprite_pptr_found
002_UnityDataAssetPack_datapack__file110,85523,/HeroHeadClickable/HeroHeadUI/Mask/Death,HeroHeadClickable,Death,False,16600,no_static_sprite_pptr_found
002_UnityDataAssetPack_datapack__file110,85546,/HeroHeadClickable/HeroHeadUI/Mask/Check,HeroHeadClickable,Check,False,16597,no_static_sprite_pptr_found
002_UnityDataAssetPack_datapack__file110,85554,/HeroHeadClickable/HeroHeadUI/HeroStar,HeroHeadClickable,HeroStar,True,16608,no_static_sprite_pptr_found
002_UnityDataAssetPack_datapack__file110,85557,/HeroHeadClickable/HeroHeadUI/Mask/Lock,HeroHeadClickable,Lock,False,16622,no_static_sprite_pptr_found
002_UnityDataAssetPack_datapack__file110,85592,/GGEasterPrayEvent/Content/BoxStatues/GroupStatue/EasterStatue (2)/RootScale/GameItem/HeroHeadClickable/HeroHeadUI/Mask/Lock,GGEasterPrayEvent,Lock,False,16658,no_static_sprite_pptr_found
002_UnityDataAssetPack_datapack__file110,85595,/GGEasterPrayEvent/Content/BoxStatues/GroupStatue/EasterStatue (2)/RootScale/GameItem/HeroHeadClickable/HeroHeadUI/HeroStar,GGEasterPrayEvent,HeroStar,True,16674,no_static_sprite_pptr_found
002_UnityDataAssetPack_datapack__file110,85600,/GGEasterPrayEvent/Content/BoxStatues/GroupStatue/EasterStatue (2)/RootScale/GameItem/HeroHeadClickable/HeroHeadUI/Mask/Check,GGEasterPrayEvent,Check,False,16651,no_static_sprite_pptr_found
002_UnityDataAssetPack_datapack__file110,85621,/GGEasterPrayEvent/Content/BoxStatues/GroupStatue/EasterStatue (2)/RootScale/GameItem/HeroHeadClickable/HeroHeadUI/Mask/Death,GGEasterPrayEvent,Death,False,16682,no_static_sprite_pptr_found
002_UnityDataAssetPack_datapack__file110,85635,/PopupPlayerInfo/Content/Body/Lineup/HeroesLineup/BackLine/HeroHeadClickable6,PopupPlayerInfo,HeroHeadClickable6,True,16574,no_static_sprite_pptr_found
002_UnityDataAssetPack_datapack__file110,85691,/GGEquipmentExchangeEvent/CellEquipmentExchange/GroupReqEquip/GGEquipmentSlot (1),GGEquipmentExchangeEvent,GGEquipmentSlot (1),True,17276,no_static_sprite_pptr_found
002_UnityDataAssetPack_datapack__file110,85721,/PopupIdolOfBlessing,PopupIdolOfBlessing,PopupIdolOfBlessing,True,24463,no_static_sprite_pptr_found
002_UnityDataAssetPack_datapack__file110,85747,/PopupGuildWarPlayerInfo/Content/Body/PlayerInfo/BoxRewards/HLayout/Wrapper2/GameItem/HeroHeadClickable/HeroHeadUI/Mask/Death,PopupGuildWarPlayerInfo,Death,False,17011,no_static_sprite_pptr_found
002_UnityDataAssetPack_datapack__file110,85755,/PopupGuildWarPlayerInfo/Content/Body/PlayerInfo/BoxRewards/HLayout/Wrapper2/GameItem/HeroHeadClickable/HeroHeadUI/Mask/Check,PopupGuildWarPlayerInfo,Check,False,16993,no_static_sprite_pptr_found
002_UnityDataAssetPack_datapack__file110,85777,/PopupGuildWarPlayerInfo/Content/Body/PlayerInfo/BoxRewards/HLayout/Wrapper2/GameItem/HeroHeadClickable/HeroHeadUI/Mask/Lock,PopupGuildWarPlayerInfo,Lock,False,17016,no_static_sprite_pptr_found
002_UnityDataAssetPack_datapack__file110,85780,/PopupGuildWarPlayerInfo/Content/Body/PlayerInfo/BoxRewards/HLayout/Wrapper2/GameItem/HeroHeadClickable/HeroHeadUI/HeroStar,PopupGuildWarPlayerInfo,HeroStar,True,17030,no_static_sprite_pptr_found
002_UnityDataAssetPack_datapack__file110,85793,/PopupShelterExchangeHero/Content/PanelReward/Rewards,PopupShelterExchangeHero,Rewards,True,20745,no_static_sprite_pptr_found
002_UnityDataAssetPack_datapack__file110,85800,/PopupBattleEndFakeEn/Content/Body/Content/Results/BoxRewards/ItemConsumableUI/Mask/Check,PopupBattleEndFakeEn,Check,False,17049,no_static_sprite_pptr_found
002_UnityDataAssetPack_datapack__file110,85805,/PopupLineupFk/Content/BoxLineup/HeroSlotFk (3)/Wrapper/CanvasHeroFk (3)/ClickArea,PopupLineupFk,ClickArea,True,17051,no_static_sprite_pptr_found
002_UnityDataAssetPack_datapack__file110,85806,/PopupLineupFk2/Content/BoxLineup/HeroSlotFk (3)/Wrapper/CanvasHeroFk (3)/ClickArea,PopupLineupFk2,ClickArea,True,17052,no_static_sprite_pptr_found
002_UnityDataAssetPack_datapack__file110,85808,/PopupBattleEndFakeEn/Content/Body/Content/Results/BoxRewards/ItemConsumableUI,PopupBattleEndFakeEn,ItemConsumableUI,True,17053,no_static_sprite_pptr_found
002_UnityDataAssetPack_datapack__file110,85817,/PopupTowerLevelInfo/PanelBody/BoxHeroes1/GroupHeroes/HeroHeadClickable/HeroHeadUI/Mask/Death,PopupTowerLevelInfo,Death,False,16941,no_static_sprite_pptr_found
002_UnityDataAssetPack_datapack__file110,85822,/PopupTowerLevelInfo/PanelBody/BoxHeroes1/GroupHeroes/HeroHeadClickable/HeroHeadUI/HeroStar,PopupTowerLevelInfo,HeroStar,True,16930,no_static_sprite_pptr_found
002_UnityDataAssetPack_datapack__file110,85825,/PopupTowerLevelInfo/PanelBody/BoxHeroes1/GroupHeroes/HeroHeadClickable/HeroHeadUI/Mask/Lock,PopupTowerLevelInfo,Lock,False,16928,no_static_sprite_pptr_found
002_UnityDataAssetPack_datapack__file110,85837,/PopupTowerLevelInfo/PanelBody/BoxHeroes1/GroupHeroes/HeroHeadClickable/HeroHeadUI/Mask/Check,PopupTowerLevelInfo,Check,False,16953,no_static_sprite_pptr_found
002_UnityDataAssetPack_datapack__file110,85866,/CellGameChallenge/GroupReward/GameItemWrapper1/GameItem/ItemConsumableUI,CellGameChallenge,ItemConsumableUI,False,16916,no_static_sprite_pptr_found
002_UnityDataAssetPack_datapack__file110,85873,/CellGameChallenge/GroupReward/GameItemWrapper1/GameItem/ItemConsumableUI/Mask/Check,CellGameChallenge,Check,False,16918,no_static_sprite_pptr_found
002_UnityDataAssetPack_datapack__file110,85877,/PopupBravePlayer/Content/ImageBody/Top/Lineup/HeroesLineup/FrontLine/HeroHeadClickable1,PopupBravePlayer,HeroHeadClickable1,True,16961,no_static_sprite_pptr_found
002_UnityDataAssetPack_datapack__file110,85890,/GameItemEvent/GameItem/GroupDone/ImageCover/Image,GameItemEvent,Image,True,28082,no_static_sprite_pptr_found
002_UnityDataAssetPack_datapack__file110,85936,/PopupAllStarsTop2/Body/BoxPlayIn2/BoxAllStarsPlayer1/PlayerAvatar,PopupAllStarsTop2,PlayerAvatar,True,16900,no_static_sprite_pptr_found
002_UnityDataAssetPack_datapack__file110,85937,/PopupAllStarsTop4/Body/BoxPlayIn2/BoxAllStarsPlayer1/PlayerAvatar,PopupAllStarsTop4,PlayerAvatar,True,16901,no_static_sprite_pptr_found
002_UnityDataAssetPack_datapack__file110,85975,/PopupPlayerInfo3/Content/Body/Lineup/HeroesLineup3/BackLine/HeroHeadClickable3,PopupPlayerInfo3,HeroHeadClickable3,True,16785,no_static_sprite_pptr_found
002_UnityDataAssetPack_datapack__file110,85982,/PopupSelectReward/Body/GroupSlot/RewardSelect3/GameItem/GroupDone/ImageCover/Image,PopupSelectReward,Image,True,28216,no_static_sprite_pptr_found
002_UnityDataAssetPack_datapack__file110,85988,/GGEasterPrayEvent/Content/BoxStatues/GroupStatue/EasterStatue (1)/RootScale/GameItem/ItemConsumableUI,GGEasterPrayEvent,ItemConsumableUI,False,16793,no_static_sprite_pptr_found
002_UnityDataAssetPack_datapack__file110,85992,/GGEasterPrayEvent/Content/BoxStatues/GroupStatue/EasterStatue (1)/RootScale/GameItem/ItemConsumableUI/Mask/Check,GGEasterPrayEvent,Check,False,16790,no_static_sprite_pptr_found
002_UnityDataAssetPack_datapack__file110,86001,/PopupHeroESkill/Body/BoxChiPoint/MedMan/GroupEnable/ButtonESkill5/ImageSkill,PopupHeroESkill,ImageSkill,True,31548,no_static_sprite_pptr_found
002_UnityDataAssetPack_datapack__file110,86018,/PopupSellItem/Content/GameItem/GroupDone/ImageCover/Image,PopupSellItem,Image,True,28197,no_static_sprite_pptr_found
002_UnityDataAssetPack_datapack__file110,86026,/PopupMasteringHero/Contents/BoxGameChallenge/BgrScroll/CellGameChallenge/GroupReward/GameItemWrapper2/GameItem/ItemConsumableUI/Mask/Check,PopupMasteringHero,Check,False,16860,no_static_sprite_pptr_found
002_UnityDataAssetPack_datapack__file110,86035,/PopupMasteringHero/Contents/BoxGameChallenge/BgrScroll/CellGameChallenge/GroupReward/GameItemWrapper2/GameItem/ItemConsumableUI,PopupMasteringHero,ItemConsumableUI,False,16855,no_static_sprite_pptr_found
002_UnityDataAssetPack_datapack__file110,86050,/PopupTowerLevelInfo/PanelBody/BoxHeroes2/GroupHeroes/HeroHeadClickable (1)/HeroHeadUI/Mask/Death,PopupTowerLevelInfo,Death,False,16814,no_static_sprite_pptr_found
002_UnityDataAssetPack_datapack__file110,86067,/PopupTowerLevelInfo/PanelBody/BoxHeroes2/GroupHeroes/HeroHeadClickable (1)/HeroHeadUI/Mask/Check,PopupTowerLevelInfo,Check,False,16843,no_static_sprite_pptr_found
002_UnityDataAssetPack_datapack__file110,86075,/PopupTowerLevelInfo/PanelBody/BoxHeroes2/GroupHeroes/HeroHeadClickable (1)/HeroHeadUI/Mask/Lock,PopupTowerLevelInfo,Lock,False,16829,no_static_sprite_pptr_found
002_UnityDataAssetPack_datapack__file110,86083,/PopupTowerLevelInfo/PanelBody/BoxHeroes2/GroupHeroes/HeroHeadClickable (1)/HeroHeadUI/HeroStar,PopupTowerLevelInfo,HeroStar,True,16823,no_static_sprite_pptr_found
002_UnityDataAssetPack_datapack__file110,86107,/PanelTravelEvent/BgrTrip/PanelChooseWay/Bgr,PanelTravelEvent,Bgr,True,28022,no_static_sprite_pptr_found
002_UnityDataAssetPack_datapack__file110,86112,/Popup7DaysEvent/Bgr/Content/ItemMission7Day/Line,Popup7DaysEvent,Line,False,25741,no_static_sprite_pptr_found
002_UnityDataAssetPack_datapack__file110,86128,/GGEasterPrayEvent/Content/BoxStatues/GroupStatue/EasterStatue (2)/RootScale/GameItem/ItemArtifactUI,GGEasterPrayEvent,ItemArtifactUI,True,17218,no_static_sprite_pptr_found
002_UnityDataAssetPack_datapack__file110,86139,/GGEasterPrayEvent/Content/BoxStatues/GroupStatue/EasterStatue (2)/RootScale/GameItem/ItemArtifactUI/Mask/Check,GGEasterPrayEvent,Check,False,17220,no_static_sprite_pptr_found
002_UnityDataAssetPack_datapack__file110,86146,/PopupMFSelectRelic/Background/CardRelic (1),PopupMFSelectRelic,CardRelic (1),True,18017,no_static_sprite_pptr_found
002_UnityDataAssetPack_datapack__file110,86160,/PanelSpecialPackEvent/Bgr/PanelLeft/Scrollview/Viewport,PanelSpecialPackEvent,Viewport,True,16153,no_static_sprite_pptr_found
002_UnityDataAssetPack_datapack__file110,86173,/HealthBar/Bar/ManaBarBgr/GameObject/Index2,HealthBar,Index2,True,15900,no_static_sprite_pptr_found
002_UnityDataAssetPack_datapack__file110,86177,/PopupGuildBossTopDmg/Body/CellGuildBossDmg/GameItem1/GameItem1/ItemShardUI/Mask/Check,PopupGuildBossTopDmg,Check,False,17173,no_static_sprite_pptr_found
002_UnityDataAssetPack_datapack__file110,86180,/PopupGuildBossTopDmg/Body/CellGuildBossDmg/GameItem1/GameItem1/ItemShardUI,PopupGuildBossTopDmg,ItemShardUI,False,17168,no_static_sprite_pptr_found
002_UnityDataAssetPack_datapack__file110,86228,/PopupPlayerInfo3/Content/Body/Lineup/HeroesLineup2/BackLine/HeroHeadClickable3/HeroHeadUI/Mask/Lock,PopupPlayerInfo3,Lock,False,17080,no_static_sprite_pptr_found
002_UnityDataAssetPack_datapack__file110,86231,/PopupPlayerInfo3/Content/Body/Lineup/HeroesLineup2/BackLine/HeroHeadClickable3/HeroHeadUI/HeroStar,PopupPlayerInfo3,HeroStar,True,17094,no_static_sprite_pptr_found
002_UnityDataAssetPack_datapack__file110,86237,/PopupPlayerInfo3/Content/Body/Lineup/HeroesLineup2/BackLine/HeroHeadClickable3/HeroHeadUI/Mask/Check,PopupPlayerInfo3,Check,False,17106,no_static_sprite_pptr_found
002_UnityDataAssetPack_datapack__file110,86262,/PopupPlayerInfo3/Content/Body/Lineup/HeroesLineup2/BackLine/HeroHeadClickable3/HeroHeadUI/Mask/Death,PopupPlayerInfo3,Death,False,17101,no_static_sprite_pptr_found
002_UnityDataAssetPack_datapack__file110,86281,/PopupBravePlayer/Content/ImageBody/Top/PlayerInfo/PlayerAvatar,PopupBravePlayer,PlayerAvatar,True,17124,no_static_sprite_pptr_found
002_UnityDataAssetPack_datapack__file110,86365,/PanelItemExchangeEvent/CellExchangeItem/GameItem/ItemVipExpUI,PanelItemExchangeEvent,ItemVipExpUI,False,17356,no_static_sprite_pptr_found
002_UnityDataAssetPack_datapack__file110,86366,/GGItemExchangeEvent/CellExchangeItem/GameItem/ItemVipExpUI,GGItemExchangeEvent,ItemVipExpUI,False,17357,no_static_sprite_pptr_found
002_UnityDataAssetPack_datapack__file110,86369,/PopupPlayerInfo3/Content/Body/Lineup/HeroesLineup2/BackLine/HeroHeadClickable3,PopupPlayerInfo3,HeroHeadClickable3,True,17348,no_static_sprite_pptr_found
002_UnityDataAssetPack_datapack__file110,86385,/PopupAllStarsTop2/Body/BoxPlayIn2/BoxAllStarsPlayer2/PlayerAvatar,PopupAllStarsTop2,PlayerAvatar,True,17390,no_static_sprite_pptr_found
002_UnityDataAssetPack_datapack__file110,86386,/PopupAllStarsTop4/Body/BoxPlayIn2/BoxAllStarsPlayer2/PlayerAvatar,PopupAllStarsTop4,PlayerAvatar,True,17391,no_static_sprite_pptr_found
002_UnityDataAssetPack_datapack__file110,86410,/GGEquipmentExchangeEvent/CellEquipmentExchange/GroupEquipReceive/GGEquipmentSlot (1)/EquipmentWrapper/ItemEquipmentUI/Mask/Check,GGEquipmentExchangeEvent,Check,False,17372,no_static_sprite_pptr_found
002_UnityDataAssetPack_datapack__file110,86413,/GGEquipmentExchangeEvent/CellEquipmentExchange/GroupEquipReceive/GGEquipmentSlot (1)/EquipmentWrapper/ItemEquipmentUI,GGEquipmentExchangeEvent,ItemEquipmentUI,True,17378,no_static_sprite_pptr_found
002_UnityDataAssetPack_datapack__file110,86456,/PopupCheckin/Bgr/CellCheckinReward/GameItem/ItemShardUI,PopupCheckin,ItemShardUI,False,17303,no_static_sprite_pptr_found
002_UnityDataAssetPack_datapack__file110,86457,/PopupCheckin/Bgr/CellCheckinReward/GameItem/ItemShardUI/Mask/Check,PopupCheckin,Check,False,17306,no_static_sprite_pptr_found
002_UnityDataAssetPack_datapack__file110,86509,/PopupSpecialEvent/Bgr/Content/bgr_1,PopupSpecialEvent,bgr_1,True,21983,no_static_sprite_pptr_found
002_UnityDataAssetPack_datapack__file110,86513,/PopupPrayForFire,PopupPrayForFire,PopupPrayForFire,True,22091,no_static_sprite_pptr_found
002_UnityDataAssetPack_datapack__file110,86594,/GameItemWrapper/GameItem/ItemVipExpUI,GameItemWrapper,ItemVipExpUI,False,17628,no_static_sprite_pptr_found
002_UnityDataAssetPack_datapack__file110,86632,/CellRaidChallenge/GroupReward/GI_Wrapper/GameItem/ItemArtifactUI/Mask/Check,CellRaidChallenge,Check,False,17695,no_static_sprite_pptr_found
002_UnityDataAssetPack_datapack__file110,86637,/CellRaidChallenge/GroupReward/GI_Wrapper/GameItem/ItemArtifactUI,CellRaidChallenge,ItemArtifactUI,True,17698,no_static_sprite_pptr_found
002_UnityDataAssetPack_datapack__file110,86647,/PopupMasteringHero/Contents/BoxMastering/BoxHeroes/CellMasteringHero/HeroHeadUI/Mask/Death,PopupMasteringHero,Death,False,17663,no_static_sprite_pptr_found
002_UnityDataAssetPack_datapack__file110,86649,/PopupMasteringHero/Contents/BoxMastering/BoxHeroes/CellMasteringHero/HeroHeadUI/Mask/Check,PopupMasteringHero,Check,False,17648,no_static_sprite_pptr_found
002_UnityDataAssetPack_datapack__file110,86673,/PopupMasteringHero/Contents/BoxMastering/BoxHeroes/CellMasteringHero/HeroHeadUI/Mask/Lock,PopupMasteringHero,Lock,False,17666,no_static_sprite_pptr_found
002_UnityDataAssetPack_datapack__file110,86676,/PopupMasteringHero/Contents/BoxMastering/BoxHeroes/CellMasteringHero/HeroHeadUI/HeroStar,PopupMasteringHero,HeroStar,True,17681,no_static_sprite_pptr_found
002_UnityDataAssetPack_datapack__file110,86695,/PopupPlayerInfo3/Content/Body/Lineup/HeroesLineup3/BackLine/HeroHeadClickable3/HeroHeadUI/Mask/Death,PopupPlayerInfo3,Death,False,17571,no_static_sprite_pptr_found
002_UnityDataAssetPack_datapack__file110,86706,/PopupPlayerInfo3/Content/Body/Lineup/HeroesLineup3/BackLine/HeroHeadClickable3/HeroHeadUI/HeroStar,PopupPlayerInfo3,HeroStar,True,17552,no_static_sprite_pptr_found
002_UnityDataAssetPack_datapack__file110,86709,/PopupPlayerInfo3/Content/Body/Lineup/HeroesLineup3/BackLine/HeroHeadClickable3/HeroHeadUI/Mask/Lock,PopupPlayerInfo3,Lock,False,17566,no_static_sprite_pptr_found
002_UnityDataAssetPack_datapack__file110,86730,/PopupPlayerInfo3/Content/Body/Lineup/HeroesLineup3/BackLine/HeroHeadClickable3/HeroHeadUI/Mask/Check,PopupPlayerInfo3,Check,False,17550,no_static_sprite_pptr_found
002_UnityDataAssetPack_datapack__file110,86770,/PopupGuildWarPlayerInfo/Content/Body/PlayerInfo/BoxRewards/HLayout/Wrapper2/GameItem/ItemEquipmentUI,PopupGuildWarPlayerInfo,ItemEquipmentUI,False,17610,no_static_sprite_pptr_found
002_UnityDataAssetPack_datapack__file110,86771,/PopupGuildWarPlayerInfo/Content/Body/PlayerInfo/BoxRewards/HLayout/Wrapper2/GameItem/ItemEquipmentUI/Mask/Check,PopupGuildWarPlayerInfo,Check,False,17598,no_static_sprite_pptr_found
002_UnityDataAssetPack_datapack__file110,86789,/PopupTowerLevelInfo/PanelBody/BoxHeroes2/GroupHeroes/HeroHeadClickable (1),PopupTowerLevelInfo,HeroHeadClickable (1),True,17615,no_static_sprite_pptr_found
002_UnityDataAssetPack_datapack__file110,86794,/PanelTravelEvent/BgrTrip/PanelChest/chest_1,PanelTravelEvent,chest_1,True,16282,no_static_sprite_pptr_found
002_UnityDataAssetPack_datapack__file110,86800,/PopupDailyQuest/PanelBody/CellDailyQuest/GroupReward/GameItemContainer1/GameItem/ItemAvatarUI,PopupDailyQuest,ItemAvatarUI,True,17497,no_static_sprite_pptr_found
002_UnityDataAssetPack_datapack__file110,86816,/PopupEventMonopoly/ImageBgr/DiceMap/Tiles/DiceTile17/TileResource/ImageItem,PopupEventMonopoly,ImageItem,False,17591,no_static_sprite_pptr_found
002_UnityDataAssetPack_datapack__file110,86824,/PopupGuildWarPlayerInfo/Content/Body/PlayerInfo/BoxRewards/HLayout/Wrapper2/GameItem/HeroHeadClickable,PopupGuildWarPlayerInfo,HeroHeadClickable,False,17511,no_static_sprite_pptr_found
002_UnityDataAssetPack_datapack__file110,86841,/PopupTarvenQuest/Content/Body/TopGroup/GameItem/ItemArtifactUI/Mask/Check,PopupTarvenQuest,Check,False,17524,no_static_sprite_pptr_found
002_UnityDataAssetPack_datapack__file110,86858,/PopupTarvenQuest/Content/Body/TopGroup/GameItem/ItemArtifactUI,PopupTarvenQuest,ItemArtifactUI,True,17521,no_static_sprite_pptr_found
002_UnityDataAssetPack_datapack__file110,86869,/PopupIdolOfBlessing/Body/Bgr/Button/ImageCoin,PopupIdolOfBlessing,ImageCoin,True,30945,no_static_sprite_pptr_found
002_UnityDataAssetPack_datapack__file110,86877,/PopupPrayForFire/Body/BgrPanel/PanelStart/Panelbattle/SpineBoss/CanvasHero/ClickArea,PopupPrayForFire,ClickArea,True,17431,no_static_sprite_pptr_found
002_UnityDataAssetPack_datapack__file110,86888,/PopupTowerLevelInfo/PanelBody/BoxHeroes1/GroupHeroes/HeroHeadClickable,PopupTowerLevelInfo,HeroHeadClickable,True,17430,no_static_sprite_pptr_found
002_UnityDataAssetPack_datapack__file110,86892,/EasterStatue/RootScale/GameItem/ItemConsumableUI,EasterStatue,ItemConsumableUI,False,17412,no_static_sprite_pptr_found
002_UnityDataAssetPack_datapack__file110,86902,/EasterStatue/RootScale/GameItem/ItemConsumableUI/Mask/Check,EasterStatue,Check,False,17413,no_static_sprite_pptr_found
002_UnityDataAssetPack_datapack__file110,86909,/PopupDailyQuest/PanelBody/CellDailyQuest/GroupReward/GameItemContainer2/GameItem/ItemConsumableUI/Mask/Check,PopupDailyQuest,Check,False,17423,no_static_sprite_pptr_found
002_UnityDataAssetPack_datapack__file110,86914,/PopupDailyQuest/PanelBody/CellDailyQuest/GroupReward/GameItemContainer2/GameItem/ItemConsumableUI,PopupDailyQuest,ItemConsumableUI,False,17426,no_static_sprite_pptr_found
002_UnityDataAssetPack_datapack__file110,86919,/GGBrokenSpaceEventV2/Content/GroupStage/BrokenSpaceStage (2),GGBrokenSpaceEventV2,BrokenSpaceStage (2),True,22952,no_static_sprite_pptr_found
002_UnityDataAssetPack_datapack__file110,86925,/PopupBravePlayer/Content/ImageBody/Top/Lineup/HeroesLineup/FrontLine/HeroHeadClickable1/HeroHeadUI/Mask/Check,PopupBravePlayer,Check,False,17446,no_static_sprite_pptr_found
002_UnityDataAssetPack_datapack__file110,86945,/PopupBravePlayer/Content/ImageBody/Top/Lineup/HeroesLineup/FrontLine/HeroHeadClickable1/HeroHeadUI/Mask/Lock,PopupBravePlayer,Lock,False,17458,no_static_sprite_pptr_found
002_UnityDataAssetPack_datapack__file110,86954,/PopupBravePlayer/Content/ImageBody/Top/Lineup/HeroesLineup/FrontLine/HeroHeadClickable1/HeroHeadUI/HeroStar,PopupBravePlayer,HeroStar,True,17469,no_static_sprite_pptr_found
002_UnityDataAssetPack_datapack__file110,86958,/PopupBravePlayer/Content/ImageBody/Top/Lineup/HeroesLineup/FrontLine/HeroHeadClickable1/HeroHeadUI/Mask/Death,PopupBravePlayer,Death,False,17454,no_static_sprite_pptr_found
002_UnityDataAssetPack_datapack__file110,86961,/PanelEasterPrayEvent/Bgr/PanelStatue/GroupStatue/ItemStatue (2)/ArtifactStatue/avatar_statue/GameItem/ItemConsumableUI/Mask/Check,PanelEasterPrayEvent,Check,False,17478,no_static_sprite_pptr_found
002_UnityDataAssetPack_datapack__file110,86967,/PanelEasterPrayEvent/Bgr/PanelStatue/GroupStatue/ItemStatue (2)/ArtifactStatue/avatar_statue/GameItem/ItemConsumableUI,PanelEasterPrayEvent,ItemConsumableUI,False,17481,no_static_sprite_pptr_found
002_UnityDataAssetPack_datapack__file110,86980,/PopupAllStarsTop8/Body/CellAllStarsTop8/LineSerperator,PopupAllStarsTop8,LineSerperator,True,23504,no_static_sprite_pptr_found
002_UnityDataAssetPack_datapack__file110,87000,/PopupSelectReward/Body/GroupSlot/RewardSelect2/GameItem/ItemAvatarUI,PopupSelectReward,ItemAvatarUI,True,17962,no_static_sprite_pptr_found
002_UnityDataAssetPack_datapack__file110,87006,/PanelEventMiniGame/GroupContent/GroupLeft/Content/Hole/bgr/Reward/GameItem/ItemAvatarUI,PanelEventMiniGame,ItemAvatarUI,True,17967,no_static_sprite_pptr_found
002_UnityDataAssetPack_datapack__file110,87046,/PopupPlayerInfo3/Content/Body/Lineup/HeroesLineup1/BackLine/HeroHeadClickable6,PopupPlayerInfo3,HeroHeadClickable6,True,17995,no_static_sprite_pptr_found
002_UnityDataAssetPack_datapack__file110,87057,/CellDailyQuest/GroupReward/GameItemContainer1/GameItem/ItemShardUI/Mask/Check,CellDailyQuest,Check,False,18005,no_static_sprite_pptr_found
002_UnityDataAssetPack_datapack__file110,87059,/CellDailyQuest/GroupReward/GameItemContainer1/GameItem/ItemShardUI,CellDailyQuest,ItemShardUI,False,18008,no_static_sprite_pptr_found
002_UnityDataAssetPack_datapack__file110,87072,/PopupPlayerInfo/Content/Body/Lineup/HeroesLineup/FrontLine/HeroHeadClickable2,PopupPlayerInfo,HeroHeadClickable2,True,17990,no_static_sprite_pptr_found
002_UnityDataAssetPack_datapack__file110,87077,/GameItemFeeEquip/GameItem/HeroHeadClickable,GameItemFeeEquip,HeroHeadClickable,False,17988,no_static_sprite_pptr_found
002_UnityDataAssetPack_datapack__file110,87086,/PopupGuildBossRewards/Body/CellGuildBossReward/GameItemContainer1/GameItem1/HeroHeadClickable/HeroHeadUI/Mask/Death,PopupGuildBossRewards,Death,False,17863,no_static_sprite_pptr_found
002_UnityDataAssetPack_datapack__file110,87092,/PopupGuildBossRewards/Body/CellGuildBossReward/GameItemContainer1/GameItem1/HeroHeadClickable/HeroHeadUI/Mask/Check,PopupGuildBossRewards,Check,False,17852,no_static_sprite_pptr_found
002_UnityDataAssetPack_datapack__file110,87111,/PopupGuildBossRewards/Body/CellGuildBossReward/GameItemContainer1/GameItem1/HeroHeadClickable/HeroHeadUI/HeroStar,PopupGuildBossRewards,HeroStar,True,17880,no_static_sprite_pptr_found
002_UnityDataAssetPack_datapack__file110,87119,/PopupGuildBossRewards/Body/CellGuildBossReward/GameItemContainer1/GameItem1/HeroHeadClickable/HeroHeadUI/Mask/Lock,PopupGuildBossRewards,Lock,False,17873,no_static_sprite_pptr_found
002_UnityDataAssetPack_datapack__file110,87126,/PanelHeroInfo/RightPart/BoxInfo/PanelEquipment/SlotArtifact/ItemArtifactUI,PanelHeroInfo,ItemArtifactUI,True,17902,no_static_sprite_pptr_found
002_UnityDataAssetPack_datapack__file110,87143,/PanelHeroInfo/RightPart/BoxInfo/PanelEquipment/SlotArtifact/ItemArtifactUI/Mask/Check,PanelHeroInfo,Check,False,17899,no_static_sprite_pptr_found
002_UnityDataAssetPack_datapack__file110,87148,/PanelEventMiniGame/GroupContent/GroupLeft/Content/Hole/bgDesc,PanelEventMiniGame,bgDesc,True,24369,no_static_sprite_pptr_found
002_UnityDataAssetPack_datapack__file110,87149,/PopupTowerLevelInfo/PanelBody/BoxHeroes1/GroupHeroes/HeroHeadClickable (4)/HeroHeadUI/Mask/Check,PopupTowerLevelInfo,Check,False,17920,no_static_sprite_pptr_found
002_UnityDataAssetPack_datapack__file110,87173,/PopupTowerLevelInfo/PanelBody/BoxHeroes1/GroupHeroes/HeroHeadClickable (4)/HeroHeadUI/Mask/Lock,PopupTowerLevelInfo,Lock,False,17932,no_static_sprite_pptr_found
002_UnityDataAssetPack_datapack__file110,87181,/PopupTowerLevelInfo/PanelBody/BoxHeroes1/GroupHeroes/HeroHeadClickable (4)/HeroHeadUI/HeroStar,PopupTowerLevelInfo,HeroStar,True,17943,no_static_sprite_pptr_found
002_UnityDataAssetPack_datapack__file110,87183,/PopupTowerLevelInfo/PanelBody/BoxHeroes1/GroupHeroes/HeroHeadClickable (4)/HeroHeadUI/Mask/Death,PopupTowerLevelInfo,Death,False,17928,no_static_sprite_pptr_found
002_UnityDataAssetPack_datapack__file110,87205,/PanelHeroInfo/RightPart/BoxInfo/PanelAwaken/BoxAwaken/SlotMaterial/HeroMaterial1/TagName,PanelHeroInfo,TagName,True,17803,no_static_sprite_pptr_found
002_UnityDataAssetPack_datapack__file110,87208,/PanelHeroInfo/RightPart/BoxInfo/PanelAwaken/BoxAwaken/SlotMaterial/HeroMaterial1/HeroStar,PanelHeroInfo,HeroStar,True,17816,no_static_sprite_pptr_found
002_UnityDataAssetPack_datapack__file110,87255,/PopupIdolOfRevival/Body/Bgr/Scroll View/Viewport/Content/HeroRevival/Bgr,PopupIdolOfRevival,Bgr,True,19465,no_static_sprite_pptr_found
002_UnityDataAssetPack_datapack__file110,87275,/PopupMFStage/Content/ImageBody/GroupTop/BoxLineUp/Lineup/HeroesLineup/FrontLine/MFHeroHead/HeroHeadUI/Mask/Death,PopupMFStage,Death,False,17724,no_static_sprite_pptr_found
002_UnityDataAssetPack_datapack__file110,87277,/PopupMFStage/Content/ImageBody/GroupTop/BoxLineUp/Lineup/HeroesLineup/FrontLine/MFHeroHead/HeroHeadUI/Mask/Check,PopupMFStage,Check,False,17710,no_static_sprite_pptr_found
002_UnityDataAssetPack_datapack__file110,87304,/PopupMFStage/Content/ImageBody/GroupTop/BoxLineUp/Lineup/HeroesLineup/FrontLine/MFHeroHead/HeroHeadUI/Mask/Lock,PopupMFStage,Lock,False,17727,no_static_sprite_pptr_found
002_UnityDataAssetPack_datapack__file110,87307,/PopupMFStage/Content/ImageBody/GroupTop/BoxLineUp/Lineup/HeroesLineup/FrontLine/MFHeroHead/HeroHeadUI/HeroStar,PopupMFStage,HeroStar,True,17742,no_static_sprite_pptr_found
002_UnityDataAssetPack_datapack__file110,87310,/PanelHeroInfo/HeroBox/ImageHero,PanelHeroInfo,ImageHero,True,20350,no_static_sprite_pptr_found
002_UnityDataAssetPack_datapack__file110,87328,/GameItemFeeEquip/GameItem/ItemEquipmentUI/Mask/Check,GameItemFeeEquip,Check,False,17783,no_static_sprite_pptr_found
002_UnityDataAssetPack_datapack__file110,87329,/GameItemFeeEquip/GameItem/ItemEquipmentUI,GameItemFeeEquip,ItemEquipmentUI,False,17774,no_static_sprite_pptr_found
002_UnityDataAssetPack_datapack__file110,87351,/PopupGuildMill/Body/BoxOrder/CellMillOrder/Bonus/GameItem2/ItemShardUI,PopupGuildMill,ItemShardUI,False,17759,no_static_sprite_pptr_found
002_UnityDataAssetPack_datapack__file110,87354,/PopupGuildMill/Body/BoxOrder/CellMillOrder/Bonus/GameItem2/ItemShardUI/Mask/Check,PopupGuildMill,Check,False,17754,no_static_sprite_pptr_found
002_UnityDataAssetPack_datapack__file110,87400,/PopupShopChest,PopupShopChest,PopupShopChest,True,18112,no_static_sprite_pptr_found
002_UnityDataAssetPack_datapack__file110,87424,/PopupSelectGameItem/PanelBody/GameItemTick/GameItem/HeroHeadClickable/HeroHeadUI/Mask/Lock,PopupSelectGameItem,Lock,False,18369,no_static_sprite_pptr_found
002_UnityDataAssetPack_datapack__file110,87425,/GameItem/HeroHeadClickable/HeroHeadUI/Mask/Lock,GameItem,Lock,False,18370,no_static_sprite_pptr_found
002_UnityDataAssetPack_datapack__file110,87430,/PopupSelectGameItem/PanelBody/GameItemTick/GameItem/HeroHeadClickable/HeroHeadUI/HeroStar,PopupSelectGameItem,HeroStar,True,18363,no_static_sprite_pptr_found
002_UnityDataAssetPack_datapack__file110,87431,/GameItem/HeroHeadClickable/HeroHeadUI/HeroStar,GameItem,HeroStar,True,18362,no_static_sprite_pptr_found
002_UnityDataAssetPack_datapack__file110,87472,/PopupSelectGameItem/PanelBody/GameItemTick/GameItem/HeroHeadClickable/HeroHeadUI/Mask/Check,PopupSelectGameItem,Check,False,18334,no_static_sprite_pptr_found
002_UnityDataAssetPack_datapack__file110,87473,/GameItem/HeroHeadClickable/HeroHeadUI/Mask/Check,GameItem,Check,False,18333,no_static_sprite_pptr_found
002_UnityDataAssetPack_datapack__file110,87486,/GameItem/HeroHeadClickable/HeroHeadUI/Mask/Death,GameItem,Death,False,18390,no_static_sprite_pptr_found
002_UnityDataAssetPack_datapack__file110,87487,/PopupSelectGameItem/PanelBody/GameItemTick/GameItem/HeroHeadClickable/HeroHeadUI/Mask/Death,PopupSelectGameItem,Death,False,18389,no_static_sprite_pptr_found
002_UnityDataAssetPack_datapack__file110,87500,/PopupShareBattle,PopupShareBattle,PopupShareBattle,True,18551,no_static_sprite_pptr_found
002_UnityDataAssetPack_datapack__file110,87520,/CellRaidChallenge/GroupReward/GI_Wrapper/GameItem/HeroHeadClickable,CellRaidChallenge,HeroHeadClickable,False,18567,no_static_sprite_pptr_found
002_UnityDataAssetPack_datapack__file110,87527,/PopupInfoStatue/Bgr/Content/Rect/ScrollRect/Viewport,PopupInfoStatue,Viewport,True,18267,no_static_sprite_pptr_found
002_UnityDataAssetPack_datapack__file110,87528,/PopupEasterPrayRewards/Content/RectRewards/ScrollRect/Viewport,PopupEasterPrayRewards,Viewport,True,18268,no_static_sprite_pptr_found
002_UnityDataAssetPack_datapack__file110,87530,/PanelEasterPrayEvent/Bgr/GroupButton/ButtonAction2/iconTypeExchangeItem,PanelEasterPrayEvent,iconTypeExchangeItem,True,32096,no_static_sprite_pptr_found
002_UnityDataAssetPack_datapack__file110,87550,/PopupSelectReward/Body/GroupSlot/RewardSelect1/GameItem/ItemShardUI,PopupSelectReward,ItemShardUI,False,18250,no_static_sprite_pptr_found
002_UnityDataAssetPack_datapack__file110,87552,/PopupSelectReward/Body/GroupSlot/RewardSelect1/GameItem/ItemShardUI/Mask/Check,PopupSelectReward,Check,False,18245,no_static_sprite_pptr_found
002_UnityDataAssetPack_datapack__file110,87605,/PanelEasterPrayEvent/Bgr/PanelStatue/GroupStatue/ItemStatue/HeroStatue/avatar_statue/GameItem/ItemShardUI,PanelEasterPrayEvent,ItemShardUI,False,18296,no_static_sprite_pptr_found
002_UnityDataAssetPack_datapack__file110,87608,/PanelEasterPrayEvent/Bgr/PanelStatue/GroupStatue/ItemStatue/HeroStatue/avatar_statue/GameItem/ItemShardUI/Mask/Check,PanelEasterPrayEvent,Check,False,18291,no_static_sprite_pptr_found
002_UnityDataAssetPack_datapack__file110,87667,/PopupTowerLevelInfo/PanelBody/BoxHeroes2/GroupHeroes/HeroHeadClickable/HeroHeadUI/Mask/Death,PopupTowerLevelInfo,Death,False,18078,no_static_sprite_pptr_found
002_UnityDataAssetPack_datapack__file110,87681,/PopupPrepareGuildWar/PanelBody/FrameScroll/CellWarRegister/GroupPlayer/LineUp/HeroHeadClickable3/HeroHeadUI/Mask/Check,PopupPrepareGuildWar,Check,False,18022,no_static_sprite_pptr_found
002_UnityDataAssetPack_datapack__file110,87682,/PopupPrepareGuildWar/PanelBody/FrameScroll/CellWarRegister/GroupPlayer/LineUp/HeroHeadClickable3/HeroHeadUI/HeroStar,PopupPrepareGuildWar,HeroStar,True,18044,no_static_sprite_pptr_found
002_UnityDataAssetPack_datapack__file110,87691,/PopupPrepareGuildWar/PanelBody/FrameScroll/CellWarRegister/GroupPlayer/LineUp/HeroHeadClickable3/HeroHeadUI/Mask/Lock,PopupPrepareGuildWar,Lock,False,18055,no_static_sprite_pptr_found
002_UnityDataAssetPack_datapack__file110,87699,/PopupTowerLevelInfo/PanelBody/BoxHeroes2/GroupHeroes/HeroHeadClickable/HeroHeadUI/Mask/Lock,PopupTowerLevelInfo,Lock,False,18068,no_static_sprite_pptr_found
002_UnityDataAssetPack_datapack__file110,87702,/PopupTowerLevelInfo/PanelBody/BoxHeroes2/GroupHeroes/HeroHeadClickable/HeroHeadUI/HeroStar,PopupTowerLevelInfo,HeroStar,True,18065,no_static_sprite_pptr_found
002_UnityDataAssetPack_datapack__file110,87721,/PopupPrepareGuildWar/PanelBody/FrameScroll/CellWarRegister/GroupPlayer/LineUp/HeroHeadClickable3/HeroHeadUI/Mask/Death,PopupPrepareGuildWar,Death,False,18032,no_static_sprite_pptr_found
002_UnityDataAssetPack_datapack__file110,87726,/PopupTowerLevelInfo/PanelBody/BoxHeroes2/GroupHeroes/HeroHeadClickable/HeroHeadUI/Mask/Check,PopupTowerLevelInfo,Check,False,18097,no_static_sprite_pptr_found
002_UnityDataAssetPack_datapack__file110,87730,/GGDauDanhTrangEvent/CellReward/DauDanhTrangItem/ScaleGameItem/GameItem/ItemConsumableUI/Mask/Check,GGDauDanhTrangEvent,Check,False,18087,no_static_sprite_pptr_found
002_UnityDataAssetPack_datapack__file110,87731,/PanelDauDanhTrangEvent/CellDauDanhTrangReward/DauDanhTrangItem/ScaleGameItem/GameItem/ItemConsumableUI/Mask/Check,PanelDauDanhTrangEvent,Check,False,18088,no_static_sprite_pptr_found
002_UnityDataAssetPack_datapack__file110,87744,/GGDauDanhTrangEvent/CellReward/DauDanhTrangItem/ScaleGameItem/GameItem/ItemConsumableUI,GGDauDanhTrangEvent,ItemConsumableUI,False,18091,no_static_sprite_pptr_found
002_UnityDataAssetPack_datapack__file110,87745,/PanelDauDanhTrangEvent/CellDauDanhTrangReward/DauDanhTrangItem/ScaleGameItem/GameItem/ItemConsumableUI,PanelDauDanhTrangEvent,ItemConsumableUI,False,18092,no_static_sprite_pptr_found
002_UnityDataAssetPack_datapack__file110,87757,/PopupSpecialEquipUpgrade/Image,PopupSpecialEquipUpgrade,Image,False,30926,no_static_sprite_pptr_found
002_UnityDataAssetPack_datapack__file110,87778,/PopupBossFk/Content/GroupBoss/CellBossFk/CanvasHero/ClickArea,PopupBossFk,ClickArea,True,18141,no_static_sprite_pptr_found
002_UnityDataAssetPack_datapack__file110,87779,/PopupBossFk2/Content/GroupBoss/CellBossFk/CanvasHero/ClickArea,PopupBossFk2,ClickArea,True,18142,no_static_sprite_pptr_found
002_UnityDataAssetPack_datapack__file110,87790,/PanelEvent2PackVertical/BoxPackage2/VipExp,PanelEvent2PackVertical,VipExp,True,22021,no_static_sprite_pptr_found
002_UnityDataAssetPack_datapack__file110,87799,/PopupLunarEvent/Bgr/Content/ListTab/Tab2/Content/PanelCenter/ListIndex/IndexSmash (1)/Image,PopupLunarEvent,Image,True,18407,no_static_sprite_pptr_found
002_UnityDataAssetPack_datapack__file110,87806,/PopupLunarEvent/Bgr/Content/ListTabButton/ButtonShowTab4,PopupLunarEvent,ButtonShowTab4,True,18411,no_static_sprite_pptr_found
002_UnityDataAssetPack_datapack__file110,87815,/PopupLunarEvent/Bgr,PopupLunarEvent,Bgr,True,18418,no_static_sprite_pptr_found
002_UnityDataAssetPack_datapack__file110,87830,/PopupLunarEvent/Bgr/Content/ListTab/Tab1/Content/Bottom/ListReward/ImageRW1,PopupLunarEvent,ImageRW1,True,18432,no_static_sprite_pptr_found
002_UnityDataAssetPack_datapack__file110,87848,/PopupLunarEvent/Bgr/Content/ListTab/Tab1/Content/PanelCenter/ListButtonLixi/BolderLixi3/ButtonLixi3,PopupLunarEvent,ButtonLixi3,True,18442,no_static_sprite_pptr_found
002_UnityDataAssetPack_datapack__file110,87850,/PopupLunarEvent/Bgr/Content/ListTab/Tab1/Content/Bottom/ListReward/ImageRW3,PopupLunarEvent,ImageRW3,True,18443,no_static_sprite_pptr_found
002_UnityDataAssetPack_datapack__file110,87865,/PopupLunarEvent/Bgr/Content/ListTabButton/ButtonShowTab3,PopupLunarEvent,ButtonShowTab3,True,18457,no_static_sprite_pptr_found
002_UnityDataAssetPack_datapack__file110,87867,/PopupLunarEvent/Bgr/Content/ListTab/Tab1/Content/Bottom/ListReward/ImageRW4,PopupLunarEvent,ImageRW4,True,18458,no_static_sprite_pptr_found
002_UnityDataAssetPack_datapack__file110,87874,/PopupLunarEvent/Bgr/Content/ListTabButton/ButtonShowTab1,PopupLunarEvent,ButtonShowTab1,True,18462,no_static_sprite_pptr_found
002_UnityDataAssetPack_datapack__file110,87877,/PopupLunarEvent/Bgr/Content/ListTab/Tab1/Content/PanelCenter/ListButtonLixi/BolderLixi2/ButtonLixi2,PopupLunarEvent,ButtonLixi2,True,18464,no_static_sprite_pptr_found
002_UnityDataAssetPack_datapack__file110,87879,/PopupLunarEvent/Bgr/Content/ListTab/Tab1/Content/Bottom/ListReward/ImageRW6,PopupLunarEvent,ImageRW6,True,18465,no_static_sprite_pptr_found
002_UnityDataAssetPack_datapack__file110,87908,/PopupLunarEvent/Bgr/Content/ListTab/Tab1/Content/Bottom/ListReward/ImageRW5,PopupLunarEvent,ImageRW5,True,18486,no_static_sprite_pptr_found
002_UnityDataAssetPack_datapack__file110,87912,/PopupLunarEvent/Bgr/Content/ListTab/Tab4/Content/PanelBot,PopupLunarEvent,PanelBot,True,18488,no_static_sprite_pptr_found
002_UnityDataAssetPack_datapack__file110,87931,/PopupLunarEvent/Bgr/Content/ListTab/Tab4/Content/PanelTop,PopupLunarEvent,PanelTop,True,18504,no_static_sprite_pptr_found
002_UnityDataAssetPack_datapack__file110,87938,/PopupLunarEvent/Bgr/Content/ListTab/Tab1/Content/Bottom/ListReward/ImageRW2,PopupLunarEvent,ImageRW2,True,18510,no_static_sprite_pptr_found
002_UnityDataAssetPack_datapack__file110,87953,/PopupLunarEvent/Bgr/Content/ListTab/Tab2/Content/PanelCenter/ListIndex/IndexSmash (2)/Image,PopupLunarEvent,Image,True,18524,no_static_sprite_pptr_found
002_UnityDataAssetPack_datapack__file110,87969,/PopupLunarEvent/Bgr/Content/ListTab/Tab3/Content/PanelCenter/ListCell/CellTab3LunarEvent/ButtonExchange,PopupLunarEvent,ButtonExchange,True,18534,no_static_sprite_pptr_found
002_UnityDataAssetPack_datapack__file110,87981,/PopupLunarEvent/Bgr/Content/ListTabButton/ButtonShowTab2,PopupLunarEvent,ButtonShowTab2,True,18543,no_static_sprite_pptr_found
002_UnityDataAssetPack_datapack__file110,88009,/PopupGuildBossRewards/Body/CellGuildBossReward/GameItemContainer2/GameItem2/GroupDone/ImageCover/Image,PopupGuildBossRewards,Image,True,24945,no_static_sprite_pptr_found
002_UnityDataAssetPack_datapack__file110,88047,/PopupUpgradeHeroFake,PopupUpgradeHeroFake,PopupUpgradeHeroFake,True,18187,no_static_sprite_pptr_found
002_UnityDataAssetPack_datapack__file110,88066,/CellRaidChallenge/GroupReward/GI_Wrapper/GameItem/ItemEquipmentUI/Mask/Check,CellRaidChallenge,Check,False,18213,no_static_sprite_pptr_found
002_UnityDataAssetPack_datapack__file110,88067,/CellRaidChallenge/GroupReward/GI_Wrapper/GameItem/ItemEquipmentUI,CellRaidChallenge,ItemEquipmentUI,False,18224,no_static_sprite_pptr_found
002_UnityDataAssetPack_datapack__file110,88094,/PopupMasteringHero/Contents/BoxGameChallenge/BgrScroll/CellGameChallenge/GroupReward/GameItemWrapper1/GameItem/ItemConsumableUI/Mask/Check,PopupMasteringHero,Check,False,18830,no_static_sprite_pptr_found
002_UnityDataAssetPack_datapack__file110,88102,/PopupMasteringHero/Contents/BoxGameChallenge/BgrScroll/CellGameChallenge/GroupReward/GameItemWrapper1/GameItem/ItemConsumableUI,PopupMasteringHero,ItemConsumableUI,False,18828,no_static_sprite_pptr_found
002_UnityDataAssetPack_datapack__file110,88109,/PopupSelectEquipmentSet/Content/CellEquipmentSetSelect/GroupItem/ItemEquipmentUI (1)/Mask/Check,PopupSelectEquipmentSet,Check,False,18815,no_static_sprite_pptr_found
002_UnityDataAssetPack_datapack__file110,88111,/PopupSelectEquipmentSet/Content/CellEquipmentSetSelect/GroupItem/ItemEquipmentUI (1),PopupSelectEquipmentSet,ItemEquipmentUI (1),True,18804,no_static_sprite_pptr_found
002_UnityDataAssetPack_datapack__file110,88157,/PopupPrepareGuildWar/PanelBody/FrameScroll/CellWarRegister/GroupPlayer/LineUp/HeroHeadClickable3,PopupPrepareGuildWar,HeroHeadClickable3,True,18728,no_static_sprite_pptr_found
002_UnityDataAssetPack_datapack__file110,88162,/PanelTravelEvent/BgrTrip/PanelChest/chest_2,PanelTravelEvent,chest_2,True,29018,no_static_sprite_pptr_found
002_UnityDataAssetPack_datapack__file110,88164,/PopupTowerLevelInfo/PanelBody/BoxHeroes2/GroupHeroes/HeroHeadClickable,PopupTowerLevelInfo,HeroHeadClickable,True,18726,no_static_sprite_pptr_found
002_UnityDataAssetPack_datapack__file110,88167,/PopupShop/Content/bgr/child_bgr/CellPopupShop/ShopItem/Item/GameItem/ItemAvatarUI,PopupShop,ItemAvatarUI,True,18721,no_static_sprite_pptr_found
002_UnityDataAssetPack_datapack__file110,88205,/PopupSelectGameItem/PanelBody/GameItemTick/GameItem/ItemEquipmentUI,PopupSelectGameItem,ItemEquipmentUI,False,18738,no_static_sprite_pptr_found
002_UnityDataAssetPack_datapack__file110,88206,/GameItem/ItemEquipmentUI,GameItem,ItemEquipmentUI,False,18737,no_static_sprite_pptr_found
002_UnityDataAssetPack_datapack__file110,88207,/GameItem/ItemEquipmentUI/Mask/Check,GameItem,Check,False,18760,no_static_sprite_pptr_found
002_UnityDataAssetPack_datapack__file110,88208,/PopupSelectGameItem/PanelBody/GameItemTick/GameItem/ItemEquipmentUI/Mask/Check,PopupSelectGameItem,Check,False,18761,no_static_sprite_pptr_found
002_UnityDataAssetPack_datapack__file110,88239,/Popup7DaysEvent/Bgr/Content/PanelContent/PanelDiscount/Bgr/GameItem/ItemConsumableUI/Mask/Check,Popup7DaysEvent,Check,False,18769,no_static_sprite_pptr_found
002_UnityDataAssetPack_datapack__file110,88245,/Popup7DaysEvent/Bgr/Content/PanelContent/PanelDiscount/Bgr/GameItem/ItemConsumableUI,Popup7DaysEvent,ItemConsumableUI,False,18766,no_static_sprite_pptr_found
002_UnityDataAssetPack_datapack__file110,88268,/PanelEventRollCall/ListRollCall/CellRollCall/GroupBonus1,PanelEventRollCall,GroupBonus1,True,22044,no_static_sprite_pptr_found
002_UnityDataAssetPack_datapack__file110,88277,/ItemBonusShow/GameItem/ItemAvatarUI,ItemBonusShow,ItemAvatarUI,True,18630,no_static_sprite_pptr_found
002_UnityDataAssetPack_datapack__file110,88286,/GameItem/HeroHeadClickable,GameItem,HeroHeadClickable,False,18653,no_static_sprite_pptr_found
002_UnityDataAssetPack_datapack__file110,88287,/PopupSelectGameItem/PanelBody/GameItemTick/GameItem/HeroHeadClickable,PopupSelectGameItem,HeroHeadClickable,False,18654,no_static_sprite_pptr_found
002_UnityDataAssetPack_datapack__file110,88294,/PanelHeroLotteryEvent/CellHeroLottery/PanelHeroTo/GameItem/ItemArtifactUI/Mask/Check,PanelHeroLotteryEvent,Check,False,18641,no_static_sprite_pptr_found
002_UnityDataAssetPack_datapack__file110,88309,/PanelHeroLotteryEvent/CellHeroLottery/PanelHeroTo/GameItem/ItemArtifactUI,PanelHeroLotteryEvent,ItemArtifactUI,True,18638,no_static_sprite_pptr_found
002_UnityDataAssetPack_datapack__file110,88312,/PanelBrokenSpacesEvent2/Bgr/GroupStage/Stage1,PanelBrokenSpacesEvent2,Stage1,True,16518,no_static_sprite_pptr_found
002_UnityDataAssetPack_datapack__file110,88327,/PopupSpecialEquipUpgrade/Body/GroupLeft/Bgr/GroupContent/SideAttack/GroupImageAttack/MaskAttack/ImageFake,PopupSpecialEquipUpgrade,ImageFake,True,26542,no_static_sprite_pptr_found
002_UnityDataAssetPack_datapack__file110,88351,/CellRaidChallenge/GroupReward/GI_Wrapper/GameItem/HeroHeadClickable/HeroHeadUI/Mask/Check,CellRaidChallenge,Check,False,18678,no_static_sprite_pptr_found
002_UnityDataAssetPack_datapack__file110,88354,/CellRaidChallenge/GroupReward/GI_Wrapper/GameItem/HeroHeadClickable/HeroHeadUI/HeroStar,CellRaidChallenge,HeroStar,True,18702,no_static_sprite_pptr_found
002_UnityDataAssetPack_datapack__file110,88362,/CellRaidChallenge/GroupReward/GI_Wrapper/GameItem/HeroHeadClickable/HeroHeadUI/Mask/Lock,CellRaidChallenge,Lock,False,18713,no_static_sprite_pptr_found
002_UnityDataAssetPack_datapack__file110,88371,/CellRaidChallenge/GroupReward/GI_Wrapper/GameItem/HeroHeadClickable/HeroHeadUI/Mask/Death,CellRaidChallenge,Death,False,18688,no_static_sprite_pptr_found
002_UnityDataAssetPack_datapack__file110,88378,/CellGameChallenge/GroupReward/GameItemWrapper2/GameItem/ItemConsumableUI,CellGameChallenge,ItemConsumableUI,False,18667,no_static_sprite_pptr_found
002_UnityDataAssetPack_datapack__file110,88382,/CellGameChallenge/GroupReward/GameItemWrapper2/GameItem/ItemConsumableUI/Mask/Check,CellGameChallenge,Check,False,18668,no_static_sprite_pptr_found
002_UnityDataAssetPack_datapack__file110,88408,/PopupGuildRecruit,PopupGuildRecruit,PopupGuildRecruit,True,18577,no_static_sprite_pptr_found
002_UnityDataAssetPack_datapack__file110,88417,/PopupGuildMill/Body/BoxOrder/CellMillOrder/Bonus/GameItem1/ItemVipExpUI,PopupGuildMill,ItemVipExpUI,False,18588,no_static_sprite_pptr_found
002_UnityDataAssetPack_datapack__file110,88446,/PopupGuildPromote/Content/PlayerAvatar,PopupGuildPromote,PlayerAvatar,True,18610,no_static_sprite_pptr_found
002_UnityDataAssetPack_datapack__file110,88493,/PopupGuildBossRewards/Body/CellGuildBossReward/GameItemContainer1/GameItem1/ItemEquipmentUI/Mask/Check,PopupGuildBossRewards,Check,False,19067,no_static_sprite_pptr_found
002_UnityDataAssetPack_datapack__file110,88494,/PopupGuildBossRewards/Body/CellGuildBossReward/GameItemContainer1/GameItem1/ItemEquipmentUI,PopupGuildBossRewards,ItemEquipmentUI,False,19075,no_static_sprite_pptr_found
002_UnityDataAssetPack_datapack__file110,88501,/PopupBossFk/Content/GroupBoss/CellBossFk (2)/CanvasHero/ClickArea,PopupBossFk,ClickArea,True,19091,no_static_sprite_pptr_found
002_UnityDataAssetPack_datapack__file110,88535,/PopupSmashedShop/Content/ImageBox/CellMerchantShop/Reward/GameItem/ItemVipExpUI,PopupSmashedShop,ItemVipExpUI,False,19101,no_static_sprite_pptr_found
002_UnityDataAssetPack_datapack__file110,88542,/CardRelic,CardRelic,CardRelic,True,17509,no_static_sprite_pptr_found
002_UnityDataAssetPack_datapack__file110,88555,/PopupInvitationList/Bgr/Content/FriendItem/PlayerAvatar,PopupInvitationList,PlayerAvatar,True,19113,no_static_sprite_pptr_found
002_UnityDataAssetPack_datapack__file110,88600,/Popup7DaysEvent/Bgr/Content/PanelContent/MissionEventGroup/Viewport,Popup7DaysEvent,Viewport,True,19247,no_static_sprite_pptr_found
002_UnityDataAssetPack_datapack__file110,88611,/PopupLineupFk/Content/BoxLineup/HeroSlotFk (1)/Wrapper/CanvasHeroFk (1)/ClickArea,PopupLineupFk,ClickArea,True,19037,no_static_sprite_pptr_found
002_UnityDataAssetPack_datapack__file110,88612,/PopupLineupFk2/Content/BoxLineup/HeroSlotFk (1)/Wrapper/CanvasHeroFk (1)/ClickArea,PopupLineupFk2,ClickArea,True,19038,no_static_sprite_pptr_found
002_UnityDataAssetPack_datapack__file110,88655,/PopupPlayerInfo3/Content/Body/Lineup/HeroesLineup1/BackLine/HeroHeadClickable6/HeroHeadUI/Mask/Check,PopupPlayerInfo3,Check,False,19012,no_static_sprite_pptr_found
002_UnityDataAssetPack_datapack__file110,88680,/PopupPlayerInfo3/Content/Body/Lineup/HeroesLineup1/BackLine/HeroHeadClickable6/HeroHeadUI/Mask/Lock,PopupPlayerInfo3,Lock,False,18995,no_static_sprite_pptr_found
002_UnityDataAssetPack_datapack__file110,88683,/PopupPlayerInfo3/Content/Body/Lineup/HeroesLineup1/BackLine/HeroHeadClickable6/HeroHeadUI/HeroStar,PopupPlayerInfo3,HeroStar,True,19010,no_static_sprite_pptr_found
002_UnityDataAssetPack_datapack__file110,88690,/PanelSpecialPackEvent/Bgr,PanelSpecialPackEvent,Bgr,True,19017,no_static_sprite_pptr_found
002_UnityDataAssetPack_datapack__file110,88695,/PopupPlayerInfo3/Content/Body/Lineup/HeroesLineup1/BackLine/HeroHeadClickable6/HeroHeadUI/Mask/Death,PopupPlayerInfo3,Death,False,18992,no_static_sprite_pptr_found
002_UnityDataAssetPack_datapack__file110,88699,/PopupPlayerInfo/Content/Body/Lineup/HeroesLineup/FrontLine/HeroHeadClickable2/HeroHeadUI/Mask/Check,PopupPlayerInfo,Check,False,18941,no_static_sprite_pptr_found
002_UnityDataAssetPack_datapack__file110,88710,/GameItemFeeEquip/GameItem/HeroHeadClickable/HeroHeadUI/Mask/Death,GameItemFeeEquip,Death,False,18974,no_static_sprite_pptr_found
002_UnityDataAssetPack_datapack__file110,88723,/PopupPlayerInfo/Content/Body/Lineup/HeroesLineup/FrontLine/HeroHeadClickable2/HeroHeadUI/Mask/Lock,PopupPlayerInfo,Lock,False,18925,no_static_sprite_pptr_found
002_UnityDataAssetPack_datapack__file110,88726,/PopupPlayerInfo/Content/Body/Lineup/HeroesLineup/FrontLine/HeroHeadClickable2/HeroHeadUI/HeroStar,PopupPlayerInfo,HeroStar,True,18940,no_static_sprite_pptr_found
002_UnityDataAssetPack_datapack__file110,88735,/GameItemFeeEquip/GameItem/HeroHeadClickable/HeroHeadUI/HeroStar,GameItemFeeEquip,HeroStar,True,18961,no_static_sprite_pptr_found
002_UnityDataAssetPack_datapack__file110,88738,/GameItemFeeEquip/GameItem/HeroHeadClickable/HeroHeadUI/Mask/Lock,GameItemFeeEquip,Lock,False,18959,no_static_sprite_pptr_found
002_UnityDataAssetPack_datapack__file110,88748,/GameItemFeeEquip/GameItem/HeroHeadClickable/HeroHeadUI/Mask/Check,GameItemFeeEquip,Check,False,18952,no_static_sprite_pptr_found
002_UnityDataAssetPack_datapack__file110,88760,/PopupPlayerInfo/Content/Body/Lineup/HeroesLineup/FrontLine/HeroHeadClickable2/HeroHeadUI/Mask/Death,PopupPlayerInfo,Death,False,18920,no_static_sprite_pptr_found
002_UnityDataAssetPack_datapack__file110,88782,/PopupGuildBossRewards/Body/CellGuildBossReward/GameItemContainer1/GameItem1/HeroHeadClickable,PopupGuildBossRewards,HeroHeadClickable,False,18848,no_static_sprite_pptr_found
002_UnityDataAssetPack_datapack__file110,88793,/PopupTowerLevelInfo/PanelBody/BoxHeroes1/GroupHeroes/HeroHeadClickable (4),PopupTowerLevelInfo,HeroHeadClickable (4),True,18871,no_static_sprite_pptr_found
002_UnityDataAssetPack_datapack__file110,88810,/PopupAllStarsTop4/Body/BoxPlayIn4/BoxAllStarsPlayer1/PlayerAvatar,PopupAllStarsTop4,PlayerAvatar,True,18863,no_static_sprite_pptr_found
002_UnityDataAssetPack_datapack__file110,88817,/PopupGuildBossTopDmg/Body/CellGuildBossDmg/GameItem2/GameItem2/ItemArtifactUI/Mask/Check,PopupGuildBossTopDmg,Check,False,18887,no_static_sprite_pptr_found
002_UnityDataAssetPack_datapack__file110,88836,/PopupGuildBossTopDmg/Body/CellGuildBossDmg/GameItem2/GameItem2/ItemArtifactUI,PopupGuildBossTopDmg,ItemArtifactUI,True,18884,no_static_sprite_pptr_found
002_UnityDataAssetPack_datapack__file110,88856,/PopupGuildWarPlayerInfo/Content/Body/PlayerInfo/BoxRewards/HLayout/Wrapper1/GameItem/ItemAvatarUI,PopupGuildWarPlayerInfo,ItemAvatarUI,True,18874,no_static_sprite_pptr_found
002_UnityDataAssetPack_datapack__file110,88866,/PopupSelectReward/Body/GroupSlot/RewardSelect1/GameItem/ItemConsumableUI/Mask/Check,PopupSelectReward,Check,False,19395,no_static_sprite_pptr_found
002_UnityDataAssetPack_datapack__file110,88870,/PopupSelectReward/Body/GroupSlot/RewardSelect1/GameItem/ItemConsumableUI,PopupSelectReward,ItemConsumableUI,False,19396,no_static_sprite_pptr_found
002_UnityDataAssetPack_datapack__file110,88877,/PopupChatNew/AnchorLeft/Content/BoxChatScroll,PopupChatNew,BoxChatScroll,True,11022,no_static_sprite_pptr_found
002_UnityDataAssetPack_datapack__file110,88922,/PanelEasterPrayEvent/Bgr/PanelStatue/GroupStatue/ItemStatue/HeroStatue/avatar_statue/GameItem/ItemConsumableUI/Mask/Check,PanelEasterPrayEvent,Check,False,19414,no_static_sprite_pptr_found
002_UnityDataAssetPack_datapack__file110,88925,/PanelEasterPrayEvent/Bgr/PanelStatue/GroupStatue/ItemStatue/HeroStatue/avatar_statue/GameItem/ItemConsumableUI,PanelEasterPrayEvent,ItemConsumableUI,False,19416,no_static_sprite_pptr_found
002_UnityDataAssetPack_datapack__file110,88970,/PopupBravePlayerNew/Content/ImageBody/Top/Lineup/HeroesLineup/BackLine/HeroHeadClickable6/HeroHeadUI/Mask/Death,PopupBravePlayerNew,Death,False,19363,no_static_sprite_pptr_found
002_UnityDataAssetPack_datapack__file110,88980,/PopupBravePlayerNew/Content/ImageBody/Top/Lineup/HeroesLineup/BackLine/HeroHeadClickable6/HeroHeadUI/HeroStar,PopupBravePlayerNew,HeroStar,True,19344,no_static_sprite_pptr_found
002_UnityDataAssetPack_datapack__file110,88983,/PopupBravePlayerNew/Content/ImageBody/Top/Lineup/HeroesLineup/BackLine/HeroHeadClickable6/HeroHeadUI/Mask/Lock,PopupBravePlayerNew,Lock,False,19358,no_static_sprite_pptr_found
002_UnityDataAssetPack_datapack__file110,89004,/PopupBravePlayerNew/Content/ImageBody/Top/Lineup/HeroesLineup/BackLine/HeroHeadClickable6/HeroHeadUI/Mask/Check,PopupBravePlayerNew,Check,False,19378,no_static_sprite_pptr_found
002_UnityDataAssetPack_datapack__file110,89037,/GGDauDanhTrangEvent/CellReward/DauDanhTrangItem/ScaleGameItem/GameItem/ItemShardUI,GGDauDanhTrangEvent,ItemShardUI,False,19293,no_static_sprite_pptr_found
002_UnityDataAssetPack_datapack__file110,89038,/PanelDauDanhTrangEvent/CellDauDanhTrangReward/DauDanhTrangItem/ScaleGameItem/GameItem/ItemShardUI,PanelDauDanhTrangEvent,ItemShardUI,False,19294,no_static_sprite_pptr_found
002_UnityDataAssetPack_datapack__file110,89043,/GGDauDanhTrangEvent/CellReward/DauDanhTrangItem/ScaleGameItem/GameItem/ItemShardUI/Mask/Check,GGDauDanhTrangEvent,Check,False,19283,no_static_sprite_pptr_found
002_UnityDataAssetPack_datapack__file110,89044,/PanelDauDanhTrangEvent/CellDauDanhTrangReward/DauDanhTrangItem/ScaleGameItem/GameItem/ItemShardUI/Mask/Check,PanelDauDanhTrangEvent,Check,False,19284,no_static_sprite_pptr_found
002_UnityDataAssetPack_datapack__file110,89129,/PanelHeroLotteryEvent/CellHeroLottery/PanelHeroTo/GameItem/HeroHeadClickable/HeroHeadUI/Mask/Death,PanelHeroLotteryEvent,Death,False,19150,no_static_sprite_pptr_found
002_UnityDataAssetPack_datapack__file110,89147,/PanelHeroLotteryEvent/CellHeroLottery/PanelHeroTo/GameItem/HeroHeadClickable/HeroHeadUI/Mask/Check,PanelHeroLotteryEvent,Check,False,19177,no_static_sprite_pptr_found
002_UnityDataAssetPack_datapack__file110,89153,/PanelHeroLotteryEvent/CellHeroLottery/PanelHeroTo/GameItem/HeroHeadClickable/HeroHeadUI/Mask/Lock,PanelHeroLotteryEvent,Lock,False,19165,no_static_sprite_pptr_found
002_UnityDataAssetPack_datapack__file110,89161,/PanelHeroLotteryEvent/CellHeroLottery/PanelHeroTo/GameItem/HeroHeadClickable/HeroHeadUI/HeroStar,PanelHeroLotteryEvent,HeroStar,True,19159,no_static_sprite_pptr_found
002_UnityDataAssetPack_datapack__file110,89171,/GGHeroLotteryEvent/CellHeroLottery/HeroHeadWrapper/GameItem/ItemAvatarUI,GGHeroLotteryEvent,ItemAvatarUI,True,19193,no_static_sprite_pptr_found
002_UnityDataAssetPack_datapack__file110,89191,/PopupGuildBossRewards/Body/CellGuildBossReward/GameItemContainer2/GameItem2/ItemVipExpUI,PopupGuildBossRewards,ItemVipExpUI,False,19187,no_static_sprite_pptr_found
002_UnityDataAssetPack_datapack__file110,89214,/GGEquipmentExchangeEvent/CellEquipmentExchange/GroupReqEquip/GGEquipmentSlot/EquipmentWrapper/ItemEquipmentUI,GGEquipmentExchangeEvent,ItemEquipmentUI,True,19205,no_static_sprite_pptr_found
002_UnityDataAssetPack_datapack__file110,89215,/GGEquipmentExchangeEvent/CellEquipmentExchange/GroupReqEquip/GGEquipmentSlot/EquipmentWrapper/ItemEquipmentUI/Mask/Check,GGEquipmentExchangeEvent,Check,False,19196,no_static_sprite_pptr_found
002_UnityDataAssetPack_datapack__file110,89227,/PopupBravePlayerNew/Content/ImageBody/Top/PlayerInfo/PlayerAvatar,PopupBravePlayerNew,PlayerAvatar,True,19249,no_static_sprite_pptr_found
002_UnityDataAssetPack_datapack__file110,89233,/CellRaidChallenge/GroupReward/GI_Wrapper/GameItem/ItemArtifactUI/Mask/Check,CellRaidChallenge,Check,False,19243,no_static_sprite_pptr_found
002_UnityDataAssetPack_datapack__file110,89260,/CellRaidChallenge/GroupReward/GI_Wrapper/GameItem/ItemArtifactUI,CellRaidChallenge,ItemArtifactUI,True,19248,no_static_sprite_pptr_found
002_UnityDataAssetPack_datapack__file110,89261,/GGCellAccumulatedProgress/Scrollview/Viewport,GGCellAccumulatedProgress,Viewport,True,19251,no_static_sprite_pptr_found
002_UnityDataAssetPack_datapack__file110,89262,/GGCellAccumulatedLimit/ScrollView/Viewport,GGCellAccumulatedLimit,Viewport,True,19252,no_static_sprite_pptr_found
002_UnityDataAssetPack_datapack__file110,89263,/GGCellAccumulatedPurchase/ScrollView/Viewport,GGCellAccumulatedPurchase,Viewport,True,19253,no_static_sprite_pptr_found
002_UnityDataAssetPack_datapack__file110,89309,/PopupDiceTarotCardFake/Body/Bgr/Content/DiceTarotCardFake (2),PopupDiceTarotCardFake,DiceTarotCardFake (2),True,27899,no_static_sprite_pptr_found
002_UnityDataAssetPack_datapack__file110,89313,/CellDailyQuest/GroupReward/GameItemContainer2/GameItem/ItemAvatarUI,CellDailyQuest,ItemAvatarUI,True,19575,no_static_sprite_pptr_found
002_UnityDataAssetPack_datapack__file110,89322,/PanelEventRollCall/ListRollCall/CellRollCall/GroupBonus2/ButtonLockBonus2,PanelEventRollCall,ButtonLockBonus2,True,26341,no_static_sprite_pptr_found
002_UnityDataAssetPack_datapack__file110,89360,/CellDailyQuest/GroupReward/GameItemContainer1/GameItem/ItemConsumableUI,CellDailyQuest,ItemConsumableUI,False,19561,no_static_sprite_pptr_found
002_UnityDataAssetPack_datapack__file110,89371,/CellDailyQuest/GroupReward/GameItemContainer1/GameItem/ItemConsumableUI/Mask/Check,CellDailyQuest,Check,False,19562,no_static_sprite_pptr_found
002_UnityDataAssetPack_datapack__file110,89412,/PopupGuildBossTopDmg/Body/CellGuildBossDmg/GameItem2/GameItem2/HeroHeadClickable/HeroHeadUI/Mask/Death,PopupGuildBossTopDmg,Death,False,19501,no_static_sprite_pptr_found
002_UnityDataAssetPack_datapack__file110,89431,/PopupGuildBossTopDmg/Body/CellGuildBossDmg/GameItem2/GameItem2/HeroHeadClickable/HeroHeadUI/Mask/Check,PopupGuildBossTopDmg,Check,False,19526,no_static_sprite_pptr_found
002_UnityDataAssetPack_datapack__file110,89440,/PopupGuildBossTopDmg/Body/CellGuildBossDmg/GameItem2/GameItem2/HeroHeadClickable/HeroHeadUI/Mask/Lock,PopupGuildBossTopDmg,Lock,False,19519,no_static_sprite_pptr_found
002_UnityDataAssetPack_datapack__file110,89443,/PopupGuildBossTopDmg/Body/CellGuildBossDmg/GameItem2/GameItem2/HeroHeadClickable/HeroHeadUI/HeroStar,PopupGuildBossTopDmg,HeroStar,True,19515,no_static_sprite_pptr_found
002_UnityDataAssetPack_datapack__file110,89457,/PopupGuildMill/Body/BoxOrder/CellMillOrder/Bonus/GameItem2/ItemConsumableUI/Mask/Check,PopupGuildMill,Check,False,19484,no_static_sprite_pptr_found
002_UnityDataAssetPack_datapack__file110,89464,/PopupGuildMill/Body/BoxOrder/CellMillOrder/Bonus/GameItem2/ItemConsumableUI,PopupGuildMill,ItemConsumableUI,False,19486,no_static_sprite_pptr_found
002_UnityDataAssetPack_datapack__file110,89498,/PanelTravelEvent/BgrTrip/Character/avatar,PanelTravelEvent,avatar,True,23807,no_static_sprite_pptr_found
002_UnityDataAssetPack_datapack__file110,89504,/PanelEvent2PackVertical/BoxPackage1/VipExp,PanelEvent2PackVertical,VipExp,True,27299,no_static_sprite_pptr_found
002_UnityDataAssetPack_datapack__file110,89506,/GameItemFeeEquip/GameItem/ItemArtifactUI,GameItemFeeEquip,ItemArtifactUI,True,19450,no_static_sprite_pptr_found
002_UnityDataAssetPack_datapack__file110,89522,/GameItemFeeEquip/GameItem/ItemArtifactUI/Mask/Check,GameItemFeeEquip,Check,False,19446,no_static_sprite_pptr_found
002_UnityDataAssetPack_datapack__file110,89559,/PopupGuildBossRewards/Body/CellGuildBossReward/GameItemContainer1/GameItem1/ItemArtifactUI/Mask/Check,PopupGuildBossRewards,Check,False,19718,no_static_sprite_pptr_found
002_UnityDataAssetPack_datapack__file110,89564,/PopupGuildBossRewards/Body/CellGuildBossReward/GameItemContainer1/GameItem1/ItemArtifactUI,PopupGuildBossRewards,ItemArtifactUI,True,19720,no_static_sprite_pptr_found
002_UnityDataAssetPack_datapack__file110,89567,/PopupSmashedShop/Content/ImageBox/CellMerchantShop/Reward/GameItem/GroupDone/ImageCover/Image,PopupSmashedShop,Image,True,25685,no_static_sprite_pptr_found
002_UnityDataAssetPack_datapack__file110,89625,/PopupGuildBossTopDmg/Body/CellGuildBossDmg/GameItem2/GameItem2/HeroHeadClickable,PopupGuildBossTopDmg,HeroHeadClickable,False,19757,no_static_sprite_pptr_found
002_UnityDataAssetPack_datapack__file110,89634,/PopupChatNew/AnchorLeft/Content/BoxChatScroll/ScrollrectRecruit/Viewport,PopupChatNew,Viewport,True,22434,no_static_sprite_pptr_found
002_UnityDataAssetPack_datapack__file110,89657,/PopupMasteringHero/Contents/BoxMastering/BoxHeroes/CellMasteringHero/ImageClick,PopupMasteringHero,ImageClick,False,15736,no_static_sprite_pptr_found
002_UnityDataAssetPack_datapack__file110,89678,/PopupGuildRaid/Body/BoxBoss/GuildBossUI /GroupNormalBoss/CanvasHero/ClickArea,PopupGuildRaid,ClickArea,True,19701,no_static_sprite_pptr_found
002_UnityDataAssetPack_datapack__file110,89728,/PopupTowerLevelInfo/PanelBody/BoxReward,PopupTowerLevelInfo,BoxReward,True,29589,no_static_sprite_pptr_found
002_UnityDataAssetPack_datapack__file110,89731,/PopupInfoDropPosition/Body/Bgr,PopupInfoDropPosition,Bgr,True,27189,no_static_sprite_pptr_found
002_UnityDataAssetPack_datapack__file110,89736,/PanelBrokenSpacesEvent2/Bgr/GroupStage/Stage7,PanelBrokenSpacesEvent2,Stage7,True,18548,no_static_sprite_pptr_found
002_UnityDataAssetPack_datapack__file110,89752,/PanelEventMiniGame/GroupContent/GroupRight/LineLight,PanelEventMiniGame,LineLight,True,29405,no_static_sprite_pptr_found
002_UnityDataAssetPack_datapack__file110,89773,/PopupGuildBossTopDmg/Body/CellGuildBossDmg/GameItem2/GameItem2/ItemEquipmentUI,PopupGuildBossTopDmg,ItemEquipmentUI,False,19626,no_static_sprite_pptr_found
002_UnityDataAssetPack_datapack__file110,89774,/PopupGuildBossTopDmg/Body/CellGuildBossDmg/GameItem2/GameItem2/ItemEquipmentUI/Mask/Check,PopupGuildBossTopDmg,Check,False,19621,no_static_sprite_pptr_found
002_UnityDataAssetPack_datapack__file110,89808,/PopupAllStarsFinal/Body/BoxPlayIn1/BoxAllStarsPlayer1/PlayerAvatar,PopupAllStarsFinal,PlayerAvatar,True,19961,no_static_sprite_pptr_found
002_UnityDataAssetPack_datapack__file110,89846,/Popup7DaysEvent/Bgr/Content/PanelContent/PanelDiscount/Bgr/GameItem/ItemShardUI/Mask/Check,Popup7DaysEvent,Check,False,19976,no_static_sprite_pptr_found
002_UnityDataAssetPack_datapack__file110,89848,/Popup7DaysEvent/Bgr/Content/PanelContent/PanelDiscount/Bgr/GameItem/ItemShardUI,Popup7DaysEvent,ItemShardUI,False,19979,no_static_sprite_pptr_found
002_UnityDataAssetPack_datapack__file110,89890,/PopupMasteringHero/Contents/BoxGameChallenge/BgrScroll/CellGameChallenge/GroupReward/GameItemWrapper1/GameItem/ItemShardUI/Mask/Check,PopupMasteringHero,Check,False,19884,no_static_sprite_pptr_found
002_UnityDataAssetPack_datapack__file110,89893,/PopupMasteringHero/Contents/BoxGameChallenge/BgrScroll/CellGameChallenge/GroupReward/GameItemWrapper1/GameItem/ItemShardUI,PopupMasteringHero,ItemShardUI,False,19886,no_static_sprite_pptr_found
002_UnityDataAssetPack_datapack__file110,89921,/GameItem/ItemArtifactUI,GameItem,ItemArtifactUI,True,19901,no_static_sprite_pptr_found
002_UnityDataAssetPack_datapack__file110,89922,/PopupSelectGameItem/PanelBody/GameItemTick/GameItem/ItemArtifactUI,PopupSelectGameItem,ItemArtifactUI,True,19900,no_static_sprite_pptr_found
002_UnityDataAssetPack_datapack__file110,89925,/PopupSelectGameItem/PanelBody/GameItemTick/GameItem/ItemArtifactUI/Mask/Check,PopupSelectGameItem,Check,False,19907,no_static_sprite_pptr_found
002_UnityDataAssetPack_datapack__file110,89926,/GameItem/ItemArtifactUI/Mask/Check,GameItem,Check,False,19906,no_static_sprite_pptr_found
002_UnityDataAssetPack_datapack__file110,89966,/PanelHeroLotteryEvent/CellHeroLottery/PanelHeroTo/GameItem/HeroHeadClickable,PanelHeroLotteryEvent,HeroHeadClickable,False,19871,no_static_sprite_pptr_found
002_UnityDataAssetPack_datapack__file110,89975,/GGEasterPrayEvent/Content/BoxStatues/GroupStatue/EasterStatue/RootScale/GameItem/ItemAvatarUI,GGEasterPrayEvent,ItemAvatarUI,True,19938,no_static_sprite_pptr_found
002_UnityDataAssetPack_datapack__file110,89999,/PopupQuestFK,PopupQuestFK,PopupQuestFK,True,19853,no_static_sprite_pptr_found
002_UnityDataAssetPack_datapack__file110,90001,/PopupQuestFK/Content/ItemQuest/Icon,PopupQuestFK,Icon,True,19854,no_static_sprite_pptr_found
002_UnityDataAssetPack_datapack__file110,90016,/ItemGround/Image (2),ItemGround,Image (2),True,25494,no_static_sprite_pptr_found
002_UnityDataAssetPack_datapack__file110,90027,/PanelHeroLotteryEvent/CellHeroLottery/PanelHeroTo/GameItem/ItemEquipmentUI,PanelHeroLotteryEvent,ItemEquipmentUI,False,19839,no_static_sprite_pptr_found
002_UnityDataAssetPack_datapack__file110,90028,/PanelHeroLotteryEvent/CellHeroLottery/PanelHeroTo/GameItem/ItemEquipmentUI/Mask/Check,PanelHeroLotteryEvent,Check,False,19832,no_static_sprite_pptr_found
002_UnityDataAssetPack_datapack__file110,90054,/PopupAllStarsTop8/Body/CellAllStarsTop8/PlayerAvatar2,PopupAllStarsTop8,PlayerAvatar2,True,19818,no_static_sprite_pptr_found
002_UnityDataAssetPack_datapack__file110,90086,/PopupGuildMill/Body/BoxOrder/CellMillOrder/Bonus/GameItem1/GroupDone/ImageCover/Image,PopupGuildMill,Image,True,25608,no_static_sprite_pptr_found
002_UnityDataAssetPack_datapack__file110,90117,/PopupBravePlayerNew/Content/ImageBody/Top/Lineup/HeroesLineup/BackLine/HeroHeadClickable6,PopupBravePlayerNew,HeroHeadClickable6,True,19770,no_static_sprite_pptr_found
002_UnityDataAssetPack_datapack__file110,90126,/CellGameChallenge/GroupReward/GameItemWrapper2/GameItem/ItemShardUI/Mask/Check,CellGameChallenge,Check,False,19795,no_static_sprite_pptr_found
002_UnityDataAssetPack_datapack__file110,90128,/CellGameChallenge/GroupReward/GameItemWrapper2/GameItem/ItemShardUI,CellGameChallenge,ItemShardUI,False,19797,no_static_sprite_pptr_found
002_UnityDataAssetPack_datapack__file110,90152,/PopupPlayerInfo3/Content/Body/Lineup/HeroesLineup3/BackLine/HeroHeadClickable5/HeroHeadUI/Mask/Death,PopupPlayerInfo3,Death,False,20265,no_static_sprite_pptr_found
002_UnityDataAssetPack_datapack__file110,90172,/PopupPlayerInfo3/Content/Body/Lineup/HeroesLineup3/BackLine/HeroHeadClickable5/HeroHeadUI/Mask/Check,PopupPlayerInfo3,Check,False,20293,no_static_sprite_pptr_found
002_UnityDataAssetPack_datapack__file110,90173,/PopupPlayerInfo3/Content/Body/Lineup/HeroesLineup3/BackLine/HeroHeadClickable5/HeroHeadUI/HeroStar,PopupPlayerInfo3,HeroStar,True,20278,no_static_sprite_pptr_found
002_UnityDataAssetPack_datapack__file110,90181,/PopupPlayerInfo3/Content/Body/Lineup/HeroesLineup3/BackLine/HeroHeadClickable5/HeroHeadUI/Mask/Lock,PopupPlayerInfo3,Lock,False,20291,no_static_sprite_pptr_found
002_UnityDataAssetPack_datapack__file110,90190,/ItemBonusShow/GameItem/ItemConsumableUI/Mask/Check,ItemBonusShow,Check,False,20310,no_static_sprite_pptr_found
002_UnityDataAssetPack_datapack__file110,90197,/PanelEventRollCall/ListRollCall/CellRollCall/GroupBonus2,PanelEventRollCall,GroupBonus2,True,23927,no_static_sprite_pptr_found
002_UnityDataAssetPack_datapack__file110,90198,/ItemBonusShow/GameItem/ItemConsumableUI,ItemBonusShow,ItemConsumableUI,False,20308,no_static_sprite_pptr_found
002_UnityDataAssetPack_datapack__file110,90199,/PopupMailBox/Body/BoxMail/BoxLeft/CellMail/MailHeader,PopupMailBox,MailHeader,True,27676,no_static_sprite_pptr_found
002_UnityDataAssetPack_datapack__file110,90234,/CellGameChallenge/GroupReward/GameItemWrapper2/GameItem/ItemAvatarUI,CellGameChallenge,ItemAvatarUI,True,20318,no_static_sprite_pptr_found
002_UnityDataAssetPack_datapack__file110,90281,/PopupTowerLevelInfo/PanelBody/BoxHeroes2/GroupHeroes/HeroHeadClickable (2)/HeroHeadUI/Mask/Check,PopupTowerLevelInfo,Check,False,20225,no_static_sprite_pptr_found
002_UnityDataAssetPack_datapack__file110,90293,/PopupTowerLevelInfo/PanelBody/BoxHeroes2/GroupHeroes/HeroHeadClickable (2)/HeroHeadUI/Mask/Lock,PopupTowerLevelInfo,Lock,False,20218,no_static_sprite_pptr_found
002_UnityDataAssetPack_datapack__file110,90296,/PopupTowerLevelInfo/PanelBody/BoxHeroes2/GroupHeroes/HeroHeadClickable (2)/HeroHeadUI/HeroStar,PopupTowerLevelInfo,HeroStar,True,20216,no_static_sprite_pptr_found
002_UnityDataAssetPack_datapack__file110,90304,/PopupTowerLevelInfo/PanelBody/BoxHeroes2/GroupHeroes/HeroHeadClickable (2)/HeroHeadUI/Mask/Death,PopupTowerLevelInfo,Death,False,20205,no_static_sprite_pptr_found
002_UnityDataAssetPack_datapack__file110,90307,/PopupPlayerInfo3/Content/Body/Lineup/HeroesLineup2/BackLine/HeroHeadClickable6,PopupPlayerInfo3,HeroHeadClickable6,True,20243,no_static_sprite_pptr_found
002_UnityDataAssetPack_datapack__file110,90334,/PopupMasteringHero/Contents/BoxGameChallenge/BgrScroll/CellGameChallenge/GroupReward/GameItemWrapper1/GameItem/ItemAvatarUI,PopupMasteringHero,ItemAvatarUI,True,20105,no_static_sprite_pptr_found
002_UnityDataAssetPack_datapack__file110,90337,/PopupUpgradeHeroFake/RightPart/BoxInfo/PanelPoint/BoxSkillDesc4,PopupUpgradeHeroFake,BoxSkillDesc4,True,28831,no_static_sprite_pptr_found
002_UnityDataAssetPack_datapack__file110,90354,/PopupDungeonStageHero/Body/Lineup/HeroesLineup/HeroHeadClickable6/HeroHeadUI/Mask/Check,PopupDungeonStageHero,Check,False,20112,no_static_sprite_pptr_found
002_UnityDataAssetPack_datapack__file110,90375,/PopupDungeonStageHero/Body/Lineup/HeroesLineup/HeroHeadClickable6/HeroHeadUI/Mask/Lock,PopupDungeonStageHero,Lock,False,20130,no_static_sprite_pptr_found
002_UnityDataAssetPack_datapack__file110,90378,/PopupDungeonStageHero/Body/Lineup/HeroesLineup/HeroHeadClickable6/HeroHeadUI/HeroStar,PopupDungeonStageHero,HeroStar,True,20146,no_static_sprite_pptr_found
002_UnityDataAssetPack_datapack__file110,90387,/PopupDungeonStageHero/Body/Lineup/HeroesLineup/HeroHeadClickable6/HeroHeadUI/Mask/Death,PopupDungeonStageHero,Death,False,20125,no_static_sprite_pptr_found
002_UnityDataAssetPack_datapack__file110,90389,/GGEasterPrayEvent/Content/BoxStatues/GroupStatue/EasterStatue (1)/RootScale,GGEasterPrayEvent,RootScale,True,25920,no_static_sprite_pptr_found
002_UnityDataAssetPack_datapack__file110,90395,/GGEasterPrayEvent/Content/BoxStatues/GroupStatue/EasterStatue (2)/RootScale/GameItem/GroupDone/ImageCover/Image,GGEasterPrayEvent,Image,True,31520,no_static_sprite_pptr_found
002_UnityDataAssetPack_datapack__file110,90422,/PopupMasteringHero/Contents/BoxMastering/BoxTotalPoints/CellMileStone,PopupMasteringHero,CellMileStone,True,20161,no_static_sprite_pptr_found
002_UnityDataAssetPack_datapack__file110,90437,/GGEasterPrayEvent/Content/BoxStatues/GroupStatue/EasterStatue/RootScale/GameItem/ItemShardUI/Mask/Check,GGEasterPrayEvent,Check,False,20182,no_static_sprite_pptr_found
002_UnityDataAssetPack_datapack__file110,90438,/GGEasterPrayEvent/Content/BoxStatues/GroupStatue/EasterStatue/RootScale/GameItem/ItemShardUI,GGEasterPrayEvent,ItemShardUI,False,20185,no_static_sprite_pptr_found
002_UnityDataAssetPack_datapack__file110,90483,/PopupShop/Content/bgr/child_bgr/CellPopupShop/ShopItem/Item/GameItem/ItemConsumableUI/Mask/Check,PopupShop,Check,False,20006,no_static_sprite_pptr_found
002_UnityDataAssetPack_datapack__file110,90487,/PopupShop/Content/bgr/child_bgr/CellPopupShop/ShopItem/Item/GameItem/ItemConsumableUI,PopupShop,ItemConsumableUI,False,20007,no_static_sprite_pptr_found
002_UnityDataAssetPack_datapack__file110,90497,/PanelItemExchangeEvent/CellExchangeItem/GameItem/HeroHeadClickable/HeroHeadUI/Mask/Death,PanelItemExchangeEvent,Death,False,20025,no_static_sprite_pptr_found
002_UnityDataAssetPack_datapack__file110,90498,/GGItemExchangeEvent/CellExchangeItem/GameItem/HeroHeadClickable/HeroHeadUI/Mask/Death,GGItemExchangeEvent,Death,False,20026,no_static_sprite_pptr_found
002_UnityDataAssetPack_datapack__file110,90510,/PanelItemExchangeEvent/CellExchangeItem/GameItem/HeroHeadClickable/HeroHeadUI/Mask/Check,PanelItemExchangeEvent,Check,False,20082,no_static_sprite_pptr_found
002_UnityDataAssetPack_datapack__file110,90511,/GGItemExchangeEvent/CellExchangeItem/GameItem/HeroHeadClickable/HeroHeadUI/Mask/Check,GGItemExchangeEvent,Check,False,20083,no_static_sprite_pptr_found
002_UnityDataAssetPack_datapack__file110,90552,/PanelItemExchangeEvent/CellExchangeItem/GameItem/HeroHeadClickable/HeroHeadUI/HeroStar,PanelItemExchangeEvent,HeroStar,True,20053,no_static_sprite_pptr_found
002_UnityDataAssetPack_datapack__file110,90553,/GGItemExchangeEvent/CellExchangeItem/GameItem/HeroHeadClickable/HeroHeadUI/HeroStar,GGItemExchangeEvent,HeroStar,True,20054,no_static_sprite_pptr_found
002_UnityDataAssetPack_datapack__file110,90558,/PanelItemExchangeEvent/CellExchangeItem/GameItem/HeroHeadClickable/HeroHeadUI/Mask/Lock,PanelItemExchangeEvent,Lock,False,20047,no_static_sprite_pptr_found
002_UnityDataAssetPack_datapack__file110,90559,/GGItemExchangeEvent/CellExchangeItem/GameItem/HeroHeadClickable/HeroHeadUI/Mask/Lock,GGItemExchangeEvent,Lock,False,20048,no_static_sprite_pptr_found
002_UnityDataAssetPack_datapack__file110,90572,/PopupHeroESkill/Body/BoxChiPoint/MedMan/GroupEnable/ButtonESkill4/ImageSkill,PopupHeroESkill,ImageSkill,True,22093,no_static_sprite_pptr_found
002_UnityDataAssetPack_datapack__file110,90586,/Popup7DaysEvent/Bgr/Content/PanelContent/PanelDiscount/Bgr/GameItem/ItemAvatarUI,Popup7DaysEvent,ItemAvatarUI,True,20090,no_static_sprite_pptr_found
002_UnityDataAssetPack_datapack__file110,90629,/MFHeroHead/HeroHeadUI/Mask/Death,MFHeroHead,Death,False,20571,no_static_sprite_pptr_found
002_UnityDataAssetPack_datapack__file110,90633,/PopupTowerLevelInfo/PanelBody/BoxHeroes2/GroupHeroes/HeroHeadClickable (5),PopupTowerLevelInfo,HeroHeadClickable (5),True,20569,no_static_sprite_pptr_found
002_UnityDataAssetPack_datapack__file110,90635,/MFHeroHead/HeroHeadUI/Mask/Lock,MFHeroHead,Lock,False,20549,no_static_sprite_pptr_found
002_UnityDataAssetPack_datapack__file110,90644,/MFHeroHead/HeroHeadUI/HeroStar,MFHeroHead,HeroStar,True,20559,no_static_sprite_pptr_found
002_UnityDataAssetPack_datapack__file110,90648,/MFHeroHead/HeroHeadUI/Mask/Check,MFHeroHead,Check,False,20591,no_static_sprite_pptr_found
002_UnityDataAssetPack_datapack__file110,90702,/PopupSellItem/Content/GameItem/ItemArtifactUI/Mask/Check,PopupSellItem,Check,False,20489,no_static_sprite_pptr_found
002_UnityDataAssetPack_datapack__file110,90706,/PopupSellItem/Content/GameItem/ItemArtifactUI,PopupSellItem,ItemArtifactUI,True,20495,no_static_sprite_pptr_found
002_UnityDataAssetPack_datapack__file110,90723,/PanelHeroInfo/RightPart/BoxInfo/PanelPoint/BoxSkillDesc,PanelHeroInfo,BoxSkillDesc,False,31555,no_static_sprite_pptr_found
002_UnityDataAssetPack_datapack__file110,90734,/PopupSelectReward/Body/GroupSlot/RewardSelect3/GameItem/ItemArtifactUI,PopupSelectReward,ItemArtifactUI,True,20513,no_static_sprite_pptr_found
002_UnityDataAssetPack_datapack__file110,90738,/PopupGuildWarPlayerInfo/Content/Body/PlayerInfo/BoxRewards/HLayout/Wrapper1/GameItem/ItemConsumableUI,PopupGuildWarPlayerInfo,ItemConsumableUI,False,20518,no_static_sprite_pptr_found
002_UnityDataAssetPack_datapack__file110,90747,/PopupSelectReward/Body/GroupSlot/RewardSelect3/GameItem/ItemArtifactUI/Mask/Check,PopupSelectReward,Check,False,20508,no_static_sprite_pptr_found
002_UnityDataAssetPack_datapack__file110,90755,/PopupGuildWarPlayerInfo/Content/Body/PlayerInfo/BoxRewards/HLayout/Wrapper1/GameItem/ItemConsumableUI/Mask/Check,PopupGuildWarPlayerInfo,Check,False,20516,no_static_sprite_pptr_found
002_UnityDataAssetPack_datapack__file110,90776,/PopupSpecialEquipUpgrade/Body/GroupRight/Bgr/PanelCoordination/Image/NextTier/Icon,PopupSpecialEquipUpgrade,Icon,True,26604,no_static_sprite_pptr_found
002_UnityDataAssetPack_datapack__file110,90794,/PopupAllStarsReward/ImageBgr/Content/RewardContent/RewardDetail/CellSeasonRewards/RewardContainer,PopupAllStarsReward,RewardContainer,True,26485,no_static_sprite_pptr_found
002_UnityDataAssetPack_datapack__file110,90826,/PanelHeroInfo/RightPart/BoxInfo/PanelBreakthrough/SlotMaterial/HeroMaterial2/HeroStar,PanelHeroInfo,HeroStar,True,20463,no_static_sprite_pptr_found
002_UnityDataAssetPack_datapack__file110,90827,/PanelHeroInfo/RightPart/BoxInfo/PanelBreakthrough/SlotMaterial/HeroMaterial2/TagName,PanelHeroInfo,TagName,True,20460,no_static_sprite_pptr_found
002_UnityDataAssetPack_datapack__file110,90842,/PopupPlayerInfo/Content/Body/Lineup/HeroesLineup/FrontLine/HeroHeadClickable1,PopupPlayerInfo,HeroHeadClickable1,True,20328,no_static_sprite_pptr_found
002_UnityDataAssetPack_datapack__file110,90845,/GameItemEvent/GameItem/ItemArtifactUI,GameItemEvent,ItemArtifactUI,True,20340,no_static_sprite_pptr_found
002_UnityDataAssetPack_datapack__file110,90861,/GameItemEvent/GameItem/ItemArtifactUI/Mask/Check,GameItemEvent,Check,False,20337,no_static_sprite_pptr_found
002_UnityDataAssetPack_datapack__file110,90879,/CelesMine/Mine_Building,CelesMine,Mine_Building,False,20578,no_static_sprite_pptr_found
002_UnityDataAssetPack_datapack__file110,90892,/CelesMine/Progress/Icon,CelesMine,Icon,True,20585,no_static_sprite_pptr_found
002_UnityDataAssetPack_datapack__file110,90896,/PopupBravePlayer/Content/ImageBody/Top/Lineup/HeroesLineup/FrontLine/HeroHeadClickable2/HeroHeadUI/Mask/Check,PopupBravePlayer,Check,False,20392,no_static_sprite_pptr_found
002_UnityDataAssetPack_datapack__file110,90919,/PopupBravePlayer/Content/ImageBody/Top/Lineup/HeroesLineup/FrontLine/HeroHeadClickable2/HeroHeadUI/Mask/Lock,PopupBravePlayer,Lock,False,20365,no_static_sprite_pptr_found
002_UnityDataAssetPack_datapack__file110,90922,/PopupBravePlayer/Content/ImageBody/Top/Lineup/HeroesLineup/FrontLine/HeroHeadClickable2/HeroHeadUI/HeroStar,PopupBravePlayer,HeroStar,True,20385,no_static_sprite_pptr_found
002_UnityDataAssetPack_datapack__file110,90928,/PopupTowerLevelInfo/PanelBody/BoxHeroes2/GroupHeroes/HeroHeadClickable (3),PopupTowerLevelInfo,HeroHeadClickable (3),True,20420,no_static_sprite_pptr_found
002_UnityDataAssetPack_datapack__file110,90929,/GameItemWrapper/GameItem/HeroHeadClickable/HeroHeadUI/HeroStar,GameItemWrapper,HeroStar,True,20391,no_static_sprite_pptr_found
002_UnityDataAssetPack_datapack__file110,90937,/GameItemWrapper/GameItem/HeroHeadClickable/HeroHeadUI/Mask/Lock,GameItemWrapper,Lock,False,20407,no_static_sprite_pptr_found
002_UnityDataAssetPack_datapack__file110,90956,/GameItemWrapper/GameItem/HeroHeadClickable/HeroHeadUI/Mask/Check,GameItemWrapper,Check,False,20373,no_static_sprite_pptr_found
002_UnityDataAssetPack_datapack__file110,90962,/GameItemWrapper/GameItem/HeroHeadClickable/HeroHeadUI/Mask/Death,GameItemWrapper,Death,False,20413,no_static_sprite_pptr_found
002_UnityDataAssetPack_datapack__file110,90969,/PopupBravePlayer/Content/ImageBody/Top/Lineup/HeroesLineup/FrontLine/HeroHeadClickable2/HeroHeadUI/Mask/Death,PopupBravePlayer,Death,False,20360,no_static_sprite_pptr_found
002_UnityDataAssetPack_datapack__file110,91000,/GGEquipmentExchangeEvent/CellEquipmentExchange/GroupEquipReceive/GGEquipmentSlot (2),GGEquipmentExchangeEvent,GGEquipmentSlot (2),True,22019,no_static_sprite_pptr_found
002_UnityDataAssetPack_datapack__file110,91006,/PopupTarvenQuest/Content/Body/TopGroup/GameItem/GroupDone/ImageCover/Image,PopupTarvenQuest,Image,True,30708,no_static_sprite_pptr_found
002_UnityDataAssetPack_datapack__file110,91033,/PopupPlayerInfo/Content/Body/Lineup/HeroesLineup/FrontLine/HeroHeadClickable1/HeroHeadUI/Mask/Lock,PopupPlayerInfo,Lock,False,20764,no_static_sprite_pptr_found
002_UnityDataAssetPack_datapack__file110,91041,/PopupPlayerInfo/Content/Body/Lineup/HeroesLineup/FrontLine/HeroHeadClickable1/HeroHeadUI/HeroStar,PopupPlayerInfo,HeroStar,True,20756,no_static_sprite_pptr_found
002_UnityDataAssetPack_datapack__file110,91061,/PopupPlayerInfo/Content/Body/Lineup/HeroesLineup/FrontLine/HeroHeadClickable1/HeroHeadUI/Mask/Check,PopupPlayerInfo,Check,False,20784,no_static_sprite_pptr_found
002_UnityDataAssetPack_datapack__file110,91070,/PopupPlayerInfo/Content/Body/Lineup/HeroesLineup/FrontLine/HeroHeadClickable1/HeroHeadUI/Mask/Death,PopupPlayerInfo,Death,False,20774,no_static_sprite_pptr_found
002_UnityDataAssetPack_datapack__file110,91093,/PopupMFStage/Content/ImageBody/GroupTop/BoxLineUp/Lineup/HeroesLineup/FrontLine/MFHeroHead (1)/HeroHeadUI/Mask/Death,PopupMFStage,Death,False,20812,no_static_sprite_pptr_found
002_UnityDataAssetPack_datapack__file110,91096,/PopupMFStage/Content/ImageBody/GroupTop/BoxLineUp/Lineup/HeroesLineup/FrontLine/MFHeroHead (1)/HeroHeadUI/HeroStar,PopupMFStage,HeroStar,True,20803,no_static_sprite_pptr_found
002_UnityDataAssetPack_datapack__file110,91104,/PopupMFStage/Content/ImageBody/GroupTop/BoxLineUp/Lineup/HeroesLineup/FrontLine/MFHeroHead (1)/HeroHeadUI/Mask/Lock,PopupMFStage,Lock,False,20797,no_static_sprite_pptr_found
002_UnityDataAssetPack_datapack__file110,91111,/PopupMFStage/Content/ImageBody/GroupTop/BoxLineUp/Lineup/HeroesLineup/FrontLine/MFHeroHead (1)/HeroHeadUI/Mask/Check,PopupMFStage,Check,False,20819,no_static_sprite_pptr_found
002_UnityDataAssetPack_datapack__file110,91148,/PopupTowerLevelInfo/PanelBody/BoxHeroes2/GroupHeroes/HeroHeadClickable (3)/HeroHeadUI/Mask/Check,PopupTowerLevelInfo,Check,False,20870,no_static_sprite_pptr_found
002_UnityDataAssetPack_datapack__file110,91168,/PopupTowerLevelInfo/PanelBody/BoxHeroes2/GroupHeroes/HeroHeadClickable (3)/HeroHeadUI/Mask/Lock,PopupTowerLevelInfo,Lock,False,20850,no_static_sprite_pptr_found
002_UnityDataAssetPack_datapack__file110,91176,/GameItemWrapper/GameItem/HeroHeadClickable,GameItemWrapper,HeroHeadClickable,False,20874,no_static_sprite_pptr_found
002_UnityDataAssetPack_datapack__file110,91177,/PopupTowerLevelInfo/PanelBody/BoxHeroes2/GroupHeroes/HeroHeadClickable (3)/HeroHeadUI/HeroStar,PopupTowerLevelInfo,HeroStar,True,20860,no_static_sprite_pptr_found
002_UnityDataAssetPack_datapack__file110,91178,/PopupIdolOfHealing,PopupIdolOfHealing,PopupIdolOfHealing,True,17137,no_static_sprite_pptr_found
002_UnityDataAssetPack_datapack__file110,91180,/PopupBravePlayer/Content/ImageBody/Top/Lineup/HeroesLineup/FrontLine/HeroHeadClickable2,PopupBravePlayer,HeroHeadClickable2,True,20873,no_static_sprite_pptr_found
002_UnityDataAssetPack_datapack__file110,91190,/PopupTowerLevelInfo/PanelBody/BoxHeroes2/GroupHeroes/HeroHeadClickable (3)/HeroHeadUI/Mask/Death,PopupTowerLevelInfo,Death,False,20842,no_static_sprite_pptr_found
002_UnityDataAssetPack_datapack__file110,91203,/CellRaidChallenge/GroupReward/GI_Wrapper/GameItem/GroupDone/ImageCover/Image,CellRaidChallenge,Image,True,30822,no_static_sprite_pptr_found
002_UnityDataAssetPack_datapack__file110,91215,/PopupSelectReward/Body/GroupSlot/RewardSelect2/GameItem/ItemConsumableUI,PopupSelectReward,ItemConsumableUI,False,20670,no_static_sprite_pptr_found
002_UnityDataAssetPack_datapack__file110,91220,/PopupSelectReward/Body/GroupSlot/RewardSelect2/GameItem/ItemConsumableUI/Mask/Check,PopupSelectReward,Check,False,20673,no_static_sprite_pptr_found
002_UnityDataAssetPack_datapack__file110,91233,/PanelEventMiniGame/GroupContent/GroupLeft/Content/Hole/bgr/Reward/GameItem/ItemConsumableUI/Mask/Check,PanelEventMiniGame,Check,False,20687,no_static_sprite_pptr_found
002_UnityDataAssetPack_datapack__file110,91236,/PanelEventMiniGame/GroupContent/GroupLeft/Content/Hole/bgr/Reward/GameItem/ItemConsumableUI,PanelEventMiniGame,ItemConsumableUI,False,20684,no_static_sprite_pptr_found
002_UnityDataAssetPack_datapack__file110,91253,/PopupTowerLevelInfo/PanelBody/BoxHeroes2/GroupHeroes/HeroHeadClickable (5)/HeroHeadUI/HeroStar,PopupTowerLevelInfo,HeroStar,True,20704,no_static_sprite_pptr_found
002_UnityDataAssetPack_datapack__file110,91261,/PopupTowerLevelInfo/PanelBody/BoxHeroes2/GroupHeroes/HeroHeadClickable (5)/HeroHeadUI/Mask/Lock,PopupTowerLevelInfo,Lock,False,20697,no_static_sprite_pptr_found
002_UnityDataAssetPack_datapack__file110,91267,/PopupTowerLevelInfo/PanelBody/BoxHeroes2/GroupHeroes/HeroHeadClickable (5)/HeroHeadUI/Mask/Check,PopupTowerLevelInfo,Check,False,20721,no_static_sprite_pptr_found
002_UnityDataAssetPack_datapack__file110,91284,/PopupLuckySpinFK/Content/BoxSpin/Spin/Arcs/Arc2,PopupLuckySpinFK,Arc2,False,28844,no_static_sprite_pptr_found
002_UnityDataAssetPack_datapack__file110,91288,/PopupTowerLevelInfo/PanelBody/BoxHeroes2/GroupHeroes/HeroHeadClickable (5)/HeroHeadUI/Mask/Death,PopupTowerLevelInfo,Death,False,20714,no_static_sprite_pptr_found
002_UnityDataAssetPack_datapack__file110,91308,/GameItemWrapper/GameItem/ItemEquipmentUI/Mask/Check,GameItemWrapper,Check,False,20748,no_static_sprite_pptr_found
002_UnityDataAssetPack_datapack__file110,91309,/GameItemWrapper/GameItem/ItemEquipmentUI,GameItemWrapper,ItemEquipmentUI,False,20736,no_static_sprite_pptr_found
002_UnityDataAssetPack_datapack__file110,91349,/PopupGuildWarPlayerInfo/Content/Body/PlayerInfo/BoxRewards/HLayout/Wrapper2/GameItem/ItemVipExpUI,PopupGuildWarPlayerInfo,ItemVipExpUI,False,20620,no_static_sprite_pptr_found
002_UnityDataAssetPack_datapack__file110,91398,/CellDailyQuest/GroupReward/GameItemContainer2/GameItem/ItemShardUI/Mask/Check,CellDailyQuest,Check,False,20638,no_static_sprite_pptr_found
002_UnityDataAssetPack_datapack__file110,91399,/CellDailyQuest/GroupReward/GameItemContainer2/GameItem/ItemShardUI,CellDailyQuest,ItemShardUI,False,20641,no_static_sprite_pptr_found
002_UnityDataAssetPack_datapack__file110,91406,/PopupAltarsOfTrial,PopupAltarsOfTrial,PopupAltarsOfTrial,True,30112,no_static_sprite_pptr_found
002_UnityDataAssetPack_datapack__file110,91407,/PanelEventRollCall/ListRollCall/CellRollCall/GroupBonus2/CoverReceived2,PanelEventRollCall,CoverReceived2,False,29624,no_static_sprite_pptr_found
002_UnityDataAssetPack_datapack__file110,91434,/PopupDungeonStageHero/Body/Lineup/HeroesLineup/HeroHeadClickable6,PopupDungeonStageHero,HeroHeadClickable6,True,21142,no_static_sprite_pptr_found
002_UnityDataAssetPack_datapack__file110,91445,/PopupBattleEndFk2,PopupBattleEndFk2,PopupBattleEndFk2,True,21134,no_static_sprite_pptr_found
002_UnityDataAssetPack_datapack__file110,91446,/PopupBattleEndFk,PopupBattleEndFk,PopupBattleEndFk,True,21135,no_static_sprite_pptr_found
002_UnityDataAssetPack_datapack__file110,91447,/PopupCampaignBattleResultFk,PopupCampaignBattleResultFk,PopupCampaignBattleResultFk,True,21136,no_static_sprite_pptr_found
002_UnityDataAssetPack_datapack__file110,91459,/PopupCampaignBattleResultFk/Body/Content,PopupCampaignBattleResultFk,Content,True,21130,no_static_sprite_pptr_found
002_UnityDataAssetPack_datapack__file110,91475,/GGDauDanhTrangEvent/CellReward/ScrollviewReward/Viewport,GGDauDanhTrangEvent,Viewport,True,16114,no_static_sprite_pptr_found
002_UnityDataAssetPack_datapack__file110,91476,/PanelDauDanhTrangEvent/CellDauDanhTrangReward/Scrollview/Viewport,PanelDauDanhTrangEvent,Viewport,True,16115,no_static_sprite_pptr_found
002_UnityDataAssetPack_datapack__file110,91508,/PopupAllStarsTop2/Body/BoxPlayIn2/BoxAllStarsPlayerWin/PlayerAvatar,PopupAllStarsTop2,PlayerAvatar,True,21166,no_static_sprite_pptr_found
002_UnityDataAssetPack_datapack__file110,91509,/PopupAllStarsTop4/Body/BoxPlayIn2/BoxAllStarsPlayerWin/PlayerAvatar,PopupAllStarsTop4,PlayerAvatar,True,21167,no_static_sprite_pptr_found
002_UnityDataAssetPack_datapack__file110,91526,/GGHeroLotteryEvent/CellHeroLottery/HeroHeadWrapper/GameItem/ItemShardUI/Mask/Check,GGHeroLotteryEvent,Check,False,21189,no_static_sprite_pptr_found
002_UnityDataAssetPack_datapack__file110,91528,/GGHeroLotteryEvent/CellHeroLottery/HeroHeadWrapper/GameItem/ItemShardUI,GGHeroLotteryEvent,ItemShardUI,False,21184,no_static_sprite_pptr_found
002_UnityDataAssetPack_datapack__file110,91563,/GGDauDanhTrangEvent/CellReward/DauDanhTrangItem/ScaleGameItem/GameItem/ItemAvatarUI,GGDauDanhTrangEvent,ItemAvatarUI,True,21088,no_static_sprite_pptr_found
002_UnityDataAssetPack_datapack__file110,91564,/PanelDauDanhTrangEvent/CellDauDanhTrangReward/DauDanhTrangItem/ScaleGameItem/GameItem/ItemAvatarUI,PanelDauDanhTrangEvent,ItemAvatarUI,True,21089,no_static_sprite_pptr_found
002_UnityDataAssetPack_datapack__file110,91599,/PanelItemExchangeEvent/CellExchangeItem/GameItem/HeroHeadClickable,PanelItemExchangeEvent,HeroHeadClickable,False,21100,no_static_sprite_pptr_found
002_UnityDataAssetPack_datapack__file110,91600,/GGItemExchangeEvent/CellExchangeItem/GameItem/HeroHeadClickable,GGItemExchangeEvent,HeroHeadClickable,False,21101,no_static_sprite_pptr_found
002_UnityDataAssetPack_datapack__file110,91605,/PopupHeroSkins/Body/CellHeroSkin,PopupHeroSkins,CellHeroSkin,True,21040,no_static_sprite_pptr_found
002_UnityDataAssetPack_datapack__file110,91622,/PopupHeroSkins/Body/CellHeroSkin/Mask/ThumbSkin,PopupHeroSkins,ThumbSkin,True,21049,no_static_sprite_pptr_found
002_UnityDataAssetPack_datapack__file110,91657,/PopupPlayerInfo3/Content/Body/Lineup/HeroesLineup3/BackLine/HeroHeadClickable5,PopupPlayerInfo3,HeroHeadClickable5,True,20977,no_static_sprite_pptr_found
002_UnityDataAssetPack_datapack__file110,91662,/GGShelterMissionEvent/Content/GroupHeroes/SlotHeroShelter (1),GGShelterMissionEvent,SlotHeroShelter (1),True,16162,no_static_sprite_pptr_found
002_UnityDataAssetPack_datapack__file110,91667,/PopupMFPlayerRelics/Content/Background/BoxRelics/CardRelicThumb,PopupMFPlayerRelics,CardRelicThumb,True,17319,no_static_sprite_pptr_found
002_UnityDataAssetPack_datapack__file110,91668,/EasterStatue/RootScale,EasterStatue,RootScale,True,25750,no_static_sprite_pptr_found
002_UnityDataAssetPack_datapack__file110,91707,/PanelItemExchangeEvent/CellExchangeItem/GameItem/ItemEquipmentUI/Mask/Check,PanelItemExchangeEvent,Check,False,20992,no_static_sprite_pptr_found
002_UnityDataAssetPack_datapack__file110,91708,/GGItemExchangeEvent/CellExchangeItem/GameItem/ItemEquipmentUI/Mask/Check,GGItemExchangeEvent,Check,False,20993,no_static_sprite_pptr_found
002_UnityDataAssetPack_datapack__file110,91709,/PanelItemExchangeEvent/CellExchangeItem/GameItem/ItemEquipmentUI,PanelItemExchangeEvent,ItemEquipmentUI,False,21017,no_static_sprite_pptr_found
002_UnityDataAssetPack_datapack__file110,91710,/GGItemExchangeEvent/CellExchangeItem/GameItem/ItemEquipmentUI,GGItemExchangeEvent,ItemEquipmentUI,False,21018,no_static_sprite_pptr_found
002_UnityDataAssetPack_datapack__file110,91741,/DiceTarotCardFake,DiceTarotCardFake,DiceTarotCardFake,True,28396,no_static_sprite_pptr_found
002_UnityDataAssetPack_datapack__file110,91745,/PopupInformationAuraNew,PopupInformationAuraNew,PopupInformationAuraNew,True,24173,no_static_sprite_pptr_found
002_UnityDataAssetPack_datapack__file110,91752,/PopupTowerLevelInfo/PanelBody/BoxHeroes2/GroupHeroes/HeroHeadClickable (2),PopupTowerLevelInfo,HeroHeadClickable (2),True,20901,no_static_sprite_pptr_found
002_UnityDataAssetPack_datapack__file110,91778,/PopupPlayerInfo3/Content/Body/Lineup/HeroesLineup2/BackLine/HeroHeadClickable6/HeroHeadUI/Mask/Check,PopupPlayerInfo3,Check,False,20921,no_static_sprite_pptr_found
002_UnityDataAssetPack_datapack__file110,91779,/PopupPlayerInfo3/Content/Body/Lineup/HeroesLineup2/BackLine/HeroHeadClickable6/HeroHeadUI/HeroStar,PopupPlayerInfo3,HeroStar,True,20944,no_static_sprite_pptr_found
002_UnityDataAssetPack_datapack__file110,91791,/PopupPlayerInfo3/Content/Body/Lineup/HeroesLineup2/BackLine/HeroHeadClickable6/HeroHeadUI/Mask/Lock,PopupPlayerInfo3,Lock,False,20955,no_static_sprite_pptr_found
002_UnityDataAssetPack_datapack__file110,91796,/PopupPlayerInfo3/Content/Body/Lineup/HeroesLineup2/BackLine/HeroHeadClickable6/HeroHeadUI/Mask/Death,PopupPlayerInfo3,Death,False,20931,no_static_sprite_pptr_found
002_UnityDataAssetPack_datapack__file110,91827,/PopupAllStarsTop4/Body/BoxPlayIn3/BoxAllStarsPlayerWin/PlayerAvatar,PopupAllStarsTop4,PlayerAvatar,True,20970,no_static_sprite_pptr_found
002_UnityDataAssetPack_datapack__file110,91845,/GameItemEvent/GameItem/HeroHeadClickable,GameItemEvent,HeroHeadClickable,False,21379,no_static_sprite_pptr_found
002_UnityDataAssetPack_datapack__file110,91882,/PopupGuildWarPlayerInfo/Content/Body/PlayerInfo/BoxRewards/HLayout/Wrapper1/GameItem/ItemShardUI,PopupGuildWarPlayerInfo,ItemShardUI,False,21405,no_static_sprite_pptr_found
002_UnityDataAssetPack_datapack__file110,91884,/PopupGuildWarPlayerInfo/Content/Body/PlayerInfo/BoxRewards/HLayout/Wrapper1/GameItem/ItemShardUI/Mask/Check,PopupGuildWarPlayerInfo,Check,False,21400,no_static_sprite_pptr_found
002_UnityDataAssetPack_datapack__file110,91938,/PopupSellItem/Content/GameItem/ItemEquipmentUI/Mask/Check,PopupSellItem,Check,False,21317,no_static_sprite_pptr_found
002_UnityDataAssetPack_datapack__file110,91939,/PopupSellItem/Content/GameItem/ItemEquipmentUI,PopupSellItem,ItemEquipmentUI,False,21327,no_static_sprite_pptr_found
002_UnityDataAssetPack_datapack__file110,91944,/PopupAllStarBetHistory/Body/ImageTop/LineSerperator,PopupAllStarBetHistory,LineSerperator,True,22598,no_static_sprite_pptr_found
002_UnityDataAssetPack_datapack__file110,91955,/PopupPrepareGuildWar/PanelBody/FrameScroll/CellWarRegister/GroupPlayer/LineUp/HeroHeadClickable2,PopupPrepareGuildWar,HeroHeadClickable2,True,21348,no_static_sprite_pptr_found
002_UnityDataAssetPack_datapack__file110,91969,/PopupSelectReward/Body/GroupSlot/RewardSelect3/GameItem/ItemEquipmentUI/Mask/Check,PopupSelectReward,Check,False,21368,no_static_sprite_pptr_found
002_UnityDataAssetPack_datapack__file110,91970,/PopupSelectReward/Body/GroupSlot/RewardSelect3/GameItem/ItemEquipmentUI,PopupSelectReward,ItemEquipmentUI,False,21358,no_static_sprite_pptr_found
002_UnityDataAssetPack_datapack__file110,92013,/PopupSellItem/Content/GameItem/HeroHeadClickable,PopupSellItem,HeroHeadClickable,False,21276,no_static_sprite_pptr_found
002_UnityDataAssetPack_datapack__file110,92028,/PopupAllStarsTop2/Body/BoxPlayIn1/BoxAllStarsPlayer2/PlayerAvatar,PopupAllStarsTop2,PlayerAvatar,True,21295,no_static_sprite_pptr_found
002_UnityDataAssetPack_datapack__file110,92029,/PopupAllStarsTop4/Body/BoxPlayIn1/BoxAllStarsPlayer2/PlayerAvatar,PopupAllStarsTop4,PlayerAvatar,True,21296,no_static_sprite_pptr_found
002_UnityDataAssetPack_datapack__file110,92055,/PopupSelectReward/Body/GroupSlot/RewardSelect3/GameItem/HeroHeadClickable,PopupSelectReward,HeroHeadClickable,False,21305,no_static_sprite_pptr_found
002_UnityDataAssetPack_datapack__file110,92082,/PopupMFSelectRelic/Background/CardRelic,PopupMFSelectRelic,CardRelic,True,22294,no_static_sprite_pptr_found
002_UnityDataAssetPack_datapack__file110,92083,/PopupMFShowRelic/Background/CardRelic,PopupMFShowRelic,CardRelic,True,22295,no_static_sprite_pptr_found
002_UnityDataAssetPack_datapack__file110,92097,/GameItemEvent/GameItem/ItemEquipmentUI/Mask/Check,GameItemEvent,Check,False,21213,no_static_sprite_pptr_found
002_UnityDataAssetPack_datapack__file110,92098,/GameItemEvent/GameItem/ItemEquipmentUI,GameItemEvent,ItemEquipmentUI,False,21207,no_static_sprite_pptr_found
002_UnityDataAssetPack_datapack__file110,92124,/PopupPlayerInfo3/Content/Body/Lineup/HeroesLineup2/BackLine/HeroHeadClickable4/HeroHeadUI/Mask/Check,PopupPlayerInfo3,Check,False,21264,no_static_sprite_pptr_found
002_UnityDataAssetPack_datapack__file110,92144,/PopupPlayerInfo3/Content/Body/Lineup/HeroesLineup2/BackLine/HeroHeadClickable4/HeroHeadUI/Mask/Lock,PopupPlayerInfo3,Lock,False,21242,no_static_sprite_pptr_found
002_UnityDataAssetPack_datapack__file110,92152,/PopupPlayerInfo3/Content/Body/Lineup/HeroesLineup2/BackLine/HeroHeadClickable4/HeroHeadUI/HeroStar,PopupPlayerInfo3,HeroStar,True,21253,no_static_sprite_pptr_found
002_UnityDataAssetPack_datapack__file110,92159,/PopupPlayerInfo3/Content/Body/Lineup/HeroesLineup2/BackLine/HeroHeadClickable4/HeroHeadUI/Mask/Death,PopupPlayerInfo3,Death,False,21238,no_static_sprite_pptr_found
002_UnityDataAssetPack_datapack__file110,92162,/PopupSuggest/Bgr/Content/PanelTitle/ScrollTitle/Viewport,PopupSuggest,Viewport,True,28148,no_static_sprite_pptr_found
002_UnityDataAssetPack_datapack__file110,92196,/GGBrokenSpaceEventV2/Content/GroupStage/BrokenSpaceStage (3),GGBrokenSpaceEventV2,BrokenSpaceStage (3),True,18240,no_static_sprite_pptr_found
002_UnityDataAssetPack_datapack__file110,92210,/GGEquipmentExchangeEvent/CellEquipmentExchange/GroupReqEquip/GGEquipmentSlot (2),GGEquipmentExchangeEvent,GGEquipmentSlot (2),True,20246,no_static_sprite_pptr_found
002_UnityDataAssetPack_datapack__file110,92237,/ItemBonusShow/GameItem/ItemShardUI/Mask/Check,ItemBonusShow,Check,False,21537,no_static_sprite_pptr_found
002_UnityDataAssetPack_datapack__file110,92240,/ItemBonusShow/GameItem/ItemShardUI,ItemBonusShow,ItemShardUI,False,21539,no_static_sprite_pptr_found
002_UnityDataAssetPack_datapack__file110,92270,/PopupPrepareGuildWar/PanelBody/FrameScroll/CellWarRegister/AvatarWrapper/PlayerAvatar,PopupPrepareGuildWar,PlayerAvatar,True,21555,no_static_sprite_pptr_found
002_UnityDataAssetPack_datapack__file110,92280,/PopupFirstPurchase,PopupFirstPurchase,PopupFirstPurchase,True,21554,no_static_sprite_pptr_found
002_UnityDataAssetPack_datapack__file110,92301,/GGEasterPrayEvent/Content/BoxStatues/GroupStatue/EasterStatue (2)/RootScale/GameItem/ItemVipExpUI,GGEasterPrayEvent,ItemVipExpUI,False,21475,no_static_sprite_pptr_found
002_UnityDataAssetPack_datapack__file110,92345,/PopupShop/Content/bgr/child_bgr/CellPopupShop/ShopItem/Item/GameItem/ItemShardUI,PopupShop,ItemShardUI,False,21484,no_static_sprite_pptr_found
002_UnityDataAssetPack_datapack__file110,92347,/PopupShop/Content/bgr/child_bgr/CellPopupShop/ShopItem/Item/GameItem/ItemShardUI/Mask/Check,PopupShop,Check,False,21487,no_static_sprite_pptr_found
002_UnityDataAssetPack_datapack__file110,92393,/PopupNotifyNewEvent,PopupNotifyNewEvent,PopupNotifyNewEvent,True,21438,no_static_sprite_pptr_found
002_UnityDataAssetPack_datapack__file110,92411,/PopupPlayerInfo/Content/Body/Lineup/HeroesLineup/BackLine/HeroHeadClickable5,PopupPlayerInfo,HeroHeadClickable5,True,21448,no_static_sprite_pptr_found
002_UnityDataAssetPack_datapack__file110,92417,/PopupPlayerInfo3/Content/Body/Lineup/HeroesLineup1/BackLine/HeroHeadClickable4,PopupPlayerInfo3,HeroHeadClickable4,True,21447,no_static_sprite_pptr_found
002_UnityDataAssetPack_datapack__file110,92425,/GGEasterPrayEvent/Content/BoxStatues/GroupStatue/EasterStatue/RootScale/GameItem/ItemConsumableUI/Mask/Check,GGEasterPrayEvent,Check,False,21469,no_static_sprite_pptr_found
002_UnityDataAssetPack_datapack__file110,92431,/GGEasterPrayEvent/Content/BoxStatues/GroupStatue/EasterStatue/RootScale/GameItem/ItemConsumableUI,GGEasterPrayEvent,ItemConsumableUI,False,21467,no_static_sprite_pptr_found
002_UnityDataAssetPack_datapack__file110,92438,/PanelTravelEvent/BgrTrip/PanelChest/chest_0,PanelTravelEvent,chest_0,True,17485,no_static_sprite_pptr_found
002_UnityDataAssetPack_datapack__file110,92440,/PopupDimScreen/ImageFull,PopupDimScreen,ImageFull,True,21593,no_static_sprite_pptr_found
002_UnityDataAssetPack_datapack__file110,92485,/PopupBossFk/Content/GroupBoss/CellBossFk (1)/CanvasHero/ClickArea,PopupBossFk,ClickArea,True,21704,no_static_sprite_pptr_found
002_UnityDataAssetPack_datapack__file110,92516,/PopupPlayerInfo/Content/Body/Lineup/HeroesLineup/BackLine/HeroHeadClickable5/HeroHeadUI/Mask/Lock,PopupPlayerInfo,Lock,False,21727,no_static_sprite_pptr_found
002_UnityDataAssetPack_datapack__file110,92520,/PopupPlayerInfo/Content/Body/Lineup/HeroesLineup/BackLine/HeroHeadClickable5/HeroHeadUI/HeroStar,PopupPlayerInfo,HeroStar,True,21725,no_static_sprite_pptr_found
002_UnityDataAssetPack_datapack__file110,92537,/PopupPlayerInfo/Content/Body/Lineup/HeroesLineup/BackLine/HeroHeadClickable5/HeroHeadUI/Mask/Check,PopupPlayerInfo,Check,False,21744,no_static_sprite_pptr_found
002_UnityDataAssetPack_datapack__file110,92540,/PopupPlayerInfo3/Content/Body/Lineup/HeroesLineup1/BackLine/HeroHeadClickable4/HeroHeadUI/Mask/Death,PopupPlayerInfo3,Death,False,21761,no_static_sprite_pptr_found
002_UnityDataAssetPack_datapack__file110,92556,/PopupPlayerInfo/Content/Body/Lineup/HeroesLineup/BackLine/HeroHeadClickable5/HeroHeadUI/Mask/Death,PopupPlayerInfo,Death,False,21740,no_static_sprite_pptr_found
002_UnityDataAssetPack_datapack__file110,92558,/PopupPlayerInfo3/Content/Body/Lineup/HeroesLineup1/BackLine/HeroHeadClickable4/HeroHeadUI/Mask/Check,PopupPlayerInfo3,Check,False,21752,no_static_sprite_pptr_found
002_UnityDataAssetPack_datapack__file110,92579,/PopupPlayerInfo3/Content/Body/Lineup/HeroesLineup1/BackLine/HeroHeadClickable4/HeroHeadUI/Mask/Lock,PopupPlayerInfo3,Lock,False,21768,no_static_sprite_pptr_found
002_UnityDataAssetPack_datapack__file110,92588,/PopupPlayerInfo3/Content/Body/Lineup/HeroesLineup1/BackLine/HeroHeadClickable4/HeroHeadUI/HeroStar,PopupPlayerInfo3,HeroStar,True,21778,no_static_sprite_pptr_found
002_UnityDataAssetPack_datapack__file110,92599,/GGHeroLotteryEvent/CellHeroLottery/HeroHeadWrapper/GameItem/ItemConsumableUI/Mask/Check,GGHeroLotteryEvent,Check,False,21798,no_static_sprite_pptr_found
002_UnityDataAssetPack_datapack__file110,92607,/GGHeroLotteryEvent/CellHeroLottery/HeroHeadWrapper/GameItem/ItemConsumableUI,GGHeroLotteryEvent,ItemConsumableUI,False,21797,no_static_sprite_pptr_found
002_UnityDataAssetPack_datapack__file110,92628,/PopupSelectReward/Body/GroupSlot/RewardSelect1/GameItem/ItemAvatarUI,PopupSelectReward,ItemAvatarUI,True,21632,no_static_sprite_pptr_found
002_UnityDataAssetPack_datapack__file110,92665,/PanelItemExchangeEvent/CellExchangeItem/GameItem/ItemArtifactUI/Mask/Check,PanelItemExchangeEvent,Check,False,21665,no_static_sprite_pptr_found
002_UnityDataAssetPack_datapack__file110,92666,/GGItemExchangeEvent/CellExchangeItem/GameItem/ItemArtifactUI/Mask/Check,GGItemExchangeEvent,Check,False,21666,no_static_sprite_pptr_found
002_UnityDataAssetPack_datapack__file110,92669,/PanelItemExchangeEvent/CellExchangeItem/GameItem/ItemArtifactUI,PanelItemExchangeEvent,ItemArtifactUI,True,21671,no_static_sprite_pptr_found
002_UnityDataAssetPack_datapack__file110,92670,/GGItemExchangeEvent/CellExchangeItem/GameItem/ItemArtifactUI,GGItemExchangeEvent,ItemArtifactUI,True,21672,no_static_sprite_pptr_found
002_UnityDataAssetPack_datapack__file110,92685,/PanelEasterPrayEvent/Bgr/PanelStatue/GroupStatue/ItemStatue/HeroStatue/avatar_statue/GameItem/ItemAvatarUI,PanelEasterPrayEvent,ItemAvatarUI,True,21639,no_static_sprite_pptr_found
002_UnityDataAssetPack_datapack__file110,92706,/PopupMFStage/Content/ImageBody/GroupTop/BoxLineUp/Lineup/HeroesLineup/BackLine/MFHeroHead (3),PopupMFStage,MFHeroHead (3),True,19774,no_static_sprite_pptr_found
002_UnityDataAssetPack_datapack__file110,92714,/PopupGuildWarLog/Body/CellWarLog/Avatar2/PlayerAvatar,PopupGuildWarLog,PlayerAvatar,True,21607,no_static_sprite_pptr_found
002_UnityDataAssetPack_datapack__file110,92743,/GGBrokenSpaceEventV2/Content/GroupStage/BrokenSpaceStage,GGBrokenSpaceEventV2,BrokenSpaceStage,True,18900,no_static_sprite_pptr_found
002_UnityDataAssetPack_datapack__file110,92749,/PopupSellItem/Content/GameItem/HeroHeadClickable/HeroHeadUI/Mask/Death,PopupSellItem,Death,False,22052,no_static_sprite_pptr_found
002_UnityDataAssetPack_datapack__file110,92761,/PopupSellItem/Content/GameItem/HeroHeadClickable/HeroHeadUI/Mask/Check,PopupSellItem,Check,False,22087,no_static_sprite_pptr_found
002_UnityDataAssetPack_datapack__file110,92782,/PopupSellItem/Content/GameItem/HeroHeadClickable/HeroHeadUI/HeroStar,PopupSellItem,HeroStar,True,22070,no_static_sprite_pptr_found
002_UnityDataAssetPack_datapack__file110,92785,/PopupSellItem/Content/GameItem/HeroHeadClickable/HeroHeadUI/Mask/Lock,PopupSellItem,Lock,False,22067,no_static_sprite_pptr_found
002_UnityDataAssetPack_datapack__file110,92791,/PopupTarvenQuest/Content/Body/TopGroup/GameItem/ItemVipExpUI,PopupTarvenQuest,ItemVipExpUI,False,22078,no_static_sprite_pptr_found
002_UnityDataAssetPack_datapack__file110,92806,/PopupSelectReward/Body/GroupSlot/RewardSelect3/GameItem/HeroHeadClickable/HeroHeadUI/HeroStar,PopupSelectReward,HeroStar,True,22107,no_static_sprite_pptr_found
002_UnityDataAssetPack_datapack__file110,92809,/PopupSelectReward/Body/GroupSlot/RewardSelect3/GameItem/HeroHeadClickable/HeroHeadUI/Mask/Lock,PopupSelectReward,Lock,False,22124,no_static_sprite_pptr_found
002_UnityDataAssetPack_datapack__file110,92832,/PopupSelectReward/Body/GroupSlot/RewardSelect3/GameItem/HeroHeadClickable/HeroHeadUI/Mask/Check,PopupSelectReward,Check,False,22104,no_static_sprite_pptr_found
002_UnityDataAssetPack_datapack__file110,92834,/PopupSelectReward/Body/GroupSlot/RewardSelect3/GameItem/HeroHeadClickable/HeroHeadUI/Mask/Death,PopupSelectReward,Death,False,22127,no_static_sprite_pptr_found
002_UnityDataAssetPack_datapack__file110,92843,/PopupGuildMill/Body/BoxOrder/CellMillOrder/Bonus/GameItem2/ItemAvatarUI,PopupGuildMill,ItemAvatarUI,True,22138,no_static_sprite_pptr_found
002_UnityDataAssetPack_datapack__file110,92864,/PopupMFStage/Content/ImageBody/GroupTop/BoxLineUp/Lineup/HeroesLineup/BackLine/MFHeroHead (2),PopupMFStage,MFHeroHead (2),True,19691,no_static_sprite_pptr_found
002_UnityDataAssetPack_datapack__file110,92871,/PopupPlayerInfo3/Content/Body/Lineup/HeroesLineup2/BackLine/HeroHeadClickable4,PopupPlayerInfo3,HeroHeadClickable4,True,22038,no_static_sprite_pptr_found
002_UnityDataAssetPack_datapack__file110,92903,/PanelEventMiniGame/ImageBrg,PanelEventMiniGame,ImageBrg,True,18150,no_static_sprite_pptr_found
002_UnityDataAssetPack_datapack__file110,92910,/GameItemEvent/GameItem/HeroHeadClickable/HeroHeadUI/HeroStar,GameItemEvent,HeroStar,True,21937,no_static_sprite_pptr_found
002_UnityDataAssetPack_datapack__file110,92913,/GameItemEvent/GameItem/HeroHeadClickable/HeroHeadUI/Mask/Lock,GameItemEvent,Lock,False,21933,no_static_sprite_pptr_found
002_UnityDataAssetPack_datapack__file110,92921,/GameItemEvent/GameItem/HeroHeadClickable/HeroHeadUI/Mask/Check,GameItemEvent,Check,False,21926,no_static_sprite_pptr_found
002_UnityDataAssetPack_datapack__file110,92938,/GameItemEvent/GameItem/HeroHeadClickable/HeroHeadUI/Mask/Death,GameItemEvent,Death,False,21950,no_static_sprite_pptr_found
002_UnityDataAssetPack_datapack__file110,92958,/CellRaidChallenge/GroupReward/GI_Wrapper/GameItem/ItemVipExpUI,CellRaidChallenge,ItemVipExpUI,False,21974,no_static_sprite_pptr_found
002_UnityDataAssetPack_datapack__file110,92972,/PopupLineupFk/Content/BoxLineup/HeroSlotFk/Wrapper/CanvasHeroFk/ClickArea,PopupLineupFk,ClickArea,True,21968,no_static_sprite_pptr_found
002_UnityDataAssetPack_datapack__file110,92973,/PopupLineupFk2/Content/BoxLineup/HeroSlotFk/Wrapper/CanvasHeroFk/ClickArea,PopupLineupFk2,ClickArea,True,21969,no_static_sprite_pptr_found
002_UnityDataAssetPack_datapack__file110,92989,/PopupSpecialEvent2,PopupSpecialEvent2,PopupSpecialEvent2,True,22030,no_static_sprite_pptr_found
002_UnityDataAssetPack_datapack__file110,93012,/GameItemWrapper/GameItem/ItemArtifactUI,GameItemWrapper,ItemArtifactUI,True,22002,no_static_sprite_pptr_found
002_UnityDataAssetPack_datapack__file110,93018,/GameItemWrapper/GameItem/ItemArtifactUI/Mask/Check,GameItemWrapper,Check,False,22000,no_static_sprite_pptr_found
002_UnityDataAssetPack_datapack__file110,93032,/CellDailyQuest/GroupReward/GameItemContainer2/GameItem/ItemConsumableUI/Mask/Check,CellDailyQuest,Check,False,21991,no_static_sprite_pptr_found
002_UnityDataAssetPack_datapack__file110,93035,/CellDailyQuest/GroupReward/GameItemContainer2/GameItem/ItemConsumableUI,CellDailyQuest,ItemConsumableUI,False,21989,no_static_sprite_pptr_found
002_UnityDataAssetPack_datapack__file110,93044,/PopupGuildWarPlayerInfo/Content/Body/PlayerInfo/BoxRewards/HLayout/Wrapper2/GameItem/GroupDone/ImageCover/Image,PopupGuildWarPlayerInfo,Image,True,31846,no_static_sprite_pptr_found
002_UnityDataAssetPack_datapack__file110,93052,/GGEquipmentExchangeEvent/CellEquipmentExchange/GroupEquipReceive/GGEquipmentSlot (3),GGEquipmentExchangeEvent,GGEquipmentSlot (3),True,20679,no_static_sprite_pptr_found
002_UnityDataAssetPack_datapack__file110,93054,/PopupPrepareGuildWar/PanelBody/FrameScroll/CellWarRegister/GroupPlayer/LineUp/HeroHeadClickable2/HeroHeadUI/HeroStar,PopupPrepareGuildWar,HeroStar,True,21887,no_static_sprite_pptr_found
002_UnityDataAssetPack_datapack__file110,93063,/PopupPrepareGuildWar/PanelBody/FrameScroll/CellWarRegister/GroupPlayer/LineUp/HeroHeadClickable2/HeroHeadUI/Mask/Lock,PopupPrepareGuildWar,Lock,False,21881,no_static_sprite_pptr_found
002_UnityDataAssetPack_datapack__file110,93070,/PopupPrepareGuildWar/PanelBody/FrameScroll/CellWarRegister/GroupPlayer/LineUp/HeroHeadClickable2/HeroHeadUI/Mask/Check,PopupPrepareGuildWar,Check,False,21903,no_static_sprite_pptr_found
002_UnityDataAssetPack_datapack__file110,93093,/PopupPrepareGuildWar/PanelBody/FrameScroll/CellWarRegister/GroupPlayer/LineUp/HeroHeadClickable2/HeroHeadUI/Mask/Death,PopupPrepareGuildWar,Death,False,21896,no_static_sprite_pptr_found
002_UnityDataAssetPack_datapack__file110,93110,/PanelEventMiniGame/GroupContent/GroupLeft/Content/Hole/bgr/Reward/GameItem/ItemShardUI/Mask/Check,PanelEventMiniGame,Check,False,21836,no_static_sprite_pptr_found
002_UnityDataAssetPack_datapack__file110,93112,/PanelEventMiniGame/GroupContent/GroupLeft/Content/Hole/bgr/Reward/GameItem/ItemShardUI,PanelEventMiniGame,ItemShardUI,False,21839,no_static_sprite_pptr_found
002_UnityDataAssetPack_datapack__file110,93122,/PopupSelectReward/Body/GroupSlot/RewardSelect2/GameItem/ItemShardUI/Mask/Check,PopupSelectReward,Check,False,21869,no_static_sprite_pptr_found
002_UnityDataAssetPack_datapack__file110,93124,/PopupSelectReward/Body/GroupSlot/RewardSelect2/GameItem/ItemShardUI,PopupSelectReward,ItemShardUI,False,21872,no_static_sprite_pptr_found
002_UnityDataAssetPack_datapack__file110,93151,/CellDailyQuest/GroupReward/GameItemContainer1/GameItem/ItemAvatarUI,CellDailyQuest,ItemAvatarUI,True,21914,no_static_sprite_pptr_found
002_UnityDataAssetPack_datapack__file110,93198,/PopupCrosswordPuzzles,PopupCrosswordPuzzles,PopupCrosswordPuzzles,True,22167,no_static_sprite_pptr_found
002_UnityDataAssetPack_datapack__file110,93212,/PopupIdolOfRevival,PopupIdolOfRevival,PopupIdolOfRevival,True,15881,no_static_sprite_pptr_found
002_UnityDataAssetPack_datapack__file110,93237,/PopupGuildWarPlayerInfo/Content/Body/Lineup/HeroesLineup/BackLine/HeroHeadClickable5,PopupGuildWarPlayerInfo,HeroHeadClickable5,True,22403,no_static_sprite_pptr_found
002_UnityDataAssetPack_datapack__file110,93242,/PopupAllStarsTop8/Body/CellAllStarsTop8/PlayerAvatar1,PopupAllStarsTop8,PlayerAvatar1,True,22404,no_static_sprite_pptr_found
002_UnityDataAssetPack_datapack__file110,93296,/PopupBravePlayer/Content/ImageBody/Top/Lineup/HeroesLineup/BackLine/HeroHeadClickable5/HeroHeadUI/Mask/Check,PopupBravePlayer,Check,False,22330,no_static_sprite_pptr_found
002_UnityDataAssetPack_datapack__file110,93300,/PopupBravePlayer/Content/ImageBody/Top/Lineup/HeroesLineup/BackLine/HeroHeadClickable5/HeroHeadUI/Mask/Lock,PopupBravePlayer,Lock,False,22320,no_static_sprite_pptr_found
002_UnityDataAssetPack_datapack__file110,93308,/PopupBravePlayer/Content/ImageBody/Top/Lineup/HeroesLineup/BackLine/HeroHeadClickable5/HeroHeadUI/HeroStar,PopupBravePlayer,HeroStar,True,22313,no_static_sprite_pptr_found
002_UnityDataAssetPack_datapack__file110,93316,/PopupHeroesFk/Content/BoxHeroSpine/HeroWrapper/CanvasHeroFk/ClickArea,PopupHeroesFk,ClickArea,True,22338,no_static_sprite_pptr_found
002_UnityDataAssetPack_datapack__file110,93317,/PopupHeroesFk2/Content/BoxHeroSpine/HeroWrapper/CanvasHeroFk/ClickArea,PopupHeroesFk2,ClickArea,True,22339,no_static_sprite_pptr_found
002_UnityDataAssetPack_datapack__file110,93318,/PopupBravePlayer/Content/ImageBody/Top/Lineup/HeroesLineup/BackLine/HeroHeadClickable5/HeroHeadUI/Mask/Death,PopupBravePlayer,Death,False,22301,no_static_sprite_pptr_found
002_UnityDataAssetPack_datapack__file110,93326,/PopupHeroESkill/Body/BoxChiPoint/MedMan/GroupEnable/ButtonESkill2/ImageSkill,PopupHeroESkill,ImageSkill,True,31834,no_static_sprite_pptr_found
002_UnityDataAssetPack_datapack__file110,93335,/PopupDailyQuest/PanelBody/CellDailyQuest/GroupReward/GameItemContainer1/GameItem/ItemShardUI,PopupDailyQuest,ItemShardUI,False,22360,no_static_sprite_pptr_found
002_UnityDataAssetPack_datapack__file110,93338,/PopupDailyQuest/PanelBody/CellDailyQuest/GroupReward/GameItemContainer1/GameItem/ItemShardUI/Mask/Check,PopupDailyQuest,Check,False,22355,no_static_sprite_pptr_found
002_UnityDataAssetPack_datapack__file110,93360,/GameItemFeeEquip/GameItem/GroupDone/ImageCover/Image,GameItemFeeEquip,Image,True,29157,no_static_sprite_pptr_found
002_UnityDataAssetPack_datapack__file110,93373,/PopupUpgradeHeroFake/RightPart/BoxInfo/PanelPoint/BoxSkillDesc1,PopupUpgradeHeroFake,BoxSkillDesc1,True,28939,no_static_sprite_pptr_found
002_UnityDataAssetPack_datapack__file110,93394,/PopupBattleDetail/Body/CellDetailBattleAttacker/GoHeroHead/HeroHeadUI/HeroStar,PopupBattleDetail,HeroStar,True,22243,no_static_sprite_pptr_found
002_UnityDataAssetPack_datapack__file110,93402,/PopupBattleDetail/Body/CellDetailBattleAttacker/GoHeroHead/HeroHeadUI/Mask/Lock,PopupBattleDetail,Lock,False,22235,no_static_sprite_pptr_found
002_UnityDataAssetPack_datapack__file110,93408,/PopupBattleDetail/Body/CellDetailBattleAttacker/GoHeroHead/HeroHeadUI/Mask/Check,PopupBattleDetail,Check,False,22259,no_static_sprite_pptr_found
002_UnityDataAssetPack_datapack__file110,93431,/PopupBattleDetail/Body/CellDetailBattleAttacker/GoHeroHead/HeroHeadUI/Mask/Death,PopupBattleDetail,Death,False,22254,no_static_sprite_pptr_found
002_UnityDataAssetPack_datapack__file110,93455,/PopupDungeonBuyItem/Content/GameItem/ItemConsumableUI/Mask/Check,PopupDungeonBuyItem,Check,False,22284,no_static_sprite_pptr_found
002_UnityDataAssetPack_datapack__file110,93458,/PopupDungeonBuyItem/Content/GameItem/ItemConsumableUI,PopupDungeonBuyItem,ItemConsumableUI,False,22282,no_static_sprite_pptr_found
002_UnityDataAssetPack_datapack__file110,93486,/PopupLuckySpinFK/Content/BoxSpin/Spin/Arcs/Arc3,PopupLuckySpinFK,Arc3,False,21231,no_static_sprite_pptr_found
002_UnityDataAssetPack_datapack__file110,93510,/PopupAllStarsFinal/Body/BoxPlayIn1/BoxAllStarsPlayer2/PlayerAvatar,PopupAllStarsFinal,PlayerAvatar,True,22228,no_static_sprite_pptr_found
002_UnityDataAssetPack_datapack__file110,93555,/PopupTowerLevelInfo/PanelBody/BoxHeroes2/GroupHeroes/HeroHeadClickable (4),PopupTowerLevelInfo,HeroHeadClickable (4),True,22566,no_static_sprite_pptr_found
002_UnityDataAssetPack_datapack__file110,93587,/PopupGuildBossRewards/Body/CellGuildBossReward/GameItemContainer2/GameItem2/ItemEquipmentUI/Mask/Check,PopupGuildBossRewards,Check,False,22508,no_static_sprite_pptr_found
002_UnityDataAssetPack_datapack__file110,93588,/PopupGuildBossRewards/Body/CellGuildBossReward/GameItemContainer2/GameItem2/ItemEquipmentUI,PopupGuildBossRewards,ItemEquipmentUI,False,22514,no_static_sprite_pptr_found
002_UnityDataAssetPack_datapack__file110,93598,/CellRaidChallenge/GroupReward/GI_Wrapper/GameItem/GroupDone/ImageCover/Image,CellRaidChallenge,Image,True,28818,no_static_sprite_pptr_found
002_UnityDataAssetPack_datapack__file110,93664,/PopupCheckin/Bgr/CellCheckinReward/GameItem/ItemAvatarUI,PopupCheckin,ItemAvatarUI,True,22451,no_static_sprite_pptr_found
002_UnityDataAssetPack_datapack__file110,93669,/PopupGuildBossRewards/Body/CellGuildBossReward/GameItemContainer2/GameItem2/HeroHeadClickable,PopupGuildBossRewards,HeroHeadClickable,False,22449,no_static_sprite_pptr_found
002_UnityDataAssetPack_datapack__file110,93687,/PopupBuyItem/Content/GameItem/ItemConsumableUI,PopupBuyItem,ItemConsumableUI,False,22468,no_static_sprite_pptr_found
002_UnityDataAssetPack_datapack__file110,93688,/PopupBuyItemFake/Content/GameItem/ItemConsumableUI,PopupBuyItemFake,ItemConsumableUI,False,22469,no_static_sprite_pptr_found
002_UnityDataAssetPack_datapack__file110,93701,/PopupBuyItem/Content/GameItem/ItemConsumableUI/Mask/Check,PopupBuyItem,Check,False,22470,no_static_sprite_pptr_found
002_UnityDataAssetPack_datapack__file110,93702,/PopupBuyItemFake/Content/GameItem/ItemConsumableUI/Mask/Check,PopupBuyItemFake,Check,False,22471,no_static_sprite_pptr_found
002_UnityDataAssetPack_datapack__file110,93765,/PanelEasterPrayEvent/Bgr/PanelStatue/GroupStatue/ItemStatue (1)/SkinStatue/avatar_statue/GameItem/ItemConsumableUI/Mask/Check,PanelEasterPrayEvent,Check,False,22741,no_static_sprite_pptr_found
002_UnityDataAssetPack_datapack__file110,93772,/PanelEasterPrayEvent/Bgr/PanelStatue/GroupStatue/ItemStatue (1)/SkinStatue/avatar_statue/GameItem/ItemConsumableUI,PanelEasterPrayEvent,ItemConsumableUI,False,22740,no_static_sprite_pptr_found
002_UnityDataAssetPack_datapack__file110,93792,/PopupGuildBossRewards/Body/CellGuildBossReward/GameItemContainer2/GameItem2/HeroHeadClickable/HeroHeadUI/Mask/Death,PopupGuildBossRewards,Death,False,22748,no_static_sprite_pptr_found
002_UnityDataAssetPack_datapack__file110,93811,/PopupGuildBossRewards/Body/CellGuildBossReward/GameItemContainer2/GameItem2/HeroHeadClickable/HeroHeadUI/Mask/Check,PopupGuildBossRewards,Check,False,22776,no_static_sprite_pptr_found
002_UnityDataAssetPack_datapack__file110,93818,/PopupGuildBossRewards/Body/CellGuildBossReward/GameItemContainer2/GameItem2/HeroHeadClickable/HeroHeadUI/Mask/Lock,PopupGuildBossRewards,Lock,False,22766,no_static_sprite_pptr_found
002_UnityDataAssetPack_datapack__file110,93826,/PopupGuildBossRewards/Body/CellGuildBossReward/GameItemContainer2/GameItem2/HeroHeadClickable/HeroHeadUI/HeroStar,PopupGuildBossRewards,HeroStar,True,22759,no_static_sprite_pptr_found
002_UnityDataAssetPack_datapack__file110,93852,/PanelHeroLotteryEvent/CellHeroLottery/PanelHeroTo/GameItem/ItemVipExpUI,PanelHeroLotteryEvent,ItemVipExpUI,False,22791,no_static_sprite_pptr_found
002_UnityDataAssetPack_datapack__file110,93865,/PopupTopPlayer/PanelBody/CellTopPlayer/PlayerAvatar,PopupTopPlayer,PlayerAvatar,True,22817,no_static_sprite_pptr_found
002_UnityDataAssetPack_datapack__file110,93877,/PopupQuestFK/Content/ItemQuest/Reward/ItemReward/Mask/Check,PopupQuestFK,Check,False,22683,no_static_sprite_pptr_found
002_UnityDataAssetPack_datapack__file110,93883,/PopupQuestFK/Content/ItemQuest/Reward/ItemReward,PopupQuestFK,ItemReward,True,22684,no_static_sprite_pptr_found
002_UnityDataAssetPack_datapack__file110,93911,/PopupGuildMill/Body/BoxOrder/CellMillOrder/Bonus/GameItem1/ItemArtifactUI,PopupGuildMill,ItemArtifactUI,True,22704,no_static_sprite_pptr_found
002_UnityDataAssetPack_datapack__file110,93917,/PopupGuildMill/Body/BoxOrder/CellMillOrder/Bonus/GameItem1/ItemArtifactUI/Mask/Check,PopupGuildMill,Check,False,22707,no_static_sprite_pptr_found
002_UnityDataAssetPack_datapack__file110,93939,/PopupGuildMill/Body/BoxTop/CellGuildDonate/PlayerAvatar,PopupGuildMill,PlayerAvatar,True,22725,no_static_sprite_pptr_found
002_UnityDataAssetPack_datapack__file110,93988,/PopupTowerLevelInfo/PanelBody/BoxHeroes2/GroupHeroes/HeroHeadClickable (4)/HeroHeadUI/Mask/Check,PopupTowerLevelInfo,Check,False,22643,no_static_sprite_pptr_found
002_UnityDataAssetPack_datapack__file110,94005,/PopupTowerLevelInfo/PanelBody/BoxHeroes2/GroupHeroes/HeroHeadClickable (4)/HeroHeadUI/HeroStar,PopupTowerLevelInfo,HeroStar,True,22665,no_static_sprite_pptr_found
002_UnityDataAssetPack_datapack__file110,94008,/PopupTowerLevelInfo/PanelBody/BoxHeroes2/GroupHeroes/HeroHeadClickable (4)/HeroHeadUI/Mask/Lock,PopupTowerLevelInfo,Lock,False,22663,no_static_sprite_pptr_found
002_UnityDataAssetPack_datapack__file110,94015,/PopupTowerLevelInfo/PanelBody/BoxHeroes2/GroupHeroes/HeroHeadClickable (4)/HeroHeadUI/Mask/Death,PopupTowerLevelInfo,Death,False,22648,no_static_sprite_pptr_found
002_UnityDataAssetPack_datapack__file110,94026,/PopupGuildBossTopDmg/Body/CellGuildBossDmg/GameItem1/GameItem1/ItemAvatarUI,PopupGuildBossTopDmg,ItemAvatarUI,True,22639,no_static_sprite_pptr_found
002_UnityDataAssetPack_datapack__file110,94063,/GameItem/GroupDone/ImageCover/Image,GameItem,Image,True,28665,no_static_sprite_pptr_found
002_UnityDataAssetPack_datapack__file110,94064,/PopupSelectGameItem/PanelBody/GameItemTick/GameItem/GroupDone/ImageCover/Image,PopupSelectGameItem,Image,True,28664,no_static_sprite_pptr_found
002_UnityDataAssetPack_datapack__file110,94070,/BrokenSpaceStage,BrokenSpaceStage,BrokenSpaceStage,True,17331,no_static_sprite_pptr_found
002_UnityDataAssetPack_datapack__file110,94099,/GGBrokenSpaceEventV2/Content/GroupStage/BrokenSpaceStage (5),GGBrokenSpaceEventV2,BrokenSpaceStage (5),True,17501,no_static_sprite_pptr_found
002_UnityDataAssetPack_datapack__file110,94121,/TowerHeroNew/HeroWrapper/CanvasHero/ClickArea,TowerHeroNew,ClickArea,True,22940,no_static_sprite_pptr_found
002_UnityDataAssetPack_datapack__file110,94132,/PopupGuildBossTopDmg/Body/CellGuildBossDmg/GameItem2/GameItem2/ItemVipExpUI,PopupGuildBossTopDmg,ItemVipExpUI,False,22951,no_static_sprite_pptr_found
002_UnityDataAssetPack_datapack__file110,94136,/PopupLuckySpinFK/Content/BoxSpin/Spin/Arcs/Arc6,PopupLuckySpinFK,Arc6,False,23364,no_static_sprite_pptr_found
002_UnityDataAssetPack_datapack__file110,94139,/PopupSpecialEquipUpgrade/Body/GroupRight/Bgr/PanelStrengthen/Bgr/Icon/Icon,PopupSpecialEquipUpgrade,Icon,True,17744,no_static_sprite_pptr_found
002_UnityDataAssetPack_datapack__file110,94143,/PopupSpecialEvent/Bgr/Content/TabEventGroup/Viewport,PopupSpecialEvent,Viewport,True,29091,no_static_sprite_pptr_found
002_UnityDataAssetPack_datapack__file110,94197,/PopupGuildWarPlayerInfo/Content/Body/Lineup/HeroesLineup/BackLine/HeroHeadClickable5/HeroHeadUI/Mask/Check,PopupGuildWarPlayerInfo,Check,False,22921,no_static_sprite_pptr_found
002_UnityDataAssetPack_datapack__file110,94204,/PopupGuildWarPlayerInfo/Content/Body/Lineup/HeroesLineup/BackLine/HeroHeadClickable5/HeroHeadUI/Mask/Lock,PopupGuildWarPlayerInfo,Lock,False,22910,no_static_sprite_pptr_found
002_UnityDataAssetPack_datapack__file110,94213,/PopupGuildWarPlayerInfo/Content/Body/Lineup/HeroesLineup/BackLine/HeroHeadClickable5/HeroHeadUI/HeroStar,PopupGuildWarPlayerInfo,HeroStar,True,22903,no_static_sprite_pptr_found
002_UnityDataAssetPack_datapack__file110,94217,/PopupGuildWarPlayerInfo/Content/Body/Lineup/HeroesLineup/BackLine/HeroHeadClickable5/HeroHeadUI/Mask/Death,PopupGuildWarPlayerInfo,Death,False,22892,no_static_sprite_pptr_found
002_UnityDataAssetPack_datapack__file110,94231,/PopupSmashedShop/Content/ImageBox/CellMerchantShop/Reward/GameItem/ItemArtifactUI/Mask/Check,PopupSmashedShop,Check,False,22881,no_static_sprite_pptr_found
002_UnityDataAssetPack_datapack__file110,94235,/PopupSmashedShop/Content/ImageBox/CellMerchantShop/Reward/GameItem/ItemArtifactUI,PopupSmashedShop,ItemArtifactUI,True,22885,no_static_sprite_pptr_found
002_UnityDataAssetPack_datapack__file110,94239,/PopupGuildBossRewards/Body/CellGuildBossReward/GameItemContainer1/GameItem1/GroupDone/ImageCover/Image,PopupGuildBossRewards,Image,True,28445,no_static_sprite_pptr_found
002_UnityDataAssetPack_datapack__file110,94263,/PopupBravePlayer/Content/ImageBody/Top/Lineup/HeroesLineup/BackLine/HeroHeadClickable5,PopupBravePlayer,HeroHeadClickable5,True,22836,no_static_sprite_pptr_found
002_UnityDataAssetPack_datapack__file110,94334,/PanelGiftCode/Image,PanelGiftCode,Image,False,26913,no_static_sprite_pptr_found
002_UnityDataAssetPack_datapack__file110,94340,/PopupGuildMill/Body/BoxOrder/CellMillOrder/Bonus/GameItem1/HeroHeadClickable/HeroHeadUI/Mask/Lock,PopupGuildMill,Lock,False,23230,no_static_sprite_pptr_found
002_UnityDataAssetPack_datapack__file110,94343,/PopupGuildMill/Body/BoxOrder/CellMillOrder/Bonus/GameItem1/HeroHeadClickable/HeroHeadUI/HeroStar,PopupGuildMill,HeroStar,True,23227,no_static_sprite_pptr_found
002_UnityDataAssetPack_datapack__file110,94361,/PopupGuildMill/Body/BoxOrder/CellMillOrder/Bonus/GameItem1/HeroHeadClickable/HeroHeadUI/Mask/Check,PopupGuildMill,Check,False,23212,no_static_sprite_pptr_found
002_UnityDataAssetPack_datapack__file110,94363,/PopupAllStarBetHistory/Body/PanelBetHistory/ScrollViewBetHistory/CellBetHistory/CellBgr/LineSerperator,PopupAllStarBetHistory,LineSerperator,True,21461,no_static_sprite_pptr_found
002_UnityDataAssetPack_datapack__file110,94370,/PopupGuildMill/Body/BoxOrder/CellMillOrder/Bonus/GameItem1/HeroHeadClickable/HeroHeadUI/Mask/Death,PopupGuildMill,Death,False,23246,no_static_sprite_pptr_found
002_UnityDataAssetPack_datapack__file110,94380,/Popup7DaysEvent/Bgr/Content/PanelTabTop/Viewport,Popup7DaysEvent,Viewport,True,22387,no_static_sprite_pptr_found
002_UnityDataAssetPack_datapack__file110,94395,/CellRaidChallenge/GroupReward/GI_Wrapper/GameItem/ItemVipExpUI,CellRaidChallenge,ItemVipExpUI,False,23133,no_static_sprite_pptr_found
002_UnityDataAssetPack_datapack__file110,94400,/PopupGuildWarLog/Body/CellWarLog/Avatar1/PlayerAvatar,PopupGuildWarLog,PlayerAvatar,True,23139,no_static_sprite_pptr_found
002_UnityDataAssetPack_datapack__file110,94411,/PopupGuildHall/Body/BoxMember/PanelManagerMenu,PopupGuildHall,PanelManagerMenu,False,23694,no_static_sprite_pptr_found
002_UnityDataAssetPack_datapack__file110,94427,/PopupGuildBossRewards/Body/CellGuildBossReward/GameItemContainer2/GameItem2/ItemArtifactUI/Mask/Check,PopupGuildBossRewards,Check,False,23151,no_static_sprite_pptr_found
002_UnityDataAssetPack_datapack__file110,94442,/PopupGuildBossRewards/Body/CellGuildBossReward/GameItemContainer2/GameItem2/ItemArtifactUI,PopupGuildBossRewards,ItemArtifactUI,True,23150,no_static_sprite_pptr_found
002_UnityDataAssetPack_datapack__file110,94467,/PopupHeroBriefInfo/Body/PanelPoint/BoxSkillDesc,PopupHeroBriefInfo,BoxSkillDesc,False,24205,no_static_sprite_pptr_found
002_UnityDataAssetPack_datapack__file110,94486,/GGEquipmentSlot/EquipmentWrapper/ItemEquipmentUI,GGEquipmentSlot,ItemEquipmentUI,True,23106,no_static_sprite_pptr_found
002_UnityDataAssetPack_datapack__file110,94487,/GGEquipmentSlot/EquipmentWrapper/ItemEquipmentUI/Mask/Check,GGEquipmentSlot,Check,False,23100,no_static_sprite_pptr_found
002_UnityDataAssetPack_datapack__file110,94560,/PopupTrialChest,PopupTrialChest,PopupTrialChest,True,23189,no_static_sprite_pptr_found
002_UnityDataAssetPack_datapack__file110,94579,/PopupGuildApplication/Body/BgrMember/CellGuildApplication/PlayerAvatar,PopupGuildApplication,PlayerAvatar,True,23012,no_static_sprite_pptr_found
002_UnityDataAssetPack_datapack__file110,94609,/PopupBuyItem/Content/GameItem/ItemShardUI/Mask/Check,PopupBuyItem,Check,False,23060,no_static_sprite_pptr_found
002_UnityDataAssetPack_datapack__file110,94610,/PopupBuyItemFake/Content/GameItem/ItemShardUI/Mask/Check,PopupBuyItemFake,Check,False,23061,no_static_sprite_pptr_found
002_UnityDataAssetPack_datapack__file110,94613,/PopupBuyItem/Content/GameItem/ItemShardUI,PopupBuyItem,ItemShardUI,False,23064,no_static_sprite_pptr_found
002_UnityDataAssetPack_datapack__file110,94614,/PopupBuyItemFake/Content/GameItem/ItemShardUI,PopupBuyItemFake,ItemShardUI,False,23065,no_static_sprite_pptr_found
002_UnityDataAssetPack_datapack__file110,94692,/PopupDailyQuest/PanelBody/CellDailyQuest/GroupReward/GameItemContainer1/GameItem/ItemConsumableUI,PopupDailyQuest,ItemConsumableUI,False,23541,no_static_sprite_pptr_found
002_UnityDataAssetPack_datapack__file110,94701,/PopupDailyQuest/PanelBody/CellDailyQuest/GroupReward/GameItemContainer1/GameItem/ItemConsumableUI/Mask/Check,PopupDailyQuest,Check,False,23539,no_static_sprite_pptr_found
002_UnityDataAssetPack_datapack__file110,94751,/EasterStatue/RootScale/GameItem/ItemAvatarUI,EasterStatue,ItemAvatarUI,True,23433,no_static_sprite_pptr_found
002_UnityDataAssetPack_datapack__file110,94760,/PopupDailyQuest/PanelBody/CellDailyQuest/GroupReward/GameItemContainer2/GameItem/ItemAvatarUI,PopupDailyQuest,ItemAvatarUI,True,23437,no_static_sprite_pptr_found
002_UnityDataAssetPack_datapack__file110,94761,/GameItemFeeEquip/GameItem/ItemVipExpUI,GameItemFeeEquip,ItemVipExpUI,False,23434,no_static_sprite_pptr_found
002_UnityDataAssetPack_datapack__file110,94777,/PopupBravePlayerNew/Content/ImageBody/Top/Lineup/HeroesLineup/BackLine/HeroHeadClickable4,PopupBravePlayerNew,HeroHeadClickable4,True,23458,no_static_sprite_pptr_found
002_UnityDataAssetPack_datapack__file110,94795,/PopupArenaRival/PanelBody/ImageBgr/CellArenaRival/PlayerAvatar,PopupArenaRival,PlayerAvatar,True,23461,no_static_sprite_pptr_found
002_UnityDataAssetPack_datapack__file110,94816,/PopupSelectEquipmentSet/Content/CellEquipmentSetSelect/GroupItem/ItemEquipmentUI,PopupSelectEquipmentSet,ItemEquipmentUI,True,23520,no_static_sprite_pptr_found
002_UnityDataAssetPack_datapack__file110,94817,/PopupSelectEquipmentSet/Content/CellEquipmentSetSelect/GroupItem/ItemEquipmentUI/Mask/Check,PopupSelectEquipmentSet,Check,False,23512,no_static_sprite_pptr_found
002_UnityDataAssetPack_datapack__file110,94837,/PanelEasterPrayEvent/Bgr/PanelStatue/GroupStatue/ItemStatue (2)/ArtifactStatue/avatar_statue/GameItem/ItemAvatarUI,PanelEasterPrayEvent,ItemAvatarUI,True,23525,no_static_sprite_pptr_found
002_UnityDataAssetPack_datapack__file110,94844,/PopupDungeonStageHero/Body/Lineup/HeroesLineup/HeroHeadClickable5/HeroHeadUI/HeroStar,PopupDungeonStageHero,HeroStar,True,23489,no_static_sprite_pptr_found
002_UnityDataAssetPack_datapack__file110,94852,/PopupDungeonStageHero/Body/Lineup/HeroesLineup/HeroHeadClickable5/HeroHeadUI/Mask/Lock,PopupDungeonStageHero,Lock,False,23483,no_static_sprite_pptr_found
002_UnityDataAssetPack_datapack__file110,94861,/PopupDungeonStageHero/Body/Lineup/HeroesLineup/HeroHeadClickable5/HeroHeadUI/Mask/Check,PopupDungeonStageHero,Check,False,23471,no_static_sprite_pptr_found
002_UnityDataAssetPack_datapack__file110,94879,/PopupDungeonStageHero/Body/Lineup/HeroesLineup/HeroHeadClickable5/HeroHeadUI/Mask/Death,PopupDungeonStageHero,Death,False,23498,no_static_sprite_pptr_found
002_UnityDataAssetPack_datapack__file110,94889,/PopupGuildWarPlayerInfo/Content/Body/Lineup/HeroesLineup/FrontLine/HeroHeadClickable2,PopupGuildWarPlayerInfo,HeroHeadClickable2,True,23355,no_static_sprite_pptr_found
002_UnityDataAssetPack_datapack__file110,94927,/PopupBravePlayerNew/Content/ImageBody/Top/Lineup/HeroesLineup/BackLine/HeroHeadClickable3/HeroHeadUI/HeroStar,PopupBravePlayerNew,HeroStar,True,23388,no_static_sprite_pptr_found
002_UnityDataAssetPack_datapack__file110,94930,/PopupBravePlayerNew/Content/ImageBody/Top/Lineup/HeroesLineup/BackLine/HeroHeadClickable3/HeroHeadUI/Mask/Lock,PopupBravePlayerNew,Lock,False,23383,no_static_sprite_pptr_found
002_UnityDataAssetPack_datapack__file110,94937,/PopupLineupFk/Content/BoxLineup/HeroSlotFk (2)/Wrapper/CanvasHeroFk (2)/ClickArea,PopupLineupFk,ClickArea,True,23402,no_static_sprite_pptr_found
002_UnityDataAssetPack_datapack__file110,94938,/PopupLineupFk2/Content/BoxLineup/HeroSlotFk (2)/Wrapper/CanvasHeroFk (2)/ClickArea,PopupLineupFk2,ClickArea,True,23403,no_static_sprite_pptr_found
002_UnityDataAssetPack_datapack__file110,94943,/PopupBravePlayerNew/Content/ImageBody/Top/Lineup/HeroesLineup/BackLine/HeroHeadClickable3/HeroHeadUI/Mask/Check,PopupBravePlayerNew,Check,False,23378,no_static_sprite_pptr_found
002_UnityDataAssetPack_datapack__file110,94959,/PopupBravePlayerNew/Content/ImageBody/Top/Lineup/HeroesLineup/BackLine/HeroHeadClickable3/HeroHeadUI/Mask/Death,PopupBravePlayerNew,Death,False,23407,no_static_sprite_pptr_found
002_UnityDataAssetPack_datapack__file110,94981,/PopupSummonHeroes/Bgr,PopupSummonHeroes,Bgr,True,22227,no_static_sprite_pptr_found
002_UnityDataAssetPack_datapack__file110,95015,/PopupDungeonBuyItem/Content/GameItem/ItemShardUI/Mask/Check,PopupDungeonBuyItem,Check,False,23286,no_static_sprite_pptr_found
002_UnityDataAssetPack_datapack__file110,95016,/PopupDungeonBuyItem/Content/GameItem/ItemShardUI,PopupDungeonBuyItem,ItemShardUI,False,23289,no_static_sprite_pptr_found
002_UnityDataAssetPack_datapack__file110,95021,/PopupSmashedShop/Content/ImageBox/CellMerchantShop/Reward/GameItem/HeroHeadClickable/HeroHeadUI/Mask/Death,PopupSmashedShop,Death,False,23307,no_static_sprite_pptr_found
002_UnityDataAssetPack_datapack__file110,95028,/PopupSmashedShop/Content/ImageBox/CellMerchantShop/Reward/GameItem/HeroHeadClickable/HeroHeadUI/Mask/Check,PopupSmashedShop,Check,False,23338,no_static_sprite_pptr_found
002_UnityDataAssetPack_datapack__file110,95049,/PopupSmashedShop/Content/ImageBox/CellMerchantShop/Reward/GameItem/HeroHeadClickable/HeroHeadUI/HeroStar,PopupSmashedShop,HeroStar,True,23324,no_static_sprite_pptr_found
002_UnityDataAssetPack_datapack__file110,95052,/PopupSmashedShop/Content/ImageBox/CellMerchantShop/Reward/GameItem/HeroHeadClickable/HeroHeadUI/Mask/Lock,PopupSmashedShop,Lock,False,23322,no_static_sprite_pptr_found
002_UnityDataAssetPack_datapack__file110,95073,/PopupGuildWarPlayerInfo/Content/Body/Lineup/HeroesLineup/FrontLine/HeroHeadClickable2/HeroHeadUI/Mask/Check,PopupGuildWarPlayerInfo,Check,False,23775,no_static_sprite_pptr_found
002_UnityDataAssetPack_datapack__file110,95091,/PopupGuildWarPlayerInfo/Content/Body/Lineup/HeroesLineup/FrontLine/HeroHeadClickable2/HeroHeadUI/Mask/Lock,PopupGuildWarPlayerInfo,Lock,False,23754,no_static_sprite_pptr_found
002_UnityDataAssetPack_datapack__file110,95099,/PopupGuildWarPlayerInfo/Content/Body/Lineup/HeroesLineup/FrontLine/HeroHeadClickable2/HeroHeadUI/HeroStar,PopupGuildWarPlayerInfo,HeroStar,True,23764,no_static_sprite_pptr_found
002_UnityDataAssetPack_datapack__file110,95105,/PopupGuildWarPlayerInfo/Content/Body/Lineup/HeroesLineup/FrontLine/HeroHeadClickable2/HeroHeadUI/Mask/Death,PopupGuildWarPlayerInfo,Death,False,23747,no_static_sprite_pptr_found
002_UnityDataAssetPack_datapack__file110,95123,/PopupBravePlayerNew/Content/ImageBody/Top/Lineup/HeroesLineup/BackLine/HeroHeadClickable3,PopupBravePlayerNew,HeroHeadClickable3,True,23801,no_static_sprite_pptr_found
002_UnityDataAssetPack_datapack__file110,95140,/GGEasterPrayEvent/Content/BoxStatues/GroupStatue/EasterStatue (1)/RootScale/GameItem/ItemAvatarUI,GGEasterPrayEvent,ItemAvatarUI,True,23714,no_static_sprite_pptr_found
002_UnityDataAssetPack_datapack__file110,95143,/TopBar/BarTopRight,TopBar,BarTopRight,True,23644,no_static_sprite_pptr_found
002_UnityDataAssetPack_datapack__file110,95145,/TopBar/BarTopLeft,TopBar,BarTopLeft,True,23646,no_static_sprite_pptr_found
002_UnityDataAssetPack_datapack__file110,95149,/PopupMFPlayerHeroes/Content/Background/GroupRevine/RevinePotion/IconPotion,PopupMFPlayerHeroes,IconPotion,True,19592,no_static_sprite_pptr_found
002_UnityDataAssetPack_datapack__file110,95153,/PopupShowSkillMessage/Body/Bgr/Left/LeftHero,PopupShowSkillMessage,LeftHero,False,23650,no_static_sprite_pptr_found
002_UnityDataAssetPack_datapack__file110,95154,/PopupShowSkillMessage/Body/Bgr/Right/RightHero,PopupShowSkillMessage,RightHero,False,23651,no_static_sprite_pptr_found
002_UnityDataAssetPack_datapack__file110,95159,/PopupShowSkillMessage,PopupShowSkillMessage,PopupShowSkillMessage,True,23659,no_static_sprite_pptr_found
002_UnityDataAssetPack_datapack__file110,95166,/PopupGuildBossTopDmg/Body/CellGuildBossDmg/GameItem2/GameItem2/GroupDone/ImageCover/Image,PopupGuildBossTopDmg,Image,True,29700,no_static_sprite_pptr_found
002_UnityDataAssetPack_datapack__file110,95170,/HeroHome2/GroupHero/GroupStars,HeroHome2,GroupStars,True,23671,no_static_sprite_pptr_found
002_UnityDataAssetPack_datapack__file110,95179,/PopupMasteringHero/Contents/BoxGameChallenge/BgrScroll/CellGameChallenge/GroupReward/GameItemWrapper2/GameItem/ItemAvatarUI,PopupMasteringHero,ItemAvatarUI,True,23736,no_static_sprite_pptr_found
002_UnityDataAssetPack_datapack__file110,95192,/PopupSmashedShop/Content/ImageBox/CellMerchantShop/Reward/GameItem/HeroHeadClickable,PopupSmashedShop,HeroHeadClickable,False,23731,no_static_sprite_pptr_found
002_UnityDataAssetPack_datapack__file110,95225,/HeroHome2/GroupHero/CanvasHero/ClickArea,HeroHome2,ClickArea,True,23669,no_static_sprite_pptr_found
002_UnityDataAssetPack_datapack__file110,95247,/PopupSmashedShop/Content/ImageBox/CellMerchantShop/Reward/GameItem/ItemEquipmentUI/Mask/Check,PopupSmashedShop,Check,False,23679,no_static_sprite_pptr_found
002_UnityDataAssetPack_datapack__file110,95248,/PopupSmashedShop/Content/ImageBox/CellMerchantShop/Reward/GameItem/ItemEquipmentUI,PopupSmashedShop,ItemEquipmentUI,False,23688,no_static_sprite_pptr_found
002_UnityDataAssetPack_datapack__file110,95287,/PopupGuildBossRewards/Body/CellGuildBossReward/GameItemContainer1/GameItem1/ItemVipExpUI,PopupGuildBossRewards,ItemVipExpUI,False,23699,no_static_sprite_pptr_found
002_UnityDataAssetPack_datapack__file110,95313,/CellGameChallenge/GroupReward/GameItemWrapper1/GameItem/ItemAvatarUI,CellGameChallenge,ItemAvatarUI,True,23562,no_static_sprite_pptr_found
002_UnityDataAssetPack_datapack__file110,95320,/PopupBravePlayerNew/Content/ImageBody/Top/Lineup/HeroesLineup/BackLine/HeroHeadClickable4/HeroHeadUI/Mask/Check,PopupBravePlayerNew,Check,False,23600,no_static_sprite_pptr_found
002_UnityDataAssetPack_datapack__file110,95343,/PopupBravePlayerNew/Content/ImageBody/Top/Lineup/HeroesLineup/BackLine/HeroHeadClickable4/HeroHeadUI/HeroStar,PopupBravePlayerNew,HeroStar,True,23586,no_static_sprite_pptr_found
002_UnityDataAssetPack_datapack__file110,95346,/PopupBravePlayerNew/Content/ImageBody/Top/Lineup/HeroesLineup/BackLine/HeroHeadClickable4/HeroHeadUI/Mask/Lock,PopupBravePlayerNew,Lock,False,23583,no_static_sprite_pptr_found
002_UnityDataAssetPack_datapack__file110,95356,/PopupBravePlayerNew/Content/ImageBody/Top/Lineup/HeroesLineup/BackLine/HeroHeadClickable4/HeroHeadUI/Mask/Death,PopupBravePlayerNew,Death,False,23572,no_static_sprite_pptr_found
002_UnityDataAssetPack_datapack__file110,95419,/PopupDungeonStageHero/Body/Lineup/HeroesLineup/HeroHeadClickable5,PopupDungeonStageHero,HeroHeadClickable5,True,23629,no_static_sprite_pptr_found
002_UnityDataAssetPack_datapack__file110,95426,/GGEquipmentExchangeEvent/CellEquipmentExchange/GroupReqEquip/GGEquipmentSlot (3),GGEquipmentExchangeEvent,GGEquipmentSlot (3),True,22697,no_static_sprite_pptr_found
002_UnityDataAssetPack_datapack__file110,95464,/PopupGuildWarPlayerInfo/Content/Body/Lineup/PetBox/PetHeadUI/Mask/ImageHeadPet,PopupGuildWarPlayerInfo,ImageHeadPet,True,24054,no_static_sprite_pptr_found
002_UnityDataAssetPack_datapack__file110,95471,/PanelHeroLotteryEvent/CellHeroLottery/PanelHeroTo/GameItem/GroupDone/ImageCover/Image,PanelHeroLotteryEvent,Image,True,29238,no_static_sprite_pptr_found
002_UnityDataAssetPack_datapack__file110,95489,/PanelEasterPrayEvent/Bgr/PanelStatue/GroupStatue/ItemStatue (1)/SkinStatue/avatar_statue/GameItem/ItemShardUI/Mask/Check,PanelEasterPrayEvent,Check,False,23886,no_static_sprite_pptr_found
002_UnityDataAssetPack_datapack__file110,95491,/PanelEasterPrayEvent/Bgr/PanelStatue/GroupStatue/ItemStatue (1)/SkinStatue/avatar_statue/GameItem/ItemShardUI,PanelEasterPrayEvent,ItemShardUI,False,23881,no_static_sprite_pptr_found
002_UnityDataAssetPack_datapack__file110,95517,/PopupShop/Image,PopupShop,Image,False,21084,no_static_sprite_pptr_found
002_UnityDataAssetPack_datapack__file110,95525,/PopupGuildMill/Body/BoxOrder/CellMillOrder/Bonus/GameItem1/ItemEquipmentUI/Mask/Check,PopupGuildMill,Check,False,23922,no_static_sprite_pptr_found
002_UnityDataAssetPack_datapack__file110,95526,/PopupGuildMill/Body/BoxOrder/CellMillOrder/Bonus/GameItem1/ItemEquipmentUI,PopupGuildMill,ItemEquipmentUI,False,23911,no_static_sprite_pptr_found
002_UnityDataAssetPack_datapack__file110,95546,/GameItemWrapper,GameItemWrapper,GameItemWrapper,True,28439,no_static_sprite_pptr_found
002_UnityDataAssetPack_datapack__file110,95567,/PopupGuildMill/Body/BoxOrder/CellMillOrder/Bonus/GameItem1/HeroHeadClickable,PopupGuildMill,HeroHeadClickable,False,23862,no_static_sprite_pptr_found
002_UnityDataAssetPack_datapack__file110,95780,/PopupSelectGameItem/PanelBody/GameItemTick/GameItem/ItemVipExpUI,PopupSelectGameItem,ItemVipExpUI,False,23828,no_static_sprite_pptr_found
002_UnityDataAssetPack_datapack__file110,95781,/GameItem/ItemVipExpUI,GameItem,ItemVipExpUI,False,23827,no_static_sprite_pptr_found
002_UnityDataAssetPack_datapack__file110,95847,/GGEasterPrayEvent/Content/BoxStatues/GroupStatue/EasterStatue/RootScale/GameItem/ItemArtifactUI/Mask/Check,GGEasterPrayEvent,Check,False,24257,no_static_sprite_pptr_found
002_UnityDataAssetPack_datapack__file110,95857,/GGEasterPrayEvent/Content/BoxStatues/GroupStatue/EasterStatue/RootScale/GameItem/ItemArtifactUI,GGEasterPrayEvent,ItemArtifactUI,True,24255,no_static_sprite_pptr_found
002_UnityDataAssetPack_datapack__file110,95880,/GameItem/ItemAvatarUI,GameItem,ItemAvatarUI,True,24271,no_static_sprite_pptr_found
002_UnityDataAssetPack_datapack__file110,95881,/PopupSelectGameItem/PanelBody/GameItemTick/GameItem/ItemAvatarUI,PopupSelectGameItem,ItemAvatarUI,True,24270,no_static_sprite_pptr_found
002_UnityDataAssetPack_datapack__file110,95890,/PopupPlayerInfo3/Content/Body/Lineup/HeroesLineup1/FrontLine/HeroHeadClickable1/HeroHeadUI/Mask/Death,PopupPlayerInfo3,Death,False,24362,no_static_sprite_pptr_found
002_UnityDataAssetPack_datapack__file110,95894,/PopupPlayerInfo3/Content/Body/Lineup/HeroesLineup1/FrontLine/HeroHeadClickable1/HeroHeadUI/HeroStar,PopupPlayerInfo3,HeroStar,True,24347,no_static_sprite_pptr_found
002_UnityDataAssetPack_datapack__file110,95902,/PopupPlayerInfo3/Content/Body/Lineup/HeroesLineup1/FrontLine/HeroHeadClickable1/HeroHeadUI/Mask/Lock,PopupPlayerInfo3,Lock,False,24358,no_static_sprite_pptr_found
002_UnityDataAssetPack_datapack__file110,95924,/PopupPlayerInfo3/Content/Body/Lineup/HeroesLineup1/FrontLine/HeroHeadClickable1/HeroHeadUI/Mask/Check,PopupPlayerInfo3,Check,False,24336,no_static_sprite_pptr_found
002_UnityDataAssetPack_datapack__file110,95926,/PopupPrepareGuildWar/PanelBody/FrameScroll/CellWarRegister/GroupPlayer/LineUp/HeroHeadClickable4/HeroHeadUI/Mask/Lock,PopupPrepareGuildWar,Lock,False,24280,no_static_sprite_pptr_found
002_UnityDataAssetPack_datapack__file110,95934,/PopupPrepareGuildWar/PanelBody/FrameScroll/CellWarRegister/GroupPlayer/LineUp/HeroHeadClickable4/HeroHeadUI/HeroStar,PopupPrepareGuildWar,HeroStar,True,24290,no_static_sprite_pptr_found
002_UnityDataAssetPack_datapack__file110,95938,/PopupPrepareGuildWar/PanelBody/FrameScroll/CellWarRegister/GroupPlayer/LineUp/HeroHeadClickable4/HeroHeadUI/Mask/Check,PopupPrepareGuildWar,Check,False,24325,no_static_sprite_pptr_found
002_UnityDataAssetPack_datapack__file110,95969,/PopupShop/Content/bgr/child_bgr/CellPopupShop/ShopItem/Item/GameItem/ItemEquipmentUI,PopupShop,ItemEquipmentUI,False,24329,no_static_sprite_pptr_found
002_UnityDataAssetPack_datapack__file110,95970,/PopupShop/Content/bgr/child_bgr/CellPopupShop/ShopItem/Item/GameItem/ItemEquipmentUI/Mask/Check,PopupShop,Check,False,24313,no_static_sprite_pptr_found
002_UnityDataAssetPack_datapack__file110,95983,/PopupPrepareGuildWar/PanelBody/FrameScroll/CellWarRegister/GroupPlayer/LineUp/HeroHeadClickable4/HeroHeadUI/Mask/Death,PopupPrepareGuildWar,Death,False,24302,no_static_sprite_pptr_found
002_UnityDataAssetPack_datapack__file110,95985,/ItemBonusShow/GameItem/HeroHeadClickable,ItemBonusShow,HeroHeadClickable,False,24291,no_static_sprite_pptr_found
002_UnityDataAssetPack_datapack__file110,96008,/PopupGuildBossTopDmg/Body/CellGuildBossDmg/GameItem1/GameItem1/GroupDone/ImageCover/Image,PopupGuildBossTopDmg,Image,True,18897,no_static_sprite_pptr_found
002_UnityDataAssetPack_datapack__file110,96068,/PanelEasterPrayEvent/Bgr/BoxGameEventInfo/PanelInfo/ImgBgr,PanelEasterPrayEvent,ImgBgr,False,24158,no_static_sprite_pptr_found
002_UnityDataAssetPack_datapack__file110,96158,/ItemBonusShow/GameItem/ItemEquipmentUI,ItemBonusShow,ItemEquipmentUI,False,24110,no_static_sprite_pptr_found
002_UnityDataAssetPack_datapack__file110,96159,/ItemBonusShow/GameItem/ItemEquipmentUI/Mask/Check,ItemBonusShow,Check,False,24100,no_static_sprite_pptr_found
002_UnityDataAssetPack_datapack__file110,96165,/PopupPlayerInfo3/Content/Body/Lineup/HeroesLineup2/FrontLine/HeroHeadClickable2/HeroHeadUI/Mask/Death,PopupPlayerInfo3,Death,False,24125,no_static_sprite_pptr_found
002_UnityDataAssetPack_datapack__file110,96167,/PopupPlayerInfo3/Content/Body/Lineup/HeroesLineup2/FrontLine/HeroHeadClickable2/HeroHeadUI/Mask/Check,PopupPlayerInfo3,Check,False,24145,no_static_sprite_pptr_found
002_UnityDataAssetPack_datapack__file110,96175,/PopupShop/Content/bgr/child_bgr/CellPopupShop/ShopItem/Item/GameItem/HeroHeadClickable,PopupShop,HeroHeadClickable,False,24116,no_static_sprite_pptr_found
002_UnityDataAssetPack_datapack__file110,96197,/PopupPlayerInfo3/Content/Body/Lineup/HeroesLineup2/FrontLine/HeroHeadClickable2/HeroHeadUI/Mask/Lock,PopupPlayerInfo3,Lock,False,24128,no_static_sprite_pptr_found
002_UnityDataAssetPack_datapack__file110,96200,/PopupPlayerInfo3/Content/Body/Lineup/HeroesLineup2/FrontLine/HeroHeadClickable2/HeroHeadUI/HeroStar,PopupPlayerInfo3,HeroStar,True,24143,no_static_sprite_pptr_found
002_UnityDataAssetPack_datapack__file110,96211,/CellGameChallenge/GroupReward/GameItemWrapper1/GameItem/ItemVipExpUI,CellGameChallenge,ItemVipExpUI,False,24575,no_static_sprite_pptr_found
002_UnityDataAssetPack_datapack__file110,96247,/PopupSelectReward/Body/GroupSlot/RewardSelect2/GameItem/HeroHeadClickable/HeroHeadUI/Mask/Death,PopupSelectReward,Death,False,24659,no_static_sprite_pptr_found
002_UnityDataAssetPack_datapack__file110,96265,/PanelEventMiniGame/GroupContent/GroupLeft/Content/Hole/bgr/Reward/GameItem/HeroHeadClickable/HeroHeadUI/Mask/Check,PanelEventMiniGame,Check,False,24596,no_static_sprite_pptr_found
002_UnityDataAssetPack_datapack__file110,96272,/PanelEventMiniGame/GroupContent/GroupLeft/Content/Hole/bgr/Reward/GameItem/HeroHeadClickable/HeroHeadUI/Mask/Lock,PanelEventMiniGame,Lock,False,24625,no_static_sprite_pptr_found
002_UnityDataAssetPack_datapack__file110,96275,/PanelEventMiniGame/GroupContent/GroupLeft/Content/Hole/bgr/Reward/GameItem/HeroHeadClickable/HeroHeadUI/HeroStar,PanelEventMiniGame,HeroStar,True,24622,no_static_sprite_pptr_found
002_UnityDataAssetPack_datapack__file110,96282,/PanelEventMiniGame/GroupContent/GroupLeft/Content/Hole/bgr/Reward/GameItem/HeroHeadClickable/HeroHeadUI/Mask/Death,PanelEventMiniGame,Death,False,24606,no_static_sprite_pptr_found
002_UnityDataAssetPack_datapack__file110,96286,/PopupSelectReward/Body/GroupSlot/RewardSelect2/GameItem/HeroHeadClickable/HeroHeadUI/Mask/Lock,PopupSelectReward,Lock,False,24638,no_static_sprite_pptr_found
002_UnityDataAssetPack_datapack__file110,96289,/PopupSelectReward/Body/GroupSlot/RewardSelect2/GameItem/HeroHeadClickable/HeroHeadUI/HeroStar,PopupSelectReward,HeroStar,True,24652,no_static_sprite_pptr_found
002_UnityDataAssetPack_datapack__file110,96297,/PopupSelectReward/Body/GroupSlot/RewardSelect2/GameItem/HeroHeadClickable/HeroHeadUI/Mask/Check,PopupSelectReward,Check,False,24631,no_static_sprite_pptr_found
002_UnityDataAssetPack_datapack__file110,96323,/PopupGuildWarPlayerInfo/Content/Body/PlayerInfo/BoxRewards/HLayout/Wrapper1/GameItem/HeroHeadClickable,PopupGuildWarPlayerInfo,HeroHeadClickable,False,24488,no_static_sprite_pptr_found
002_UnityDataAssetPack_datapack__file110,96333,/GGItemExchangeEvent/GridItemExchange,GGItemExchangeEvent,GridItemExchange,True,31738,no_static_sprite_pptr_found
002_UnityDataAssetPack_datapack__file110,96356,/GameItemEvent/GameItem/ItemShardUI,GameItemEvent,ItemShardUI,False,24546,no_static_sprite_pptr_found
002_UnityDataAssetPack_datapack__file110,96358,/GameItemEvent/GameItem/ItemShardUI/Mask/Check,GameItemEvent,Check,False,24549,no_static_sprite_pptr_found
002_UnityDataAssetPack_datapack__file110,96386,/PopupBravePlayer/Content/ImageBody/Top/Lineup/HeroesLineup/BackLine/HeroHeadClickable3/HeroHeadUI/Mask/Check,PopupBravePlayer,Check,False,24501,no_static_sprite_pptr_found
002_UnityDataAssetPack_datapack__file110,96407,/PopupBravePlayer/Content/ImageBody/Top/Lineup/HeroesLineup/BackLine/HeroHeadClickable3/HeroHeadUI/Mask/Lock,PopupBravePlayer,Lock,False,24515,no_static_sprite_pptr_found
002_UnityDataAssetPack_datapack__file110,96415,/PopupBravePlayer/Content/ImageBody/Top/Lineup/HeroesLineup/BackLine/HeroHeadClickable3/HeroHeadUI/HeroStar,PopupBravePlayer,HeroStar,True,24525,no_static_sprite_pptr_found
002_UnityDataAssetPack_datapack__file110,96419,/PopupBravePlayer/Content/ImageBody/Top/Lineup/HeroesLineup/BackLine/HeroHeadClickable3/HeroHeadUI/Mask/Death,PopupBravePlayer,Death,False,24509,no_static_sprite_pptr_found
002_UnityDataAssetPack_datapack__file110,96427,/PopupGuildBossRewards/Body/CellGuildBossReward/GameItemContainer1/GameItem1/ItemAvatarUI,PopupGuildBossRewards,ItemAvatarUI,True,24566,no_static_sprite_pptr_found
002_UnityDataAssetPack_datapack__file110,96457,/PopupGuildWarPlayerInfo/Content/Body/PlayerInfo/BoxRewards/HLayout/Wrapper1/GameItem/ItemEquipmentUI,PopupGuildWarPlayerInfo,ItemEquipmentUI,False,24443,no_static_sprite_pptr_found
002_UnityDataAssetPack_datapack__file110,96458,/PopupGuildWarPlayerInfo/Content/Body/PlayerInfo/BoxRewards/HLayout/Wrapper1/GameItem/ItemEquipmentUI/Mask/Check,PopupGuildWarPlayerInfo,Check,False,24453,no_static_sprite_pptr_found
002_UnityDataAssetPack_datapack__file110,96463,/GGEasterPrayEvent/Content/BoxStatues/GroupStatue/EasterStatue (1)/RootScale/GameItem/ItemVipExpUI,GGEasterPrayEvent,ItemVipExpUI,False,24437,no_static_sprite_pptr_found
002_UnityDataAssetPack_datapack__file110,96490,/PopupBravePlayer/Content/ImageBody/Top/Lineup/HeroesLineup/BackLine/HeroHeadClickable4,PopupBravePlayer,HeroHeadClickable4,True,24468,no_static_sprite_pptr_found
002_UnityDataAssetPack_datapack__file110,96496,/GGEquipmentSlot,GGEquipmentSlot,GGEquipmentSlot,True,25262,no_static_sprite_pptr_found
002_UnityDataAssetPack_datapack__file110,96497,/PopupMFChooseSupport/Content/Background/GroupTop,PopupMFChooseSupport,GroupTop,True,24775,no_static_sprite_pptr_found
002_UnityDataAssetPack_datapack__file110,96516,/PopupMasteringHero/Contents/BoxGameChallenge/BgrScroll/CellGameChallenge/GroupReward/GameItemWrapper2/GameItem/ItemVipExpUI,PopupMasteringHero,ItemVipExpUI,False,24476,no_static_sprite_pptr_found
002_UnityDataAssetPack_datapack__file110,96536,/PopupPlayerInfo3/Content/Body/Lineup/HeroesLineup3/FrontLine/HeroHeadClickable1,PopupPlayerInfo3,HeroHeadClickable1,True,24396,no_static_sprite_pptr_found
002_UnityDataAssetPack_datapack__file110,96539,/PopupSelectReward/Body/GroupSlot/RewardSelect3/GameItem/ItemShardUI,PopupSelectReward,ItemShardUI,False,24382,no_static_sprite_pptr_found
002_UnityDataAssetPack_datapack__file110,96542,/PopupSelectReward/Body/GroupSlot/RewardSelect3/GameItem/ItemShardUI/Mask/Check,PopupSelectReward,Check,False,24384,no_static_sprite_pptr_found
002_UnityDataAssetPack_datapack__file110,96603,/PopupSellItem/Content/GameItem/ItemShardUI,PopupSellItem,ItemShardUI,False,24415,no_static_sprite_pptr_found
002_UnityDataAssetPack_datapack__file110,96606,/PopupSellItem/Content/GameItem/ItemShardUI/Mask/Check,PopupSellItem,Check,False,24417,no_static_sprite_pptr_found
002_UnityDataAssetPack_datapack__file110,96649,/PopupBravePlayer/Content/ImageBody/Top/Lineup/HeroesLineup/BackLine/HeroHeadClickable4/HeroHeadUI/Mask/Lock,PopupBravePlayer,Lock,False,24935,no_static_sprite_pptr_found
002_UnityDataAssetPack_datapack__file110,96658,/PopupBravePlayer/Content/ImageBody/Top/Lineup/HeroesLineup/BackLine/HeroHeadClickable4/HeroHeadUI/HeroStar,PopupBravePlayer,HeroStar,True,24946,no_static_sprite_pptr_found
002_UnityDataAssetPack_datapack__file110,96664,/PopupBravePlayer/Content/ImageBody/Top/Lineup/HeroesLineup/BackLine/HeroHeadClickable4/HeroHeadUI/Mask/Check,PopupBravePlayer,Check,False,24967,no_static_sprite_pptr_found
002_UnityDataAssetPack_datapack__file110,96693,/PopupBattleEnd/Body/Content/Results/BoxArenaPoint/PlayerAvatar1,PopupBattleEnd,PlayerAvatar1,True,24976,no_static_sprite_pptr_found
002_UnityDataAssetPack_datapack__file110,96695,/PopupBravePlayer/Content/ImageBody/Top/Lineup/HeroesLineup/BackLine/HeroHeadClickable4/HeroHeadUI/Mask/Death,PopupBravePlayer,Death,False,24958,no_static_sprite_pptr_found
002_UnityDataAssetPack_datapack__file110,96704,/PopupFullScreenEffect/ImageBgr,PopupFullScreenEffect,ImageBgr,True,24706,no_static_sprite_pptr_found
002_UnityDataAssetPack_datapack__file110,96710,/GGEquipmentExchangeEvent/CellEquipmentExchange/GroupReqEquip/GGEquipmentSlot (3)/EquipmentWrapper/ItemEquipmentUI,GGEquipmentExchangeEvent,ItemEquipmentUI,True,24921,no_static_sprite_pptr_found
002_UnityDataAssetPack_datapack__file110,96711,/GGEquipmentExchangeEvent/CellEquipmentExchange/GroupReqEquip/GGEquipmentSlot (3)/EquipmentWrapper/ItemEquipmentUI/Mask/Check,GGEquipmentExchangeEvent,Check,False,24931,no_static_sprite_pptr_found
002_UnityDataAssetPack_datapack__file110,96727,/PopupFormationTest/PopupRelics/Content/ScrollView/Viewport/Content/Relics/Line,PopupFormationTest,Line,True,30330,no_static_sprite_pptr_found
002_UnityDataAssetPack_datapack__file110,96748,/PopupUpgradeArtifact/Body/BoxUpgrade/BoardTitle/ItemArtifactUI2,PopupUpgradeArtifact,ItemArtifactUI2,True,24996,no_static_sprite_pptr_found
002_UnityDataAssetPack_datapack__file110,96764,/PopupUpgradeArtifact/Body/BoxUpgrade/BoardTitle/ItemArtifactUI2/Mask/Check,PopupUpgradeArtifact,Check,False,24994,no_static_sprite_pptr_found
002_UnityDataAssetPack_datapack__file110,96771,/PopupPlayerInfo3/Content/Body/Lineup/HeroesLineup3/FrontLine/HeroHeadClickable1/HeroHeadUI/Mask/Check,PopupPlayerInfo3,Check,False,24798,no_static_sprite_pptr_found
002_UnityDataAssetPack_datapack__file110,96791,/PopupPlayerInfo3/Content/Body/Lineup/HeroesLineup3/FrontLine/HeroHeadClickable1/HeroHeadUI/Mask/Lock,PopupPlayerInfo3,Lock,False,24810,no_static_sprite_pptr_found
002_UnityDataAssetPack_datapack__file110,96800,/PopupPlayerInfo3/Content/Body/Lineup/HeroesLineup3/FrontLine/HeroHeadClickable1/HeroHeadUI/HeroStar,PopupPlayerInfo3,HeroStar,True,24821,no_static_sprite_pptr_found
002_UnityDataAssetPack_datapack__file110,96802,/PopupPlayerInfo3/Content/Body/Lineup/HeroesLineup3/FrontLine/HeroHeadClickable1/HeroHeadUI/Mask/Death,PopupPlayerInfo3,Death,False,24806,no_static_sprite_pptr_found
002_UnityDataAssetPack_datapack__file110,96816,/CellDailyQuest/GroupReward/GameItemContainer2/GameItem/ItemArtifactUI/Mask/Check,CellDailyQuest,Check,False,24845,no_static_sprite_pptr_found
002_UnityDataAssetPack_datapack__file110,96832,/CellDailyQuest/GroupReward/GameItemContainer2/GameItem/ItemArtifactUI,CellDailyQuest,ItemArtifactUI,True,24843,no_static_sprite_pptr_found
002_UnityDataAssetPack_datapack__file110,96842,/GameItemWrapper/GameItem/ItemConsumableUI,GameItemWrapper,ItemConsumableUI,False,24830,no_static_sprite_pptr_found
002_UnityDataAssetPack_datapack__file110,96851,/GameItemWrapper/GameItem/ItemConsumableUI/Mask/Check,GameItemWrapper,Check,False,24831,no_static_sprite_pptr_found
002_UnityDataAssetPack_datapack__file110,96875,/PopupSelectReward/Body/GroupSlot/RewardSelect2/GameItem/ItemEquipmentUI,PopupSelectReward,ItemEquipmentUI,False,24868,no_static_sprite_pptr_found
002_UnityDataAssetPack_datapack__file110,96876,/PopupSelectReward/Body/GroupSlot/RewardSelect2/GameItem/ItemEquipmentUI/Mask/Check,PopupSelectReward,Check,False,24876,no_static_sprite_pptr_found
002_UnityDataAssetPack_datapack__file110,96896,/PanelEventMiniGame/GroupContent/GroupLeft/Content/Hole/bgr/Reward/GameItem/ItemEquipmentUI,PanelEventMiniGame,ItemEquipmentUI,False,24902,no_static_sprite_pptr_found
002_UnityDataAssetPack_datapack__file110,96897,/PanelEventMiniGame/GroupContent/GroupLeft/Content/Hole/bgr/Reward/GameItem/ItemEquipmentUI/Mask/Check,PanelEventMiniGame,Check,False,24896,no_static_sprite_pptr_found
002_UnityDataAssetPack_datapack__file110,96919,/GameItemFeeEquip/GameItem/ItemAvatarUI,GameItemFeeEquip,ItemAvatarUI,True,24746,no_static_sprite_pptr_found
002_UnityDataAssetPack_datapack__file110,96921,/PopupDailyQuest/PanelBody/CellDailyQuest/GroupReward/GameItemContainer2/GameItem/ItemVipExpUI,PopupDailyQuest,ItemVipExpUI,False,24751,no_static_sprite_pptr_found
002_UnityDataAssetPack_datapack__file110,96930,/EasterStatue/RootScale/GameItem/ItemVipExpUI,EasterStatue,ItemVipExpUI,False,24762,no_static_sprite_pptr_found
002_UnityDataAssetPack_datapack__file110,96963,/PanelEventMiniGame/GroupContent/GroupLeft/Content/Hole/bgr/Reward/GameItem/HeroHeadClickable,PanelEventMiniGame,HeroHeadClickable,False,24782,no_static_sprite_pptr_found
002_UnityDataAssetPack_datapack__file110,96967,/PopupSelectReward/Body/GroupSlot/RewardSelect2/GameItem/HeroHeadClickable,PopupSelectReward,HeroHeadClickable,False,24781,no_static_sprite_pptr_found
002_UnityDataAssetPack_datapack__file110,96980,/PanelEasterPrayEvent/Bgr/PanelStatue/GroupStatue/ItemStatue (2)/ArtifactStatue/avatar_statue/GameItem/ItemVipExpUI,PanelEasterPrayEvent,ItemVipExpUI,False,24778,no_static_sprite_pptr_found
002_UnityDataAssetPack_datapack__file110,96984,/PopupSpecialEvent/Bgr/Content/bgr_0,PopupSpecialEvent,bgr_0,True,20888,no_static_sprite_pptr_found
002_UnityDataAssetPack_datapack__file110,96988,/PopupGuildWarPlayerInfo/Content/Body/PlayerInfo/BoxRewards/HLayout/Wrapper1/GameItem/HeroHeadClickable/HeroHeadUI/Mask/Lock,PopupGuildWarPlayerInfo,Lock,False,24675,no_static_sprite_pptr_found
002_UnityDataAssetPack_datapack__file110,96996,/PopupGuildWarPlayerInfo/Content/Body/PlayerInfo/BoxRewards/HLayout/Wrapper1/GameItem/HeroHeadClickable/HeroHeadUI/HeroStar,PopupGuildWarPlayerInfo,HeroStar,True,24668,no_static_sprite_pptr_found
002_UnityDataAssetPack_datapack__file110,97015,/PopupGuildWarPlayerInfo/Content/Body/PlayerInfo/BoxRewards/HLayout/Wrapper1/GameItem/HeroHeadClickable/HeroHeadUI/Mask/Check,PopupGuildWarPlayerInfo,Check,False,24696,no_static_sprite_pptr_found
002_UnityDataAssetPack_datapack__file110,97023,/PopupGuildWarPlayerInfo/Content/Body/PlayerInfo/BoxRewards/HLayout/Wrapper1/GameItem/HeroHeadClickable/HeroHeadUI/Mask/Death,PopupGuildWarPlayerInfo,Death,False,24685,no_static_sprite_pptr_found
002_UnityDataAssetPack_datapack__file110,97040,/CampMinion,CampMinion,CampMinion,True,24915,no_static_sprite_pptr_found
002_UnityDataAssetPack_datapack__file110,97082,/PopupAllStarsTop2/Body/BoxPlayIn1/BoxAllStarsPlayer1/PlayerAvatar,PopupAllStarsTop2,PlayerAvatar,True,24735,no_static_sprite_pptr_found
002_UnityDataAssetPack_datapack__file110,97083,/PopupAllStarsTop4/Body/BoxPlayIn1/BoxAllStarsPlayer1/PlayerAvatar,PopupAllStarsTop4,PlayerAvatar,True,24736,no_static_sprite_pptr_found
002_UnityDataAssetPack_datapack__file110,97086,/PopupBravePlayer/Content/ImageBody/Top/Lineup/HeroesLineup/BackLine/HeroHeadClickable3,PopupBravePlayer,HeroHeadClickable3,True,24717,no_static_sprite_pptr_found
002_UnityDataAssetPack_datapack__file110,97119,/PopupAllStarsFinal/Body/BoxPlayIn1/BoxAllStarsPlayerWin/PlayerAvatar,PopupAllStarsFinal,PlayerAvatar,True,25232,no_static_sprite_pptr_found
002_UnityDataAssetPack_datapack__file110,97162,/PopupArenaBattleRecord/PanelBody/ImageBgr/CellArenaBattleRecord/AvatarWrapper/PlayerAvatar,PopupArenaBattleRecord,PlayerAvatar,True,25250,no_static_sprite_pptr_found
002_UnityDataAssetPack_datapack__file110,97170,/PanelTravelEvent/BgrTrip/PanelChooseWay/ButtonChoose1,PanelTravelEvent,ButtonChoose1,False,22427,no_static_sprite_pptr_found
002_UnityDataAssetPack_datapack__file110,97178,/PopupCheckin/Bgr/CellCheckinReward/GameItem/GroupDone/ImageCover/Image,PopupCheckin,Image,True,17831,no_static_sprite_pptr_found
002_UnityDataAssetPack_datapack__file110,97184,/PanelItemExchangeEvent/CellExchangeItem/GameItem/ItemConsumableUI/Mask/Check,PanelItemExchangeEvent,Check,False,25143,no_static_sprite_pptr_found
002_UnityDataAssetPack_datapack__file110,97185,/GGItemExchangeEvent/CellExchangeItem/GameItem/ItemConsumableUI/Mask/Check,GGItemExchangeEvent,Check,False,25144,no_static_sprite_pptr_found
002_UnityDataAssetPack_datapack__file110,97211,/PanelItemExchangeEvent/CellExchangeItem/GameItem/ItemConsumableUI,PanelItemExchangeEvent,ItemConsumableUI,False,25149,no_static_sprite_pptr_found
002_UnityDataAssetPack_datapack__file110,97212,/GGItemExchangeEvent/CellExchangeItem/GameItem/ItemConsumableUI,GGItemExchangeEvent,ItemConsumableUI,False,25150,no_static_sprite_pptr_found
002_UnityDataAssetPack_datapack__file110,97239,/PopupAllStarBet/Body/CellMatch/Player1/BoxAvatar1/PlayerAvatar,PopupAllStarBet,PlayerAvatar,True,25172,no_static_sprite_pptr_found
002_UnityDataAssetPack_datapack__file110,97256,/PopupShop/Content/bgr/child_bgr/CellPopupShop/ShopItem/Item/GameItem/HeroHeadClickable/HeroHeadUI/Mask/Death,PopupShop,Death,False,25194,no_static_sprite_pptr_found
002_UnityDataAssetPack_datapack__file110,97277,/PopupPlayerInfo3/Content/Body/Lineup/HeroesLineup2/FrontLine/HeroHeadClickable2,PopupPlayerInfo3,HeroHeadClickable2,True,25184,no_static_sprite_pptr_found
002_UnityDataAssetPack_datapack__file110,97281,/PopupShop/Content/bgr/child_bgr/CellPopupShop/ShopItem/Item/GameItem/HeroHeadClickable/HeroHeadUI/Mask/Check,PopupShop,Check,False,25190,no_static_sprite_pptr_found
002_UnityDataAssetPack_datapack__file110,97285,/PopupShop/Content/bgr/child_bgr/CellPopupShop/ShopItem/Item/GameItem/HeroHeadClickable/HeroHeadUI/HeroStar,PopupShop,HeroStar,True,25203,no_static_sprite_pptr_found
002_UnityDataAssetPack_datapack__file110,97288,/PopupShop/Content/bgr/child_bgr/CellPopupShop/ShopItem/Item/GameItem/HeroHeadClickable/HeroHeadUI/Mask/Lock,PopupShop,Lock,False,25218,no_static_sprite_pptr_found
002_UnityDataAssetPack_datapack__file110,97310,/CellRaidChallenge/GroupReward/GI_Wrapper/GameItem/ItemAvatarUI,CellRaidChallenge,ItemAvatarUI,True,25035,no_static_sprite_pptr_found
002_UnityDataAssetPack_datapack__file110,97338,/GGHeroLotteryEvent/CellHeroLottery/HeroHeadWrapper/GameItem/ItemArtifactUI/Mask/Check,GGHeroLotteryEvent,Check,False,25060,no_static_sprite_pptr_found
002_UnityDataAssetPack_datapack__file110,97343,/GGHeroLotteryEvent/CellHeroLottery/HeroHeadWrapper/GameItem/ItemArtifactUI,GGHeroLotteryEvent,ItemArtifactUI,True,25062,no_static_sprite_pptr_found
002_UnityDataAssetPack_datapack__file110,97352,/PopupChooseSpin/Bgr,PopupChooseSpin,Bgr,True,25066,no_static_sprite_pptr_found
002_UnityDataAssetPack_datapack__file110,97376,/PopupLuckySpinFK/Content/BoxSpin/Spin/Arcs/Arc7,PopupLuckySpinFK,Arc7,False,18145,no_static_sprite_pptr_found
002_UnityDataAssetPack_datapack__file110,97377,/PopupPlayerInfo3/Content/Body/Lineup/HeroesLineup1/FrontLine/HeroHeadClickable1,PopupPlayerInfo3,HeroHeadClickable1,True,25117,no_static_sprite_pptr_found
002_UnityDataAssetPack_datapack__file110,97379,/PanelOnePackEvent/Bgr/Scrollview/Viewport,PanelOnePackEvent,Viewport,True,25132,no_static_sprite_pptr_found
002_UnityDataAssetPack_datapack__file110,97380,/GGOnePackEvent/Content/Scrollview/Viewport,GGOnePackEvent,Viewport,True,25133,no_static_sprite_pptr_found
002_UnityDataAssetPack_datapack__file110,97397,/PanelOnePackEvent/Bgr/BgrEvent,PanelOnePackEvent,BgrEvent,True,25121,no_static_sprite_pptr_found
002_UnityDataAssetPack_datapack__file110,97409,/PopupPrepareGuildWar/PanelBody/FrameScroll/CellWarRegister/GroupPlayer/LineUp/HeroHeadClickable4,PopupPrepareGuildWar,HeroHeadClickable4,True,25106,no_static_sprite_pptr_found
002_UnityDataAssetPack_datapack__file110,97411,/ItemBonusShow/GameItem/HeroHeadClickable/HeroHeadUI/Mask/Death,ItemBonusShow,Death,False,25088,no_static_sprite_pptr_found
002_UnityDataAssetPack_datapack__file110,97413,/ItemBonusShow/GameItem/HeroHeadClickable/HeroHeadUI/Mask/Check,ItemBonusShow,Check,False,25109,no_static_sprite_pptr_found
002_UnityDataAssetPack_datapack__file110,97438,/ItemBonusShow/GameItem/HeroHeadClickable/HeroHeadUI/Mask/Lock,ItemBonusShow,Lock,False,25090,no_static_sprite_pptr_found
002_UnityDataAssetPack_datapack__file110,97441,/ItemBonusShow/GameItem/HeroHeadClickable/HeroHeadUI/HeroStar,ItemBonusShow,HeroStar,True,25105,no_static_sprite_pptr_found
002_UnityDataAssetPack_datapack__file110,97462,/PopupMFSelectRelic/Background/CardRelic (2),PopupMFSelectRelic,CardRelic (2),True,28139,no_static_sprite_pptr_found
002_UnityDataAssetPack_datapack__file110,97507,/PopupHelpFk/Content/Descr/ScrollView/Viewport,PopupHelpFk,Viewport,True,25508,no_static_sprite_pptr_found
002_UnityDataAssetPack_datapack__file110,97508,/PopupHelpFk2/Content/Descr/ScrollView/Viewport,PopupHelpFk2,Viewport,True,25509,no_static_sprite_pptr_found
002_UnityDataAssetPack_datapack__file110,97509,/PopupHelpFk/BgPopup,PopupHelpFk,BgPopup,True,25512,no_static_sprite_pptr_found
002_UnityDataAssetPack_datapack__file110,97510,/PopupHelpFk2/BgPopup,PopupHelpFk2,BgPopup,True,25513,no_static_sprite_pptr_found
002_UnityDataAssetPack_datapack__file110,97525,/PopupHeroSkinInfo,PopupHeroSkinInfo,PopupHeroSkinInfo,True,25528,no_static_sprite_pptr_found
002_UnityDataAssetPack_datapack__file110,97526,/PopupChangeHeroSkin,PopupChangeHeroSkin,PopupChangeHeroSkin,True,25529,no_static_sprite_pptr_found
002_UnityDataAssetPack_datapack__file110,97527,/PopupHeroSkins,PopupHeroSkins,PopupHeroSkins,True,25530,no_static_sprite_pptr_found
002_UnityDataAssetPack_datapack__file110,97542,/CellGameChallenge/GroupReward/GameItemWrapper1/GameItem/GroupDone/ImageCover/Image,CellGameChallenge,Image,True,19793,no_static_sprite_pptr_found
002_UnityDataAssetPack_datapack__file110,97545,/CellDailyQuest/GroupReward/GameItemContainer2/GameItem/HeroHeadClickable/HeroHeadUI/Mask/Death,CellDailyQuest,Death,False,25586,no_static_sprite_pptr_found
002_UnityDataAssetPack_datapack__file110,97566,/CellDailyQuest/GroupReward/GameItemContainer2/GameItem/HeroHeadClickable/HeroHeadUI/Mask/Check,CellDailyQuest,Check,False,25575,no_static_sprite_pptr_found
002_UnityDataAssetPack_datapack__file110,97575,/CellDailyQuest/GroupReward/GameItemContainer2/GameItem/HeroHeadClickable/HeroHeadUI/Mask/Lock,CellDailyQuest,Lock,False,25603,no_static_sprite_pptr_found
002_UnityDataAssetPack_datapack__file110,97579,/CellDailyQuest/GroupReward/GameItemContainer2/GameItem/HeroHeadClickable/HeroHeadUI/HeroStar,CellDailyQuest,HeroStar,True,25599,no_static_sprite_pptr_found
002_UnityDataAssetPack_datapack__file110,97583,/PopupPlayerInfo/Content/Body/Lineup/HeroesLineup/BackLine/HeroHeadClickable4/HeroHeadUI/Mask/Death,PopupPlayerInfo,Death,False,25566,no_static_sprite_pptr_found
002_UnityDataAssetPack_datapack__file110,97587,/PopupPrepareGuildWar/PanelBody/FrameScroll/CellWarRegister/GroupPlayer/LineUp/HeroHeadClickable1,PopupPrepareGuildWar,HeroHeadClickable1,True,25544,no_static_sprite_pptr_found
002_UnityDataAssetPack_datapack__file110,97589,/PopupShelterExchangeHero/Content/PanelRequire/Requirements,PopupShelterExchangeHero,Requirements,True,15187,no_static_sprite_pptr_found
002_UnityDataAssetPack_datapack__file110,97595,/PopupPlayerInfo/Content/Body/Lineup/HeroesLineup/BackLine/HeroHeadClickable4/HeroHeadUI/HeroStar,PopupPlayerInfo,HeroStar,True,25552,no_static_sprite_pptr_found
002_UnityDataAssetPack_datapack__file110,97598,/PopupPlayerInfo/Content/Body/Lineup/HeroesLineup/BackLine/HeroHeadClickable4/HeroHeadUI/Mask/Lock,PopupPlayerInfo,Lock,False,25549,no_static_sprite_pptr_found
002_UnityDataAssetPack_datapack__file110,97607,/PopupPlayerInfo/Content/Body/Lineup/HeroesLineup/BackLine/HeroHeadClickable4/HeroHeadUI/Mask/Check,PopupPlayerInfo,Check,False,25542,no_static_sprite_pptr_found
002_UnityDataAssetPack_datapack__file110,97629,/PopupAllStarsTop4/Body/BoxPlayIn4/BoxAllStarsPlayerWin/PlayerAvatar,PopupAllStarsTop4,PlayerAvatar,True,25616,no_static_sprite_pptr_found
002_UnityDataAssetPack_datapack__file110,97641,/GameItemEvent/GameItem/ItemConsumableUI,GameItemEvent,ItemConsumableUI,False,25621,no_static_sprite_pptr_found
002_UnityDataAssetPack_datapack__file110,97644,/GameItemEvent/GameItem/ItemConsumableUI/Mask/Check,GameItemEvent,Check,False,25618,no_static_sprite_pptr_found
002_UnityDataAssetPack_datapack__file110,97692,/PanelEventMiniGame/GroupContent/GroupLeft/Content/Hole/bgr,PanelEventMiniGame,bgr,True,21094,no_static_sprite_pptr_found
002_UnityDataAssetPack_datapack__file110,97702,/PopupBravePlayerNew/Content/ImageBody/Top/Lineup/HeroesLineup/BackLine/HeroHeadClickable5/HeroHeadUI/HeroStar,PopupBravePlayerNew,HeroStar,True,25383,no_static_sprite_pptr_found
002_UnityDataAssetPack_datapack__file110,97705,/PopupBravePlayerNew/Content/ImageBody/Top/Lineup/HeroesLineup/BackLine/HeroHeadClickable5/HeroHeadUI/Mask/Lock,PopupBravePlayerNew,Lock,False,25397,no_static_sprite_pptr_found
002_UnityDataAssetPack_datapack__file110,97726,/PopupBravePlayerNew/Content/ImageBody/Top/Lineup/HeroesLineup/BackLine/HeroHeadClickable5/HeroHeadUI/Mask/Check,PopupBravePlayerNew,Check,False,25414,no_static_sprite_pptr_found
002_UnityDataAssetPack_datapack__file110,97736,/PopupGuildWarPlayerInfo/Content/Body/PlayerInfo/BoxRewards/HLayout/Wrapper1/GameItem/ItemArtifactUI,PopupGuildWarPlayerInfo,ItemArtifactUI,True,25416,no_static_sprite_pptr_found
002_UnityDataAssetPack_datapack__file110,97742,/PopupSelectReward/Body/GroupSlot/RewardSelect3/GameItem/ItemConsumableUI,PopupSelectReward,ItemConsumableUI,False,25429,no_static_sprite_pptr_found
002_UnityDataAssetPack_datapack__file110,97744,/PopupGuildWarPlayerInfo/Content/Body/PlayerInfo/BoxRewards/HLayout/Wrapper1/GameItem/ItemArtifactUI/Mask/Check,PopupGuildWarPlayerInfo,Check,False,25419,no_static_sprite_pptr_found
002_UnityDataAssetPack_datapack__file110,97764,/PopupSelectReward/Body/GroupSlot/RewardSelect3/GameItem/ItemConsumableUI/Mask/Check,PopupSelectReward,Check,False,25427,no_static_sprite_pptr_found
002_UnityDataAssetPack_datapack__file110,97765,/PopupBravePlayerNew/Content/ImageBody/Top/Lineup/HeroesLineup/BackLine/HeroHeadClickable5/HeroHeadUI/Mask/Death,PopupBravePlayerNew,Death,False,25403,no_static_sprite_pptr_found
002_UnityDataAssetPack_datapack__file110,97816,/PopupFeedbackFk2,PopupFeedbackFk2,PopupFeedbackFk2,True,25322,no_static_sprite_pptr_found
002_UnityDataAssetPack_datapack__file110,97817,/PopupFeedbackFakeEn,PopupFeedbackFakeEn,PopupFeedbackFakeEn,True,25323,no_static_sprite_pptr_found
002_UnityDataAssetPack_datapack__file110,97818,/TapPopupFeedback,TapPopupFeedback,TapPopupFeedback,True,25324,no_static_sprite_pptr_found
002_UnityDataAssetPack_datapack__file110,97819,/TapPopupFeedback,TapPopupFeedback,TapPopupFeedback,True,25325,no_static_sprite_pptr_found
002_UnityDataAssetPack_datapack__file110,97820,/PopupFeedbackFk,PopupFeedbackFk,PopupFeedbackFk,True,25326,no_static_sprite_pptr_found
002_UnityDataAssetPack_datapack__file110,97828,/PopupGuildBossTopDmg/Body/CellGuildBossDmg/GameItem2/GameItem2/ItemAvatarUI,PopupGuildBossTopDmg,ItemAvatarUI,True,25377,no_static_sprite_pptr_found
002_UnityDataAssetPack_datapack__file110,97846,/GGEasterPrayEvent/Content/BoxStatues/GroupStatue/EasterStatue (2)/RootScale,GGEasterPrayEvent,RootScale,True,20732,no_static_sprite_pptr_found
002_UnityDataAssetPack_datapack__file110,97855,/GGEasterPrayEvent/Content/BoxStatues/GroupStatue/EasterStatue (1)/RootScale/GameItem/GroupDone/ImageCover/Image,GGEasterPrayEvent,Image,True,19945,no_static_sprite_pptr_found
002_UnityDataAssetPack_datapack__file110,97859,/PopupSellItem/Content/GameItem/ItemConsumableUI/Mask/Check,PopupSellItem,Check,False,25457,no_static_sprite_pptr_found
002_UnityDataAssetPack_datapack__file110,97866,/PopupSellItem/Content/GameItem/ItemConsumableUI,PopupSellItem,ItemConsumableUI,False,25459,no_static_sprite_pptr_found
002_UnityDataAssetPack_datapack__file110,97890,/PopupMasteringHero/Contents/BoxGameChallenge/BgrScroll/CellGameChallenge/GroupReward/GameItemWrapper2/GameItem/GroupDone/ImageCover/Image,PopupMasteringHero,Image,True,19881,no_static_sprite_pptr_found
002_UnityDataAssetPack_datapack__file110,97925,/HeroMaterialReturn/HeroHeadUI/Mask/Death,HeroMaterialReturn,Death,False,25293,no_static_sprite_pptr_found
002_UnityDataAssetPack_datapack__file110,97928,/HeroMaterialReturn/HeroHeadUI/Mask/Check,HeroMaterialReturn,Check,False,25314,no_static_sprite_pptr_found
002_UnityDataAssetPack_datapack__file110,97951,/HeroMaterialReturn/HeroHeadUI/Mask/Lock,HeroMaterialReturn,Lock,False,25296,no_static_sprite_pptr_found
002_UnityDataAssetPack_datapack__file110,97954,/HeroMaterialReturn/HeroHeadUI/HeroStar,HeroMaterialReturn,HeroStar,True,25311,no_static_sprite_pptr_found
002_UnityDataAssetPack_datapack__file110,97995,/GGEasterPrayEvent/Content/BoxStatues/GroupStatue/EasterStatue/RootScale/GameItem/ItemEquipmentUI/Mask/Check,GGEasterPrayEvent,Check,False,25800,no_static_sprite_pptr_found
002_UnityDataAssetPack_datapack__file110,97996,/GGEasterPrayEvent/Content/BoxStatues/GroupStatue/EasterStatue/RootScale/GameItem/ItemEquipmentUI,GGEasterPrayEvent,ItemEquipmentUI,False,25808,no_static_sprite_pptr_found
002_UnityDataAssetPack_datapack__file110,98018,/PopupShop/Content/bgr/child_bgr/CellPopupShop/ShopItem/Item/GameItem/ItemArtifactUI/Mask/Check,PopupShop,Check,False,25826,no_static_sprite_pptr_found
002_UnityDataAssetPack_datapack__file110,98029,/PopupShop/Content/bgr/child_bgr/CellPopupShop/ShopItem/Item/GameItem/ItemArtifactUI,PopupShop,ItemArtifactUI,True,25829,no_static_sprite_pptr_found
002_UnityDataAssetPack_datapack__file110,98067,/PopupGuildBossTopDmg/Body/CellGuildBossDmg/GameItem1/GameItem1/ItemVipExpUI,PopupGuildBossTopDmg,ItemVipExpUI,False,25778,no_static_sprite_pptr_found
002_UnityDataAssetPack_datapack__file110,98123,/PopupDungeonStageHero/Body/Lineup/HeroesLineup/HeroHeadClickable3,PopupDungeonStageHero,HeroHeadClickable3,True,25746,no_static_sprite_pptr_found
002_UnityDataAssetPack_datapack__file110,98140,/GGEasterPrayEvent/Content/BoxStatues/GroupStatue/EasterStatue/RootScale/GameItem/HeroHeadClickable,GGEasterPrayEvent,HeroHeadClickable,False,25678,no_static_sprite_pptr_found
002_UnityDataAssetPack_datapack__file110,98144,/GGHeroLotteryEvent/CellHeroLottery/HeroHeadWrapper/GameItem/HeroHeadClickable/HeroHeadUI/Mask/Death,GGHeroLotteryEvent,Death,False,25649,no_static_sprite_pptr_found
002_UnityDataAssetPack_datapack__file110,98148,/GGHeroLotteryEvent/CellHeroLottery/HeroHeadWrapper/GameItem/HeroHeadClickable/HeroHeadUI/Mask/Check,GGHeroLotteryEvent,Check,False,25673,no_static_sprite_pptr_found
002_UnityDataAssetPack_datapack__file110,98167,/GGHeroLotteryEvent/CellHeroLottery/HeroHeadWrapper/GameItem/HeroHeadClickable/HeroHeadUI/HeroStar,GGHeroLotteryEvent,HeroStar,True,25665,no_static_sprite_pptr_found
002_UnityDataAssetPack_datapack__file110,98175,/GGHeroLotteryEvent/CellHeroLottery/HeroHeadWrapper/GameItem/HeroHeadClickable/HeroHeadUI/Mask/Lock,GGHeroLotteryEvent,Lock,False,25658,no_static_sprite_pptr_found
002_UnityDataAssetPack_datapack__file110,98182,/PanelHeroLotteryEvent/CellHeroLottery/PanelHeroTo/GameItem/ItemAvatarUI,PanelHeroLotteryEvent,ItemAvatarUI,True,25687,no_static_sprite_pptr_found
002_UnityDataAssetPack_datapack__file110,98210,/PanelHeroInfo/RightPart/BoxInfo/PanelEquipment/SlotAccessory/ItemEquipmentUI/Mask/Check,PanelHeroInfo,Check,False,25721,no_static_sprite_pptr_found
002_UnityDataAssetPack_datapack__file110,98211,/PanelHeroInfo/RightPart/BoxInfo/PanelEquipment/SlotAccessory/ItemEquipmentUI,PanelHeroInfo,ItemEquipmentUI,True,25728,no_static_sprite_pptr_found
002_UnityDataAssetPack_datapack__file110,98232,/ItemBonusShow/GameItem/ItemArtifactUI/Mask/Check,ItemBonusShow,Check,False,25705,no_static_sprite_pptr_found
002_UnityDataAssetPack_datapack__file110,98241,/ItemBonusShow/GameItem/ItemArtifactUI,ItemBonusShow,ItemArtifactUI,True,25701,no_static_sprite_pptr_found
002_UnityDataAssetPack_datapack__file110,98286,/PanelItemExchangeEvent/CellExchangeItem/GameItem/ItemShardUI,PanelItemExchangeEvent,ItemShardUI,False,26035,no_static_sprite_pptr_found
002_UnityDataAssetPack_datapack__file110,98287,/GGItemExchangeEvent/CellExchangeItem/GameItem/ItemShardUI,GGItemExchangeEvent,ItemShardUI,False,26036,no_static_sprite_pptr_found
002_UnityDataAssetPack_datapack__file110,98290,/PanelItemExchangeEvent/CellExchangeItem/GameItem/ItemShardUI/Mask/Check,PanelItemExchangeEvent,Check,False,26041,no_static_sprite_pptr_found
002_UnityDataAssetPack_datapack__file110,98291,/GGItemExchangeEvent/CellExchangeItem/GameItem/ItemShardUI/Mask/Check,GGItemExchangeEvent,Check,False,26042,no_static_sprite_pptr_found
002_UnityDataAssetPack_datapack__file110,98322,/Tab_Special_Event/icon,Tab_Special_Event,icon,True,26074,no_static_sprite_pptr_found
002_UnityDataAssetPack_datapack__file110,98332,/PopupDungeonStageHero/Body/Lineup/HeroesLineup/HeroHeadClickable3/HeroHeadUI/Mask/Death,PopupDungeonStageHero,Death,False,26084,no_static_sprite_pptr_found
002_UnityDataAssetPack_datapack__file110,98353,/PopupDungeonStageHero/Body/Lineup/HeroesLineup/HeroHeadClickable3/HeroHeadUI/Mask/Check,PopupDungeonStageHero,Check,False,26115,no_static_sprite_pptr_found
002_UnityDataAssetPack_datapack__file110,98360,/PopupDungeonStageHero/Body/Lineup/HeroesLineup/HeroHeadClickable3/HeroHeadUI/HeroStar,PopupDungeonStageHero,HeroStar,True,26092,no_static_sprite_pptr_found
002_UnityDataAssetPack_datapack__file110,98363,/PopupDungeonStageHero/Body/Lineup/HeroesLineup/HeroHeadClickable3/HeroHeadUI/Mask/Lock,PopupDungeonStageHero,Lock,False,26107,no_static_sprite_pptr_found
002_UnityDataAssetPack_datapack__file110,98387,/PopupCheckin/Bgr/CellCheckinReward/GameItem/ItemVipExpUI,PopupCheckin,ItemVipExpUI,False,25997,no_static_sprite_pptr_found
002_UnityDataAssetPack_datapack__file110,98400,/PopupUseItemConsume/Content/ItemConsumableUI/Mask/Check,PopupUseItemConsume,Check,False,25962,no_static_sprite_pptr_found
002_UnityDataAssetPack_datapack__file110,98405,/PopupUseItemConsume/Content/ItemConsumableUI,PopupUseItemConsume,ItemConsumableUI,True,25963,no_static_sprite_pptr_found
002_UnityDataAssetPack_datapack__file110,98411,/GGEasterPrayEvent/Content/BoxStatues/GroupStatue/EasterStatue/RootScale/GameItem/HeroHeadClickable/HeroHeadUI/Mask/Check,GGEasterPrayEvent,Check,False,25951,no_static_sprite_pptr_found
002_UnityDataAssetPack_datapack__file110,98435,/GGEasterPrayEvent/Content/BoxStatues/GroupStatue/EasterStatue/RootScale/GameItem/HeroHeadClickable/HeroHeadUI/Mask/Lock,GGEasterPrayEvent,Lock,False,25977,no_static_sprite_pptr_found
002_UnityDataAssetPack_datapack__file110,98438,/GGEasterPrayEvent/Content/BoxStatues/GroupStatue/EasterStatue/RootScale/GameItem/HeroHeadClickable/HeroHeadUI/HeroStar,GGEasterPrayEvent,HeroStar,True,25991,no_static_sprite_pptr_found
002_UnityDataAssetPack_datapack__file110,98447,/GGEasterPrayEvent/Content/BoxStatues/GroupStatue/EasterStatue/RootScale/GameItem/HeroHeadClickable/HeroHeadUI/Mask/Death,GGEasterPrayEvent,Death,False,25971,no_static_sprite_pptr_found
002_UnityDataAssetPack_datapack__file110,98448,/GGHeroLotteryEvent/CellHeroLottery/HeroHeadWrapper/GameItem/HeroHeadClickable,GGHeroLotteryEvent,HeroHeadClickable,False,25957,no_static_sprite_pptr_found
002_UnityDataAssetPack_datapack__file110,98500,/GGHeroLotteryEvent/CellHeroLottery/HeroHeadWrapper/GameItem/ItemEquipmentUI/Mask/Check,GGHeroLotteryEvent,Check,False,25865,no_static_sprite_pptr_found
002_UnityDataAssetPack_datapack__file110,98501,/GGHeroLotteryEvent/CellHeroLottery/HeroHeadWrapper/GameItem/ItemEquipmentUI,GGHeroLotteryEvent,ItemEquipmentUI,False,25875,no_static_sprite_pptr_found
002_UnityDataAssetPack_datapack__file110,98502,/PanelHeroInfo/RightPart/BoxInfo/PanelEnable/BoxEnable/SlotMaterial/HeroMaterial1/TagName,PanelHeroInfo,TagName,True,25893,no_static_sprite_pptr_found
002_UnityDataAssetPack_datapack__file110,98506,/PanelHeroInfo/RightPart/BoxInfo/PanelEnable/BoxEnable/SlotMaterial/HeroMaterial1/HeroStar,PanelHeroInfo,HeroStar,True,25906,no_static_sprite_pptr_found
002_UnityDataAssetPack_datapack__file110,98577,/PanelHeroInfo/RightPart/BoxInfo/PanelEquipment/SlotWeapon/ItemEquipmentUI/Mask/Check,PanelHeroInfo,Check,False,25925,no_static_sprite_pptr_found
002_UnityDataAssetPack_datapack__file110,98578,/PanelHeroInfo/RightPart/BoxInfo/PanelEquipment/SlotWeapon/ItemEquipmentUI,PanelHeroInfo,ItemEquipmentUI,True,25934,no_static_sprite_pptr_found
002_UnityDataAssetPack_datapack__file110,98605,/PopupMFChooseSupport,PopupMFChooseSupport,PopupMFChooseSupport,True,12968,no_static_sprite_pptr_found
002_UnityDataAssetPack_datapack__file110,98606,/PopupMFPlayerHeroes,PopupMFPlayerHeroes,PopupMFPlayerHeroes,True,12971,no_static_sprite_pptr_found
002_UnityDataAssetPack_datapack__file110,98607,/PopupMFPlayerRelics,PopupMFPlayerRelics,PopupMFPlayerRelics,True,12972,no_static_sprite_pptr_found
002_UnityDataAssetPack_datapack__file110,98623,/PopupBravePlayerNew/Content/ImageBody/Top/Lineup/HeroesLineup/BackLine/HeroHeadClickable5,PopupBravePlayerNew,HeroHeadClickable5,True,26317,no_static_sprite_pptr_found
002_UnityDataAssetPack_datapack__file110,98646,/GameItemWrapper/GameItem/ItemShardUI/Mask/Check,GameItemWrapper,Check,False,26331,no_static_sprite_pptr_found
002_UnityDataAssetPack_datapack__file110,98648,/GameItemWrapper/GameItem/ItemShardUI,GameItemWrapper,ItemShardUI,False,26326,no_static_sprite_pptr_found
002_UnityDataAssetPack_datapack__file110,98699,/CellDailyQuest/GroupReward/GameItemContainer2/GameItem/ItemEquipmentUI/Mask/Check,CellDailyQuest,Check,False,26249,no_static_sprite_pptr_found
002_UnityDataAssetPack_datapack__file110,98700,/CellDailyQuest/GroupReward/GameItemContainer2/GameItem/ItemEquipmentUI,CellDailyQuest,ItemEquipmentUI,False,26254,no_static_sprite_pptr_found
002_UnityDataAssetPack_datapack__file110,98734,/PopupSelectReward/Body/GroupSlot/RewardSelect2/GameItem/ItemArtifactUI,PopupSelectReward,ItemArtifactUI,True,26285,no_static_sprite_pptr_found
002_UnityDataAssetPack_datapack__file110,98745,/PopupSelectReward/Body/GroupSlot/RewardSelect2/GameItem/ItemArtifactUI/Mask/Check,PopupSelectReward,Check,False,26288,no_static_sprite_pptr_found
002_UnityDataAssetPack_datapack__file110,98752,/PanelEventMiniGame/GroupContent/GroupLeft/Content/Hole/bgr/Reward/GameItem/ItemArtifactUI/Mask/Check,PanelEventMiniGame,Check,False,26305,no_static_sprite_pptr_found
002_UnityDataAssetPack_datapack__file110,98771,/PanelEventMiniGame/GroupContent/GroupLeft/Content/Hole/bgr/Reward/GameItem/ItemArtifactUI,PanelEventMiniGame,ItemArtifactUI,True,26302,no_static_sprite_pptr_found
002_UnityDataAssetPack_datapack__file110,98784,/PopupChatNew/AnchorLeft/Content/BoxSetting/BgrSetting/Mode,PopupChatNew,Mode,True,25628,no_static_sprite_pptr_found
002_UnityDataAssetPack_datapack__file110,98789,/PopupQuestFK/Content/ScroolRect/Viewport,PopupQuestFK,Viewport,True,17261,no_static_sprite_pptr_found
002_UnityDataAssetPack_datapack__file110,98793,/PopupDailyQuest/PanelBody/CellDailyQuest/GroupReward/GameItemContainer2/GameItem/GroupDone/ImageCover/Image,PopupDailyQuest,Image,True,19384,no_static_sprite_pptr_found
002_UnityDataAssetPack_datapack__file110,98797,/CellDailyQuest/GroupReward/GameItemContainer2/GameItem/HeroHeadClickable,CellDailyQuest,HeroHeadClickable,False,26216,no_static_sprite_pptr_found
002_UnityDataAssetPack_datapack__file110,98798,/EasterStatue/RootScale/GameItem/GroupDone/ImageCover/Image,EasterStatue,Image,True,19381,no_static_sprite_pptr_found
002_UnityDataAssetPack_datapack__file110,98803,/PopupPrepareGuildWar/PanelBody/FrameScroll/CellWarRegister/GroupPlayer/LineUp/HeroHeadClickable1/HeroHeadUI/Mask/Lock,PopupPrepareGuildWar,Lock,False,26178,no_static_sprite_pptr_found
002_UnityDataAssetPack_datapack__file110,98811,/PopupPrepareGuildWar/PanelBody/FrameScroll/CellWarRegister/GroupPlayer/LineUp/HeroHeadClickable1/HeroHeadUI/HeroStar,PopupPrepareGuildWar,HeroStar,True,26189,no_static_sprite_pptr_found
002_UnityDataAssetPack_datapack__file110,98813,/PopupPrepareGuildWar/PanelBody/FrameScroll/CellWarRegister/GroupPlayer/LineUp/HeroHeadClickable1/HeroHeadUI/Mask/Check,PopupPrepareGuildWar,Check,False,26211,no_static_sprite_pptr_found
002_UnityDataAssetPack_datapack__file110,98841,/PopupPlayerInfo/Content/Body/Lineup/HeroesLineup/BackLine/HeroHeadClickable4,PopupPlayerInfo,HeroHeadClickable4,True,26212,no_static_sprite_pptr_found
002_UnityDataAssetPack_datapack__file110,98844,/PopupPrepareGuildWar/PanelBody/FrameScroll/CellWarRegister/GroupPlayer/LineUp/HeroHeadClickable1/HeroHeadUI/Mask/Death,PopupPrepareGuildWar,Death,False,26202,no_static_sprite_pptr_found
002_UnityDataAssetPack_datapack__file110,98853,/PanelEasterPrayEvent/Bgr/PanelStatue/GroupStatue/ItemStatue (2)/ArtifactStatue/avatar_statue/GameItem/GroupDone/ImageCover/Image,PanelEasterPrayEvent,Image,True,19334,no_static_sprite_pptr_found
002_UnityDataAssetPack_datapack__file110,98892,/PopupEquipActionUpgradeOrReup,PopupEquipActionUpgradeOrReup,PopupEquipActionUpgradeOrReup,True,26141,no_static_sprite_pptr_found
002_UnityDataAssetPack_datapack__file110,98898,/PopupInfoStatue/Bgr,PopupInfoStatue,Bgr,True,26121,no_static_sprite_pptr_found
002_UnityDataAssetPack_datapack__file110,98899,/PopupEasterPrayRewards/Background,PopupEasterPrayRewards,Background,True,26122,no_static_sprite_pptr_found
002_UnityDataAssetPack_datapack__file110,98921,/PopupGuildWarPlayerInfo/Content/Body/PlayerInfo/BoxPlayer/PlayerAvatar,PopupGuildWarPlayerInfo,PlayerAvatar,True,26148,no_static_sprite_pptr_found
002_UnityDataAssetPack_datapack__file110,98951,/PopupGuildWarHistory/Body/BoxMessage,PopupGuildWarHistory,BoxMessage,True,26783,no_static_sprite_pptr_found
002_UnityDataAssetPack_datapack__file110,98968,/GGEquipmentExchangeEvent/CellEquipmentExchange/GroupReqEquip/GGEquipmentSlot (2)/EquipmentWrapper/ItemEquipmentUI/Mask/Check,GGEquipmentExchangeEvent,Check,False,26580,no_static_sprite_pptr_found
002_UnityDataAssetPack_datapack__file110,98969,/GGEquipmentExchangeEvent/CellEquipmentExchange/GroupReqEquip/GGEquipmentSlot (2)/EquipmentWrapper/ItemEquipmentUI,GGEquipmentExchangeEvent,ItemEquipmentUI,True,26570,no_static_sprite_pptr_found
002_UnityDataAssetPack_datapack__file110,98995,/CellDailyQuest/GroupReward/GameItemContainer1/GameItem/ItemVipExpUI,CellDailyQuest,ItemVipExpUI,False,26561,no_static_sprite_pptr_found
002_UnityDataAssetPack_datapack__file110,99023,/PopupSuggest/Bgr,PopupSuggest,Bgr,True,26588,no_static_sprite_pptr_found
002_UnityDataAssetPack_datapack__file110,99043,/PopupDungeonBuyItem/Content/GameItem/ItemEquipmentUI/Mask/Check,PopupDungeonBuyItem,Check,False,26464,no_static_sprite_pptr_found
002_UnityDataAssetPack_datapack__file110,99044,/PopupDungeonBuyItem/Content/GameItem/ItemEquipmentUI,PopupDungeonBuyItem,ItemEquipmentUI,False,26470,no_static_sprite_pptr_found
002_UnityDataAssetPack_datapack__file110,99058,/TapHero/CanvasHero/ClickArea,TapHero,ClickArea,True,26492,no_static_sprite_pptr_found
002_UnityDataAssetPack_datapack__file110,99059,/TapHero/CanvasHero/ClickArea,TapHero,ClickArea,True,26493,no_static_sprite_pptr_found
002_UnityDataAssetPack_datapack__file110,99080,/CellRaidChallenge/GroupReward/GI_Wrapper/GameItem/ItemAvatarUI,CellRaidChallenge,ItemAvatarUI,True,26478,no_static_sprite_pptr_found
002_UnityDataAssetPack_datapack__file110,99100,/PopupDungeonBuyItem/Content/GameItem/HeroHeadClickable,PopupDungeonBuyItem,HeroHeadClickable,False,26444,no_static_sprite_pptr_found
002_UnityDataAssetPack_datapack__file110,99110,/PopupMFStage/Content/ImageBody/GroupTop/BoxLineUp/Lineup/HeroesLineup/FrontLine/MFHeroHead (1),PopupMFStage,MFHeroHead (1),True,28534,no_static_sprite_pptr_found
002_UnityDataAssetPack_datapack__file110,99163,/PopupTarvenQuest/Content/Body/TopGroup/GameItem/ItemAvatarUI,PopupTarvenQuest,ItemAvatarUI,True,26364,no_static_sprite_pptr_found
002_UnityDataAssetPack_datapack__file110,99182,/PopupSummonShard/Content/ItemShardUI2,PopupSummonShard,ItemShardUI2,True,26382,no_static_sprite_pptr_found
002_UnityDataAssetPack_datapack__file110,99186,/PopupSummonShard/Content/ItemShardUI2/Mask/Check,PopupSummonShard,Check,False,26380,no_static_sprite_pptr_found
002_UnityDataAssetPack_datapack__file110,99217,/PopupGuildMill/Body/BoxOrder/CellMillOrder/Bonus/GameItem2/ItemVipExpUI,PopupGuildMill,ItemVipExpUI,False,26417,no_static_sprite_pptr_found
002_UnityDataAssetPack_datapack__file110,99243,/PopupDailyQuest/PanelBody/CellDailyQuest/GroupReward/GameItemContainer1/GameItem/ItemArtifactUI,PopupDailyQuest,ItemArtifactUI,True,26420,no_static_sprite_pptr_found
002_UnityDataAssetPack_datapack__file110,99247,/PopupDailyQuest/PanelBody/CellDailyQuest/GroupReward/GameItemContainer1/GameItem/ItemArtifactUI/Mask/Check,PopupDailyQuest,Check,False,26421,no_static_sprite_pptr_found
002_UnityDataAssetPack_datapack__file110,99266,/PopupFormationTest/PopupRelics/Bgr,PopupFormationTest,Bgr,True,30705,no_static_sprite_pptr_found
002_UnityDataAssetPack_datapack__file110,99277,/PopupLuckySpinFK/Content,PopupLuckySpinFK,Content,True,26788,no_static_sprite_pptr_found
002_UnityDataAssetPack_datapack__file110,99290,/PopupAllStarBetHistory/Body/PanelBetHistory/ScrollViewBetHistory/CellBetHistory/BgrBetAndResult/LineSerperatorHorizontal,PopupAllStarBetHistory,LineSerperatorHorizontal,True,25731,no_static_sprite_pptr_found
002_UnityDataAssetPack_datapack__file110,99328,/PopupBuyItem/Content/GameItem/ItemEquipmentUI/Mask/Check,PopupBuyItem,Check,False,26752,no_static_sprite_pptr_found
002_UnityDataAssetPack_datapack__file110,99329,/PopupBuyItemFake/Content/GameItem/ItemEquipmentUI/Mask/Check,PopupBuyItemFake,Check,False,26753,no_static_sprite_pptr_found
002_UnityDataAssetPack_datapack__file110,99330,/PopupBuyItem/Content/GameItem/ItemEquipmentUI,PopupBuyItem,ItemEquipmentUI,False,26729,no_static_sprite_pptr_found
002_UnityDataAssetPack_datapack__file110,99331,/PopupBuyItemFake/Content/GameItem/ItemEquipmentUI,PopupBuyItemFake,ItemEquipmentUI,False,26730,no_static_sprite_pptr_found
002_UnityDataAssetPack_datapack__file110,99374,/PopupFirstPurchase/Content/ImageBgr/ImageAce,PopupFirstPurchase,ImageAce,True,26630,no_static_sprite_pptr_found
002_UnityDataAssetPack_datapack__file110,99390,/PopupSelectReward/Body/GroupSlot/RewardSelect1/GameItem/ItemVipExpUI,PopupSelectReward,ItemVipExpUI,False,26761,no_static_sprite_pptr_found
002_UnityDataAssetPack_datapack__file110,99406,/PanelEasterPrayEvent/Bgr/PanelStatue/GroupStatue/ItemStatue/HeroStatue/avatar_statue/GameItem/ItemVipExpUI,PanelEasterPrayEvent,ItemVipExpUI,False,26776,no_static_sprite_pptr_found
002_UnityDataAssetPack_datapack__file110,99412,/PopupAllStarsReward/ImageBgr/Content/RewardContent/RewardDetail/CellKnockOutRewards/RewardContainer,PopupAllStarsReward,RewardContainer,True,21548,no_static_sprite_pptr_found
002_UnityDataAssetPack_datapack__file110,99419,/PopupLuckySpinFK/Content/BoxSpin/RouletteCenter,PopupLuckySpinFK,RouletteCenter,True,23844,no_static_sprite_pptr_found
002_UnityDataAssetPack_datapack__file110,99425,/PanelTravelEvent/BgrTrip/PanelChest/chest_5,PanelTravelEvent,chest_5,True,32868,no_static_sprite_pptr_found
002_UnityDataAssetPack_datapack__file110,99435,/PanelHeroInfo/RightPart/BoxInfo/PanelBreakthrough/SlotMaterial/HeroMaterial1/HeroStar,PanelHeroInfo,HeroStar,True,26651,no_static_sprite_pptr_found
002_UnityDataAssetPack_datapack__file110,99436,/PanelHeroInfo/RightPart/BoxInfo/PanelBreakthrough/SlotMaterial/HeroMaterial1/TagName,PanelHeroInfo,TagName,True,26648,no_static_sprite_pptr_found
002_UnityDataAssetPack_datapack__file110,99474,/GGDauDanhTrangEvent/CellReward/DauDanhTrangItem/ScaleGameItem/GameItem/GroupDone/ImageCover/Image,GGDauDanhTrangEvent,Image,True,16464,no_static_sprite_pptr_found
002_UnityDataAssetPack_datapack__file110,99475,/PanelDauDanhTrangEvent/CellDauDanhTrangReward/DauDanhTrangItem/ScaleGameItem/GameItem/GroupDone/ImageCover/Image,PanelDauDanhTrangEvent,Image,True,16465,no_static_sprite_pptr_found
002_UnityDataAssetPack_datapack__file110,99476,/PopupBuyItem/Content/GameItem/HeroHeadClickable,PopupBuyItem,HeroHeadClickable,False,26623,no_static_sprite_pptr_found
002_UnityDataAssetPack_datapack__file110,99477,/PopupBuyItemFake/Content/GameItem/HeroHeadClickable,PopupBuyItemFake,HeroHeadClickable,False,26624,no_static_sprite_pptr_found
002_UnityDataAssetPack_datapack__file110,99489,/TutorialStory/Background,TutorialStory,Background,True,26767,no_static_sprite_pptr_found
002_UnityDataAssetPack_datapack__file110,99499,/PanelEasterPrayEvent/Bgr/PanelStatue/GroupStatue/ItemStatue (1)/SkinStatue/avatar_statue/GameItem/HeroHeadClickable/HeroHeadUI/Mask/Check,PanelEasterPrayEvent,Check,False,26697,no_static_sprite_pptr_found
002_UnityDataAssetPack_datapack__file110,99520,/PanelEasterPrayEvent/Bgr/PanelStatue/GroupStatue/ItemStatue (1)/SkinStatue/avatar_statue/GameItem/HeroHeadClickable/HeroHeadUI/HeroStar,PanelEasterPrayEvent,HeroStar,True,26688,no_static_sprite_pptr_found
002_UnityDataAssetPack_datapack__file110,99529,/PanelEasterPrayEvent/Bgr/PanelStatue/GroupStatue/ItemStatue (1)/SkinStatue/avatar_statue/GameItem/HeroHeadClickable/HeroHeadUI/Mask/Lock,PanelEasterPrayEvent,Lock,False,26681,no_static_sprite_pptr_found
002_UnityDataAssetPack_datapack__file110,99536,/PanelEasterPrayEvent/Bgr/PanelStatue/GroupStatue/ItemStatue (1)/SkinStatue/avatar_statue/GameItem/HeroHeadClickable/HeroHeadUI/Mask/Death,PanelEasterPrayEvent,Death,False,26671,no_static_sprite_pptr_found
002_UnityDataAssetPack_datapack__file110,99540,/PopupGuildBossRewards/Body/CellGuildBossReward/GameItemContainer2/GameItem2/ItemConsumableUI/Mask/Check,PopupGuildBossRewards,Check,False,26710,no_static_sprite_pptr_found
002_UnityDataAssetPack_datapack__file110,99544,/PopupGuildBossRewards/Body/CellGuildBossReward/GameItemContainer2/GameItem2/ItemConsumableUI,PopupGuildBossRewards,ItemConsumableUI,False,26712,no_static_sprite_pptr_found
002_UnityDataAssetPack_datapack__file110,99549,/PopupTowerLevelInfo/PanelBody/BoxHeroes1/GroupHeroes/HeroHeadClickable (1),PopupTowerLevelInfo,HeroHeadClickable (1),True,26707,no_static_sprite_pptr_found
002_UnityDataAssetPack_datapack__file110,99564,/GGShelterMissionEvent/Content/GroupHeroes/SlotHeroShelter (2),GGShelterMissionEvent,SlotHeroShelter (2),True,17176,no_static_sprite_pptr_found
002_UnityDataAssetPack_datapack__file110,99601,/PopupBuyItem/Content/GameItem/HeroHeadClickable/HeroHeadUI/Mask/Lock,PopupBuyItem,Lock,False,26968,no_static_sprite_pptr_found
002_UnityDataAssetPack_datapack__file110,99602,/PopupBuyItemFake/Content/GameItem/HeroHeadClickable/HeroHeadUI/Mask/Lock,PopupBuyItemFake,Lock,False,26969,no_static_sprite_pptr_found
002_UnityDataAssetPack_datapack__file110,99607,/PopupBuyItem/Content/GameItem/HeroHeadClickable/HeroHeadUI/HeroStar,PopupBuyItem,HeroStar,True,26964,no_static_sprite_pptr_found
002_UnityDataAssetPack_datapack__file110,99608,/PopupBuyItemFake/Content/GameItem/HeroHeadClickable/HeroHeadUI/HeroStar,PopupBuyItemFake,HeroStar,True,26965,no_static_sprite_pptr_found
002_UnityDataAssetPack_datapack__file110,99642,/PopupBuyItem/Content/GameItem/HeroHeadClickable/HeroHeadUI/Mask/Check,PopupBuyItem,Check,False,27002,no_static_sprite_pptr_found
002_UnityDataAssetPack_datapack__file110,99643,/PopupBuyItemFake/Content/GameItem/HeroHeadClickable/HeroHeadUI/Mask/Check,PopupBuyItemFake,Check,False,27003,no_static_sprite_pptr_found
002_UnityDataAssetPack_datapack__file110,99664,/PopupBuyItem/Content/GameItem/HeroHeadClickable/HeroHeadUI/Mask/Death,PopupBuyItem,Death,False,26994,no_static_sprite_pptr_found
002_UnityDataAssetPack_datapack__file110,99665,/PopupBuyItemFake/Content/GameItem/HeroHeadClickable/HeroHeadUI/Mask/Death,PopupBuyItemFake,Death,False,26995,no_static_sprite_pptr_found
002_UnityDataAssetPack_datapack__file110,99670,/PopupSpecialEvent/Bgr/Content/bgr_1/fill_brown,PopupSpecialEvent,fill_brown,True,22264,no_static_sprite_pptr_found
002_UnityDataAssetPack_datapack__file110,99706,/PanelHeroInfo/RightPart/BoxInfo/PanelBreakthrough/SlotMaterial/HeroMaterial3/TagName,PanelHeroInfo,TagName,True,27021,no_static_sprite_pptr_found
002_UnityDataAssetPack_datapack__file110,99710,/PanelHeroInfo/RightPart/BoxInfo/PanelBreakthrough/SlotMaterial/HeroMaterial3/HeroStar,PanelHeroInfo,HeroStar,True,27042,no_static_sprite_pptr_found
002_UnityDataAssetPack_datapack__file110,99719,/Popup7DaysEvent/Bgr/Content/PanelContent/PanelDiscount/Bgr/GameItem/GroupDone/ImageCover/Image,Popup7DaysEvent,Image,True,15934,no_static_sprite_pptr_found
002_UnityDataAssetPack_datapack__file110,99720,/PanelEasterPrayEvent/Bgr/PanelStatue/GroupStatue/ItemStatue (1)/SkinStatue/avatar_statue/GameItem/HeroHeadClickable,PanelEasterPrayEvent,HeroHeadClickable,False,27052,no_static_sprite_pptr_found
002_UnityDataAssetPack_datapack__file110,99730,/PopupTowerLevelInfo/PanelBody/BoxHeroes1/GroupHeroes/HeroHeadClickable (1)/HeroHeadUI/Mask/Death,PopupTowerLevelInfo,Death,False,27076,no_static_sprite_pptr_found
002_UnityDataAssetPack_datapack__file110,99742,/PopupTowerLevelInfo/PanelBody/BoxHeroes1/GroupHeroes/HeroHeadClickable (1)/HeroHeadUI/Mask/Check,PopupTowerLevelInfo,Check,False,27071,no_static_sprite_pptr_found
002_UnityDataAssetPack_datapack__file110,99764,/PopupTowerLevelInfo/PanelBody/BoxHeroes1/GroupHeroes/HeroHeadClickable (1)/HeroHeadUI/HeroStar,PopupTowerLevelInfo,HeroStar,True,27093,no_static_sprite_pptr_found
002_UnityDataAssetPack_datapack__file110,99767,/PopupTowerLevelInfo/PanelBody/BoxHeroes1/GroupHeroes/HeroHeadClickable (1)/HeroHeadUI/Mask/Lock,PopupTowerLevelInfo,Lock,False,27091,no_static_sprite_pptr_found
002_UnityDataAssetPack_datapack__file110,99785,/GGEasterPrayEvent/Content/BoxStatues/GroupStatue/EasterStatue (2)/RootScale/GameItem/ItemAvatarUI,GGEasterPrayEvent,ItemAvatarUI,True,26924,no_static_sprite_pptr_found
002_UnityDataAssetPack_datapack__file110,99805,/PopupMasteringHero/Contents/BoxGameChallenge/BgrScroll/CellGameChallenge/GroupReward/GameItemWrapper1/GameItem/GroupDone/ImageCover/Image,PopupMasteringHero,Image,True,16125,no_static_sprite_pptr_found
002_UnityDataAssetPack_datapack__file110,99884,/PopupGuildMill/Body/BoxOrder/CellMillOrder/Bonus/GameItem1/ItemShardUI/Mask/Check,PopupGuildMill,Check,False,26816,no_static_sprite_pptr_found
002_UnityDataAssetPack_datapack__file110,99886,/PopupGuildMill/Body/BoxOrder/CellMillOrder/Bonus/GameItem1/ItemShardUI,PopupGuildMill,ItemShardUI,False,26818,no_static_sprite_pptr_found
002_UnityDataAssetPack_datapack__file110,99924,/TextLeftHpLost/TextHp/Image,TextLeftHpLost,Image,False,18772,no_static_sprite_pptr_found
002_UnityDataAssetPack_datapack__file110,99925,/GGEquipmentExchangeEvent/CellEquipmentExchange/GroupEquipReceive/GGEquipmentSlot (3)/EquipmentWrapper/ItemEquipmentUI/Mask/Check,GGEquipmentExchangeEvent,Check,False,26854,no_static_sprite_pptr_found
002_UnityDataAssetPack_datapack__file110,99926,/GGEquipmentExchangeEvent/CellEquipmentExchange/GroupEquipReceive/GGEquipmentSlot (3)/EquipmentWrapper/ItemEquipmentUI,GGEquipmentExchangeEvent,ItemEquipmentUI,True,26845,no_static_sprite_pptr_found
002_UnityDataAssetPack_datapack__file110,99964,/PanelEasterPrayEvent/Bgr/PanelStatue/GroupStatue/ItemStatue (1)/SkinStatue/avatar_statue/GameItem/ItemEquipmentUI/Mask/Check,PanelEasterPrayEvent,Check,False,26868,no_static_sprite_pptr_found
002_UnityDataAssetPack_datapack__file110,99965,/PanelEasterPrayEvent/Bgr/PanelStatue/GroupStatue/ItemStatue (1)/SkinStatue/avatar_statue/GameItem/ItemEquipmentUI,PanelEasterPrayEvent,ItemEquipmentUI,False,26878,no_static_sprite_pptr_found
002_UnityDataAssetPack_datapack__file110,99984,/CellGameChallenge/GroupReward/GameItemWrapper2/GameItem/GroupDone/ImageCover/Image,CellGameChallenge,Image,True,16226,no_static_sprite_pptr_found
002_UnityDataAssetPack_datapack__file110,100023,/PopupDungeonBuyItem/Content/GameItem/HeroHeadClickable/HeroHeadUI/Mask/Check,PopupDungeonBuyItem,Check,False,27236,no_static_sprite_pptr_found
002_UnityDataAssetPack_datapack__file110,100033,/PopupDungeonBuyItem/Content/GameItem/HeroHeadClickable/HeroHeadUI/Mask/Lock,PopupDungeonBuyItem,Lock,False,27266,no_static_sprite_pptr_found
002_UnityDataAssetPack_datapack__file110,100036,/PopupDungeonBuyItem/Content/GameItem/HeroHeadClickable/HeroHeadUI/HeroStar,PopupDungeonBuyItem,HeroStar,True,27263,no_static_sprite_pptr_found
002_UnityDataAssetPack_datapack__file110,100042,/PopupDungeonBuyItem/Content/GameItem/HeroHeadClickable/HeroHeadUI/Mask/Death,PopupDungeonBuyItem,Death,False,27249,no_static_sprite_pptr_found
002_UnityDataAssetPack_datapack__file110,100054,/PopupSmashedShop/Content/ImageBox/CellMerchantShop/Reward/GameItem/ItemShardUI,PopupSmashedShop,ItemShardUI,False,27282,no_static_sprite_pptr_found
002_UnityDataAssetPack_datapack__file110,100057,/PopupSmashedShop/Content/ImageBox/CellMerchantShop/Reward/GameItem/ItemShardUI/Mask/Check,PopupSmashedShop,Check,False,27285,no_static_sprite_pptr_found
002_UnityDataAssetPack_datapack__file110,100128,/TapShopItem,TapShopItem,TapShopItem,True,27202,no_static_sprite_pptr_found
002_UnityDataAssetPack_datapack__file110,100129,/TapShopItem,TapShopItem,TapShopItem,True,27203,no_static_sprite_pptr_found
002_UnityDataAssetPack_datapack__file110,100144,/PopupPrayForFire/Body/BgrPanel/PanelTopDamage/CellTopDamagePray/AvatarBox/PlayerAvatar,PopupPrayForFire,PlayerAvatar,True,27175,no_static_sprite_pptr_found
002_UnityDataAssetPack_datapack__file110,100166,/PopupAllStarBetHistory/Body/PanelBetHistory/ScrollViewBetHistory/CellBetHistory/PlayerAvatar1,PopupAllStarBetHistory,PlayerAvatar1,True,27181,no_static_sprite_pptr_found
002_UnityDataAssetPack_datapack__file110,100169,/PanelEasterPrayEvent/Bgr/PanelStatue/GroupStatue/ItemStatue/HeroStatue,PanelEasterPrayEvent,HeroStatue,True,29801,no_static_sprite_pptr_found
002_UnityDataAssetPack_datapack__file110,100201,/BoxAllStarsPlayer/PlayerAvatar,BoxAllStarsPlayer,PlayerAvatar,True,27113,no_static_sprite_pptr_found
002_UnityDataAssetPack_datapack__file110,100202,/BoxAllStarsPlayerBig/PlayerAvatar,BoxAllStarsPlayerBig,PlayerAvatar,True,27114,no_static_sprite_pptr_found
002_UnityDataAssetPack_datapack__file110,100265,/MFHeroHead,MFHeroHead,MFHeroHead,True,28748,no_static_sprite_pptr_found
002_UnityDataAssetPack_datapack__file110,100272,/PanelHeroInfo/RightPart/BoxInfo/PanelAwaken/BoxAwaken/SlotMaterial/HeroMaterial2/HeroStar,PanelHeroInfo,HeroStar,True,27138,no_static_sprite_pptr_found
002_UnityDataAssetPack_datapack__file110,100276,/PanelHeroInfo/RightPart/BoxInfo/PanelAwaken/BoxAwaken/SlotMaterial/HeroMaterial2/TagName,PanelHeroInfo,TagName,True,27151,no_static_sprite_pptr_found
002_UnityDataAssetPack_datapack__file110,100293,/PopupGuildWarPlayerInfo/Content/Body/Lineup/HeroesLineup/BackLine/HeroHeadClickable3/HeroHeadUI/Mask/Death,PopupGuildWarPlayerInfo,Death,False,27539,no_static_sprite_pptr_found
002_UnityDataAssetPack_datapack__file110,100301,/PopupGuildWarPlayerInfo/Content/Body/Lineup/HeroesLineup/BackLine/HeroHeadClickable3/HeroHeadUI/HeroStar,PopupGuildWarPlayerInfo,HeroStar,True,27518,no_static_sprite_pptr_found
002_UnityDataAssetPack_datapack__file110,100304,/PopupGuildWarPlayerInfo/Content/Body/Lineup/HeroesLineup/BackLine/HeroHeadClickable3/HeroHeadUI/Mask/Lock,PopupGuildWarPlayerInfo,Lock,False,27533,no_static_sprite_pptr_found
002_UnityDataAssetPack_datapack__file110,100325,/PopupGuildWarPlayerInfo/Content/Body/Lineup/HeroesLineup/BackLine/HeroHeadClickable3/HeroHeadUI/Mask/Check,PopupGuildWarPlayerInfo,Check,False,27517,no_static_sprite_pptr_found
002_UnityDataAssetPack_datapack__file110,100330,/PopupMFStage/Content/ImageBody/GroupTop/BoxLineUp/Lineup/HeroesLineup/BackLine/MFHeroHead (3)/HeroHeadUI/Mask/Death,PopupMFStage,Death,False,27503,no_static_sprite_pptr_found
002_UnityDataAssetPack_datapack__file110,100343,/PopupMFStage/Content/ImageBody/GroupTop/BoxLineUp/Lineup/HeroesLineup/BackLine/MFHeroHead (3)/HeroHeadUI/HeroStar,PopupMFStage,HeroStar,True,27484,no_static_sprite_pptr_found
002_UnityDataAssetPack_datapack__file110,100346,/PopupMFStage/Content/ImageBody/GroupTop/BoxLineUp/Lineup/HeroesLineup/BackLine/MFHeroHead (3)/HeroHeadUI/Mask/Lock,PopupMFStage,Lock,False,27498,no_static_sprite_pptr_found
002_UnityDataAssetPack_datapack__file110,100370,/PopupMFStage/Content/ImageBody/GroupTop/BoxLineUp/Lineup/HeroesLineup/BackLine/MFHeroHead (3)/HeroHeadUI/Mask/Check,PopupMFStage,Check,False,27483,no_static_sprite_pptr_found
002_UnityDataAssetPack_datapack__file110,100377,/PopupAllStarBetHistory/Body/PanelBetHistory/ScrollViewBetHistory/CellBetHistory/PlayerAvatar2,PopupAllStarBetHistory,PlayerAvatar2,True,27557,no_static_sprite_pptr_found
002_UnityDataAssetPack_datapack__file110,100407,/PopupSelectReward/Body/GroupSlot/RewardSelect1/GameItem/GroupDone/ImageCover/Image,PopupSelectReward,Image,True,17513,no_static_sprite_pptr_found
002_UnityDataAssetPack_datapack__file110,100417,/PopupBuyItem/Content/GameItem/ItemArtifactUI,PopupBuyItem,ItemArtifactUI,True,27402,no_static_sprite_pptr_found
002_UnityDataAssetPack_datapack__file110,100418,/PopupBuyItemFake/Content/GameItem/ItemArtifactUI,PopupBuyItemFake,ItemArtifactUI,True,27403,no_static_sprite_pptr_found
002_UnityDataAssetPack_datapack__file110,100427,/PopupBuyItem/Content/GameItem/ItemArtifactUI/Mask/Check,PopupBuyItem,Check,False,27409,no_static_sprite_pptr_found
002_UnityDataAssetPack_datapack__file110,100428,/PopupBuyItemFake/Content/GameItem/ItemArtifactUI/Mask/Check,PopupBuyItemFake,Check,False,27410,no_static_sprite_pptr_found
002_UnityDataAssetPack_datapack__file110,100458,/PopupPlayerInfo3/Content/Body/Lineup/HeroesLineup3/BackLine/HeroHeadClickable6,PopupPlayerInfo3,HeroHeadClickable6,True,27455,no_static_sprite_pptr_found
002_UnityDataAssetPack_datapack__file110,100473,/PanelEasterPrayEvent/Bgr/PanelStatue/GroupStatue/ItemStatue/HeroStatue/avatar_statue/GameItem/GroupDone/ImageCover/Image,PanelEasterPrayEvent,Image,True,17504,no_static_sprite_pptr_found
002_UnityDataAssetPack_datapack__file110,100480,/PanelHeroInfo/RightPart/BoxInfo/PanelSpecialEquip/Bgr/GroupContent/SideAttack/GroupImage/IconClass,PanelHeroInfo,IconClass,True,28070,no_static_sprite_pptr_found
002_UnityDataAssetPack_datapack__file110,100483,/PopupLuckySpinFK/Content/BoxSpin/Spin/Arcs/Arc1,PopupLuckySpinFK,Arc1,False,23843,no_static_sprite_pptr_found
002_UnityDataAssetPack_datapack__file110,100509,/GGDauDanhTrangEvent/CellReward/DauDanhTrangItem/ScaleGameItem/GameItem/ItemVipExpUI,GGDauDanhTrangEvent,ItemVipExpUI,False,27377,no_static_sprite_pptr_found
002_UnityDataAssetPack_datapack__file110,100510,/PanelDauDanhTrangEvent/CellDauDanhTrangReward/DauDanhTrangItem/ScaleGameItem/GameItem/ItemVipExpUI,PanelDauDanhTrangEvent,ItemVipExpUI,False,27378,no_static_sprite_pptr_found
002_UnityDataAssetPack_datapack__file110,100556,/PopupMFHeroHeadEffect,PopupMFHeroHeadEffect,PopupMFHeroHeadEffect,True,18581,no_static_sprite_pptr_found
002_UnityDataAssetPack_datapack__file110,100583,/PopupGuildBossRewards/Body/CellGuildBossReward/GameItemContainer2/GameItem2/ItemShardUI,PopupGuildBossRewards,ItemShardUI,False,27349,no_static_sprite_pptr_found
002_UnityDataAssetPack_datapack__file110,100586,/PopupGuildBossRewards/Body/CellGuildBossReward/GameItemContainer2/GameItem2/ItemShardUI/Mask/Check,PopupGuildBossRewards,Check,False,27344,no_static_sprite_pptr_found
002_UnityDataAssetPack_datapack__file110,100612,/PopupGuildWarPlayerInfo/Content/Body/PlayerInfo/BoxRewards/HLayout/Wrapper2/GameItem/ItemAvatarUI,PopupGuildWarPlayerInfo,ItemAvatarUI,True,27741,no_static_sprite_pptr_found
002_UnityDataAssetPack_datapack__file110,100630,/PopupBravePlayerNew/Content/ImageBody/Top/Lineup/HeroesLineup/FrontLine/HeroHeadClickable2/HeroHeadUI/HeroStar,PopupBravePlayerNew,HeroStar,True,27771,no_static_sprite_pptr_found
002_UnityDataAssetPack_datapack__file110,100638,/PopupBravePlayerNew/Content/ImageBody/Top/Lineup/HeroesLineup/FrontLine/HeroHeadClickable2/HeroHeadUI/Mask/Lock,PopupBravePlayerNew,Lock,False,27764,no_static_sprite_pptr_found
002_UnityDataAssetPack_datapack__file110,100644,/PopupBravePlayerNew/Content/ImageBody/Top/Lineup/HeroesLineup/FrontLine/HeroHeadClickable2/HeroHeadUI/Mask/Check,PopupBravePlayerNew,Check,False,27789,no_static_sprite_pptr_found
002_UnityDataAssetPack_datapack__file110,100666,/PopupBravePlayerNew/Content/ImageBody/Top/Lineup/HeroesLineup/FrontLine/HeroHeadClickable2/HeroHeadUI/Mask/Death,PopupBravePlayerNew,Death,False,27781,no_static_sprite_pptr_found
002_UnityDataAssetPack_datapack__file110,100670,/PopupDailyQuest/PanelBody/CellDailyQuest/GroupReward/GameItemContainer1/GameItem/HeroHeadClickable,PopupDailyQuest,HeroHeadClickable,False,27757,no_static_sprite_pptr_found
002_UnityDataAssetPack_datapack__file110,100675,/CellDailyQuest/GroupReward/GameItemContainer1/GameItem/GroupDone/ImageCover/Image,CellDailyQuest,Image,True,17239,no_static_sprite_pptr_found
002_UnityDataAssetPack_datapack__file110,100687,/Popup7DaysEvent/Bgr,Popup7DaysEvent,Bgr,True,27699,no_static_sprite_pptr_found
002_UnityDataAssetPack_datapack__file110,100688,/Popup7DaysEvent/Bgr/Content,Popup7DaysEvent,Content,True,27698,no_static_sprite_pptr_found
002_UnityDataAssetPack_datapack__file110,100692,/PopupAllStarsTop4/Body/BoxPlayIn3/BoxAllStarsPlayer2/PlayerAvatar,PopupAllStarsTop4,PlayerAvatar,True,27691,no_static_sprite_pptr_found
002_UnityDataAssetPack_datapack__file110,100702,/PopupDungeonBuyItem/Content/GameItem/ItemArtifactUI/Mask/Check,PopupDungeonBuyItem,Check,False,27709,no_static_sprite_pptr_found
002_UnityDataAssetPack_datapack__file110,100718,/PopupDungeonBuyItem/Content/GameItem/ItemArtifactUI,PopupDungeonBuyItem,ItemArtifactUI,True,27707,no_static_sprite_pptr_found
002_UnityDataAssetPack_datapack__file110,100749,/PanelBrokenSpacesEvent2/Bgr/GroupStage/Stage5,PanelBrokenSpacesEvent2,Stage5,True,22806,no_static_sprite_pptr_found
002_UnityDataAssetPack_datapack__file110,100758,/PopupMFStage/Content/ImageBody/GroupTop/BoxLineUp/Lineup/HeroesLineup/BackLine/MFHeroHead (2)/HeroHeadUI/Mask/Death,PopupMFStage,Death,False,27659,no_static_sprite_pptr_found
002_UnityDataAssetPack_datapack__file110,100767,/PopupMFStage/Content/ImageBody/GroupTop/BoxLineUp/Lineup/HeroesLineup/BackLine/MFHeroHead (2)/HeroHeadUI/HeroStar,PopupMFStage,HeroStar,True,27638,no_static_sprite_pptr_found
002_UnityDataAssetPack_datapack__file110,100770,/PopupMFStage/Content/ImageBody/GroupTop/BoxLineUp/Lineup/HeroesLineup/BackLine/MFHeroHead (2)/HeroHeadUI/Mask/Lock,PopupMFStage,Lock,False,27652,no_static_sprite_pptr_found
002_UnityDataAssetPack_datapack__file110,100791,/PopupMFStage/Content/ImageBody/GroupTop/BoxLineUp/Lineup/HeroesLineup/BackLine/MFHeroHead (2)/HeroHeadUI/Mask/Check,PopupMFStage,Check,False,27673,no_static_sprite_pptr_found
002_UnityDataAssetPack_datapack__file110,100806,/PopupMailBox/Body/BoxMail/BoxLeft/CellMail/MailHeader/GroupTitle,PopupMailBox,GroupTitle,True,21601,no_static_sprite_pptr_found
002_UnityDataAssetPack_datapack__file110,100849,/PopupPlayerInfo3/Content/Body/Lineup/HeroesLineup2/FrontLine/HeroHeadClickable1/HeroHeadUI/Mask/Death,PopupPlayerInfo3,Death,False,27583,no_static_sprite_pptr_found
002_UnityDataAssetPack_datapack__file110,100867,/PopupPlayerInfo3/Content/Body/Lineup/HeroesLineup2/FrontLine/HeroHeadClickable1/HeroHeadUI/Mask/Check,PopupPlayerInfo3,Check,False,27608,no_static_sprite_pptr_found
002_UnityDataAssetPack_datapack__file110,100872,/PopupPlayerInfo3/Content/Body/Lineup/HeroesLineup2/FrontLine/HeroHeadClickable1/HeroHeadUI/HeroStar,PopupPlayerInfo3,HeroStar,True,27593,no_static_sprite_pptr_found
002_UnityDataAssetPack_datapack__file110,100880,/PopupPlayerInfo3/Content/Body/Lineup/HeroesLineup2/FrontLine/HeroHeadClickable1/HeroHeadUI/Mask/Lock,PopupPlayerInfo3,Lock,False,27605,no_static_sprite_pptr_found
002_UnityDataAssetPack_datapack__file110,100894,/PopupGuildMill/Body/BoxOrder/CellMillOrder/Bonus/GameItem2/GroupDone/ImageCover/Image,PopupGuildMill,Image,True,17347,no_static_sprite_pptr_found
002_UnityDataAssetPack_datapack__file110,100899,/PopupDailyQuest/PanelBody/CellDailyQuest/GroupReward/GameItemContainer1/GameItem/ItemEquipmentUI/Mask/Check,PopupDailyQuest,Check,False,27632,no_static_sprite_pptr_found
002_UnityDataAssetPack_datapack__file110,100900,/PopupDailyQuest/PanelBody/CellDailyQuest/GroupReward/GameItemContainer1/GameItem/ItemEquipmentUI,PopupDailyQuest,ItemEquipmentUI,False,27622,no_static_sprite_pptr_found
002_UnityDataAssetPack_datapack__file110,100979,/PopupSmashedShop/Content/ImageBox/CellMerchantShop/Reward/GameItem/ItemConsumableUI/Mask/Check,PopupSmashedShop,Check,False,27903,no_static_sprite_pptr_found
002_UnityDataAssetPack_datapack__file110,100987,/PopupSmashedShop/Content/ImageBox/CellMerchantShop/Reward/GameItem/ItemConsumableUI,PopupSmashedShop,ItemConsumableUI,False,27905,no_static_sprite_pptr_found
002_UnityDataAssetPack_datapack__file110,101022,/PopupPlayerInfo3/Content/Body/Lineup/HeroesLineup2/FrontLine/HeroHeadClickable1,PopupPlayerInfo3,HeroHeadClickable1,True,27917,no_static_sprite_pptr_found
002_UnityDataAssetPack_datapack__file110,101061,/PanelHeroInfo/RightPart/BoxInfo/PanelEnable/BoxEnable/SlotMaterial/HeroMaterial2/HeroStar,PanelHeroInfo,HeroStar,True,27942,no_static_sprite_pptr_found
002_UnityDataAssetPack_datapack__file110,101066,/PanelHeroInfo/RightPart/BoxInfo/PanelEnable/BoxEnable/SlotMaterial/HeroMaterial2/TagName,PanelHeroInfo,TagName,True,27936,no_static_sprite_pptr_found
002_UnityDataAssetPack_datapack__file110,101098,/PopupBravePlayerNew/Content/ImageBody/Top/Lineup/HeroesLineup/FrontLine/HeroHeadClickable2,PopupBravePlayerNew,HeroHeadClickable2,True,27895,no_static_sprite_pptr_found
002_UnityDataAssetPack_datapack__file110,101103,/PopupDailyQuest/PanelBody/CellDailyQuest/GroupReward/GameItemContainer1/GameItem/HeroHeadClickable/HeroHeadUI/Mask/Lock,PopupDailyQuest,Lock,False,27865,no_static_sprite_pptr_found
002_UnityDataAssetPack_datapack__file110,101112,/PopupDailyQuest/PanelBody/CellDailyQuest/GroupReward/GameItemContainer1/GameItem/HeroHeadClickable/HeroHeadUI/HeroStar,PopupDailyQuest,HeroStar,True,27858,no_static_sprite_pptr_found
002_UnityDataAssetPack_datapack__file110,101129,/PopupDailyQuest/PanelBody/CellDailyQuest/GroupReward/GameItemContainer1/GameItem/HeroHeadClickable/HeroHeadUI/Mask/Check,PopupDailyQuest,Check,False,27887,no_static_sprite_pptr_found
002_UnityDataAssetPack_datapack__file110,101134,/PopupDailyQuest/PanelBody/CellDailyQuest/GroupReward/GameItemContainer1/GameItem/HeroHeadClickable/HeroHeadUI/Mask/Death,PopupDailyQuest,Death,False,27875,no_static_sprite_pptr_found
002_UnityDataAssetPack_datapack__file110,101154,/PopupDiceTarotCardFake/Body/Bgr/Content/DiceTarotCardFake,PopupDiceTarotCardFake,DiceTarotCardFake,True,19481,no_static_sprite_pptr_found
002_UnityDataAssetPack_datapack__file110,101158,/PopupTowerHistory/PanelBody/CellTowerHistory/PlayerAvatar,PopupTowerHistory,PlayerAvatar,True,27813,no_static_sprite_pptr_found
002_UnityDataAssetPack_datapack__file110,101197,/PopupHeroStoneInfo/Content/ImgBgr/GroupInfo/HeroStoneUI,PopupHeroStoneInfo,HeroStoneUI,True,27832,no_static_sprite_pptr_found
002_UnityDataAssetPack_datapack__file110,101204,/PopupHeroStoneInfo/Content/ImgBgr/GroupInfo/HeroStoneUI/Mask/ImageBgr,PopupHeroStoneInfo,ImageBgr,True,27833,no_static_sprite_pptr_found
002_UnityDataAssetPack_datapack__file110,101224,/GGEquipmentExchangeEvent/CellEquipmentExchange/GroupEquipReceive/GGEquipmentSlot (2)/EquipmentWrapper/ItemEquipmentUI,GGEquipmentExchangeEvent,ItemEquipmentUI,True,28180,no_static_sprite_pptr_found
002_UnityDataAssetPack_datapack__file110,101225,/GGEquipmentExchangeEvent/CellEquipmentExchange/GroupEquipReceive/GGEquipmentSlot (2)/EquipmentWrapper/ItemEquipmentUI/Mask/Check,GGEquipmentExchangeEvent,Check,False,28189,no_static_sprite_pptr_found
002_UnityDataAssetPack_datapack__file110,101271,/Popup7DaysEvent/Bgr/Content/PanelContent/PanelDiscount/Bgr/GameItem/ItemVipExpUI,Popup7DaysEvent,ItemVipExpUI,False,28228,no_static_sprite_pptr_found
002_UnityDataAssetPack_datapack__file110,101286,/PopupUpgradeArtifact/Body/BoxUpgrade/BoardTitle/ItemArtifactUI1/Mask/Check,PopupUpgradeArtifact,Check,False,28131,no_static_sprite_pptr_found
002_UnityDataAssetPack_datapack__file110,101298,/PopupUpgradeArtifact/Body/BoxUpgrade/BoardTitle/ItemArtifactUI1,PopupUpgradeArtifact,ItemArtifactUI1,True,28133,no_static_sprite_pptr_found
002_UnityDataAssetPack_datapack__file110,101309,/PopupMasteringHero/Contents/BoxGameChallenge/BgrScroll/CellGameChallenge/GroupReward/GameItemWrapper1/GameItem/ItemVipExpUI,PopupMasteringHero,ItemVipExpUI,False,28115,no_static_sprite_pptr_found
002_UnityDataAssetPack_datapack__file110,101313,/PopupMFStage/Content/ImageBody/GroupAction,PopupMFStage,GroupAction,True,19835,no_static_sprite_pptr_found
002_UnityDataAssetPack_datapack__file110,101316,/PanelGrowthFundEventV2/CellGrowthFundReward/Scrollview/Viewport,PanelGrowthFundEventV2,Viewport,True,31974,no_static_sprite_pptr_found
002_UnityDataAssetPack_datapack__file110,101317,/PanelGrowthFundEvent/CellGrowthFundReward/Scrollview/Viewport,PanelGrowthFundEvent,Viewport,True,31975,no_static_sprite_pptr_found
002_UnityDataAssetPack_datapack__file110,101318,/GGGrowthFundEventV2/GGCellGrowthFundV2/ScrollviewReward/Viewport,GGGrowthFundEventV2,Viewport,True,31976,no_static_sprite_pptr_found
002_UnityDataAssetPack_datapack__file110,101344,/ItemMaterial/ItemConsumableUI/Mask/Check,ItemMaterial,Check,False,28166,no_static_sprite_pptr_found
002_UnityDataAssetPack_datapack__file110,101354,/ItemMaterial/ItemConsumableUI,ItemMaterial,ItemConsumableUI,True,28167,no_static_sprite_pptr_found
002_UnityDataAssetPack_datapack__file110,101372,/PopupAllStarBet/Body/CellMatch/Player2/BoxAvatar2/PlayerAvatar,PopupAllStarBet,PlayerAvatar,True,28160,no_static_sprite_pptr_found
002_UnityDataAssetPack_datapack__file110,101389,/PopupGuildMill/Body/BoxOrder/CellMillOrder/Bonus/GameItem1/ItemConsumableUI,PopupGuildMill,ItemConsumableUI,False,28075,no_static_sprite_pptr_found
002_UnityDataAssetPack_datapack__file110,101396,/PopupGuildMill/Body/BoxOrder/CellMillOrder/Bonus/GameItem1/ItemConsumableUI/Mask/Check,PopupGuildMill,Check,False,28076,no_static_sprite_pptr_found
002_UnityDataAssetPack_datapack__file110,101403,/PopupGuildWarPlayerInfo/Content/Body/Lineup/HeroesLineup/BackLine/HeroHeadClickable3,PopupGuildWarPlayerInfo,HeroHeadClickable3,True,28103,no_static_sprite_pptr_found
002_UnityDataAssetPack_datapack__file110,101413,/PopupSelectEquipmentSet/Content/CellEquipmentSetSelect/GroupItem/ItemEquipmentUI (3)/Mask/Check,PopupSelectEquipmentSet,Check,False,28091,no_static_sprite_pptr_found
002_UnityDataAssetPack_datapack__file110,101414,/PopupSelectEquipmentSet/Content/CellEquipmentSetSelect/GroupItem/ItemEquipmentUI (3),PopupSelectEquipmentSet,ItemEquipmentUI (3),True,28099,no_static_sprite_pptr_found
002_UnityDataAssetPack_datapack__file110,101435,/PopupAllStarBetHistory/Body/PanelBetHistory/ScrollViewBetHistory/CellBetHistory/BgrBetAndResult/ImageResult,PopupAllStarBetHistory,ImageResult,True,25639,no_static_sprite_pptr_found
002_UnityDataAssetPack_datapack__file110,101476,/PopupPlayerInfo3/Content/Body/Lineup/HeroesLineup3/BackLine/HeroHeadClickable6/HeroHeadUI/HeroStar,PopupPlayerInfo3,HeroStar,True,28037,no_static_sprite_pptr_found
002_UnityDataAssetPack_datapack__file110,101485,/PopupPlayerInfo3/Content/Body/Lineup/HeroesLineup3/BackLine/HeroHeadClickable6/HeroHeadUI/Mask/Lock,PopupPlayerInfo3,Lock,False,28048,no_static_sprite_pptr_found
002_UnityDataAssetPack_datapack__file110,101509,/PopupPlayerInfo3/Content/Body/Lineup/HeroesLineup3/BackLine/HeroHeadClickable6/HeroHeadUI/Mask/Check,PopupPlayerInfo3,Check,False,28024,no_static_sprite_pptr_found
002_UnityDataAssetPack_datapack__file110,101510,/CellGameChallenge/GroupReward/GameItemWrapper2/GameItem/ItemVipExpUI,CellGameChallenge,ItemVipExpUI,False,28061,no_static_sprite_pptr_found
002_UnityDataAssetPack_datapack__file110,101514,/PopupPlayerInfo3/Content/Body/Lineup/HeroesLineup3/BackLine/HeroHeadClickable6/HeroHeadUI/Mask/Death,PopupPlayerInfo3,Death,False,28052,no_static_sprite_pptr_found
002_UnityDataAssetPack_datapack__file110,101540,/PanelEasterPrayEvent/Bgr/PanelStatue/GroupStatue/ItemStatue (1)/SkinStatue/avatar_statue/GameItem/ItemArtifactUI/Mask/Check,PanelEasterPrayEvent,Check,False,28016,no_static_sprite_pptr_found
002_UnityDataAssetPack_datapack__file110,101545,/PanelEasterPrayEvent/Bgr/PanelStatue/GroupStatue/ItemStatue (1)/SkinStatue/avatar_statue/GameItem/ItemArtifactUI,PanelEasterPrayEvent,ItemArtifactUI,True,28018,no_static_sprite_pptr_found
002_UnityDataAssetPack_datapack__file110,101562,/PanelBrokenSpacesEvent2/Bgr/GroupStage/Stage4,PanelBrokenSpacesEvent2,Stage4,True,29235,no_static_sprite_pptr_found
002_UnityDataAssetPack_datapack__file110,101564,/PopupGuildBossTopDmg/Body/CellGuildBossDmg/GameItem1/GameItem1/HeroHeadClickable,PopupGuildBossTopDmg,HeroHeadClickable,False,28476,no_static_sprite_pptr_found
002_UnityDataAssetPack_datapack__file110,101602,/GGBrokenSpaceEventV2/Content/GroupStage/BrokenSpaceStage (4),GGBrokenSpaceEventV2,BrokenSpaceStage (4),True,27386,no_static_sprite_pptr_found
002_UnityDataAssetPack_datapack__file110,101613,/PopupGuildWarPlayerInfo/Content/Body/Lineup/HeroesLineup/BackLine/HeroHeadClickable6,PopupGuildWarPlayerInfo,HeroHeadClickable6,True,28441,no_static_sprite_pptr_found
002_UnityDataAssetPack_datapack__file110,101627,/ItemBonusShow/GameItem/GroupDone/ImageCover/Image,ItemBonusShow,Image,True,22926,no_static_sprite_pptr_found
002_UnityDataAssetPack_datapack__file110,101637,/PopupPrepareGuildWar/PanelBody/FrameScroll/CellWarRegister/GroupPlayer/LineUp/HeroHeadClickable6,PopupPrepareGuildWar,HeroHeadClickable6,True,28469,no_static_sprite_pptr_found
002_UnityDataAssetPack_datapack__file110,101663,/PopupShop/Content/bgr/child_bgr/CellPopupShop/ShopItem/Item/GameItem/GroupDone/ImageCover/Image,PopupShop,Image,True,22964,no_static_sprite_pptr_found
002_UnityDataAssetPack_datapack__file110,101682,/PopupPlayerInfo3/Content/Body/Lineup/HeroesLineup1/BackLine/HeroHeadClickable3/HeroHeadUI/Mask/Check,PopupPlayerInfo3,Check,False,28349,no_static_sprite_pptr_found
002_UnityDataAssetPack_datapack__file110,101691,/PopupPlayerInfo3/Content/Body/Lineup/HeroesLineup1/BackLine/HeroHeadClickable3/HeroHeadUI/Mask/Lock,PopupPlayerInfo3,Lock,False,28341,no_static_sprite_pptr_found
002_UnityDataAssetPack_datapack__file110,101694,/PopupMFPlayerHeroes/Content/Background/GroupRevine,PopupMFPlayerHeroes,GroupRevine,True,25572,no_static_sprite_pptr_found
002_UnityDataAssetPack_datapack__file110,101695,/PopupPlayerInfo3/Content/Body/Lineup/HeroesLineup1/BackLine/HeroHeadClickable3/HeroHeadUI/HeroStar,PopupPlayerInfo3,HeroStar,True,28339,no_static_sprite_pptr_found
002_UnityDataAssetPack_datapack__file110,101704,/PopupNotifyNew,PopupNotifyNew,PopupNotifyNew,True,28454,no_static_sprite_pptr_found
002_UnityDataAssetPack_datapack__file110,101721,/PopupPlayerInfo3/Content/Body/Lineup/HeroesLineup1/BackLine/HeroHeadClickable3/HeroHeadUI/Mask/Death,PopupPlayerInfo3,Death,False,28326,no_static_sprite_pptr_found
002_UnityDataAssetPack_datapack__file110,101723,/PopupCheckin/Bgr/CellCheckinReward/GameItem/HeroHeadClickable/HeroHeadUI/Mask/Death,PopupCheckin,Death,False,28427,no_static_sprite_pptr_found
002_UnityDataAssetPack_datapack__file110,101732,/PopupCheckin/Bgr/CellCheckinReward/GameItem/HeroHeadClickable/HeroHeadUI/HeroStar,PopupCheckin,HeroStar,True,28414,no_static_sprite_pptr_found
002_UnityDataAssetPack_datapack__file110,101736,/PopupCheckin/Bgr/CellCheckinReward/GameItem/HeroHeadClickable/HeroHeadUI/Mask/Lock,PopupCheckin,Lock,False,28411,no_static_sprite_pptr_found
002_UnityDataAssetPack_datapack__file110,101746,/PopupCheckin/Bgr/CellCheckinReward/GameItem/HeroHeadClickable/HeroHeadUI/Mask/Check,PopupCheckin,Check,False,28404,no_static_sprite_pptr_found
002_UnityDataAssetPack_datapack__file110,101770,/GGEasterPrayEvent/Content/BoxStatues/GroupStatue/EasterStatue/RootScale/GameItem/ItemVipExpUI,GGEasterPrayEvent,ItemVipExpUI,False,28359,no_static_sprite_pptr_found
002_UnityDataAssetPack_datapack__file110,101774,/PopupBravePlayer/Content/ImageBody/Top/Lineup/HeroesLineup/BackLine/HeroHeadClickable6/HeroHeadUI/Mask/Death,PopupBravePlayer,Death,False,28366,no_static_sprite_pptr_found
002_UnityDataAssetPack_datapack__file110,101793,/PopupBravePlayer/Content/ImageBody/Top/Lineup/HeroesLineup/BackLine/HeroHeadClickable6/HeroHeadUI/Mask/Check,PopupBravePlayer,Check,False,28392,no_static_sprite_pptr_found
002_UnityDataAssetPack_datapack__file110,101798,/PopupBravePlayer/Content/ImageBody/Top/Lineup/HeroesLineup/BackLine/HeroHeadClickable6/HeroHeadUI/Mask/Lock,PopupBravePlayer,Lock,False,28383,no_static_sprite_pptr_found
002_UnityDataAssetPack_datapack__file110,101806,/PopupBravePlayer/Content/ImageBody/Top/Lineup/HeroesLineup/BackLine/HeroHeadClickable6/HeroHeadUI/HeroStar,PopupBravePlayer,HeroStar,True,28376,no_static_sprite_pptr_found
002_UnityDataAssetPack_datapack__file110,101819,/PanelHeroInfo/RightPart/BoxInfo/PanelSpecialEquip/Bgr/GroupContent/SideHP/GroupImage/IconTier,PanelHeroInfo,IconTier,True,30826,no_static_sprite_pptr_found
002_UnityDataAssetPack_datapack__file110,101832,/PopupPlayerInfo/Content/Body/Lineup/HeroesLineup/BackLine/HeroHeadClickable3/HeroHeadUI/Mask/Death,PopupPlayerInfo,Death,False,28285,no_static_sprite_pptr_found
002_UnityDataAssetPack_datapack__file110,101850,/PopupGuildBossTopDmg/Body/CellGuildBossDmg/GameItem1/GameItem1/ItemEquipmentUI,PopupGuildBossTopDmg,ItemEquipmentUI,False,28235,no_static_sprite_pptr_found
002_UnityDataAssetPack_datapack__file110,101851,/PopupGuildBossTopDmg/Body/CellGuildBossDmg/GameItem1/GameItem1/ItemEquipmentUI/Mask/Check,PopupGuildBossTopDmg,Check,False,28242,no_static_sprite_pptr_found
002_UnityDataAssetPack_datapack__file110,101861,/PopupPlayerInfo/Content/Body/Lineup/HeroesLineup/BackLine/HeroHeadClickable3/HeroHeadUI/Mask/Lock,PopupPlayerInfo,Lock,False,28258,no_static_sprite_pptr_found
002_UnityDataAssetPack_datapack__file110,101869,/PopupPlayerInfo/Content/Body/Lineup/HeroesLineup/BackLine/HeroHeadClickable3/HeroHeadUI/HeroStar,PopupPlayerInfo,HeroStar,True,28270,no_static_sprite_pptr_found
002_UnityDataAssetPack_datapack__file110,101870,/PopupPlayerInfo/Content/Body/Lineup/HeroesLineup/BackLine/HeroHeadClickable3/HeroHeadUI/Mask/Check,PopupPlayerInfo,Check,False,28251,no_static_sprite_pptr_found
002_UnityDataAssetPack_datapack__file110,101899,/GGEasterPrayEvent/Content/BoxStatues/GroupStatue/EasterStatue (2)/RootScale/GameItem/ItemConsumableUI,GGEasterPrayEvent,ItemConsumableUI,False,28296,no_static_sprite_pptr_found
002_UnityDataAssetPack_datapack__file110,101904,/GGEasterPrayEvent/Content/BoxStatues/GroupStatue/EasterStatue (2)/RootScale/GameItem/ItemConsumableUI/Mask/Check,GGEasterPrayEvent,Check,False,28298,no_static_sprite_pptr_found
002_UnityDataAssetPack_datapack__file110,101929,/PopupDiceTarotCardFake/Body/Bgr/Content/DiceTarotCardFake (1),PopupDiceTarotCardFake,DiceTarotCardFake (1),True,20986,no_static_sprite_pptr_found
002_UnityDataAssetPack_datapack__file110,101947,/PopupMasteringHero/Contents/BoxGameChallenge/BgrScroll/CellGameChallenge/GroupReward/GameItemWrapper2/GameItem/ItemArtifactUI/Mask/Check,PopupMasteringHero,Check,False,28655,no_static_sprite_pptr_found
002_UnityDataAssetPack_datapack__file110,101962,/PopupMasteringHero/Contents/BoxGameChallenge/BgrScroll/CellGameChallenge/GroupReward/GameItemWrapper2/GameItem/ItemArtifactUI,PopupMasteringHero,ItemArtifactUI,True,28651,no_static_sprite_pptr_found
002_UnityDataAssetPack_datapack__file110,101963,/PopupHeroESkill/Body/BoxChiPoint/MedMan/GroupEnable/ButtonESkill1/ImageSkill,PopupHeroESkill,ImageSkill,True,27212,no_static_sprite_pptr_found
002_UnityDataAssetPack_datapack__file110,101970,/PopupGuildWarPlayerInfo/Content/Body/PlayerInfo/BoxRewards/HLayout/Wrapper1/GameItem/GroupDone/ImageCover/Image,PopupGuildWarPlayerInfo,Image,True,22570,no_static_sprite_pptr_found
002_UnityDataAssetPack_datapack__file110,101989,/PopupPlayerInfo3/Content/Body/Lineup/HeroesLineup3/FrontLine/HeroHeadClickable2,PopupPlayerInfo3,HeroHeadClickable2,True,28703,no_static_sprite_pptr_found
002_UnityDataAssetPack_datapack__file110,101992,/GGEasterPrayEvent/Content/BoxStatues/GroupStatue/EasterStatue (1)/RootScale/GameItem/ItemArtifactUI,GGEasterPrayEvent,ItemArtifactUI,True,28696,no_static_sprite_pptr_found
002_UnityDataAssetPack_datapack__file110,102010,/GGEasterPrayEvent/Content/BoxStatues/GroupStatue/EasterStatue (1)/RootScale/GameItem/ItemArtifactUI/Mask/Check,GGEasterPrayEvent,Check,False,28693,no_static_sprite_pptr_found
002_UnityDataAssetPack_datapack__file110,102022,/PanelHeroInfo/RightPart/BoxInfo/Test,PanelHeroInfo,Test,False,16988,no_static_sprite_pptr_found
002_UnityDataAssetPack_datapack__file110,102038,/PopupAllStarBet/Body/CellMatch/LineSerperator,PopupAllStarBet,LineSerperator,True,29551,no_static_sprite_pptr_found
002_UnityDataAssetPack_datapack__file110,102045,/PopupPlayerInfo3/Content/Body/Lineup/HeroesLineup2/BackLine/HeroHeadClickable5/HeroHeadUI/Mask/Death,PopupPlayerInfo3,Death,False,28618,no_static_sprite_pptr_found
002_UnityDataAssetPack_datapack__file110,102051,/PopupPlayerInfo3/Content/Body/Lineup/HeroesLineup2/BackLine/HeroHeadClickable5/HeroHeadUI/HeroStar,PopupPlayerInfo3,HeroStar,True,28604,no_static_sprite_pptr_found
002_UnityDataAssetPack_datapack__file110,102059,/PopupPlayerInfo3/Content/Body/Lineup/HeroesLineup2/BackLine/HeroHeadClickable5/HeroHeadUI/Mask/Lock,PopupPlayerInfo3,Lock,False,28615,no_static_sprite_pptr_found
002_UnityDataAssetPack_datapack__file110,102084,/PopupPlayerInfo3/Content/Body/Lineup/HeroesLineup2/BackLine/HeroHeadClickable5/HeroHeadUI/Mask/Check,PopupPlayerInfo3,Check,False,28592,no_static_sprite_pptr_found
002_UnityDataAssetPack_datapack__file110,102085,/PopupTutorialFK,PopupTutorialFK,PopupTutorialFK,True,28537,no_static_sprite_pptr_found
002_UnityDataAssetPack_datapack__file110,102117,/PopupMasteringHero/Contents/BoxMastering/BoxHeroes/CellMasteringHero,PopupMasteringHero,CellMasteringHero,True,23793,no_static_sprite_pptr_found
002_UnityDataAssetPack_datapack__file110,102124,/HealthBar/Bar/ManaBarBgr/GameObject/Index1,HealthBar,Index1,True,29812,no_static_sprite_pptr_found
002_UnityDataAssetPack_datapack__file110,102140,/CellGameChallenge/GroupReward/GameItemWrapper1/GameItem/ItemArtifactUI,CellGameChallenge,ItemArtifactUI,True,28556,no_static_sprite_pptr_found
002_UnityDataAssetPack_datapack__file110,102144,/CellGameChallenge/GroupReward/GameItemWrapper1/GameItem/ItemArtifactUI/Mask/Check,CellGameChallenge,Check,False,28558,no_static_sprite_pptr_found
002_UnityDataAssetPack_datapack__file110,102163,/PopupBossFk2/Content/GroupBoss/CellBossFk2/CanvasHero/ClickArea,PopupBossFk2,ClickArea,True,28550,no_static_sprite_pptr_found
002_UnityDataAssetPack_datapack__file110,102171,/PopupUpgradeHeroFake/RightPart/BoxInfo/PanelPoint/BoxSkillDesc3,PopupUpgradeHeroFake,BoxSkillDesc3,True,23456,no_static_sprite_pptr_found
002_UnityDataAssetPack_datapack__file110,102187,/PopupPrepareGuildWar/PanelBody/FrameScroll/CellWarRegister/GroupPlayer/LineUp/HeroHeadClickable5,PopupPrepareGuildWar,HeroHeadClickable5,True,28513,no_static_sprite_pptr_found
002_UnityDataAssetPack_datapack__file110,102192,/GGEquipmentExchangeEvent/CellEquipmentExchange/GroupReqEquip/GGEquipmentSlot,GGEquipmentExchangeEvent,GGEquipmentSlot,True,29366,no_static_sprite_pptr_found
002_UnityDataAssetPack_datapack__file110,102197,/TapPopupMessage,TapPopupMessage,TapPopupMessage,True,28677,no_static_sprite_pptr_found
002_UnityDataAssetPack_datapack__file110,102198,/TapPopupMessage,TapPopupMessage,TapPopupMessage,True,28678,no_static_sprite_pptr_found
002_UnityDataAssetPack_datapack__file110,102219,/PopupMFStage/Content/ImageBody/GroupTop/BoxLineUp/Lineup/HeroesLineup/FrontLine/MFHeroHead,PopupMFStage,MFHeroHead,True,27311,no_static_sprite_pptr_found
002_UnityDataAssetPack_datapack__file110,102237,/PanelEasterPrayEvent/Bgr/PanelStatue/GroupStatue/ItemStatue (2)/ArtifactStatue/avatar_statue/GameItem/ItemArtifactUI/Mask/Check,PanelEasterPrayEvent,Check,False,28923,no_static_sprite_pptr_found
002_UnityDataAssetPack_datapack__file110,102244,/PanelEasterPrayEvent/Bgr/PanelStatue/GroupStatue/ItemStatue (2)/ArtifactStatue/avatar_statue/GameItem/ItemArtifactUI,PanelEasterPrayEvent,ItemArtifactUI,True,28921,no_static_sprite_pptr_found
002_UnityDataAssetPack_datapack__file110,102269,/EasterStatue/RootScale/GameItem/ItemArtifactUI,EasterStatue,ItemArtifactUI,True,28951,no_static_sprite_pptr_found
002_UnityDataAssetPack_datapack__file110,102275,/EasterStatue/RootScale/GameItem/ItemArtifactUI/Mask/Check,EasterStatue,Check,False,28949,no_static_sprite_pptr_found
002_UnityDataAssetPack_datapack__file110,102290,/PopupDailyQuest/PanelBody/CellDailyQuest/GroupReward/GameItemContainer2/GameItem/ItemArtifactUI/Mask/Check,PopupDailyQuest,Check,False,28973,no_static_sprite_pptr_found
002_UnityDataAssetPack_datapack__file110,102307,/PopupDailyQuest/PanelBody/CellDailyQuest/GroupReward/GameItemContainer2/GameItem/ItemArtifactUI,PopupDailyQuest,ItemArtifactUI,True,28971,no_static_sprite_pptr_found
002_UnityDataAssetPack_datapack__file110,102319,/PanelSpecialPackEvent/Bgr/PanelRight/Scrollview/Viewport,PanelSpecialPackEvent,Viewport,True,16374,no_static_sprite_pptr_found
002_UnityDataAssetPack_datapack__file110,102329,/PopupTarvenQuest/Content/Body/TopGroup/GameItem/ItemConsumableUI/Mask/Check,PopupTarvenQuest,Check,False,28841,no_static_sprite_pptr_found
002_UnityDataAssetPack_datapack__file110,102332,/PopupTarvenQuest/Content/Body/TopGroup/GameItem/ItemConsumableUI,PopupTarvenQuest,ItemConsumableUI,False,28838,no_static_sprite_pptr_found
002_UnityDataAssetPack_datapack__file110,102346,/BraveTrialStageNew,BraveTrialStageNew,BraveTrialStageNew,True,28846,no_static_sprite_pptr_found
002_UnityDataAssetPack_datapack__file110,102360,/PopupPrepareGuildWar/PanelBody/FrameScroll/CellWarRegister/GroupPlayer/LineUp/HeroHeadClickable5/HeroHeadUI/HeroStar,PopupPrepareGuildWar,HeroStar,True,28877,no_static_sprite_pptr_found
002_UnityDataAssetPack_datapack__file110,102368,/PopupPrepareGuildWar/PanelBody/FrameScroll/CellWarRegister/GroupPlayer/LineUp/HeroHeadClickable5/HeroHeadUI/Mask/Lock,PopupPrepareGuildWar,Lock,False,28870,no_static_sprite_pptr_found
002_UnityDataAssetPack_datapack__file110,102375,/PopupPrepareGuildWar/PanelBody/FrameScroll/CellWarRegister/GroupPlayer/LineUp/HeroHeadClickable5/HeroHeadUI/Mask/Check,PopupPrepareGuildWar,Check,False,28858,no_static_sprite_pptr_found
002_UnityDataAssetPack_datapack__file110,102395,/PopupPrepareGuildWar/PanelBody/FrameScroll/CellWarRegister/GroupPlayer/LineUp/HeroHeadClickable5/HeroHeadUI/Mask/Death,PopupPrepareGuildWar,Death,False,28888,no_static_sprite_pptr_found
002_UnityDataAssetPack_datapack__file110,102406,/PopupBattleEnd/Body/Content/Results/BoxArenaPoint/PlayerAvatar2,PopupBattleEnd,PlayerAvatar2,True,28897,no_static_sprite_pptr_found
002_UnityDataAssetPack_datapack__file110,102414,/TextRightHpLost/TextHp/Image,TextRightHpLost,Image,False,24464,no_static_sprite_pptr_found
002_UnityDataAssetPack_datapack__file110,102482,/PopupPlayerInfo3/Content/Body/Lineup/HeroesLineup3/FrontLine/HeroHeadClickable2/HeroHeadUI/Mask/Check,PopupPlayerInfo3,Check,False,28784,no_static_sprite_pptr_found
002_UnityDataAssetPack_datapack__file110,102483,/PopupPlayerInfo3/Content/Body/Lineup/HeroesLineup3/FrontLine/HeroHeadClickable2/HeroHeadUI/HeroStar,PopupPlayerInfo3,HeroStar,True,28804,no_static_sprite_pptr_found
002_UnityDataAssetPack_datapack__file110,102491,/PopupPlayerInfo3/Content/Body/Lineup/HeroesLineup3/FrontLine/HeroHeadClickable2/HeroHeadUI/Mask/Lock,PopupPlayerInfo3,Lock,False,28817,no_static_sprite_pptr_found
002_UnityDataAssetPack_datapack__file110,102497,/PopupPlayerInfo3/Content/Body/Lineup/HeroesLineup3/FrontLine/HeroHeadClickable2/HeroHeadUI/Mask/Death,PopupPlayerInfo3,Death,False,28791,no_static_sprite_pptr_found
002_UnityDataAssetPack_datapack__file110,102505,/CellRaidChallenge/GroupReward/GI_Wrapper/GameItem/ItemConsumableUI/Mask/Check,CellRaidChallenge,Check,False,28713,no_static_sprite_pptr_found
002_UnityDataAssetPack_datapack__file110,102512,/CellRaidChallenge/GroupReward/GI_Wrapper/GameItem/ItemConsumableUI,CellRaidChallenge,ItemConsumableUI,False,28714,no_static_sprite_pptr_found
002_UnityDataAssetPack_datapack__file110,102529,/PopupGuildWarPlayerInfo/Content/Body/PlayerInfo/BoxRewards/HLayout/Wrapper2/GameItem/ItemShardUI/Mask/Check,PopupGuildWarPlayerInfo,Check,False,28728,no_static_sprite_pptr_found
002_UnityDataAssetPack_datapack__file110,102531,/PopupGuildWarPlayerInfo/Content/Body/PlayerInfo/BoxRewards/HLayout/Wrapper2/GameItem/ItemShardUI,PopupGuildWarPlayerInfo,ItemShardUI,False,28731,no_static_sprite_pptr_found
002_UnityDataAssetPack_datapack__file110,102547,/PanelEventMiniGame/GroupContent/GroupLeft/Content/Hole/bgr/Reward/GameItem/GroupDone/ImageCover/Image,PanelEventMiniGame,Image,True,22564,no_static_sprite_pptr_found
002_UnityDataAssetPack_datapack__file110,102553,/PopupSelectReward/Body/GroupSlot/RewardSelect2/GameItem/GroupDone/ImageCover/Image,PopupSelectReward,Image,True,22558,no_static_sprite_pptr_found
002_UnityDataAssetPack_datapack__file110,102571,/CellDailyQuest/GroupReward/GameItemContainer2/GameItem/ItemVipExpUI,CellDailyQuest,ItemVipExpUI,False,28761,no_static_sprite_pptr_found
002_UnityDataAssetPack_datapack__file110,102579,/PopupPlayerInfo3/Content/Body/Lineup/HeroesLineup2/BackLine/HeroHeadClickable5,PopupPlayerInfo3,HeroHeadClickable5,True,28752,no_static_sprite_pptr_found
002_UnityDataAssetPack_datapack__file110,102594,/PanelEventHarvestDay/BoxBanner,PanelEventHarvestDay,BoxBanner,True,21026,no_static_sprite_pptr_found
002_UnityDataAssetPack_datapack__file110,102603,/PopupPlayerInfo3/Content/Body/Lineup/HeroesLineup1/BackLine/HeroHeadClickable3,PopupPlayerInfo3,HeroHeadClickable3,True,29191,no_static_sprite_pptr_found
002_UnityDataAssetPack_datapack__file110,102613,/PopupGuildBossRewards/Body/CellGuildBossReward/GameItemContainer2/GameItem2/ItemAvatarUI,PopupGuildBossRewards,ItemAvatarUI,True,29213,no_static_sprite_pptr_found
002_UnityDataAssetPack_datapack__file110,102623,/PopupCheckin/Bgr/CellCheckinReward/GameItem/HeroHeadClickable,PopupCheckin,HeroHeadClickable,False,29218,no_static_sprite_pptr_found
002_UnityDataAssetPack_datapack__file110,102624,/DummyHeroHead,DummyHeroHead,DummyHeroHead,True,25627,no_static_sprite_pptr_found
002_UnityDataAssetPack_datapack__file110,102634,/PopupBravePlayer/Content/ImageBody/Top/Lineup/HeroesLineup/BackLine/HeroHeadClickable6,PopupBravePlayer,HeroHeadClickable6,True,29196,no_static_sprite_pptr_found
002_UnityDataAssetPack_datapack__file110,102642,/GGHeroLotteryEvent/CellHeroLottery/HeroHeadWrapper/GameItem/ItemVipExpUI,GGHeroLotteryEvent,ItemVipExpUI,False,29207,no_static_sprite_pptr_found
002_UnityDataAssetPack_datapack__file110,102646,/GGEasterPrayEvent/Content/ImageBgr,GGEasterPrayEvent,ImageBgr,True,28826,no_static_sprite_pptr_found
002_UnityDataAssetPack_datapack__file110,102668,/PopupHeroSkinInfo/Body/Line,PopupHeroSkinInfo,Line,True,26939,no_static_sprite_pptr_found
002_UnityDataAssetPack_datapack__file110,102669,/PopupChangeHeroSkin/Body/Line,PopupChangeHeroSkin,Line,True,26940,no_static_sprite_pptr_found
002_UnityDataAssetPack_datapack__file110,102674,/PopupPlayerInfo/Content/Body/Lineup/HeroesLineup/BackLine/HeroHeadClickable3,PopupPlayerInfo,HeroHeadClickable3,True,29166,no_static_sprite_pptr_found
002_UnityDataAssetPack_datapack__file110,102706,/PopupGuildBossTopDmg/Body/CellGuildBossDmg/GameItem1/GameItem1/HeroHeadClickable/HeroHeadUI/HeroStar,PopupGuildBossTopDmg,HeroStar,True,29107,no_static_sprite_pptr_found
002_UnityDataAssetPack_datapack__file110,102716,/PopupGuildBossTopDmg/Body/CellGuildBossDmg/GameItem1/GameItem1/HeroHeadClickable/HeroHeadUI/Mask/Lock,PopupGuildBossTopDmg,Lock,False,29100,no_static_sprite_pptr_found
002_UnityDataAssetPack_datapack__file110,102722,/PopupGuildBossTopDmg/Body/CellGuildBossDmg/GameItem1/GameItem1/HeroHeadClickable/HeroHeadUI/Mask/Check,PopupGuildBossTopDmg,Check,False,29124,no_static_sprite_pptr_found
002_UnityDataAssetPack_datapack__file110,102741,/PopupGuildBossTopDmg/Body/CellGuildBossDmg/GameItem1/GameItem1/HeroHeadClickable/HeroHeadUI/Mask/Death,PopupGuildBossTopDmg,Death,False,29117,no_static_sprite_pptr_found
002_UnityDataAssetPack_datapack__file110,102743,/PanelBrokenSpacesEvent2/Bgr/GroupStage/Stage3,PanelBrokenSpacesEvent2,Stage3,True,16450,no_static_sprite_pptr_found
002_UnityDataAssetPack_datapack__file110,102778,/PopupBossFk2/Content/GroupBoss/CellBossFk1/CanvasHero/ClickArea,PopupBossFk2,ClickArea,True,29154,no_static_sprite_pptr_found
002_UnityDataAssetPack_datapack__file110,102785,/PanelTravelEvent/BgrTrip,PanelTravelEvent,BgrTrip,True,29143,no_static_sprite_pptr_found
002_UnityDataAssetPack_datapack__file110,102798,/PopupGuildWarPlayerInfo/Content/Body/Lineup/HeroesLineup/BackLine/HeroHeadClickable6/HeroHeadUI/Mask/Death,PopupGuildWarPlayerInfo,Death,False,28987,no_static_sprite_pptr_found
002_UnityDataAssetPack_datapack__file110,102805,/PopupGuildWarPlayerInfo/Content/Body/Lineup/HeroesLineup/BackLine/HeroHeadClickable6/HeroHeadUI/Mask/Check,PopupGuildWarPlayerInfo,Check,False,29016,no_static_sprite_pptr_found
002_UnityDataAssetPack_datapack__file110,102824,/PopupGuildWarPlayerInfo/Content/Body/Lineup/HeroesLineup/BackLine/HeroHeadClickable6/HeroHeadUI/HeroStar,PopupGuildWarPlayerInfo,HeroStar,True,29002,no_static_sprite_pptr_found
002_UnityDataAssetPack_datapack__file110,102827,/PopupGuildWarPlayerInfo/Content/Body/Lineup/HeroesLineup/BackLine/HeroHeadClickable6/HeroHeadUI/Mask/Lock,PopupGuildWarPlayerInfo,Lock,False,29000,no_static_sprite_pptr_found
002_UnityDataAssetPack_datapack__file110,102843,/PopupPrepareGuildWar/PanelBody/FrameScroll/CellWarRegister/GroupPlayer/LineUp/HeroHeadClickable6/HeroHeadUI/Mask/Death,PopupPrepareGuildWar,Death,False,29068,no_static_sprite_pptr_found
002_UnityDataAssetPack_datapack__file110,102849,/PopupPrepareGuildWar/PanelBody/FrameScroll/CellWarRegister/GroupPlayer/LineUp/HeroHeadClickable6/HeroHeadUI/HeroStar,PopupPrepareGuildWar,HeroStar,True,29049,no_static_sprite_pptr_found
002_UnityDataAssetPack_datapack__file110,102852,/PopupPrepareGuildWar/PanelBody/FrameScroll/CellWarRegister/GroupPlayer/LineUp/HeroHeadClickable6/HeroHeadUI/Mask/Lock,PopupPrepareGuildWar,Lock,False,29064,no_static_sprite_pptr_found
002_UnityDataAssetPack_datapack__file110,102877,/PopupPrepareGuildWar/PanelBody/FrameScroll/CellWarRegister/GroupPlayer/LineUp/HeroHeadClickable6/HeroHeadUI/Mask/Check,PopupPrepareGuildWar,Check,False,29081,no_static_sprite_pptr_found
002_UnityDataAssetPack_datapack__file110,102891,/PopupCheckin/Bgr/CellCheckinReward/GameItem/ItemEquipmentUI,PopupCheckin,ItemEquipmentUI,False,29030,no_static_sprite_pptr_found
002_UnityDataAssetPack_datapack__file110,102892,/PopupCheckin/Bgr/CellCheckinReward/GameItem/ItemEquipmentUI/Mask/Check,PopupCheckin,Check,False,29036,no_static_sprite_pptr_found
002_UnityDataAssetPack_datapack__file110,102925,/PopupMasteringHero/Contents/BoxGameChallenge/BgrScroll/CellGameChallenge/GroupReward/GameItemWrapper2/GameItem/ItemEquipmentUI,PopupMasteringHero,ItemEquipmentUI,False,29550,no_static_sprite_pptr_found
002_UnityDataAssetPack_datapack__file110,102926,/PopupMasteringHero/Contents/BoxGameChallenge/BgrScroll/CellGameChallenge/GroupReward/GameItemWrapper2/GameItem/ItemEquipmentUI/Mask/Check,PopupMasteringHero,Check,False,29542,no_static_sprite_pptr_found
002_UnityDataAssetPack_datapack__file110,102949,/PopupSuggest/Bgr/Content/PanelContent/ScrollContent/Viewport,PopupSuggest,Viewport,True,29887,no_static_sprite_pptr_found
002_UnityDataAssetPack_datapack__file110,102961,/PopupGuildWarPlayerInfo/Content/Body/PlayerInfo/BoxRewards/HLayout/Wrapper1/GameItem/ItemVipExpUI,PopupGuildWarPlayerInfo,ItemVipExpUI,False,29577,no_static_sprite_pptr_found
002_UnityDataAssetPack_datapack__file110,102962,/GGEasterPrayEvent/Content/BoxStatues/GroupStatue/EasterStatue (1)/RootScale/GameItem/ItemEquipmentUI/Mask/Check,GGEasterPrayEvent,Check,False,29580,no_static_sprite_pptr_found
002_UnityDataAssetPack_datapack__file110,102963,/GGEasterPrayEvent/Content/BoxStatues/GroupStatue/EasterStatue (1)/RootScale/GameItem/ItemEquipmentUI,GGEasterPrayEvent,ItemEquipmentUI,False,29569,no_static_sprite_pptr_found
002_UnityDataAssetPack_datapack__file110,102995,/PopupIdolOfRevival/Body/Bgr/Scroll View/Viewport/Content/HeroRevival/HeroHeadClickable/HeroHeadUI/Mask/Death,PopupIdolOfRevival,Death,False,29425,no_static_sprite_pptr_found
002_UnityDataAssetPack_datapack__file110,103000,/PopupIdolOfRevival/Body/Bgr/Scroll View/Viewport/Content/HeroRevival/HeroHeadClickable/HeroHeadUI/Mask/Check,PopupIdolOfRevival,Check,False,29416,no_static_sprite_pptr_found
002_UnityDataAssetPack_datapack__file110,103020,/PopupIdolOfRevival/Body/Bgr/Scroll View/Viewport/Content/HeroRevival/HeroHeadClickable/HeroHeadUI/Mask/Lock,PopupIdolOfRevival,Lock,False,29429,no_static_sprite_pptr_found
002_UnityDataAssetPack_datapack__file110,103028,/PopupIdolOfRevival/Body/Bgr/Scroll View/Viewport/Content/HeroRevival/HeroHeadClickable/HeroHeadUI/HeroStar,PopupIdolOfRevival,HeroStar,True,29440,no_static_sprite_pptr_found
002_UnityDataAssetPack_datapack__file110,103030,/PanelEasterPrayEvent/Bgr/PanelStatue/GroupStatue/ItemStatue (2)/ArtifactStatue/avatar_statue/GameItem/HeroHeadClickable/HeroHeadUI/Mask/Check,PanelEasterPrayEvent,Check,False,29403,no_static_sprite_pptr_found
002_UnityDataAssetPack_datapack__file110,103053,/PanelEasterPrayEvent/Bgr/PanelStatue/GroupStatue/ItemStatue (2)/ArtifactStatue/avatar_statue/GameItem/HeroHeadClickable/HeroHeadUI/Mask/Lock,PanelEasterPrayEvent,Lock,False,29380,no_static_sprite_pptr_found
002_UnityDataAssetPack_datapack__file110,103062,/PanelEasterPrayEvent/Bgr/PanelStatue/GroupStatue/ItemStatue (2)/ArtifactStatue/avatar_statue/GameItem/HeroHeadClickable/HeroHeadUI/HeroStar,PanelEasterPrayEvent,HeroStar,True,29393,no_static_sprite_pptr_found
002_UnityDataAssetPack_datapack__file110,103071,/PanelEasterPrayEvent/Bgr/PanelStatue/GroupStatue/ItemStatue (2)/ArtifactStatue/avatar_statue/GameItem/HeroHeadClickable/HeroHeadUI/Mask/Death,PanelEasterPrayEvent,Death,False,29377,no_static_sprite_pptr_found
002_UnityDataAssetPack_datapack__file110,103121,/EasterStatue/RootScale/GameItem/HeroHeadClickable/HeroHeadUI/Mask/Death,EasterStatue,Death,False,29510,no_static_sprite_pptr_found
002_UnityDataAssetPack_datapack__file110,103123,/PopupDailyQuest/PanelBody/CellDailyQuest/GroupReward/GameItemContainer2/GameItem/HeroHeadClickable/HeroHeadUI/Mask/Check,PopupDailyQuest,Check,False,29460,no_static_sprite_pptr_found
002_UnityDataAssetPack_datapack__file110,103129,/CellGameChallenge/GroupReward/GameItemWrapper1/GameItem/HeroHeadClickable,CellGameChallenge,HeroHeadClickable,False,29511,no_static_sprite_pptr_found
002_UnityDataAssetPack_datapack__file110,103132,/PopupDailyQuest/PanelBody/CellDailyQuest/GroupReward/GameItemContainer2/GameItem/HeroHeadClickable/HeroHeadUI/Mask/Lock,PopupDailyQuest,Lock,False,29481,no_static_sprite_pptr_found
002_UnityDataAssetPack_datapack__file110,103140,/PopupDailyQuest/PanelBody/CellDailyQuest/GroupReward/GameItemContainer2/GameItem/HeroHeadClickable/HeroHeadUI/HeroStar,PopupDailyQuest,HeroStar,True,29475,no_static_sprite_pptr_found
002_UnityDataAssetPack_datapack__file110,103145,/EasterStatue/RootScale/GameItem/HeroHeadClickable/HeroHeadUI/HeroStar,EasterStatue,HeroStar,True,29493,no_static_sprite_pptr_found
002_UnityDataAssetPack_datapack__file110,103153,/EasterStatue/RootScale/GameItem/HeroHeadClickable/HeroHeadUI/Mask/Lock,EasterStatue,Lock,False,29503,no_static_sprite_pptr_found
002_UnityDataAssetPack_datapack__file110,103155,/PopupDailyQuest/PanelBody/CellDailyQuest/GroupReward/GameItemContainer2/GameItem/HeroHeadClickable/HeroHeadUI/Mask/Death,PopupDailyQuest,Death,False,29466,no_static_sprite_pptr_found
002_UnityDataAssetPack_datapack__file110,103175,/EasterStatue/RootScale/GameItem/HeroHeadClickable/HeroHeadUI/Mask/Check,EasterStatue,Check,False,29519,no_static_sprite_pptr_found
002_UnityDataAssetPack_datapack__file110,103194,/PopupSpecialEquipUpgrade/Body/GroupRight/Bgr/PanelCoordination/Image/CurrentTier/Icon,PopupSpecialEquipUpgrade,Icon,True,17484,no_static_sprite_pptr_found
002_UnityDataAssetPack_datapack__file110,103235,/CellGameChallenge/GroupReward/GameItemWrapper1/GameItem/ItemEquipmentUI/Mask/Check,CellGameChallenge,Check,False,29365,no_static_sprite_pptr_found
002_UnityDataAssetPack_datapack__file110,103236,/CellGameChallenge/GroupReward/GameItemWrapper1/GameItem/ItemEquipmentUI,CellGameChallenge,ItemEquipmentUI,False,29353,no_static_sprite_pptr_found
002_UnityDataAssetPack_datapack__file110,103261,/Popup7DaysEvent/Bgr/Content/ItemMission7Day/Scrollview/Viewport,Popup7DaysEvent,Viewport,True,25348,no_static_sprite_pptr_found
002_UnityDataAssetPack_datapack__file110,103267,/PopupMFChooseSupport/Content/Background/GroupAction,PopupMFChooseSupport,GroupAction,True,21416,no_static_sprite_pptr_found
002_UnityDataAssetPack_datapack__file110,103273,/PopupSmashedShop/Content/ImageBox/CellMerchantShop/Reward/GameItem/ItemAvatarUI,PopupSmashedShop,ItemAvatarUI,True,29240,no_static_sprite_pptr_found
002_UnityDataAssetPack_datapack__file110,103292,/PopupMasteringHero/Contents/BoxGameChallenge/BgrScroll/CellGameChallenge/GroupReward/GameItemWrapper2/GameItem/HeroHeadClickable,PopupMasteringHero,HeroHeadClickable,False,29231,no_static_sprite_pptr_found
002_UnityDataAssetPack_datapack__file110,103293,/PopupPlayerInfo3/Content/Body/Lineup/HeroesLineup1/FrontLine/HeroHeadClickable2/HeroHeadUI/Mask/Death,PopupPlayerInfo3,Death,False,29252,no_static_sprite_pptr_found
002_UnityDataAssetPack_datapack__file110,103312,/PopupPlayerInfo3/Content/Body/Lineup/HeroesLineup1/FrontLine/HeroHeadClickable2/HeroHeadUI/Mask/Check,PopupPlayerInfo3,Check,False,29280,no_static_sprite_pptr_found
002_UnityDataAssetPack_datapack__file110,103320,/PopupPlayerInfo3/Content/Body/Lineup/HeroesLineup1/FrontLine/HeroHeadClickable2/HeroHeadUI/Mask/Lock,PopupPlayerInfo3,Lock,False,29270,no_static_sprite_pptr_found
002_UnityDataAssetPack_datapack__file110,103328,/PopupPlayerInfo3/Content/Body/Lineup/HeroesLineup1/FrontLine/HeroHeadClickable2/HeroHeadUI/HeroStar,PopupPlayerInfo3,HeroStar,True,29263,no_static_sprite_pptr_found
002_UnityDataAssetPack_datapack__file110,103338,/PopupGuildWarPlayerInfo/Content/Body/Lineup/HeroesLineup/FrontLine/HeroHeadClickable1/HeroHeadUI/Mask/Death,PopupGuildWarPlayerInfo,Death,False,29300,no_static_sprite_pptr_found
002_UnityDataAssetPack_datapack__file110,103360,/PopupGuildWarPlayerInfo/Content/Body/Lineup/HeroesLineup/FrontLine/HeroHeadClickable1/HeroHeadUI/Mask/Check,PopupGuildWarPlayerInfo,Check,False,29290,no_static_sprite_pptr_found
002_UnityDataAssetPack_datapack__file110,103365,/PopupGuildWarPlayerInfo/Content/Body/Lineup/HeroesLineup/FrontLine/HeroHeadClickable1/HeroHeadUI/HeroStar,PopupGuildWarPlayerInfo,HeroStar,True,29310,no_static_sprite_pptr_found
002_UnityDataAssetPack_datapack__file110,103373,/PopupGuildWarPlayerInfo/Content/Body/Lineup/HeroesLineup/FrontLine/HeroHeadClickable1/HeroHeadUI/Mask/Lock,PopupGuildWarPlayerInfo,Lock,False,29320,no_static_sprite_pptr_found
002_UnityDataAssetPack_datapack__file110,103380,/GGEasterPrayEvent/Content/BoxStatues/GroupStatue/EasterStatue (1)/RootScale/GameItem/HeroHeadClickable,GGEasterPrayEvent,HeroHeadClickable,False,29284,no_static_sprite_pptr_found
002_UnityDataAssetPack_datapack__file110,103392,/PanelHeroInfo/RightPart/BoxInfo/PanelEquipment/SlotShoes/ItemEquipmentUI,PanelHeroInfo,ItemEquipmentUI,True,29775,no_static_sprite_pptr_found
002_UnityDataAssetPack_datapack__file110,103393,/PanelHeroInfo/RightPart/BoxInfo/PanelEquipment/SlotShoes/ItemEquipmentUI/Mask/Check,PanelHeroInfo,Check,False,29785,no_static_sprite_pptr_found
002_UnityDataAssetPack_datapack__file110,103415,/PanelEventRollCall/ListRollCall/CellRollCall/GroupBonus1/CoverReceived1,PanelEventRollCall,CoverReceived1,True,16110,no_static_sprite_pptr_found
002_UnityDataAssetPack_datapack__file110,103430,/PopupGuildMill/Body/BoxOrder/CellMillOrder/Bonus/GameItem1/ItemAvatarUI,PopupGuildMill,ItemAvatarUI,True,29796,no_static_sprite_pptr_found
002_UnityDataAssetPack_datapack__file110,103451,/Popup7DaysEvent/Bgr/Content/TabEventGroup/Viewport,Popup7DaysEvent,Viewport,True,23343,no_static_sprite_pptr_found
002_UnityDataAssetPack_datapack__file110,103457,/PopupHeroESkill/Body/BoxChiPoint/MedMan/PanelESkillDetail/Background/GroupTitle/SkillIcon,PopupHeroESkill,SkillIcon,True,30258,no_static_sprite_pptr_found
002_UnityDataAssetPack_datapack__file110,103465,/PopupMFChooseSupport/Content/CellMFHeroSupport/GroupHead/HeroHeadClickable/HeroHeadUI/Mask/Death,PopupMFChooseSupport,Death,False,29743,no_static_sprite_pptr_found
002_UnityDataAssetPack_datapack__file110,103476,/PopupMFChooseSupport/Content/CellMFHeroSupport/GroupHead/HeroHeadClickable/HeroHeadUI/Mask/Lock,PopupMFChooseSupport,Lock,False,29730,no_static_sprite_pptr_found
002_UnityDataAssetPack_datapack__file110,103482,/PopupMFChooseSupport/Content/CellMFHeroSupport/GroupHead/HeroHeadClickable/HeroHeadUI/HeroStar,PopupMFChooseSupport,HeroStar,True,29726,no_static_sprite_pptr_found
002_UnityDataAssetPack_datapack__file110,103488,/ItemBonusShow/GameItem/ItemVipExpUI,ItemBonusShow,ItemVipExpUI,False,29740,no_static_sprite_pptr_found
002_UnityDataAssetPack_datapack__file110,103505,/PopupMFChooseSupport/Content/CellMFHeroSupport/GroupHead/HeroHeadClickable/HeroHeadUI/Mask/Check,PopupMFChooseSupport,Check,False,29712,no_static_sprite_pptr_found
002_UnityDataAssetPack_datapack__file110,103517,/PopupGuildWarPlayerInfo/Content/Body/Lineup/HeroesLineup/BackLine/HeroHeadClickable4,PopupGuildWarPlayerInfo,HeroHeadClickable4,True,29754,no_static_sprite_pptr_found
002_UnityDataAssetPack_datapack__file110,103527,/PanelTravelEvent/BgrTrip/PanelChest/chest_3,PanelTravelEvent,chest_3,True,26764,no_static_sprite_pptr_found
002_UnityDataAssetPack_datapack__file110,103560,/PopupShop/Content/bgr/child_bgr/CellPopupShop/ShopItem/Item/GameItem/ItemVipExpUI,PopupShop,ItemVipExpUI,False,29631,no_static_sprite_pptr_found
002_UnityDataAssetPack_datapack__file110,103568,/GGEasterPrayEvent/Content/BoxStatues/GroupStatue/EasterStatue (2)/RootScale/GameItem/ItemShardUI/Mask/Check,GGEasterPrayEvent,Check,False,29687,no_static_sprite_pptr_found
002_UnityDataAssetPack_datapack__file110,103569,/GGEasterPrayEvent/Content/BoxStatues/GroupStatue/EasterStatue (2)/RootScale/GameItem/ItemShardUI,GGEasterPrayEvent,ItemShardUI,False,29690,no_static_sprite_pptr_found
002_UnityDataAssetPack_datapack__file110,103614,/PanelBrokenSpacesEvent2/Bgr,PanelBrokenSpacesEvent2,Bgr,True,29641,no_static_sprite_pptr_found
002_UnityDataAssetPack_datapack__file110,103617,/PanelBrokenSpacesEvent2/BgrPopup,PanelBrokenSpacesEvent2,BgrPopup,False,29647,no_static_sprite_pptr_found
002_UnityDataAssetPack_datapack__file110,103618,/GGBrokenSpaceEventV2/Content/ImageBgr,GGBrokenSpaceEventV2,ImageBgr,True,29648,no_static_sprite_pptr_found
002_UnityDataAssetPack_datapack__file110,103655,/GGEasterPrayEvent/Content/BoxStatues/GroupStatue/EasterStatue/RootScale/GameItem/GroupDone/ImageCover/Image,GGEasterPrayEvent,Image,True,23730,no_static_sprite_pptr_found
002_UnityDataAssetPack_datapack__file110,103664,/PopupGuildBossTopDmg/Body/CellGuildBossDmg/GameItem1/GameItem1/ItemArtifactUI,PopupGuildBossTopDmg,ItemArtifactUI,True,29603,no_static_sprite_pptr_found
002_UnityDataAssetPack_datapack__file110,103678,/PopupGuildBossTopDmg/Body/CellGuildBossDmg/GameItem1/GameItem1/ItemArtifactUI/Mask/Check,PopupGuildBossTopDmg,Check,False,29602,no_static_sprite_pptr_found
002_UnityDataAssetPack_datapack__file110,103691,/PopupLunarEvent/Bgr/Content/ListTab/Tab1/Content/PanelCenter/IndexLiXi/Image,PopupLunarEvent,Image,True,29794,no_static_sprite_pptr_found
002_UnityDataAssetPack_datapack__file110,103734,/PopupEventMonopoly/ImageBgr/GroupPlayer/CanvasHero/ClickArea,PopupEventMonopoly,ClickArea,True,29958,no_static_sprite_pptr_found
002_UnityDataAssetPack_datapack__file110,103746,/PopupHeroSkinInfo/Body/Infos/SkinHead,PopupHeroSkinInfo,SkinHead,True,16294,no_static_sprite_pptr_found
002_UnityDataAssetPack_datapack__file110,103747,/PopupChangeHeroSkin/Body/Infos/SkinHead,PopupChangeHeroSkin,SkinHead,True,16295,no_static_sprite_pptr_found
002_UnityDataAssetPack_datapack__file110,103759,/GGHeroLotteryEvent/CellHeroLottery/HeroHeadWrapper/GameItem/GroupDone/ImageCover/Image,GGHeroLotteryEvent,Image,True,23276,no_static_sprite_pptr_found
002_UnityDataAssetPack_datapack__file110,103806,/PopupEventMonopoly/ImageBgr/GroupBoss/CanvasHero/ClickArea,PopupEventMonopoly,ClickArea,True,29939,no_static_sprite_pptr_found
002_UnityDataAssetPack_datapack__file110,103835,/GGBrokenSpaceEventV2/Content/GroupStage/BrokenSpaceStage (6),GGBrokenSpaceEventV2,BrokenSpaceStage (6),True,27056,no_static_sprite_pptr_found
002_UnityDataAssetPack_datapack__file110,103849,/PopupMFChooseSupport/Content/CellMFHeroSupport/GroupHead/HeroHeadClickable,PopupMFChooseSupport,HeroHeadClickable,True,29811,no_static_sprite_pptr_found
002_UnityDataAssetPack_datapack__file110,103859,/PopupGuildWarPlayerInfo/Content/Body/Lineup/HeroesLineup/BackLine/HeroHeadClickable4/HeroHeadUI/Mask/Death,PopupGuildWarPlayerInfo,Death,False,29829,no_static_sprite_pptr_found
002_UnityDataAssetPack_datapack__file110,103864,/PopupGuildWarPlayerInfo/Content/Body/Lineup/HeroesLineup/BackLine/HeroHeadClickable4/HeroHeadUI/Mask/Check,PopupGuildWarPlayerInfo,Check,False,29853,no_static_sprite_pptr_found
002_UnityDataAssetPack_datapack__file110,103881,/PopupGuildWarPlayerInfo/Content/Body/Lineup/HeroesLineup/BackLine/HeroHeadClickable4/HeroHeadUI/HeroStar,PopupGuildWarPlayerInfo,HeroStar,True,29847,no_static_sprite_pptr_found
002_UnityDataAssetPack_datapack__file110,103889,/PopupGuildWarPlayerInfo/Content/Body/Lineup/HeroesLineup/BackLine/HeroHeadClickable4/HeroHeadUI/Mask/Lock,PopupGuildWarPlayerInfo,Lock,False,29841,no_static_sprite_pptr_found
002_UnityDataAssetPack_datapack__file110,103910,/PopupShopFk2,PopupShopFk2,PopupShopFk2,True,29973,no_static_sprite_pptr_found
002_UnityDataAssetPack_datapack__file110,103911,/PopupShopFakeEn,PopupShopFakeEn,PopupShopFakeEn,True,29974,no_static_sprite_pptr_found
002_UnityDataAssetPack_datapack__file110,103912,/PopupLineupFk,PopupLineupFk,PopupLineupFk,True,29975,no_static_sprite_pptr_found
002_UnityDataAssetPack_datapack__file110,103913,/PopupBossFk,PopupBossFk,PopupBossFk,True,29976,no_static_sprite_pptr_found
002_UnityDataAssetPack_datapack__file110,103914,/PopupShopFk,PopupShopFk,PopupShopFk,True,29977,no_static_sprite_pptr_found
002_UnityDataAssetPack_datapack__file110,103915,/PopupBossFk2,PopupBossFk2,PopupBossFk2,True,29978,no_static_sprite_pptr_found
002_UnityDataAssetPack_datapack__file110,103918,/PopupCheckin/Bgr/CellCheckinReward/GameItem/ItemArtifactUI,PopupCheckin,ItemArtifactUI,True,29877,no_static_sprite_pptr_found
002_UnityDataAssetPack_datapack__file110,103934,/PopupCheckin/Bgr/CellCheckinReward/GameItem/ItemArtifactUI/Mask/Check,PopupCheckin,Check,False,29875,no_static_sprite_pptr_found
002_UnityDataAssetPack_datapack__file110,103979,/PanelEasterPrayEvent/Bgr/PanelStatue/GroupStatue/ItemStatue (2)/ArtifactStatue/avatar_statue/GameItem/ItemEquipmentUI/Mask/Check,PanelEasterPrayEvent,Check,False,30237,no_static_sprite_pptr_found
002_UnityDataAssetPack_datapack__file110,103980,/PanelEasterPrayEvent/Bgr/PanelStatue/GroupStatue/ItemStatue (2)/ArtifactStatue/avatar_statue/GameItem/ItemEquipmentUI,PanelEasterPrayEvent,ItemEquipmentUI,False,30248,no_static_sprite_pptr_found
002_UnityDataAssetPack_datapack__file110,104015,/PopupTarvenQuest/Content/Body/TopGroup/GameItem/ItemShardUI/Mask/Check,PopupTarvenQuest,Check,False,30262,no_static_sprite_pptr_found
002_UnityDataAssetPack_datapack__file110,104017,/PopupTarvenQuest/Content/Body/TopGroup/GameItem/ItemShardUI,PopupTarvenQuest,ItemShardUI,False,30265,no_static_sprite_pptr_found
002_UnityDataAssetPack_datapack__file110,104051,/EasterStatue/RootScale/GameItem/ItemEquipmentUI/Mask/Check,EasterStatue,Check,False,30302,no_static_sprite_pptr_found
002_UnityDataAssetPack_datapack__file110,104052,/EasterStatue/RootScale/GameItem/ItemEquipmentUI,EasterStatue,ItemEquipmentUI,False,30291,no_static_sprite_pptr_found
002_UnityDataAssetPack_datapack__file110,104076,/PopupDailyQuest/PanelBody/CellDailyQuest/GroupReward/GameItemContainer2/GameItem/ItemEquipmentUI/Mask/Check,PopupDailyQuest,Check,False,30312,no_static_sprite_pptr_found
002_UnityDataAssetPack_datapack__file110,104077,/PopupDailyQuest/PanelBody/CellDailyQuest/GroupReward/GameItemContainer2/GameItem/ItemEquipmentUI,PopupDailyQuest,ItemEquipmentUI,False,30318,no_static_sprite_pptr_found
002_UnityDataAssetPack_datapack__file110,104111,/PopupMasteringHero/Contents/BoxGameChallenge/BgrScroll/CellGameChallenge/GroupReward/GameItemWrapper2/GameItem/HeroHeadClickable/HeroHeadUI/Mask/Death,PopupMasteringHero,Death,False,30143,no_static_sprite_pptr_found
002_UnityDataAssetPack_datapack__file110,104129,/PopupMasteringHero/Contents/BoxGameChallenge/BgrScroll/CellGameChallenge/GroupReward/GameItemWrapper2/GameItem/HeroHeadClickable/HeroHeadUI/Mask/Check,PopupMasteringHero,Check,False,30167,no_static_sprite_pptr_found
002_UnityDataAssetPack_datapack__file110,104136,/PopupMasteringHero/Contents/BoxGameChallenge/BgrScroll/CellGameChallenge/GroupReward/GameItemWrapper2/GameItem/HeroHeadClickable/HeroHeadUI/Mask/Lock,PopupMasteringHero,Lock,False,30160,no_static_sprite_pptr_found
002_UnityDataAssetPack_datapack__file110,104139,/PopupMasteringHero/Contents/BoxGameChallenge/BgrScroll/CellGameChallenge/GroupReward/GameItemWrapper2/GameItem/HeroHeadClickable/HeroHeadUI/HeroStar,PopupMasteringHero,HeroStar,True,30157,no_static_sprite_pptr_found
002_UnityDataAssetPack_datapack__file110,104155,/PopupPlayerInfo3/Content/Body/Lineup/HeroesLineup1/FrontLine/HeroHeadClickable2,PopupPlayerInfo3,HeroHeadClickable2,True,30180,no_static_sprite_pptr_found
002_UnityDataAssetPack_datapack__file110,104163,/PopupGuildWarPlayerInfo/Content/Body/Lineup/HeroesLineup/FrontLine/HeroHeadClickable1,PopupGuildWarPlayerInfo,HeroHeadClickable1,True,30223,no_static_sprite_pptr_found
002_UnityDataAssetPack_datapack__file110,104166,/GGEasterPrayEvent/Content/BoxStatues/GroupStatue/EasterStatue (1)/RootScale/GameItem/HeroHeadClickable/HeroHeadUI/Mask/Death,GGEasterPrayEvent,Death,False,30214,no_static_sprite_pptr_found
002_UnityDataAssetPack_datapack__file110,104177,/GGEasterPrayEvent/Content/BoxStatues/GroupStatue/EasterStatue (1)/RootScale/GameItem/HeroHeadClickable/HeroHeadUI/HeroStar,GGEasterPrayEvent,HeroStar,True,30201,no_static_sprite_pptr_found
002_UnityDataAssetPack_datapack__file110,104180,/GGEasterPrayEvent/Content/BoxStatues/GroupStatue/EasterStatue (1)/RootScale/GameItem/HeroHeadClickable/HeroHeadUI/Mask/Lock,GGEasterPrayEvent,Lock,False,30198,no_static_sprite_pptr_found
002_UnityDataAssetPack_datapack__file110,104187,/GGEasterPrayEvent/Content/BoxStatues/GroupStatue/EasterStatue (1)/RootScale/GameItem/HeroHeadClickable/HeroHeadUI/Mask/Check,GGEasterPrayEvent,Check,False,30191,no_static_sprite_pptr_found
002_UnityDataAssetPack_datapack__file110,104212,/PopupGuildWarPlayerInfo/Content/Body/PlayerInfo/BoxRewards/HLayout/Wrapper2/GameItem/ItemConsumableUI/Mask/Check,PopupGuildWarPlayerInfo,Check,False,30076,no_static_sprite_pptr_found
002_UnityDataAssetPack_datapack__file110,104218,/PopupGuildWarPlayerInfo/Content/Body/PlayerInfo/BoxRewards/HLayout/Wrapper2/GameItem/ItemConsumableUI,PopupGuildWarPlayerInfo,ItemConsumableUI,False,30073,no_static_sprite_pptr_found
002_UnityDataAssetPack_datapack__file110,104241,/CellRaidChallenge/GroupReward/GI_Wrapper/GameItem/ItemShardUI,CellRaidChallenge,ItemShardUI,False,30088,no_static_sprite_pptr_found
002_UnityDataAssetPack_datapack__file110,104243,/CellRaidChallenge/GroupReward/GI_Wrapper/GameItem/ItemShardUI/Mask/Check,CellRaidChallenge,Check,False,30090,no_static_sprite_pptr_found
002_UnityDataAssetPack_datapack__file110,104291,/PanelEventMiniGame/GroupContent/GroupLeft/Content/Hole/bgr/Reward/GameItem/ItemVipExpUI,PanelEventMiniGame,ItemVipExpUI,False,30003,no_static_sprite_pptr_found
002_UnityDataAssetPack_datapack__file110,104297,/PopupSelectReward/Body/GroupSlot/RewardSelect2/GameItem/ItemVipExpUI,PopupSelectReward,ItemVipExpUI,False,30009,no_static_sprite_pptr_found
002_UnityDataAssetPack_datapack__file110,104299,/PopupIdolOfRevival/Body/Bgr/Scroll View/Viewport/Content/HeroRevival/HeroHeadClickable,PopupIdolOfRevival,HeroHeadClickable,True,30004,no_static_sprite_pptr_found
002_UnityDataAssetPack_datapack__file110,104314,/PanelEasterPrayEvent/Bgr/PanelStatue/GroupStatue/ItemStatue (2)/ArtifactStatue/avatar_statue/GameItem/HeroHeadClickable,PanelEasterPrayEvent,HeroHeadClickable,False,29997,no_static_sprite_pptr_found
002_UnityDataAssetPack_datapack__file110,104341,/PopupDailyQuest/PanelBody/CellDailyQuest/GroupReward/GameItemContainer2/GameItem/HeroHeadClickable,PopupDailyQuest,HeroHeadClickable,False,30069,no_static_sprite_pptr_found
002_UnityDataAssetPack_datapack__file110,104347,/CellGameChallenge/GroupReward/GameItemWrapper1/GameItem/HeroHeadClickable/HeroHeadUI/Mask/Lock,CellGameChallenge,Lock,False,30046,no_static_sprite_pptr_found
002_UnityDataAssetPack_datapack__file110,104351,/CellGameChallenge/GroupReward/GameItemWrapper1/GameItem/HeroHeadClickable/HeroHeadUI/HeroStar,CellGameChallenge,HeroStar,True,30043,no_static_sprite_pptr_found
002_UnityDataAssetPack_datapack__file110,104370,/CellGameChallenge/GroupReward/GameItemWrapper1/GameItem/HeroHeadClickable/HeroHeadUI/Mask/Check,CellGameChallenge,Check,False,30064,no_static_sprite_pptr_found
002_UnityDataAssetPack_datapack__file110,104382,/CellDailyQuest/GroupReward/GameItemContainer2/GameItem/GroupDone/ImageCover/Image,CellDailyQuest,Image,True,23197,no_static_sprite_pptr_found
002_UnityDataAssetPack_datapack__file110,104384,/CellGameChallenge/GroupReward/GameItemWrapper1/GameItem/HeroHeadClickable/HeroHeadUI/Mask/Death,CellGameChallenge,Death,False,30057,no_static_sprite_pptr_found
002_UnityDataAssetPack_datapack__file110,104386,/EasterStatue/RootScale/GameItem/HeroHeadClickable,EasterStatue,HeroHeadClickable,False,30051,no_static_sprite_pptr_found
002_UnityDataAssetPack_datapack__file110,104393,/PopupHeroAwakenResult/Body/BoxHead/HeroHeadUI (1)/Mask/Death,PopupHeroAwakenResult,Death,False,30538,no_static_sprite_pptr_found
002_UnityDataAssetPack_datapack__file110,104402,/PopupHeroAwakenResult/Body/BoxHead/HeroHeadUI (1)/HeroStar,PopupHeroAwakenResult,HeroStar,True,30521,no_static_sprite_pptr_found
002_UnityDataAssetPack_datapack__file110,104405,/PopupHeroAwakenResult/Body/BoxHead/HeroHeadUI (1)/Mask/Lock,PopupHeroAwakenResult,Lock,False,30536,no_static_sprite_pptr_found
002_UnityDataAssetPack_datapack__file110,104428,/PopupHeroAwakenResult/Body/BoxHead/HeroHeadUI (1)/Mask/Check,PopupHeroAwakenResult,Check,False,30519,no_static_sprite_pptr_found
002_UnityDataAssetPack_datapack__file110,104442,/GameItemFeeEquip/GameItem/ItemConsumableUI,GameItemFeeEquip,ItemConsumableUI,False,30553,no_static_sprite_pptr_found
002_UnityDataAssetPack_datapack__file110,104445,/GameItemFeeEquip/GameItem/ItemConsumableUI/Mask/Check,GameItemFeeEquip,Check,False,30551,no_static_sprite_pptr_found
002_UnityDataAssetPack_datapack__file110,104483,/PopupGuildBossAttack/Body/BoxTopDmg/CellGuildBossDmg/Avatar/PlayerAvatar,PopupGuildBossAttack,PlayerAvatar,True,30571,no_static_sprite_pptr_found
002_UnityDataAssetPack_datapack__file110,104497,/PopupDailyQuest/PanelBody/CellDailyQuest/GroupReward/GameItemContainer1/GameItem/ItemVipExpUI,PopupDailyQuest,ItemVipExpUI,False,30453,no_static_sprite_pptr_found
002_UnityDataAssetPack_datapack__file110,104520,/PopupGuildMill/Body/BoxOrder/CellMillOrder/Bonus/GameItem2/ItemArtifactUI/Mask/Check,PopupGuildMill,Check,False,30477,no_static_sprite_pptr_found
002_UnityDataAssetPack_datapack__file110,104529,/PopupGuildMill/Body/BoxOrder/CellMillOrder/Bonus/GameItem2/ItemArtifactUI,PopupGuildMill,ItemArtifactUI,True,30476,no_static_sprite_pptr_found
002_UnityDataAssetPack_datapack__file110,104547,/PopupTowerLevelInfo/PanelBody/BoxHeroes1/GroupHeroes/HeroHeadClickable (5),PopupTowerLevelInfo,HeroHeadClickable (5),True,30489,no_static_sprite_pptr_found
002_UnityDataAssetPack_datapack__file110,104614,/PopupSpecialEquipUpgrade/Body/GroupLeft/Bgr/GroupContent/SideHp/GroupImageHp/IconHp,PopupSpecialEquipUpgrade,IconHp,True,30429,no_static_sprite_pptr_found
002_UnityDataAssetPack_datapack__file110,104616,/PopupSpecialEquipUpgrade/Body/GroupLeft/Bgr/GroupContent/SideAttack/GroupImageAttack/IconAttack,PopupSpecialEquipUpgrade,IconAttack,True,30431,no_static_sprite_pptr_found
002_UnityDataAssetPack_datapack__file110,104649,/PopupAllStarsTop4/Body/BoxPlayIn4/BoxAllStarsPlayer2/PlayerAvatar,PopupAllStarsTop4,PlayerAvatar,True,30359,no_static_sprite_pptr_found
002_UnityDataAssetPack_datapack__file110,104661,/CellDailyQuest/GroupReward/GameItemContainer1/GameItem/ItemArtifactUI,CellDailyQuest,ItemArtifactUI,True,30365,no_static_sprite_pptr_found
002_UnityDataAssetPack_datapack__file110,104665,/CellDailyQuest/GroupReward/GameItemContainer1/GameItem/ItemArtifactUI/Mask/Check,CellDailyQuest,Check,False,30368,no_static_sprite_pptr_found
002_UnityDataAssetPack_datapack__file110,104686,/PopupBravePlayerNew/Content/ImageBody/Top/Lineup/HeroesLineup/FrontLine/HeroHeadClickable1,PopupBravePlayerNew,HeroHeadClickable1,True,30392,no_static_sprite_pptr_found
002_UnityDataAssetPack_datapack__file110,104692,/PopupEventMonopoly/ImageBgr/DiceMap/Tiles/DiceTile5/TileResource/ImageItem,PopupEventMonopoly,ImageItem,True,30486,no_static_sprite_pptr_found
002_UnityDataAssetPack_datapack__file110,104702,/PanelEvent2PackVertical/BoxPackage1/ImagePack1,PanelEvent2PackVertical,ImagePack1,True,27971,no_static_sprite_pptr_found
002_UnityDataAssetPack_datapack__file110,104718,/GameItemWrapper/GameItem/ItemAvatarUI,GameItemWrapper,ItemAvatarUI,True,30334,no_static_sprite_pptr_found
002_UnityDataAssetPack_datapack__file110,104739,/PopupChatNew/AnchorLeft/Content/BoxSetting,PopupChatNew,BoxSetting,False,27323,no_static_sprite_pptr_found
002_UnityDataAssetPack_datapack__file110,104743,/PopupDungeonBuyItem/Content/GameItem/GroupDone/ImageCover/Image,PopupDungeonBuyItem,Image,True,21112,no_static_sprite_pptr_found
002_UnityDataAssetPack_datapack__file110,104775,/CellGameChallenge/GroupReward/GameItemWrapper2/GameItem/HeroHeadClickable/HeroHeadUI/Mask/Death,CellGameChallenge,Death,False,30884,no_static_sprite_pptr_found
002_UnityDataAssetPack_datapack__file110,104781,/CellGameChallenge/GroupReward/GameItemWrapper2/GameItem/HeroHeadClickable/HeroHeadUI/Mask/Lock,CellGameChallenge,Lock,False,30859,no_static_sprite_pptr_found
002_UnityDataAssetPack_datapack__file110,104784,/CellGameChallenge/GroupReward/GameItemWrapper2/GameItem/HeroHeadClickable/HeroHeadUI/HeroStar,CellGameChallenge,HeroStar,True,30874,no_static_sprite_pptr_found
002_UnityDataAssetPack_datapack__file110,104787,/CellGameChallenge/GroupReward/GameItemWrapper2/GameItem/HeroHeadClickable/HeroHeadUI/Mask/Check,CellGameChallenge,Check,False,30854,no_static_sprite_pptr_found
002_UnityDataAssetPack_datapack__file110,104815,/CellRaidChallenge/GroupReward/GI_Wrapper/GameItem/ItemConsumableUI/Mask/Check,CellRaidChallenge,Check,False,30846,no_static_sprite_pptr_found
002_UnityDataAssetPack_datapack__file110,104820,/CellRaidChallenge/GroupReward/GI_Wrapper/GameItem/ItemConsumableUI,CellRaidChallenge,ItemConsumableUI,False,30844,no_static_sprite_pptr_found
002_UnityDataAssetPack_datapack__file110,104856,/GGDauDanhTrangEvent/CellReward/DauDanhTrangItem/ScaleGameItem/GameItem/ItemEquipmentUI/Mask/Check,GGDauDanhTrangEvent,Check,False,30892,no_static_sprite_pptr_found
002_UnityDataAssetPack_datapack__file110,104857,/PanelDauDanhTrangEvent/CellDauDanhTrangReward/DauDanhTrangItem/ScaleGameItem/GameItem/ItemEquipmentUI/Mask/Check,PanelDauDanhTrangEvent,Check,False,30893,no_static_sprite_pptr_found
002_UnityDataAssetPack_datapack__file110,104858,/GGDauDanhTrangEvent/CellReward/DauDanhTrangItem/ScaleGameItem/GameItem/ItemEquipmentUI,GGDauDanhTrangEvent,ItemEquipmentUI,False,30910,no_static_sprite_pptr_found
002_UnityDataAssetPack_datapack__file110,104859,/PanelDauDanhTrangEvent/CellDauDanhTrangReward/DauDanhTrangItem/ScaleGameItem/GameItem/ItemEquipmentUI,PanelDauDanhTrangEvent,ItemEquipmentUI,False,30911,no_static_sprite_pptr_found
002_UnityDataAssetPack_datapack__file110,104900,/PopupLuckySpinFK/Content/BoxSpin/Spin/Arcs/Arc4,PopupLuckySpinFK,Arc4,False,30750,no_static_sprite_pptr_found
002_UnityDataAssetPack_datapack__file110,104908,/PanelEasterPrayEvent/Bgr/GroupButton/ButtonAction1/iconTypeActiveItem,PanelEasterPrayEvent,iconTypeActiveItem,True,25768,no_static_sprite_pptr_found
002_UnityDataAssetPack_datapack__file110,104974,/PopupChatNew/AnchorLeft/Content/BoxChatScroll/ItemChatOther/PanelAvatar/PlayerAvatar,PopupChatNew,PlayerAvatar,True,30762,no_static_sprite_pptr_found
002_UnityDataAssetPack_datapack__file110,104980,/PopupDungeonStageHero/Body/Lineup/HeroesLineup/HeroHeadClickable4/HeroHeadUI/Mask/Lock,PopupDungeonStageHero,Lock,False,30722,no_static_sprite_pptr_found
002_UnityDataAssetPack_datapack__file110,104988,/PopupDungeonStageHero/Body/Lineup/HeroesLineup/HeroHeadClickable4/HeroHeadUI/HeroStar,PopupDungeonStageHero,HeroStar,True,30734,no_static_sprite_pptr_found
002_UnityDataAssetPack_datapack__file110,104990,/PopupDungeonStageHero/Body/Lineup/HeroesLineup/HeroHeadClickable4/HeroHeadUI/Mask/Check,PopupDungeonStageHero,Check,False,30755,no_static_sprite_pptr_found
002_UnityDataAssetPack_datapack__file110,105011,/PopupDungeonStageHero/Body/Lineup/HeroesLineup/HeroHeadClickable4/HeroHeadUI/Mask/Death,PopupDungeonStageHero,Death,False,30747,no_static_sprite_pptr_found
002_UnityDataAssetPack_datapack__file110,105021,/PopupMasteringHero/Contents/BoxGameChallenge/BgrScroll/CellGameChallenge/GroupReward/GameItemWrapper1/GameItem/HeroHeadClickable/HeroHeadUI/Mask/Check,PopupMasteringHero,Check,False,30767,no_static_sprite_pptr_found
002_UnityDataAssetPack_datapack__file110,105046,/PopupMasteringHero/Contents/BoxGameChallenge/BgrScroll/CellGameChallenge/GroupReward/GameItemWrapper1/GameItem/HeroHeadClickable/HeroHeadUI/Mask/Lock,PopupMasteringHero,Lock,False,30783,no_static_sprite_pptr_found
002_UnityDataAssetPack_datapack__file110,105049,/PopupMasteringHero/Contents/BoxGameChallenge/BgrScroll/CellGameChallenge/GroupReward/GameItemWrapper1/GameItem/HeroHeadClickable/HeroHeadUI/HeroStar,PopupMasteringHero,HeroStar,True,30801,no_static_sprite_pptr_found
002_UnityDataAssetPack_datapack__file110,105055,/PopupMasteringHero/Contents/BoxGameChallenge/BgrScroll/CellGameChallenge/GroupReward/GameItemWrapper1/GameItem/HeroHeadClickable/HeroHeadUI/Mask/Death,PopupMasteringHero,Death,False,30781,no_static_sprite_pptr_found
002_UnityDataAssetPack_datapack__file110,105058,/Popup7DaysEvent/Bgr/Content/PanelContent/PanelDiscount/Bgr/GameItem/HeroHeadClickable/HeroHeadUI/Mask/Death,Popup7DaysEvent,Death,False,30599,no_static_sprite_pptr_found
002_UnityDataAssetPack_datapack__file110,105064,/Popup7DaysEvent/Bgr/Content/PanelContent/PanelDiscount/Bgr/GameItem/HeroHeadClickable/HeroHeadUI/Mask/Check,Popup7DaysEvent,Check,False,30587,no_static_sprite_pptr_found
002_UnityDataAssetPack_datapack__file110,105085,/Popup7DaysEvent/Bgr/Content/PanelContent/PanelDiscount/Bgr/GameItem/HeroHeadClickable/HeroHeadUI/Mask/Lock,Popup7DaysEvent,Lock,False,30605,no_static_sprite_pptr_found
002_UnityDataAssetPack_datapack__file110,105088,/Popup7DaysEvent/Bgr/Content/PanelContent/PanelDiscount/Bgr/GameItem/HeroHeadClickable/HeroHeadUI/HeroStar,Popup7DaysEvent,HeroStar,True,30620,no_static_sprite_pptr_found
002_UnityDataAssetPack_datapack__file110,105100,/PanelEasterPrayEvent/Bgr/PanelStatue/GroupStatue/ItemStatue/HeroStatue/avatar_statue/GameItem/ItemArtifactUI/Mask/Check,PanelEasterPrayEvent,Check,False,30641,no_static_sprite_pptr_found
002_UnityDataAssetPack_datapack__file110,105115,/PanelEasterPrayEvent/Bgr/PanelStatue/GroupStatue/ItemStatue/HeroStatue/avatar_statue/GameItem/ItemArtifactUI,PanelEasterPrayEvent,ItemArtifactUI,True,30640,no_static_sprite_pptr_found
002_UnityDataAssetPack_datapack__file110,105128,/PanelItemExchangeEvent/CellExchangeItem/GameItem/ItemAvatarUI,PanelItemExchangeEvent,ItemAvatarUI,True,30627,no_static_sprite_pptr_found
002_UnityDataAssetPack_datapack__file110,105129,/GGItemExchangeEvent/CellExchangeItem/GameItem/ItemAvatarUI,GGItemExchangeEvent,ItemAvatarUI,True,30628,no_static_sprite_pptr_found
002_UnityDataAssetPack_datapack__file110,105145,/PopupTowerLevelInfo/PanelBody/BoxHeroes1/GroupHeroes/HeroHeadClickable (2)/HeroHeadUI/Mask/Death,PopupTowerLevelInfo,Death,False,30678,no_static_sprite_pptr_found
002_UnityDataAssetPack_datapack__file110,105165,/PopupTowerLevelInfo/PanelBody/BoxHeroes1/GroupHeroes/HeroHeadClickable (2)/HeroHeadUI/Mask/Check,PopupTowerLevelInfo,Check,False,30700,no_static_sprite_pptr_found
002_UnityDataAssetPack_datapack__file110,105172,/PopupTowerLevelInfo/PanelBody/BoxHeroes1/GroupHeroes/HeroHeadClickable (2)/HeroHeadUI/Mask/Lock,PopupTowerLevelInfo,Lock,False,30694,no_static_sprite_pptr_found
002_UnityDataAssetPack_datapack__file110,105175,/PopupTowerLevelInfo/PanelBody/BoxHeroes1/GroupHeroes/HeroHeadClickable (2)/HeroHeadUI/HeroStar,PopupTowerLevelInfo,HeroStar,True,30691,no_static_sprite_pptr_found
002_UnityDataAssetPack_datapack__file110,105183,/PopupBuyItem/Content/GameItem/GroupDone/ImageCover/Image,PopupBuyItem,Image,True,20881,no_static_sprite_pptr_found
002_UnityDataAssetPack_datapack__file110,105184,/PopupBuyItemFake/Content/GameItem/GroupDone/ImageCover/Image,PopupBuyItemFake,Image,True,20882,no_static_sprite_pptr_found
002_UnityDataAssetPack_datapack__file110,105186,/GGDauDanhTrangEvent/CellReward/DauDanhTrangItem/ScaleGameItem/GameItem/HeroHeadClickable,GGDauDanhTrangEvent,HeroHeadClickable,False,30654,no_static_sprite_pptr_found
002_UnityDataAssetPack_datapack__file110,105187,/PanelDauDanhTrangEvent/CellDauDanhTrangReward/DauDanhTrangItem/ScaleGameItem/GameItem/HeroHeadClickable,PanelDauDanhTrangEvent,HeroHeadClickable,False,30655,no_static_sprite_pptr_found
002_UnityDataAssetPack_datapack__file110,105192,/PopupExtraReward/Image,PopupExtraReward,Image,True,30916,no_static_sprite_pptr_found
002_UnityDataAssetPack_datapack__file110,105193,/PopupExtraReward,PopupExtraReward,PopupExtraReward,True,30917,no_static_sprite_pptr_found
002_UnityDataAssetPack_datapack__file110,105199,/PopupSelectReward/Body/GroupSlot/RewardSelect1/GameItem/ItemArtifactUI/Mask/Check,PopupSelectReward,Check,False,30663,no_static_sprite_pptr_found
002_UnityDataAssetPack_datapack__file110,105214,/PopupSelectReward/Body/GroupSlot/RewardSelect1/GameItem/ItemArtifactUI,PopupSelectReward,ItemArtifactUI,True,30661,no_static_sprite_pptr_found
002_UnityDataAssetPack_datapack__file110,105253,/PopupSettings/Body/PanelInfo/BoxAccount/PlayerAvatar,PopupSettings,PlayerAvatar,True,31207,no_static_sprite_pptr_found
002_UnityDataAssetPack_datapack__file110,105259,/PopupEventMonopoly/ImageBgr/DiceMap/Tiles/DiceTile18/TileResource/ImageItem,PopupEventMonopoly,ImageItem,True,30948,no_static_sprite_pptr_found
002_UnityDataAssetPack_datapack__file110,105263,/PopupDungeonStageHero/Body/Lineup/HeroesLineup/HeroHeadClickable4,PopupDungeonStageHero,HeroHeadClickable4,True,31218,no_static_sprite_pptr_found
002_UnityDataAssetPack_datapack__file110,105293,/PanelHeroLotteryEvent/CellHeroLottery/PanelHeroTo/GameItem/ItemShardUI,PanelHeroLotteryEvent,ItemShardUI,False,31233,no_static_sprite_pptr_found
002_UnityDataAssetPack_datapack__file110,105294,/PanelHeroLotteryEvent/CellHeroLottery/PanelHeroTo/GameItem/ItemShardUI/Mask/Check,PanelHeroLotteryEvent,Check,False,31229,no_static_sprite_pptr_found
002_UnityDataAssetPack_datapack__file110,105300,/PopupMasteringHero/Contents/BoxGameChallenge/BgrScroll/CellGameChallenge/GroupReward/GameItemWrapper1/GameItem/HeroHeadClickable,PopupMasteringHero,HeroHeadClickable,False,31223,no_static_sprite_pptr_found
002_UnityDataAssetPack_datapack__file110,105314,/Popup7DaysEvent/Bgr/Content/PanelContent/PanelDiscount/Bgr/GameItem/HeroHeadClickable,Popup7DaysEvent,HeroHeadClickable,False,31041,no_static_sprite_pptr_found
002_UnityDataAssetPack_datapack__file110,105318,/PanelEasterPrayEvent/Bgr/PanelStatue/GroupStatue/ItemStatue (1)/SkinStatue/avatar_statue/GameItem/GroupDone/ImageCover/Image,PanelEasterPrayEvent,Image,True,20438,no_static_sprite_pptr_found
002_UnityDataAssetPack_datapack__file110,105342,/CellGameChallenge/GroupReward/GameItemWrapper2/GameItem/ItemEquipmentUI/Mask/Check,CellGameChallenge,Check,False,31055,no_static_sprite_pptr_found
002_UnityDataAssetPack_datapack__file110,105343,/CellGameChallenge/GroupReward/GameItemWrapper2/GameItem/ItemEquipmentUI,CellGameChallenge,ItemEquipmentUI,False,31044,no_static_sprite_pptr_found
002_UnityDataAssetPack_datapack__file110,105363,/PopupTowerLevelInfo/PanelBody/BoxHeroes1/GroupHeroes/HeroHeadClickable (2),PopupTowerLevelInfo,HeroHeadClickable (2),True,31170,no_static_sprite_pptr_found
002_UnityDataAssetPack_datapack__file110,105367,/GGDauDanhTrangEvent/CellReward/DauDanhTrangItem/ScaleGameItem/GameItem/HeroHeadClickable/HeroHeadUI/Mask/Check,GGDauDanhTrangEvent,Check,False,31129,no_static_sprite_pptr_found
002_UnityDataAssetPack_datapack__file110,105368,/PanelDauDanhTrangEvent/CellDauDanhTrangReward/DauDanhTrangItem/ScaleGameItem/GameItem/HeroHeadClickable/HeroHeadUI/Mask/Check,PanelDauDanhTrangEvent,Check,False,31130,no_static_sprite_pptr_found
002_UnityDataAssetPack_datapack__file110,105404,/PopupMFStage/Content/ImageBody/GroupTop/BoxLineUp/Lineup/HeroesLineup/BackLine/MFHeroHead (4)/HeroHeadUI/Mask/Death,PopupMFStage,Death,False,31165,no_static_sprite_pptr_found
002_UnityDataAssetPack_datapack__file110,105411,/GGDauDanhTrangEvent/CellReward/DauDanhTrangItem/ScaleGameItem/GameItem/HeroHeadClickable/HeroHeadUI/Mask/Lock,GGDauDanhTrangEvent,Lock,False,31090,no_static_sprite_pptr_found
002_UnityDataAssetPack_datapack__file110,105412,/PanelDauDanhTrangEvent/CellDauDanhTrangReward/DauDanhTrangItem/ScaleGameItem/GameItem/HeroHeadClickable/HeroHeadUI/Mask/Lock,PanelDauDanhTrangEvent,Lock,False,31091,no_static_sprite_pptr_found
002_UnityDataAssetPack_datapack__file110,105427,/GGDauDanhTrangEvent/CellReward/DauDanhTrangItem/ScaleGameItem/GameItem/HeroHeadClickable/HeroHeadUI/HeroStar,GGDauDanhTrangEvent,HeroStar,True,31111,no_static_sprite_pptr_found
002_UnityDataAssetPack_datapack__file110,105428,/PanelDauDanhTrangEvent/CellDauDanhTrangReward/DauDanhTrangItem/ScaleGameItem/GameItem/HeroHeadClickable/HeroHeadUI/HeroStar,PanelDauDanhTrangEvent,HeroStar,True,31112,no_static_sprite_pptr_found
002_UnityDataAssetPack_datapack__file110,105434,/PopupMFStage/Content/ImageBody/GroupTop/BoxLineUp/Lineup/HeroesLineup/BackLine/MFHeroHead (4)/HeroHeadUI/HeroStar,PopupMFStage,HeroStar,True,31155,no_static_sprite_pptr_found
002_UnityDataAssetPack_datapack__file110,105443,/PopupMFStage/Content/ImageBody/GroupTop/BoxLineUp/Lineup/HeroesLineup/BackLine/MFHeroHead (4)/HeroHeadUI/Mask/Lock,PopupMFStage,Lock,False,31148,no_static_sprite_pptr_found
002_UnityDataAssetPack_datapack__file110,105449,/PopupMFStage/Content/ImageBody/GroupTop/BoxLineUp/Lineup/HeroesLineup/BackLine/MFHeroHead (4)/HeroHeadUI/Mask/Check,PopupMFStage,Check,False,31139,no_static_sprite_pptr_found
002_UnityDataAssetPack_datapack__file110,105454,/GGDauDanhTrangEvent/CellReward/DauDanhTrangItem/ScaleGameItem/GameItem/HeroHeadClickable/HeroHeadUI/Mask/Death,GGDauDanhTrangEvent,Death,False,31076,no_static_sprite_pptr_found
002_UnityDataAssetPack_datapack__file110,105455,/PanelDauDanhTrangEvent/CellDauDanhTrangReward/DauDanhTrangItem/ScaleGameItem/GameItem/HeroHeadClickable/HeroHeadUI/Mask/Death,PanelDauDanhTrangEvent,Death,False,31077,no_static_sprite_pptr_found
002_UnityDataAssetPack_datapack__file110,105472,/PopupMasteringHero/Contents/BoxMastering/BoxTotalPoints/CellMileStone/Rewards/ClickArea,PopupMasteringHero,ClickArea,True,22833,no_static_sprite_pptr_found
002_UnityDataAssetPack_datapack__file110,105486,/PopupAllStarsTop4/Body/BoxPlayIn3/BoxAllStarsPlayer1/PlayerAvatar,PopupAllStarsTop4,PlayerAvatar,True,31191,no_static_sprite_pptr_found
002_UnityDataAssetPack_datapack__file110,105514,/Popup7DaysEvent/Bgr/Content/PanelContent/PanelDiscount/Bgr/GameItem/ItemEquipmentUI,Popup7DaysEvent,ItemEquipmentUI,False,30987,no_static_sprite_pptr_found
002_UnityDataAssetPack_datapack__file110,105515,/Popup7DaysEvent/Bgr/Content/PanelContent/PanelDiscount/Bgr/GameItem/ItemEquipmentUI/Mask/Check,Popup7DaysEvent,Check,False,30978,no_static_sprite_pptr_found
002_UnityDataAssetPack_datapack__file110,105531,/CellGameChallenge/GroupReward/GameItemWrapper2/GameItem/HeroHeadClickable,CellGameChallenge,HeroHeadClickable,False,30996,no_static_sprite_pptr_found
002_UnityDataAssetPack_datapack__file110,105537,/Popup7DaysEvent/Bgr/Content/PanelContent/PanelDiscount/title_price_discount/line,Popup7DaysEvent,line,True,23546,no_static_sprite_pptr_found
002_UnityDataAssetPack_datapack__file110,105552,/PopupGuildBossTopDmg/Body/CellGuildBossDmg/Avatar/PlayerAvatar,PopupGuildBossTopDmg,PlayerAvatar,True,31003,no_static_sprite_pptr_found
002_UnityDataAssetPack_datapack__file110,105570,/GameItem/ItemConsumableUI,GameItem,ItemConsumableUI,False,31017,no_static_sprite_pptr_found
002_UnityDataAssetPack_datapack__file110,105571,/PopupSelectGameItem/PanelBody/GameItemTick/GameItem/ItemConsumableUI,PopupSelectGameItem,ItemConsumableUI,False,31018,no_static_sprite_pptr_found
002_UnityDataAssetPack_datapack__file110,105584,/PopupSelectGameItem/PanelBody/GameItemTick/GameItem/ItemConsumableUI/Mask/Check,PopupSelectGameItem,Check,False,31024,no_static_sprite_pptr_found
002_UnityDataAssetPack_datapack__file110,105585,/GameItem/ItemConsumableUI/Mask/Check,GameItem,Check,False,31023,no_static_sprite_pptr_found
002_UnityDataAssetPack_datapack__file110,105637,/PopupMasteringHero/Contents/BoxGameChallenge/BgrScroll/CellGameChallenge/GroupReward/GameItemWrapper1/GameItem/ItemEquipmentUI,PopupMasteringHero,ItemEquipmentUI,False,30972,no_static_sprite_pptr_found
002_UnityDataAssetPack_datapack__file110,105638,/PopupMasteringHero/Contents/BoxGameChallenge/BgrScroll/CellGameChallenge/GroupReward/GameItemWrapper1/GameItem/ItemEquipmentUI/Mask/Check,PopupMasteringHero,Check,False,30962,no_static_sprite_pptr_found
002_UnityDataAssetPack_datapack__file110,105654,/PopupUpgradeHeroStone/Body/BoxStoneContainer/BoxStone2/Stone/HeroStoneUI/Mask/ImageBgr,PopupUpgradeHeroStone,ImageBgr,True,31537,no_static_sprite_pptr_found
002_UnityDataAssetPack_datapack__file110,105663,/PopupUpgradeHeroStone/Body/BoxStoneContainer/BoxStone2/Stone/HeroStoneUI,PopupUpgradeHeroStone,HeroStoneUI,True,31536,no_static_sprite_pptr_found
002_UnityDataAssetPack_datapack__file110,105687,/PopupBravePlayerNew/Content/ImageBody/Top/Lineup/HeroesLineup/FrontLine/HeroHeadClickable1/HeroHeadUI/HeroStar,PopupBravePlayerNew,HeroStar,True,31563,no_static_sprite_pptr_found
002_UnityDataAssetPack_datapack__file110,105690,/PopupBravePlayerNew/Content/ImageBody/Top/Lineup/HeroesLineup/FrontLine/HeroHeadClickable1/HeroHeadUI/Mask/Lock,PopupBravePlayerNew,Lock,False,31561,no_static_sprite_pptr_found
002_UnityDataAssetPack_datapack__file110,105700,/PopupBravePlayerNew/Content/ImageBody/Top/Lineup/HeroesLineup/FrontLine/HeroHeadClickable1/HeroHeadUI/Mask/Check,PopupBravePlayerNew,Check,False,31553,no_static_sprite_pptr_found
002_UnityDataAssetPack_datapack__file110,105716,/PopupBravePlayerNew/Content/ImageBody/Top/Lineup/HeroesLineup/FrontLine/HeroHeadClickable1/HeroHeadUI/Mask/Death,PopupBravePlayerNew,Death,False,31575,no_static_sprite_pptr_found
002_UnityDataAssetPack_datapack__file110,105729,/GGEquipmentExchangeEvent/CellEquipmentExchange/GroupEquipReceive/GGEquipmentSlot (1),GGEquipmentExchangeEvent,GGEquipmentSlot (1),True,32369,no_static_sprite_pptr_found
002_UnityDataAssetPack_datapack__file110,105746,/PanelHeroInfo/RightPart/BoxInfo/PanelEquipment/SlotArmor/ItemEquipmentUI,PanelHeroInfo,ItemEquipmentUI,True,31631,no_static_sprite_pptr_found
002_UnityDataAssetPack_datapack__file110,105747,/PanelHeroInfo/RightPart/BoxInfo/PanelEquipment/SlotArmor/ItemEquipmentUI/Mask/Check,PanelHeroInfo,Check,False,31619,no_static_sprite_pptr_found
002_UnityDataAssetPack_datapack__file110,105767,/PopupMFStage/Content/ImageBody/GroupTop/BoxLineUp/Lineup/HeroesLineup/BackLine/MFHeroHead (5)/HeroHeadUI/Mask/Check,PopupMFStage,Check,False,31589,no_static_sprite_pptr_found
002_UnityDataAssetPack_datapack__file110,105774,/PopupMFStage/Content/ImageBody/GroupTop/BoxLineUp/Lineup/HeroesLineup/BackLine/MFHeroHead (5)/HeroHeadUI/Mask/Lock,PopupMFStage,Lock,False,31610,no_static_sprite_pptr_found
002_UnityDataAssetPack_datapack__file110,105782,/PopupMFStage/Content/ImageBody/GroupTop/BoxLineUp/Lineup/HeroesLineup/BackLine/MFHeroHead (5)/HeroHeadUI/HeroStar,PopupMFStage,HeroStar,True,31604,no_static_sprite_pptr_found
002_UnityDataAssetPack_datapack__file110,105785,/PopupMFStage/Content/ImageBody/GroupTop/BoxLineUp/Lineup/HeroesLineup/BackLine/MFHeroHead (5)/HeroHeadUI/Mask/Death,PopupMFStage,Death,False,31596,no_static_sprite_pptr_found
002_UnityDataAssetPack_datapack__file110,105803,/PanelBrokenSpacesEvent2/Bgr/GroupStage/Stage2,PanelBrokenSpacesEvent2,Stage2,True,28738,no_static_sprite_pptr_found
002_UnityDataAssetPack_datapack__file110,105839,/PopupGuildBossTopDmg/Body/CellGuildBossDmg/GameItem2/GameItem2/ItemShardUI/Mask/Check,PopupGuildBossTopDmg,Check,False,31344,no_static_sprite_pptr_found
002_UnityDataAssetPack_datapack__file110,105841,/PopupGuildBossTopDmg/Body/CellGuildBossDmg/GameItem2/GameItem2/ItemShardUI,PopupGuildBossTopDmg,ItemShardUI,False,31347,no_static_sprite_pptr_found
002_UnityDataAssetPack_datapack__file110,105849,/PopupItemInfo/Content/PanelGroup/ImgBgr/Infor/GameItem/HeroHeadClickable/HeroHeadUI/HeroStar,PopupItemInfo,HeroStar,True,31457,no_static_sprite_pptr_found
002_UnityDataAssetPack_datapack__file110,105859,/PopupItemInfo/Content/PanelGroup/ImgBgr/Infor/GameItem/ItemArtifactUI,PopupItemInfo,ItemArtifactUI,False,31404,no_static_sprite_pptr_found
002_UnityDataAssetPack_datapack__file110,105860,/PopupItemInfo/Content/PanelGroup/ImgBgr/Infor/GameItem/ItemEquipmentUI/Mask/Check,PopupItemInfo,Check,False,31449,no_static_sprite_pptr_found
002_UnityDataAssetPack_datapack__file110,105864,/PopupItemInfo/Content/PanelGroup/ImgBgr/Infor/GameItem/ItemEquipmentUI,PopupItemInfo,ItemEquipmentUI,False,31413,no_static_sprite_pptr_found
002_UnityDataAssetPack_datapack__file110,105868,/PopupItemInfo/Content/PanelGroup/ImgBgr/Infor/GameItem/ItemConsumableUI,PopupItemInfo,ItemConsumableUI,False,31462,no_static_sprite_pptr_found
002_UnityDataAssetPack_datapack__file110,105883,/PopupItemInfo/Content/PanelGroup/ImgBgr/Infor/GameItem/HeroHeadClickable/HeroHeadUI/Mask/Check,PopupItemInfo,Check,False,31391,no_static_sprite_pptr_found
002_UnityDataAssetPack_datapack__file110,105891,/PopupItemInfo/Content/PanelGroup/ImgBgr/Infor/GameItem/ItemConsumableUI/Mask/Check,PopupItemInfo,Check,False,31434,no_static_sprite_pptr_found
002_UnityDataAssetPack_datapack__file110,105893,/PopupItemInfo/Content/PanelGroup/ImgBgr/Infor/GameItem/ItemArtifactUI/Mask/ImageBgr,PopupItemInfo,ImageBgr,True,31401,no_static_sprite_pptr_found
002_UnityDataAssetPack_datapack__file110,105907,/PopupItemInfo/Content/PanelGroup/ImgBgr/Infor/GameItem/ItemAvatarUI,PopupItemInfo,ItemAvatarUI,False,31399,no_static_sprite_pptr_found
002_UnityDataAssetPack_datapack__file110,105924,/PopupItemInfo/Content/PanelGroup/ImgBgr/Infor/GameItem/ItemVipExpUI,PopupItemInfo,ItemVipExpUI,False,31398,no_static_sprite_pptr_found
002_UnityDataAssetPack_datapack__file110,105931,/PopupItemInfo/Content/PanelGroup/ImgBgr/Infor/GameItem/ItemShardUI/Mask/Check,PopupItemInfo,Check,False,31455,no_static_sprite_pptr_found
002_UnityDataAssetPack_datapack__file110,105933,/PopupItemInfo,PopupItemInfo,PopupItemInfo,True,31419,no_static_sprite_pptr_found
002_UnityDataAssetPack_datapack__file110,105936,/PopupItemInfo/Content/PanelGroup/ImgBgr/Infor/GameItem/HeroHeadClickable/HeroHeadUI/Mask/ImageHead,PopupItemInfo,ImageHead,True,31406,no_static_sprite_pptr_found
002_UnityDataAssetPack_datapack__file110,105964,/PopupItemInfo/Content/PanelGroup/ImgBgr/Infor/GameItem/HeroHeadClickable/HeroHeadUI/Mask/Lock,PopupItemInfo,Lock,False,31490,no_static_sprite_pptr_found
002_UnityDataAssetPack_datapack__file110,105983,/PopupItemInfo/Content/PanelGroup/ImgBgr/Infor/GameItem/ItemArtifactUI/Mask/Check,PopupItemInfo,Check,False,31460,no_static_sprite_pptr_found
002_UnityDataAssetPack_datapack__file110,105986,/PopupItemInfo/Content/PanelGroup/ImgBgr/Infor/GameItem/HeroHeadClickable,PopupItemInfo,HeroHeadClickable,False,31364,no_static_sprite_pptr_found
002_UnityDataAssetPack_datapack__file110,106020,/PopupItemInfo/Content/PanelGroup/ImgBgr/Infor/GameItem/ItemShardUI,PopupItemInfo,ItemShardUI,True,31476,no_static_sprite_pptr_found
002_UnityDataAssetPack_datapack__file110,106031,/PopupItemInfo/Content/PanelGroup/PanelDrop/Scroll/Viewport,PopupItemInfo,Viewport,True,31370,no_static_sprite_pptr_found
002_UnityDataAssetPack_datapack__file110,106056,/PopupAllStarsTop2/Body/BoxPlayIn1/BoxAllStarsPlayerWin/PlayerAvatar,PopupAllStarsTop2,PlayerAvatar,True,31496,no_static_sprite_pptr_found
002_UnityDataAssetPack_datapack__file110,106057,/PopupAllStarsTop4/Body/BoxPlayIn1/BoxAllStarsPlayerWin/PlayerAvatar,PopupAllStarsTop4,PlayerAvatar,True,31497,no_static_sprite_pptr_found
002_UnityDataAssetPack_datapack__file110,106073,/HealthBar/Bar/ManaBarBgr/GameObject/Index3,HealthBar,Index3,False,27448,no_static_sprite_pptr_found
002_UnityDataAssetPack_datapack__file110,106080,/PanelEventMiniGame/GroupContent/GroupLeft/Content/Hole/bgTop,PanelEventMiniGame,bgTop,True,23632,no_static_sprite_pptr_found
002_UnityDataAssetPack_datapack__file110,106134,/PopupGuildBossRewards/Body/CellGuildBossReward/GameItemContainer1/GameItem1/ItemConsumableUI/Mask/Check,PopupGuildBossRewards,Check,False,31266,no_static_sprite_pptr_found
002_UnityDataAssetPack_datapack__file110,106143,/PopupGuildBossRewards/Body/CellGuildBossReward/GameItemContainer1/GameItem1/ItemConsumableUI,PopupGuildBossRewards,ItemConsumableUI,False,31265,no_static_sprite_pptr_found
002_UnityDataAssetPack_datapack__file110,106144,/PopupTowerLevelInfo/PanelBody/BoxHeroes1/GroupHeroes/HeroHeadClickable (5)/HeroHeadUI/Mask/Death,PopupTowerLevelInfo,Death,False,31290,no_static_sprite_pptr_found
002_UnityDataAssetPack_datapack__file110,106152,/PopupTowerLevelInfo/PanelBody/BoxHeroes1/GroupHeroes/HeroHeadClickable (5)/HeroHeadUI/HeroStar,PopupTowerLevelInfo,HeroStar,True,31277,no_static_sprite_pptr_found
002_UnityDataAssetPack_datapack__file110,106155,/PopupTowerLevelInfo/PanelBody/BoxHeroes1/GroupHeroes/HeroHeadClickable (5)/HeroHeadUI/Mask/Lock,PopupTowerLevelInfo,Lock,False,31274,no_static_sprite_pptr_found
002_UnityDataAssetPack_datapack__file110,106164,/PopupTowerLevelInfo/PanelBody/BoxHeroes1/GroupHeroes/HeroHeadClickable (5)/HeroHeadUI/Mask/Check,PopupTowerLevelInfo,Check,False,31301,no_static_sprite_pptr_found
002_UnityDataAssetPack_datapack__file110,106187,/PopupSpecialEvent/Bgr/Content/Title,PopupSpecialEvent,Title,True,26284,no_static_sprite_pptr_found
002_UnityDataAssetPack_datapack__file110,106193,/PanelEasterPrayEvent/Bgr/PanelStatue/GroupStatue/ItemStatue (2)/ArtifactStatue,PanelEasterPrayEvent,ArtifactStatue,True,17664,no_static_sprite_pptr_found
002_UnityDataAssetPack_datapack__file110,106211,/PopupBravePlayerNew/Content/ImageBody/Top/Lineup/SlotPet/PetHeadUI/Mask/ImageHeadPet,PopupBravePlayerNew,ImageHeadPet,True,31817,no_static_sprite_pptr_found
002_UnityDataAssetPack_datapack__file110,106212,/PopupBravePlayerNew,PopupBravePlayerNew,PopupBravePlayerNew,True,31825,no_static_sprite_pptr_found
002_UnityDataAssetPack_datapack__file110,106228,/PopupBravePlayerNew/Content/ImageBody/Top,PopupBravePlayerNew,Top,True,31809,no_static_sprite_pptr_found
002_UnityDataAssetPack_datapack__file110,106252,/PanelEasterPrayEvent/Bgr/PanelStatue/GroupStatue/ItemStatue/HeroStatue/avatar_statue/GameItem/HeroHeadClickable,PanelEasterPrayEvent,HeroHeadClickable,False,31842,no_static_sprite_pptr_found
002_UnityDataAssetPack_datapack__file110,106257,/PopupInfoDropPosition/Body/PanelDrop/Scroll/Viewport,PopupInfoDropPosition,Viewport,True,17200,no_static_sprite_pptr_found
002_UnityDataAssetPack_datapack__file110,106268,/PanelHeroInfo/RightPart/BoxInfo/PanelEnable/BoxEnable/SlotMaterial/HeroMaterial3/TagName,PanelHeroInfo,TagName,True,31935,no_static_sprite_pptr_found
002_UnityDataAssetPack_datapack__file110,106270,/PanelHeroInfo/RightPart/BoxInfo/PanelEnable/BoxEnable/SlotMaterial/HeroMaterial3/HeroStar,PanelHeroInfo,HeroStar,True,31959,no_static_sprite_pptr_found
002_UnityDataAssetPack_datapack__file110,106296,/PopupTowerLevelInfo/PanelBody/BoxHeroes1/GroupHeroes/HeroHeadClickable (3),PopupTowerLevelInfo,HeroHeadClickable (3),True,31932,no_static_sprite_pptr_found
002_UnityDataAssetPack_datapack__file110,106304,/PopupSelectReward/Body/GroupSlot/RewardSelect1/GameItem/HeroHeadClickable,PopupSelectReward,HeroHeadClickable,False,31894,no_static_sprite_pptr_found
002_UnityDataAssetPack_datapack__file110,106307,/PopupDungeonStageHero/Body/Lineup/HeroesLineup/HeroHeadClickable2/HeroHeadUI/Mask/Death,PopupDungeonStageHero,Death,False,31908,no_static_sprite_pptr_found
002_UnityDataAssetPack_datapack__file110,106337,/GGDauDanhTrangEvent/CellReward/DauDanhTrangItem/ScaleGameItem/GameItem/ItemArtifactUI/Mask/Check,GGDauDanhTrangEvent,Check,False,31885,no_static_sprite_pptr_found
002_UnityDataAssetPack_datapack__file110,106338,/PanelDauDanhTrangEvent/CellDauDanhTrangReward/DauDanhTrangItem/ScaleGameItem/GameItem/ItemArtifactUI/Mask/Check,PanelDauDanhTrangEvent,Check,False,31886,no_static_sprite_pptr_found
002_UnityDataAssetPack_datapack__file110,106350,/PopupUpgradeHeroStone/Body/BoxStoneContainer/BoxStone1/Stone/HeroStoneUI,PopupUpgradeHeroStone,HeroStoneUI,True,31866,no_static_sprite_pptr_found
002_UnityDataAssetPack_datapack__file110,106352,/PopupUpgradeHeroStone/Body/BoxStoneContainer/BoxStone1/Stone/HeroStoneUI/Mask/ImageBgr,PopupUpgradeHeroStone,ImageBgr,True,31867,no_static_sprite_pptr_found
002_UnityDataAssetPack_datapack__file110,106358,/GGDauDanhTrangEvent/CellReward/DauDanhTrangItem/ScaleGameItem/GameItem/ItemArtifactUI,GGDauDanhTrangEvent,ItemArtifactUI,True,31883,no_static_sprite_pptr_found
002_UnityDataAssetPack_datapack__file110,106359,/PanelDauDanhTrangEvent/CellDauDanhTrangReward/DauDanhTrangItem/ScaleGameItem/GameItem/ItemArtifactUI,PanelDauDanhTrangEvent,ItemArtifactUI,True,31884,no_static_sprite_pptr_found
002_UnityDataAssetPack_datapack__file110,106368,/PopupDungeonStageHero/Body/Lineup/HeroesLineup/HeroHeadClickable2/HeroHeadUI/Mask/Check,PopupDungeonStageHero,Check,False,31859,no_static_sprite_pptr_found
002_UnityDataAssetPack_datapack__file110,106389,/PopupDungeonStageHero/Body/Lineup/HeroesLineup/HeroHeadClickable2/HeroHeadUI/Mask/Lock,PopupDungeonStageHero,Lock,False,31911,no_static_sprite_pptr_found
002_UnityDataAssetPack_datapack__file110,106398,/PopupDungeonStageHero/Body/Lineup/HeroesLineup/HeroHeadClickable2/HeroHeadUI/HeroStar,PopupDungeonStageHero,HeroStar,True,31926,no_static_sprite_pptr_found
002_UnityDataAssetPack_datapack__file110,106437,/CellRaidChallenge/GroupReward/GI_Wrapper/GameItem/ItemShardUI/Mask/Check,CellRaidChallenge,Check,False,31767,no_static_sprite_pptr_found
002_UnityDataAssetPack_datapack__file110,106438,/CellRaidChallenge/GroupReward/GI_Wrapper/GameItem/ItemShardUI,CellRaidChallenge,ItemShardUI,False,31763,no_static_sprite_pptr_found
002_UnityDataAssetPack_datapack__file110,106501,/PopupEventMonopoly/ImageBgr/DiceMap/Tiles/DiceTile23/TileResource/ImageItem,PopupEventMonopoly,ImageItem,True,31789,no_static_sprite_pptr_found
002_UnityDataAssetPack_datapack__file110,106513,/GGDauDanhTrangEvent/ImageBgr,GGDauDanhTrangEvent,ImageBgr,True,31754,no_static_sprite_pptr_found
002_UnityDataAssetPack_datapack__file110,106514,/PanelDauDanhTrangEvent/BgrPopup,PanelDauDanhTrangEvent,BgrPopup,False,31755,no_static_sprite_pptr_found
002_UnityDataAssetPack_datapack__file110,106524,/GGDauDanhTrangEvent/ScrollViewContent/Viewport,GGDauDanhTrangEvent,Viewport,True,31752,no_static_sprite_pptr_found
002_UnityDataAssetPack_datapack__file110,106525,/PanelDauDanhTrangEvent/Bgr/ScrollViewReward/Viewport,PanelDauDanhTrangEvent,Viewport,True,31753,no_static_sprite_pptr_found
002_UnityDataAssetPack_datapack__file110,106574,/PanelEasterPrayEvent/Bgr/PanelStatue/GroupStatue/ItemStatue/HeroStatue/avatar_statue/GameItem/ItemEquipmentUI/Mask/Check,PanelEasterPrayEvent,Check,False,31654,no_static_sprite_pptr_found
002_UnityDataAssetPack_datapack__file110,106575,/PanelEasterPrayEvent/Bgr/PanelStatue/GroupStatue/ItemStatue/HeroStatue/avatar_statue/GameItem/ItemEquipmentUI,PanelEasterPrayEvent,ItemEquipmentUI,False,31661,no_static_sprite_pptr_found
002_UnityDataAssetPack_datapack__file110,106597,/PopupSelectReward/Body/GroupSlot/RewardSelect1/GameItem/ItemEquipmentUI,PopupSelectReward,ItemEquipmentUI,False,31706,no_static_sprite_pptr_found
002_UnityDataAssetPack_datapack__file110,106598,/PopupSelectReward/Body/GroupSlot/RewardSelect1/GameItem/ItemEquipmentUI/Mask/Check,PopupSelectReward,Check,False,31698,no_static_sprite_pptr_found
002_UnityDataAssetPack_datapack__file110,106636,/PanelGrowthFundEventV2/Bgr/BoxGameEventInfo/PanelInfo/ImgBgr,PanelGrowthFundEventV2,ImgBgr,False,31674,no_static_sprite_pptr_found
002_UnityDataAssetPack_datapack__file110,106657,/PopupBuyItem/Content/GameItem/ItemVipExpUI,PopupBuyItem,ItemVipExpUI,False,31716,no_static_sprite_pptr_found
002_UnityDataAssetPack_datapack__file110,106658,/PopupBuyItemFake/Content/GameItem/ItemVipExpUI,PopupBuyItemFake,ItemVipExpUI,False,31717,no_static_sprite_pptr_found
002_UnityDataAssetPack_datapack__file110,106680,/PopupUpgradeHeroFake/RightPart/BoxInfo/PanelPoint/BoxSkillDesc2,PopupUpgradeHeroFake,BoxSkillDesc2,True,19682,no_static_sprite_pptr_found
002_UnityDataAssetPack_datapack__file110,106724,/PopupDungeonStageHero/Body/Lineup/HeroesLineup/HeroHeadClickable1,PopupDungeonStageHero,HeroHeadClickable1,True,32141,no_static_sprite_pptr_found
002_UnityDataAssetPack_datapack__file110,106739,/GameItemFeeEquip/GameItem/ItemShardUI,GameItemFeeEquip,ItemShardUI,False,32135,no_static_sprite_pptr_found
002_UnityDataAssetPack_datapack__file110,106742,/GameItemFeeEquip/GameItem/ItemShardUI/Mask/Check,GameItemFeeEquip,Check,False,32137,no_static_sprite_pptr_found
002_UnityDataAssetPack_datapack__file110,106766,/PopupDailyQuest/PanelBody/CellDailyQuest/GroupReward/GameItemContainer1/GameItem/GroupDone/ImageCover/Image,PopupDailyQuest,Image,True,21689,no_static_sprite_pptr_found
002_UnityDataAssetPack_datapack__file110,106782,/PopupGuildMill/Body/BoxOrder/CellMillOrder/Bonus/GameItem2/ItemEquipmentUI/Mask/Check,PopupGuildMill,Check,False,32108,no_static_sprite_pptr_found
002_UnityDataAssetPack_datapack__file110,106783,/PopupGuildMill/Body/BoxOrder/CellMillOrder/Bonus/GameItem2/ItemEquipmentUI,PopupGuildMill,ItemEquipmentUI,False,32117,no_static_sprite_pptr_found
002_UnityDataAssetPack_datapack__file110,106790,/CellDailyQuest/GroupReward/GameItemContainer1/GameItem/HeroHeadClickable,CellDailyQuest,HeroHeadClickable,False,32103,no_static_sprite_pptr_found
002_UnityDataAssetPack_datapack__file110,106805,/HealthBar/Bar/ManaBarBgr/GameObject/None,HealthBar,None,True,28555,no_static_sprite_pptr_found
002_UnityDataAssetPack_datapack__file110,106811,/CellDailyQuest/GroupReward/GameItemContainer1/GameItem/ItemEquipmentUI/Mask/Check,CellDailyQuest,Check,False,32080,no_static_sprite_pptr_found
002_UnityDataAssetPack_datapack__file110,106812,/CellDailyQuest/GroupReward/GameItemContainer1/GameItem/ItemEquipmentUI,CellDailyQuest,ItemEquipmentUI,False,32066,no_static_sprite_pptr_found
002_UnityDataAssetPack_datapack__file110,106832,/PopupGuildMill/Body/BoxOrder/CellMillOrder/Bonus/GameItem2/HeroHeadClickable,PopupGuildMill,HeroHeadClickable,False,32082,no_static_sprite_pptr_found
002_UnityDataAssetPack_datapack__file110,106910,/HeroHeadDragDrop/HeroHeadUI/Mask/Death,HeroHeadDragDrop,Death,False,32003,no_static_sprite_pptr_found
002_UnityDataAssetPack_datapack__file110,106912,/HeroHeadDragDrop/HeroHeadUI/HeroStar,HeroHeadDragDrop,HeroStar,True,31989,no_static_sprite_pptr_found
002_UnityDataAssetPack_datapack__file110,106920,/HeroHeadDragDrop/HeroHeadUI/Mask/Lock,HeroHeadDragDrop,Lock,False,32000,no_static_sprite_pptr_found
002_UnityDataAssetPack_datapack__file110,106943,/HeroHeadDragDrop/HeroHeadUI/Mask/Check,HeroHeadDragDrop,Check,False,32012,no_static_sprite_pptr_found
002_UnityDataAssetPack_datapack__file110,106963,/PanelHeroInfo/RightPart/BoxInfo/PanelAwaken/BoxAwaken/SlotMaterial/HeroMaterial3/TagName,PanelHeroInfo,TagName,True,32023,no_static_sprite_pptr_found
002_UnityDataAssetPack_datapack__file110,106964,/PanelHeroInfo/RightPart/BoxInfo/PanelAwaken/BoxAwaken/SlotMaterial/HeroMaterial3/HeroStar,PanelHeroInfo,HeroStar,True,32047,no_static_sprite_pptr_found
002_UnityDataAssetPack_datapack__file110,107010,/PopupDungeonBuyItem/Content/GameItem/ItemVipExpUI,PopupDungeonBuyItem,ItemVipExpUI,False,32059,no_static_sprite_pptr_found
002_UnityDataAssetPack_datapack__file110,107034,/PopupGuildMill/Body/BoxOrder/CellMillOrder/Bonus/GameItem2/HeroHeadClickable/HeroHeadUI/Mask/Check,PopupGuildMill,Check,False,32421,no_static_sprite_pptr_found
002_UnityDataAssetPack_datapack__file110,107054,/PopupGuildMill/Body/BoxOrder/CellMillOrder/Bonus/GameItem2/HeroHeadClickable/HeroHeadUI/Mask/Lock,PopupGuildMill,Lock,False,32402,no_static_sprite_pptr_found
002_UnityDataAssetPack_datapack__file110,107062,/PopupGuildMill/Body/BoxOrder/CellMillOrder/Bonus/GameItem2/HeroHeadClickable/HeroHeadUI/HeroStar,PopupGuildMill,HeroStar,True,32412,no_static_sprite_pptr_found
002_UnityDataAssetPack_datapack__file110,107068,/PopupSelectReward/Body/GroupSlot/RewardSelect3/GameItem/ItemAvatarUI,PopupSelectReward,ItemAvatarUI,True,32426,no_static_sprite_pptr_found
002_UnityDataAssetPack_datapack__file110,107077,/PopupGuildMill/Body/BoxOrder/CellMillOrder/Bonus/GameItem2/HeroHeadClickable/HeroHeadUI/Mask/Death,PopupGuildMill,Death,False,32396,no_static_sprite_pptr_found
002_UnityDataAssetPack_datapack__file110,107088,/PopupGuildBossTopDmg/Body/CellGuildBossDmg/GameItem2/GameItem2/ItemConsumableUI/Mask/Check,PopupGuildBossTopDmg,Check,False,32388,no_static_sprite_pptr_found
002_UnityDataAssetPack_datapack__file110,107094,/PopupGuildBossTopDmg/Body/CellGuildBossDmg/GameItem2/GameItem2/ItemConsumableUI,PopupGuildBossTopDmg,ItemConsumableUI,False,32385,no_static_sprite_pptr_found
002_UnityDataAssetPack_datapack__file110,107131,/PopupBattleDetail/Body/CellDetailBattleDefender/GoHeroHead/HeroHeadUI/Mask/Check,PopupBattleDetail,Check,False,32507,no_static_sprite_pptr_found
002_UnityDataAssetPack_datapack__file110,107132,/PopupSellItem/Content/GameItem/ItemAvatarUI,PopupSellItem,ItemAvatarUI,True,32515,no_static_sprite_pptr_found
002_UnityDataAssetPack_datapack__file110,107147,/PopupBattleDetail/Body/CellDetailBattleDefender/GoHeroHead/HeroHeadUI/Mask/Lock,PopupBattleDetail,Lock,False,32536,no_static_sprite_pptr_found
002_UnityDataAssetPack_datapack__file110,107150,/PopupBattleDetail/Body/CellDetailBattleDefender/GoHeroHead/HeroHeadUI/HeroStar,PopupBattleDetail,HeroStar,True,32534,no_static_sprite_pptr_found
002_UnityDataAssetPack_datapack__file110,107156,/PopupBattleDetail/Body/CellDetailBattleDefender/GoHeroHead/HeroHeadUI/Mask/Death,PopupBattleDetail,Death,False,32523,no_static_sprite_pptr_found
002_UnityDataAssetPack_datapack__file110,107210,/PanelTravelEvent/BgrTrip/PanelChooseWay/ButtonChoose2,PanelTravelEvent,ButtonChoose2,False,25380,no_static_sprite_pptr_found
002_UnityDataAssetPack_datapack__file110,107214,/PanelEventMiniGame/GroupContent/GroupRight/Line,PanelEventMiniGame,Line,True,19418,no_static_sprite_pptr_found
002_UnityDataAssetPack_datapack__file110,107233,/PopupMFChooseSupport/Content/CellMFHeroSupport,PopupMFChooseSupport,CellMFHeroSupport,True,27985,no_static_sprite_pptr_found
002_UnityDataAssetPack_datapack__file110,107258,/PopupSpecialEquipUpgrade/Body/GroupLeft/Bgr/GroupContent/SideHp/GroupImageHp/MaskHp/ImageFake,PopupSpecialEquipUpgrade,ImageFake,True,21692,no_static_sprite_pptr_found
002_UnityDataAssetPack_datapack__file110,107291,/PopupGuildBossRewards/Body/CellGuildBossReward/GameItemContainer1/GameItem1/ItemShardUI/Mask/Check,PopupGuildBossRewards,Check,False,32317,no_static_sprite_pptr_found
002_UnityDataAssetPack_datapack__file110,107293,/PopupGuildBossRewards/Body/CellGuildBossReward/GameItemContainer1/GameItem1/ItemShardUI,PopupGuildBossRewards,ItemShardUI,False,32312,no_static_sprite_pptr_found
002_UnityDataAssetPack_datapack__file110,107319,/GameItemEvent/GameItem/ItemAvatarUI,GameItemEvent,ItemAvatarUI,True,32334,no_static_sprite_pptr_found
002_UnityDataAssetPack_datapack__file110,107364,/PopupDungeonStageHero/Body/Lineup/HeroesLineup/HeroHeadClickable1/HeroHeadUI/Mask/Check,PopupDungeonStageHero,Check,False,32228,no_static_sprite_pptr_found
002_UnityDataAssetPack_datapack__file110,107375,/PopupDungeonStageHero/Body/Lineup/HeroesLineup/HeroHeadClickable1/HeroHeadUI/HeroStar,PopupDungeonStageHero,HeroStar,True,32250,no_static_sprite_pptr_found
002_UnityDataAssetPack_datapack__file110,107376,/GGEquipmentExchangeEvent/CellEquipmentExchange/GroupReqEquip/GGEquipmentSlot (1)/EquipmentWrapper/ItemEquipmentUI/Mask/Check,GGEquipmentExchangeEvent,Check,False,32242,no_static_sprite_pptr_found
002_UnityDataAssetPack_datapack__file110,107378,/GGEquipmentExchangeEvent/CellEquipmentExchange/GroupReqEquip/GGEquipmentSlot (1)/EquipmentWrapper/ItemEquipmentUI,GGEquipmentExchangeEvent,ItemEquipmentUI,True,32257,no_static_sprite_pptr_found
002_UnityDataAssetPack_datapack__file110,107380,/PopupDungeonStageHero/Body/Lineup/HeroesLineup/HeroHeadClickable1/HeroHeadUI/Mask/Lock,PopupDungeonStageHero,Lock,False,32269,no_static_sprite_pptr_found
002_UnityDataAssetPack_datapack__file110,107391,/PopupDungeonStageHero/Body/Lineup/HeroesLineup/HeroHeadClickable1/HeroHeadUI/Mask/Death,PopupDungeonStageHero,Death,False,32230,no_static_sprite_pptr_found
002_UnityDataAssetPack_datapack__file110,107399,/CellDailyQuest/GroupReward/GameItemContainer1/GameItem/HeroHeadClickable/HeroHeadUI/Mask/Death,CellDailyQuest,Death,False,32214,no_static_sprite_pptr_found
002_UnityDataAssetPack_datapack__file110,107407,/CellDailyQuest/GroupReward/GameItemContainer1/GameItem/HeroHeadClickable/HeroHeadUI/Mask/Lock,CellDailyQuest,Lock,False,32200,no_static_sprite_pptr_found
002_UnityDataAssetPack_datapack__file110,107410,/CellDailyQuest/GroupReward/GameItemContainer1/GameItem/HeroHeadClickable/HeroHeadUI/HeroStar,CellDailyQuest,HeroStar,True,32198,no_static_sprite_pptr_found
002_UnityDataAssetPack_datapack__file110,107428,/CellDailyQuest/GroupReward/GameItemContainer1/GameItem/HeroHeadClickable/HeroHeadUI/Mask/Check,CellDailyQuest,Check,False,32219,no_static_sprite_pptr_found
002_UnityDataAssetPack_datapack__file110,107446,/PopupGuildManageMember/Body/CellGuildMember/AvatarContainer/PlayerAvatar,PopupGuildManageMember,PlayerAvatar,True,32279,no_static_sprite_pptr_found
002_UnityDataAssetPack_datapack__file110,107459,/PanelEventMiniGame/GroupContent/GroupLeft/Content/Bgr,PanelEventMiniGame,Bgr,False,32459,no_static_sprite_pptr_found
002_UnityDataAssetPack_datapack__file110,107460,/PanelEventMiniGame/GroupContent/GroupRight/Bgr,PanelEventMiniGame,Bgr,True,32460,no_static_sprite_pptr_found
002_UnityDataAssetPack_datapack__file110,107461,/PanelEventMiniGame/GroupContent/GroupLeft/GroupAction/ActionTenTurn,PanelEventMiniGame,ActionTenTurn,True,32464,no_static_sprite_pptr_found
002_UnityDataAssetPack_datapack__file110,107463,/PanelEventMiniGame/GroupContent/GroupRight/GroupLevelReward/Level/Desc/bgr,PanelEventMiniGame,bgr,True,32465,no_static_sprite_pptr_found
002_UnityDataAssetPack_datapack__file110,107470,/PanelEventMiniGame/GroupContent/GroupLeft/Bgr,PanelEventMiniGame,Bgr,True,32477,no_static_sprite_pptr_found
002_UnityDataAssetPack_datapack__file110,107471,/PanelEventMiniGame/GroupContent/GroupLeft/Content/Treasure/HightLight,PanelEventMiniGame,HightLight,True,32478,no_static_sprite_pptr_found
002_UnityDataAssetPack_datapack__file110,107473,/PanelEventMiniGame/GroupContent/GroupLeft/GroupAction/ActionOneTurn,PanelEventMiniGame,ActionOneTurn,True,32479,no_static_sprite_pptr_found
002_UnityDataAssetPack_datapack__file110,107476,/PanelEventMiniGame/GroupContent/GroupLeft/GroupBuyBadge/Bgr/ImageBadge,PanelEventMiniGame,ImageBadge,True,32485,no_static_sprite_pptr_found
002_UnityDataAssetPack_datapack__file110,107478,/PanelEventMiniGame/GroupContent/GroupLeft/Content,PanelEventMiniGame,Content,True,32493,no_static_sprite_pptr_found
002_UnityDataAssetPack_datapack__file110,107532,/PopupSelectEquipmentSet/Content/CellEquipmentSetSelect/GroupItem/ItemEquipmentUI (2)/Mask/Check,PopupSelectEquipmentSet,Check,False,32908,no_static_sprite_pptr_found
002_UnityDataAssetPack_datapack__file110,107533,/PopupSelectEquipmentSet/Content/CellEquipmentSetSelect/GroupItem/ItemEquipmentUI (2),PopupSelectEquipmentSet,ItemEquipmentUI (2),True,32914,no_static_sprite_pptr_found
002_UnityDataAssetPack_datapack__file110,107543,/PanelEvent2PackVertical/BoxPackage2/ImagePack2,PanelEvent2PackVertical,ImagePack2,True,19748,no_static_sprite_pptr_found
002_UnityDataAssetPack_datapack__file110,107561,/PopupGuildHall/Body/BoxMember/CellGuildMember/AvatarContainer/PlayerAvatar,PopupGuildHall,PlayerAvatar,True,32827,no_static_sprite_pptr_found
002_UnityDataAssetPack_datapack__file110,107578,/CellGameChallenge/GroupReward/GameItemWrapper2/GameItem/ItemArtifactUI,CellGameChallenge,ItemArtifactUI,True,32851,no_static_sprite_pptr_found
002_UnityDataAssetPack_datapack__file110,107589,/CellGameChallenge/GroupReward/GameItemWrapper2/GameItem/ItemArtifactUI/Mask/Check,CellGameChallenge,Check,False,32854,no_static_sprite_pptr_found
002_UnityDataAssetPack_datapack__file110,107606,/PanelEasterPrayEvent/Bgr/PanelStatue/GroupStatue/ItemStatue (1)/SkinStatue/avatar_statue/GameItem/ItemVipExpUI,PanelEasterPrayEvent,ItemVipExpUI,False,32838,no_static_sprite_pptr_found
002_UnityDataAssetPack_datapack__file110,107622,/PanelHeroLotteryEvent/CellHeroLottery/PanelHeroTo/GameItem/ItemConsumableUI/Mask/Check,PanelHeroLotteryEvent,Check,False,32879,no_static_sprite_pptr_found
002_UnityDataAssetPack_datapack__file110,107627,/PanelHeroLotteryEvent/CellHeroLottery/PanelHeroTo/GameItem/ItemConsumableUI,PanelHeroLotteryEvent,ItemConsumableUI,False,32881,no_static_sprite_pptr_found
002_UnityDataAssetPack_datapack__file110,107640,/PopupHeroUpgradeFk2,PopupHeroUpgradeFk2,PopupHeroUpgradeFk2,True,17262,no_static_sprite_pptr_found
002_UnityDataAssetPack_datapack__file110,107641,/PopupHeroesFk,PopupHeroesFk,PopupHeroesFk,True,17263,no_static_sprite_pptr_found
002_UnityDataAssetPack_datapack__file110,107642,/PopupHeroesFk2,PopupHeroesFk2,PopupHeroesFk2,True,17264,no_static_sprite_pptr_found
002_UnityDataAssetPack_datapack__file110,107643,/PopupHeroUpgradeFk,PopupHeroUpgradeFk,PopupHeroUpgradeFk,True,17265,no_static_sprite_pptr_found
002_UnityDataAssetPack_datapack__file110,107658,/Popup7DaysEvent/Bgr/Content/PanelContent/PanelDiscount/Bgr/GameItem/ItemArtifactUI/Mask/Check,Popup7DaysEvent,Check,False,32682,no_static_sprite_pptr_found
002_UnityDataAssetPack_datapack__file110,107666,/Popup7DaysEvent/Bgr/Content/PanelContent/PanelDiscount/Bgr/GameItem/ItemArtifactUI,Popup7DaysEvent,ItemArtifactUI,True,32679,no_static_sprite_pptr_found
002_UnityDataAssetPack_datapack__file110,107690,/PanelEasterPrayEvent/Bgr/PanelStatue/GroupStatue/ItemStatue/HeroStatue/avatar_statue/GameItem/HeroHeadClickable/HeroHeadUI/Mask/Check,PanelEasterPrayEvent,Check,False,32692,no_static_sprite_pptr_found
002_UnityDataAssetPack_datapack__file110,107696,/PanelEasterPrayEvent/Bgr/PanelStatue/GroupStatue/ItemStatue/HeroStatue/avatar_statue/GameItem/HeroHeadClickable/HeroHeadUI/Mask/Lock,PanelEasterPrayEvent,Lock,False,32716,no_static_sprite_pptr_found
002_UnityDataAssetPack_datapack__file110,107704,/PanelEasterPrayEvent/Bgr/PanelStatue/GroupStatue/ItemStatue/HeroStatue/avatar_statue/GameItem/HeroHeadClickable/HeroHeadUI/HeroStar,PanelEasterPrayEvent,HeroStar,True,32709,no_static_sprite_pptr_found
002_UnityDataAssetPack_datapack__file110,107706,/PanelEasterPrayEvent/Bgr/PanelStatue/GroupStatue/ItemStatue/HeroStatue/avatar_statue/GameItem/HeroHeadClickable/HeroHeadUI/Mask/Death,PanelEasterPrayEvent,Death,False,32698,no_static_sprite_pptr_found
002_UnityDataAssetPack_datapack__file110,107713,/PopupTowerLevelInfo/PanelBody/BoxHeroes1/GroupHeroes/HeroHeadClickable (3)/HeroHeadUI/Mask/Death,PopupTowerLevelInfo,Death,False,32788,no_static_sprite_pptr_found
002_UnityDataAssetPack_datapack__file110,107720,/PopupTowerLevelInfo/PanelBody/BoxHeroes1/GroupHeroes/HeroHeadClickable (3)/HeroHeadUI/HeroStar,PopupTowerLevelInfo,HeroStar,True,32774,no_static_sprite_pptr_found
002_UnityDataAssetPack_datapack__file110,107723,/PopupTowerLevelInfo/PanelBody/BoxHeroes1/GroupHeroes/HeroHeadClickable (3)/HeroHeadUI/Mask/Lock,PopupTowerLevelInfo,Lock,False,32772,no_static_sprite_pptr_found
002_UnityDataAssetPack_datapack__file110,107732,/PopupTowerLevelInfo/PanelBody/BoxHeroes1/GroupHeroes/HeroHeadClickable (3)/HeroHeadUI/Mask/Check,PopupTowerLevelInfo,Check,False,32765,no_static_sprite_pptr_found
002_UnityDataAssetPack_datapack__file110,107764,/PopupSelectReward/Body/GroupSlot/RewardSelect1/GameItem/HeroHeadClickable/HeroHeadUI/Mask/Check,PopupSelectReward,Check,False,32726,no_static_sprite_pptr_found
002_UnityDataAssetPack_datapack__file110,107769,/PopupSelectReward/Body/GroupSlot/RewardSelect1/GameItem/HeroHeadClickable/HeroHeadUI/Mask/Lock,PopupSelectReward,Lock,False,32752,no_static_sprite_pptr_found
002_UnityDataAssetPack_datapack__file110,107778,/PopupSelectReward/Body/GroupSlot/RewardSelect1/GameItem/HeroHeadClickable/HeroHeadUI/HeroStar,PopupSelectReward,HeroStar,True,32745,no_static_sprite_pptr_found
002_UnityDataAssetPack_datapack__file110,107781,/PopupDungeonStageHero/Body/Lineup/HeroesLineup/HeroHeadClickable2,PopupDungeonStageHero,HeroHeadClickable2,True,32740,no_static_sprite_pptr_found
002_UnityDataAssetPack_datapack__file110,107782,/PopupSelectReward/Body/GroupSlot/RewardSelect1/GameItem/HeroHeadClickable/HeroHeadUI/Mask/Death,PopupSelectReward,Death,False,32733,no_static_sprite_pptr_found
002_UnityDataAssetPack_datapack__file110,107805,/GGEquipmentExchangeEvent/CellEquipmentExchange/GroupEquipReceive/GGEquipmentSlot/EquipmentWrapper/ItemEquipmentUI/Mask/Check,GGEquipmentExchangeEvent,Check,False,32807,no_static_sprite_pptr_found
002_UnityDataAssetPack_datapack__file110,107806,/GGEquipmentExchangeEvent/CellEquipmentExchange/GroupEquipReceive/GGEquipmentSlot/EquipmentWrapper/ItemEquipmentUI,GGEquipmentExchangeEvent,ItemEquipmentUI,True,32814,no_static_sprite_pptr_found
002_UnityDataAssetPack_datapack__file110,107811,/PopupHeroESkill/Body/BoxChiPoint/MedMan/GroupEnable/ButtonESkill3/ImageSkill,PopupHeroESkill,ImageSkill,True,20430,no_static_sprite_pptr_found
002_UnityDataAssetPack_datapack__file110,107891,/GameItem/ItemShardUI/Mask/Check,GameItem,Check,False,32602,no_static_sprite_pptr_found
002_UnityDataAssetPack_datapack__file110,107892,/PopupSelectGameItem/PanelBody/GameItemTick/GameItem/ItemShardUI/Mask/Check,PopupSelectGameItem,Check,False,32601,no_static_sprite_pptr_found
002_UnityDataAssetPack_datapack__file110,107895,/PopupSelectGameItem/PanelBody/GameItemTick/GameItem/ItemShardUI,PopupSelectGameItem,ItemShardUI,False,32608,no_static_sprite_pptr_found
002_UnityDataAssetPack_datapack__file110,107896,/GameItem/ItemShardUI,GameItem,ItemShardUI,False,32609,no_static_sprite_pptr_found
002_UnityDataAssetPack_datapack__file110,107927,/PopupChatNew/AnchorLeft/Content/BoxChatScroll/ItemChatMe/PanelAvatar/PlayerAvatar,PopupChatNew,PlayerAvatar,True,32642,no_static_sprite_pptr_found
002_UnityDataAssetPack_datapack__file110,107942,/PopupMasteringHero/Contents/BoxGameChallenge/BgrScroll/CellGameChallenge/GroupReward/GameItemWrapper1/GameItem/ItemArtifactUI/Mask/Check,PopupMasteringHero,Check,False,32659,no_static_sprite_pptr_found
002_UnityDataAssetPack_datapack__file110,107957,/PopupMasteringHero/Contents/BoxGameChallenge/BgrScroll/CellGameChallenge/GroupReward/GameItemWrapper1/GameItem/ItemArtifactUI,PopupMasteringHero,ItemArtifactUI,True,32655,no_static_sprite_pptr_found
